date: illegal option -- -
usage: date [-jnRu] [-I[date|hours|minutes|seconds|ns]] [-f input_fmt]
            [ -z output_zone ] [-r filename|seconds] [-v[+|-]val[y|m|w|d|H|M|S]]
            [[[[mm]dd]HH]MM[[cc]yy][.SS] | new_date] [+output_fmt]
[] monthly fetch niche=trading-30d date=2026-06-09 max=100

### rt-gte-500 [Top] x5p min_retweets:500 url:x.com/i/article since:2026-05-10 -is:retweet
  ↳ xarticles:rt-gte-500:p0  bal_before=9405039  est=300c
  ↳ xarticles:rt-gte-500:p0  bal_after=9405039  spent=0c ($0.0)  count=20
  ↳ xarticles:rt-gte-500:p1  bal_before=9405039  est=300c
  ↳ xarticles:rt-gte-500:p1  bal_after=9405039  spent=0c ($0.0)  count=20
  ↳ xarticles:rt-gte-500:p2  bal_before=9405039  est=300c
  ↳ xarticles:rt-gte-500:p2  bal_after=9405039  spent=0c ($0.0)  count=19
  ↳ xarticles:rt-gte-500:p3  bal_before=9405039  est=300c
  ↳ xarticles:rt-gte-500:p3  bal_after=9405039  spent=0c ($0.0)  count=18
  ↳ xarticles:rt-gte-500:p4  bal_before=9405039  est=300c
  ↳ xarticles:rt-gte-500:p4  bal_after=9405039  spent=0c ($0.0)  count=4

### rt-gte-500-latest [Latest] x14p min_retweets:500 url:x.com/i/article since:2026-05-10 -is:retweet
  ↳ xarticles:rt-gte-500-latest:p0  bal_before=9405039  est=300c
  ↳ xarticles:rt-gte-500-latest:p0  bal_after=9405039  spent=0c ($0.0)  count=16
  ↳ xarticles:rt-gte-500-latest:p1  bal_before=9405039  est=300c
  ↳ xarticles:rt-gte-500-latest:p1  bal_after=9405039  spent=0c ($0.0)  count=14
  ↳ xarticles:rt-gte-500-latest:p2  bal_before=9405039  est=300c
  ↳ xarticles:rt-gte-500-latest:p2  bal_after=9405039  spent=0c ($0.0)  count=19
  ↳ xarticles:rt-gte-500-latest:p3  bal_before=9405039  est=300c
  ↳ xarticles:rt-gte-500-latest:p3  bal_after=9405039  spent=0c ($0.0)  count=20
  ↳ xarticles:rt-gte-500-latest:p4  bal_before=9405039  est=300c
  ↳ xarticles:rt-gte-500-latest:p4  bal_after=9405039  spent=0c ($0.0)  count=20
  ↳ xarticles:rt-gte-500-latest:p5  bal_before=9405039  est=300c
  ↳ xarticles:rt-gte-500-latest:p5  bal_after=9405039  spent=0c ($0.0)  count=20
  ↳ xarticles:rt-gte-500-latest:p6  bal_before=9405039  est=300c
  ↳ xarticles:rt-gte-500-latest:p6  bal_after=9405039  spent=0c ($0.0)  count=20
  ↳ xarticles:rt-gte-500-latest:p7  bal_before=9405039  est=300c
  ↳ xarticles:rt-gte-500-latest:p7  bal_after=9405039  spent=0c ($0.0)  count=20
  ↳ xarticles:rt-gte-500-latest:p8  bal_before=9405039  est=300c
  ↳ xarticles:rt-gte-500-latest:p8  bal_after=9405039  spent=0c ($0.0)  count=19
  ↳ xarticles:rt-gte-500-latest:p9  bal_before=9405039  est=300c
  ↳ xarticles:rt-gte-500-latest:p9  bal_after=9405039  spent=0c ($0.0)  count=0

### rt-gte-200 [Top] x5p min_retweets:200 url:x.com/i/article since:2026-05-10 -is:retweet
  ↳ xarticles:rt-gte-200:p0  bal_before=9405039  est=300c
  ↳ xarticles:rt-gte-200:p0  bal_after=9405039  spent=0c ($0.0)  count=19
  ↳ xarticles:rt-gte-200:p1  bal_before=9405039  est=300c
  ↳ xarticles:rt-gte-200:p1  bal_after=9405039  spent=0c ($0.0)  count=20
  ↳ xarticles:rt-gte-200:p2  bal_before=9405039  est=300c
  ↳ xarticles:rt-gte-200:p2  bal_after=9405039  spent=0c ($0.0)  count=20
  ↳ xarticles:rt-gte-200:p3  bal_before=9405039  est=300c
  ↳ xarticles:rt-gte-200:p3  bal_after=9405039  spent=0c ($0.0)  count=20
  ↳ xarticles:rt-gte-200:p4  bal_before=9405039  est=300c
  ↳ xarticles:rt-gte-200:p4  bal_after=9405039  spent=0c ($0.0)  count=19

### rt-gte-200-latest [Latest] x14p min_retweets:200 url:x.com/i/article since:2026-05-10 -is:retweet
  ↳ xarticles:rt-gte-200-latest:p0  bal_before=9400704  est=300c
  ↳ xarticles:rt-gte-200-latest:p0  bal_after=9400704  spent=0c ($0.0)  count=12
  ↳ xarticles:rt-gte-200-latest:p1  bal_before=9400704  est=300c
  ↳ xarticles:rt-gte-200-latest:p1  bal_after=9400704  spent=0c ($0.0)  count=19
  ↳ xarticles:rt-gte-200-latest:p2  bal_before=9400704  est=300c
  ↳ xarticles:rt-gte-200-latest:p2  bal_after=9400704  spent=0c ($0.0)  count=17
  ↳ xarticles:rt-gte-200-latest:p3  bal_before=9400704  est=300c
  ↳ xarticles:rt-gte-200-latest:p3  bal_after=9400704  spent=0c ($0.0)  count=19
  ↳ xarticles:rt-gte-200-latest:p4  bal_before=9400704  est=300c
  ↳ xarticles:rt-gte-200-latest:p4  bal_after=9400704  spent=0c ($0.0)  count=19
  ↳ xarticles:rt-gte-200-latest:p5  bal_before=9400704  est=300c
  ↳ xarticles:rt-gte-200-latest:p5  bal_after=9400704  spent=0c ($0.0)  count=20
  ↳ xarticles:rt-gte-200-latest:p6  bal_before=9400704  est=300c
  ↳ xarticles:rt-gte-200-latest:p6  bal_after=9400704  spent=0c ($0.0)  count=17
  ↳ xarticles:rt-gte-200-latest:p7  bal_before=9400704  est=300c
  ↳ xarticles:rt-gte-200-latest:p7  bal_after=9400704  spent=0c ($0.0)  count=20
  ↳ xarticles:rt-gte-200-latest:p8  bal_before=9400704  est=300c
  ↳ xarticles:rt-gte-200-latest:p8  bal_after=9400704  spent=0c ($0.0)  count=20
  ↳ xarticles:rt-gte-200-latest:p9  bal_before=9400704  est=300c
  ↳ xarticles:rt-gte-200-latest:p9  bal_after=9400704  spent=0c ($0.0)  count=20
  ↳ xarticles:rt-gte-200-latest:p10  bal_before=9400704  est=300c
  ↳ xarticles:rt-gte-200-latest:p10  bal_after=9400704  spent=0c ($0.0)  count=20
  ↳ xarticles:rt-gte-200-latest:p11  bal_before=9400704  est=300c
  ↳ xarticles:rt-gte-200-latest:p11  bal_after=9400704  spent=0c ($0.0)  count=20
  ↳ xarticles:rt-gte-200-latest:p12  bal_before=9400704  est=300c
  ↳ xarticles:rt-gte-200-latest:p12  bal_after=9400704  spent=0c ($0.0)  count=20
  ↳ xarticles:rt-gte-200-latest:p13  bal_before=9400704  est=300c
  ↳ xarticles:rt-gte-200-latest:p13  bal_after=9400704  spent=0c ($0.0)  count=19

### rt-gte-100 [Top] x5p min_retweets:100 url:x.com/i/article since:2026-05-10 -is:retweet
  ↳ xarticles:rt-gte-100:p0  bal_before=9400704  est=300c
  ↳ xarticles:rt-gte-100:p0  bal_after=9400704  spent=0c ($0.0)  count=20
  ↳ xarticles:rt-gte-100:p1  bal_before=9400704  est=300c
  ↳ xarticles:rt-gte-100:p1  bal_after=9396174  spent=4530c ($0.0453)  count=20
  ↳ xarticles:rt-gte-100:p2  bal_before=9396174  est=300c
  ↳ xarticles:rt-gte-100:p2  bal_after=9396174  spent=0c ($0.0)  count=20
  ↳ xarticles:rt-gte-100:p3  bal_before=9396174  est=300c
  ↳ xarticles:rt-gte-100:p3  bal_after=9396174  spent=0c ($0.0)  count=20
  ↳ xarticles:rt-gte-100:p4  bal_before=9396174  est=300c
  ↳ xarticles:rt-gte-100:p4  bal_after=9396174  spent=0c ($0.0)  count=20

### rt-gte-100-latest [Latest] x14p min_retweets:100 url:x.com/i/article since:2026-05-10 -is:retweet
  ↳ xarticles:rt-gte-100-latest:p0  bal_before=9396174  est=300c
  ↳ xarticles:rt-gte-100-latest:p0  bal_after=9396174  spent=0c ($0.0)  count=14
  ↳ xarticles:rt-gte-100-latest:p1  bal_before=9396174  est=300c
  ↳ xarticles:rt-gte-100-latest:p1  bal_after=9396174  spent=0c ($0.0)  count=18
  ↳ xarticles:rt-gte-100-latest:p2  bal_before=9396174  est=300c
  ↳ xarticles:rt-gte-100-latest:p2  bal_after=9396174  spent=0c ($0.0)  count=17
  ↳ xarticles:rt-gte-100-latest:p3  bal_before=9396174  est=300c
  ↳ xarticles:rt-gte-100-latest:p3  bal_after=9396174  spent=0c ($0.0)  count=20
  ↳ xarticles:rt-gte-100-latest:p4  bal_before=9396174  est=300c
  ↳ xarticles:rt-gte-100-latest:p4  bal_after=9396174  spent=0c ($0.0)  count=20
  ↳ xarticles:rt-gte-100-latest:p5  bal_before=9396174  est=300c
  ↳ xarticles:rt-gte-100-latest:p5  bal_after=9396174  spent=0c ($0.0)  count=20
  ↳ xarticles:rt-gte-100-latest:p6  bal_before=9396174  est=300c
  ↳ xarticles:rt-gte-100-latest:p6  bal_after=9396174  spent=0c ($0.0)  count=19
  ↳ xarticles:rt-gte-100-latest:p7  bal_before=9396174  est=300c
  ↳ xarticles:rt-gte-100-latest:p7  bal_after=9396174  spent=0c ($0.0)  count=17
  ↳ xarticles:rt-gte-100-latest:p8  bal_before=9396174  est=300c
  ↳ xarticles:rt-gte-100-latest:p8  bal_after=9396174  spent=0c ($0.0)  count=20
  ↳ xarticles:rt-gte-100-latest:p9  bal_before=9396174  est=300c
  ↳ xarticles:rt-gte-100-latest:p9  bal_after=9396174  spent=0c ($0.0)  count=18
  ↳ xarticles:rt-gte-100-latest:p10  bal_before=9396174  est=300c
  ↳ xarticles:rt-gte-100-latest:p10  bal_after=9396174  spent=0c ($0.0)  count=20
  ↳ xarticles:rt-gte-100-latest:p11  bal_before=9396174  est=300c
  ↳ xarticles:rt-gte-100-latest:p11  bal_after=9392469  spent=3705c ($0.037)  count=18
  ↳ xarticles:rt-gte-100-latest:p12  bal_before=9392469  est=300c
  ↳ xarticles:rt-gte-100-latest:p12  bal_after=9392469  spent=0c ($0.0)  count=18
  ↳ xarticles:rt-gte-100-latest:p13  bal_before=9392469  est=300c
  ↳ xarticles:rt-gte-100-latest:p13  bal_after=9392469  spent=0c ($0.0)  count=17

### likes-gte-5000 [Top] x5p min_faves:5000 url:x.com/i/article since:2026-05-10 -is:retweet
  ↳ xarticles:likes-gte-5000:p0  bal_before=9392469  est=300c
  ↳ xarticles:likes-gte-5000:p0  bal_after=9392469  spent=0c ($0.0)  count=19
  ↳ xarticles:likes-gte-5000:p1  bal_before=9392469  est=300c
  ↳ xarticles:likes-gte-5000:p1  bal_after=9392469  spent=0c ($0.0)  count=20
  ↳ xarticles:likes-gte-5000:p2  bal_before=9392469  est=300c
  ↳ xarticles:likes-gte-5000:p2  bal_after=9392469  spent=0c ($0.0)  count=20
  ↳ xarticles:likes-gte-5000:p3  bal_before=9392469  est=300c
  ↳ xarticles:likes-gte-5000:p3  bal_after=9392469  spent=0c ($0.0)  count=20
  ↳ xarticles:likes-gte-5000:p4  bal_before=9392469  est=300c
  ↳ xarticles:likes-gte-5000:p4  bal_after=9392469  spent=0c ($0.0)  count=20

### likes-gte-5000-latest [Latest] x14p min_faves:5000 url:x.com/i/article since:2026-05-10 -is:retweet
  ↳ xarticles:likes-gte-5000-latest:p0  bal_before=9392469  est=300c
  ↳ xarticles:likes-gte-5000-latest:p0  bal_after=9392469  spent=0c ($0.0)  count=20
  ↳ xarticles:likes-gte-5000-latest:p1  bal_before=9392469  est=300c
  ↳ xarticles:likes-gte-5000-latest:p1  bal_after=9392469  spent=0c ($0.0)  count=20
  ↳ xarticles:likes-gte-5000-latest:p2  bal_before=9392469  est=300c
  ↳ xarticles:likes-gte-5000-latest:p2  bal_after=9392469  spent=0c ($0.0)  count=20
  ↳ xarticles:likes-gte-5000-latest:p3  bal_before=9392469  est=300c
  ↳ xarticles:likes-gte-5000-latest:p3  bal_after=9392469  spent=0c ($0.0)  count=1
  ↳ xarticles:likes-gte-5000-latest:p4  bal_before=9392469  est=300c
  ↳ xarticles:likes-gte-5000-latest:p4  bal_after=9392469  spent=0c ($0.0)  count=0

### likes-gte-2000 [Top] x5p min_faves:2000 url:x.com/i/article since:2026-05-10 -is:retweet
  ↳ xarticles:likes-gte-2000:p0  bal_before=9392469  est=300c
  ↳ xarticles:likes-gte-2000:p0  bal_after=9392469  spent=0c ($0.0)  count=20
  ↳ xarticles:likes-gte-2000:p1  bal_before=9392469  est=300c
  ↳ xarticles:likes-gte-2000:p1  bal_after=9392469  spent=0c ($0.0)  count=20
  ↳ xarticles:likes-gte-2000:p2  bal_before=9392469  est=300c
  ↳ xarticles:likes-gte-2000:p2  bal_after=9392469  spent=0c ($0.0)  count=20
  ↳ xarticles:likes-gte-2000:p3  bal_before=9392469  est=300c
  ↳ xarticles:likes-gte-2000:p3  bal_after=9392469  spent=0c ($0.0)  count=20
  ↳ xarticles:likes-gte-2000:p4  bal_before=9392469  est=300c
  ↳ xarticles:likes-gte-2000:p4  bal_after=9387534  spent=4935c ($0.0493)  count=20

### likes-gte-2000-latest [Latest] x14p min_faves:2000 url:x.com/i/article since:2026-05-10 -is:retweet
  ↳ xarticles:likes-gte-2000-latest:p0  bal_before=9387534  est=300c
  ↳ xarticles:likes-gte-2000-latest:p0  bal_after=9387534  spent=0c ($0.0)  count=20
  ↳ xarticles:likes-gte-2000-latest:p1  bal_before=9387534  est=300c
  ↳ xarticles:likes-gte-2000-latest:p1  bal_after=9387534  spent=0c ($0.0)  count=20
  ↳ xarticles:likes-gte-2000-latest:p2  bal_before=9387534  est=300c
  ↳ xarticles:likes-gte-2000-latest:p2  bal_after=9387534  spent=0c ($0.0)  count=20
  ↳ xarticles:likes-gte-2000-latest:p3  bal_before=9387534  est=300c
  ↳ xarticles:likes-gte-2000-latest:p3  bal_after=9387534  spent=0c ($0.0)  count=20
  ↳ xarticles:likes-gte-2000-latest:p4  bal_before=9387534  est=300c
  ↳ xarticles:likes-gte-2000-latest:p4  bal_after=9387534  spent=0c ($0.0)  count=20
  ↳ xarticles:likes-gte-2000-latest:p5  bal_before=9387534  est=300c
  ↳ xarticles:likes-gte-2000-latest:p5  bal_after=9387534  spent=0c ($0.0)  count=19
  ↳ xarticles:likes-gte-2000-latest:p6  bal_before=9387534  est=300c
  ↳ xarticles:likes-gte-2000-latest:p6  bal_after=9387534  spent=0c ($0.0)  count=20
  ↳ xarticles:likes-gte-2000-latest:p7  bal_before=9387534  est=300c
  ↳ xarticles:likes-gte-2000-latest:p7  bal_after=9387534  spent=0c ($0.0)  count=20
  ↳ xarticles:likes-gte-2000-latest:p8  bal_before=9387534  est=300c
  ↳ xarticles:likes-gte-2000-latest:p8  bal_after=9387534  spent=0c ($0.0)  count=20
  ↳ xarticles:likes-gte-2000-latest:p9  bal_before=9387534  est=300c
  ↳ xarticles:likes-gte-2000-latest:p9  bal_after=9387534  spent=0c ($0.0)  count=20
  ↳ xarticles:likes-gte-2000-latest:p10  bal_before=9387534  est=300c
  ↳ xarticles:likes-gte-2000-latest:p10  bal_after=9387534  spent=0c ($0.0)  count=20
  ↳ xarticles:likes-gte-2000-latest:p11  bal_before=9387534  est=300c
  ↳ xarticles:likes-gte-2000-latest:p11  bal_after=9387534  spent=0c ($0.0)  count=7
  ↳ xarticles:likes-gte-2000-latest:p12  bal_before=9387534  est=300c
  ↳ xarticles:likes-gte-2000-latest:p12  bal_after=9387534  spent=0c ($0.0)  count=0

### likes-gte-1000 [Top] x5p min_faves:1000 url:x.com/i/article since:2026-05-10 -is:retweet
  ↳ xarticles:likes-gte-1000:p0  bal_before=9387534  est=300c
  ↳ xarticles:likes-gte-1000:p0  bal_after=9387534  spent=0c ($0.0)  count=20
  ↳ xarticles:likes-gte-1000:p1  bal_before=9387534  est=300c
  ↳ xarticles:likes-gte-1000:p1  bal_after=9387534  spent=0c ($0.0)  count=19
  ↳ xarticles:likes-gte-1000:p2  bal_before=9387534  est=300c
  ↳ xarticles:likes-gte-1000:p2  bal_after=9387534  spent=0c ($0.0)  count=20
  ↳ xarticles:likes-gte-1000:p3  bal_before=9382929  est=300c
  ↳ xarticles:likes-gte-1000:p3  bal_after=9382929  spent=0c ($0.0)  count=18
  ↳ xarticles:likes-gte-1000:p4  bal_before=9382929  est=300c
  ↳ xarticles:likes-gte-1000:p4  bal_after=9382929  spent=0c ($0.0)  count=20

### likes-gte-1000-latest [Latest] x14p min_faves:1000 url:x.com/i/article since:2026-05-10 -is:retweet
  ↳ xarticles:likes-gte-1000-latest:p0  bal_before=9382929  est=300c
  ↳ xarticles:likes-gte-1000-latest:p0  bal_after=9382929  spent=0c ($0.0)  count=20
  ↳ xarticles:likes-gte-1000-latest:p1  bal_before=9382929  est=300c
  ↳ xarticles:likes-gte-1000-latest:p1  bal_after=9382929  spent=0c ($0.0)  count=20
  ↳ xarticles:likes-gte-1000-latest:p2  bal_before=9382929  est=300c
  ↳ xarticles:likes-gte-1000-latest:p2  bal_after=9382929  spent=0c ($0.0)  count=20
  ↳ xarticles:likes-gte-1000-latest:p3  bal_before=9382929  est=300c
  ↳ xarticles:likes-gte-1000-latest:p3  bal_after=9382929  spent=0c ($0.0)  count=20
  ↳ xarticles:likes-gte-1000-latest:p4  bal_before=9382929  est=300c
  ↳ xarticles:likes-gte-1000-latest:p4  bal_after=9382929  spent=0c ($0.0)  count=20
  ↳ xarticles:likes-gte-1000-latest:p5  bal_before=9382929  est=300c
  ↳ xarticles:likes-gte-1000-latest:p5  bal_after=9382929  spent=0c ($0.0)  count=20
  ↳ xarticles:likes-gte-1000-latest:p6  bal_before=9382929  est=300c
  ↳ xarticles:likes-gte-1000-latest:p6  bal_after=9382929  spent=0c ($0.0)  count=20
  ↳ xarticles:likes-gte-1000-latest:p7  bal_before=9382929  est=300c
  ↳ xarticles:likes-gte-1000-latest:p7  bal_after=9382929  spent=0c ($0.0)  count=20
  ↳ xarticles:likes-gte-1000-latest:p8  bal_before=9382929  est=300c
  ↳ xarticles:likes-gte-1000-latest:p8  bal_after=9382929  spent=0c ($0.0)  count=20
  ↳ xarticles:likes-gte-1000-latest:p9  bal_before=9382929  est=300c
  ↳ xarticles:likes-gte-1000-latest:p9  bal_after=9382929  spent=0c ($0.0)  count=20
  ↳ xarticles:likes-gte-1000-latest:p10  bal_before=9382929  est=300c
  ↳ xarticles:likes-gte-1000-latest:p10  bal_after=9382929  spent=0c ($0.0)  count=20
  ↳ xarticles:likes-gte-1000-latest:p11  bal_before=9382929  est=300c
  ↳ xarticles:likes-gte-1000-latest:p11  bal_after=9382929  spent=0c ($0.0)  count=20
  ↳ xarticles:likes-gte-1000-latest:p12  bal_before=9382929  est=300c
  ↳ xarticles:likes-gte-1000-latest:p12  bal_after=9382929  spent=0c ($0.0)  count=20
  ↳ xarticles:likes-gte-1000-latest:p13  bal_before=9382929  est=300c
  ↳ xarticles:likes-gte-1000-latest:p13  bal_after=9382929  spent=0c ($0.0)  count=19

### likes-gte-500 [Top] x5p min_faves:500 url:x.com/i/article since:2026-05-10 -is:retweet
  ↳ xarticles:likes-gte-500:p0  bal_before=9382929  est=300c
  ↳ xarticles:likes-gte-500:p0  bal_after=9378474  spent=4455c ($0.0445)  count=20
  ↳ xarticles:likes-gte-500:p1  bal_before=9378474  est=300c
  ↳ xarticles:likes-gte-500:p1  bal_after=9378474  spent=0c ($0.0)  count=20
  ↳ xarticles:likes-gte-500:p2  bal_before=9378474  est=300c
  ↳ xarticles:likes-gte-500:p2  bal_after=9378474  spent=0c ($0.0)  count=20
  ↳ xarticles:likes-gte-500:p3  bal_before=9378474  est=300c
  ↳ xarticles:likes-gte-500:p3  bal_after=9378474  spent=0c ($0.0)  count=20
  ↳ xarticles:likes-gte-500:p4  bal_before=9378474  est=300c
  ↳ xarticles:likes-gte-500:p4  bal_after=9378474  spent=0c ($0.0)  count=20

### likes-gte-500-latest [Latest] x14p min_faves:500 url:x.com/i/article since:2026-05-10 -is:retweet
  ↳ xarticles:likes-gte-500-latest:p0  bal_before=9378474  est=300c
  ↳ xarticles:likes-gte-500-latest:p0  bal_after=9375789  spent=2685c ($0.0268)  count=0

### likes-gte-250 [Top] x5p min_faves:250 url:x.com/i/article since:2026-05-10 -is:retweet
  ↳ xarticles:likes-gte-250:p0  bal_before=9375789  est=300c
  ↳ xarticles:likes-gte-250:p0  bal_after=9375789  spent=0c ($0.0)  count=20
  ↳ xarticles:likes-gte-250:p1  bal_before=9375789  est=300c
  ↳ xarticles:likes-gte-250:p1  bal_after=9375789  spent=0c ($0.0)  count=20
  ↳ xarticles:likes-gte-250:p2  bal_before=9375789  est=300c
  ↳ xarticles:likes-gte-250:p2  bal_after=9375789  spent=0c ($0.0)  count=20
  ↳ xarticles:likes-gte-250:p3  bal_before=9375789  est=300c
  ↳ xarticles:likes-gte-250:p3  bal_after=9375789  spent=0c ($0.0)  count=20
  ↳ xarticles:likes-gte-250:p4  bal_before=9375789  est=300c
  ↳ xarticles:likes-gte-250:p4  bal_after=9375789  spent=0c ($0.0)  count=20

### likes-gte-250-latest [Latest] x14p min_faves:250 url:x.com/i/article since:2026-05-10 -is:retweet
  ↳ xarticles:likes-gte-250-latest:p0  bal_before=9375789  est=300c
  ↳ xarticles:likes-gte-250-latest:p0  bal_after=9375789  spent=0c ($0.0)  count=20
  ↳ xarticles:likes-gte-250-latest:p1  bal_before=9375789  est=300c
  ↳ xarticles:likes-gte-250-latest:p1  bal_after=9375789  spent=0c ($0.0)  count=20
  ↳ xarticles:likes-gte-250-latest:p2  bal_before=9375789  est=300c
  ↳ xarticles:likes-gte-250-latest:p2  bal_after=9375789  spent=0c ($0.0)  count=20
  ↳ xarticles:likes-gte-250-latest:p3  bal_before=9375789  est=300c
  ↳ xarticles:likes-gte-250-latest:p3  bal_after=9375789  spent=0c ($0.0)  count=20
  ↳ xarticles:likes-gte-250-latest:p4  bal_before=9375789  est=300c
  ↳ xarticles:likes-gte-250-latest:p4  bal_after=9375789  spent=0c ($0.0)  count=20
  ↳ xarticles:likes-gte-250-latest:p5  bal_before=9375789  est=300c
  ↳ xarticles:likes-gte-250-latest:p5  bal_after=9375789  spent=0c ($0.0)  count=20
  ↳ xarticles:likes-gte-250-latest:p6  bal_before=9375789  est=300c
  ↳ xarticles:likes-gte-250-latest:p6  bal_after=9375789  spent=0c ($0.0)  count=20
  ↳ xarticles:likes-gte-250-latest:p7  bal_before=9375789  est=300c
  ↳ xarticles:likes-gte-250-latest:p7  bal_after=9375789  spent=0c ($0.0)  count=20
  ↳ xarticles:likes-gte-250-latest:p8  bal_before=9375789  est=300c
  ↳ xarticles:likes-gte-250-latest:p8  bal_after=9375789  spent=0c ($0.0)  count=20
  ↳ xarticles:likes-gte-250-latest:p9  bal_before=9375789  est=300c
  ↳ xarticles:likes-gte-250-latest:p9  bal_after=9375789  spent=0c ($0.0)  count=20
  ↳ xarticles:likes-gte-250-latest:p10  bal_before=9375789  est=300c
  ↳ xarticles:likes-gte-250-latest:p10  bal_after=9372189  spent=3600c ($0.036)  count=20
  ↳ xarticles:likes-gte-250-latest:p11  bal_before=9372189  est=300c
  ↳ xarticles:likes-gte-250-latest:p11  bal_after=9372189  spent=0c ($0.0)  count=20
  ↳ xarticles:likes-gte-250-latest:p12  bal_before=9372189  est=300c
  ↳ xarticles:likes-gte-250-latest:p12  bal_after=9372189  spent=0c ($0.0)  count=20
  ↳ xarticles:likes-gte-250-latest:p13  bal_before=9372189  est=300c
  ↳ xarticles:likes-gte-250-latest:p13  bal_after=9372189  spent=0c ($0.0)  count=19

### likes-gte-100 [Top] x5p min_faves:100 url:x.com/i/article since:2026-05-10 -is:retweet
  ↳ xarticles:likes-gte-100:p0  bal_before=9372189  est=300c
  ↳ xarticles:likes-gte-100:p0  bal_after=9369819  spent=2370c ($0.0237)  count=0

### likes-gte-100-latest [Latest] x14p min_faves:100 url:x.com/i/article since:2026-05-10 -is:retweet
  ↳ xarticles:likes-gte-100-latest:p0  bal_before=9369819  est=300c
  ↳ xarticles:likes-gte-100-latest:p0  bal_after=9369819  spent=0c ($0.0)  count=19
  ↳ xarticles:likes-gte-100-latest:p1  bal_before=9369819  est=300c
  ↳ xarticles:likes-gte-100-latest:p1  bal_after=9369819  spent=0c ($0.0)  count=19
  ↳ xarticles:likes-gte-100-latest:p2  bal_before=9369819  est=300c
  ↳ xarticles:likes-gte-100-latest:p2  bal_after=9369819  spent=0c ($0.0)  count=20
  ↳ xarticles:likes-gte-100-latest:p3  bal_before=9369819  est=300c
  ↳ xarticles:likes-gte-100-latest:p3  bal_after=9369819  spent=0c ($0.0)  count=20
  ↳ xarticles:likes-gte-100-latest:p4  bal_before=9369819  est=300c
  ↳ xarticles:likes-gte-100-latest:p4  bal_after=9369819  spent=0c ($0.0)  count=20
  ↳ xarticles:likes-gte-100-latest:p5  bal_before=9369819  est=300c
  ↳ xarticles:likes-gte-100-latest:p5  bal_after=9369819  spent=0c ($0.0)  count=19
  ↳ xarticles:likes-gte-100-latest:p6  bal_before=9369819  est=300c
  ↳ xarticles:likes-gte-100-latest:p6  bal_after=9369819  spent=0c ($0.0)  count=20
  ↳ xarticles:likes-gte-100-latest:p7  bal_before=9369819  est=300c
  ↳ xarticles:likes-gte-100-latest:p7  bal_after=9368649  spent=1170c ($0.0117)  count=20
  ↳ xarticles:likes-gte-100-latest:p8  bal_before=9368649  est=300c
  ↳ xarticles:likes-gte-100-latest:p8  bal_after=9368649  spent=0c ($0.0)  count=20
  ↳ xarticles:likes-gte-100-latest:p9  bal_before=9368649  est=300c
  ↳ xarticles:likes-gte-100-latest:p9  bal_after=9368649  spent=0c ($0.0)  count=20
  ↳ xarticles:likes-gte-100-latest:p10  bal_before=9368649  est=300c
  ↳ xarticles:likes-gte-100-latest:p10  bal_after=9368649  spent=0c ($0.0)  count=20
  ↳ xarticles:likes-gte-100-latest:p11  bal_before=9368649  est=300c
  ↳ xarticles:likes-gte-100-latest:p11  bal_after=9366264  spent=2385c ($0.0238)  count=20
  ↳ xarticles:likes-gte-100-latest:p12  bal_before=9366264  est=300c
  ↳ xarticles:likes-gte-100-latest:p12  bal_after=9366264  spent=0c ($0.0)  count=20
  ↳ xarticles:likes-gte-100-latest:p13  bal_before=9366264  est=300c
  ↳ xarticles:likes-gte-100-latest:p13  bal_after=9366264  spent=0c ($0.0)  count=20

### likes-gte-50 [Top] x5p min_faves:50 url:x.com/i/article since:2026-05-10 -is:retweet
  ↳ xarticles:likes-gte-50:p0  bal_before=9366264  est=300c
  ↳ xarticles:likes-gte-50:p0  bal_after=9366264  spent=0c ($0.0)  count=20
  ↳ xarticles:likes-gte-50:p1  bal_before=9366264  est=300c
  ↳ xarticles:likes-gte-50:p1  bal_after=9366264  spent=0c ($0.0)  count=20
  ↳ xarticles:likes-gte-50:p2  bal_before=9366264  est=300c
  ↳ xarticles:likes-gte-50:p2  bal_after=9366264  spent=0c ($0.0)  count=20
  ↳ xarticles:likes-gte-50:p3  bal_before=9366264  est=300c
  ↳ xarticles:likes-gte-50:p3  bal_after=9366264  spent=0c ($0.0)  count=20
  ↳ xarticles:likes-gte-50:p4  bal_before=9366264  est=300c
  ↳ xarticles:likes-gte-50:p4  bal_after=9366264  spent=0c ($0.0)  count=20

### likes-gte-25 [Top] x5p min_faves:25 url:x.com/i/article since:2026-05-10 -is:retweet
  ↳ xarticles:likes-gte-25:p0  bal_before=9366264  est=300c
  ↳ xarticles:likes-gte-25:p0  bal_after=9366264  spent=0c ($0.0)  count=20
  ↳ xarticles:likes-gte-25:p1  bal_before=9366264  est=300c
  ↳ xarticles:likes-gte-25:p1  bal_after=9366264  spent=0c ($0.0)  count=20
  ↳ xarticles:likes-gte-25:p2  bal_before=9366264  est=300c
  ↳ xarticles:likes-gte-25:p2  bal_after=9364164  spent=2100c ($0.021)  count=20
  ↳ xarticles:likes-gte-25:p3  bal_before=9364164  est=300c
  ↳ xarticles:likes-gte-25:p3  bal_after=9364164  spent=0c ($0.0)  count=20
  ↳ xarticles:likes-gte-25:p4  bal_before=9364164  est=300c
  ↳ xarticles:likes-gte-25:p4  bal_after=9364164  spent=0c ($0.0)  count=20

### likes-gte-10 [Top] x5p min_faves:10 url:x.com/i/article since:2026-05-10 -is:retweet
  ↳ xarticles:likes-gte-10:p0  bal_before=9364164  est=300c
  ↳ xarticles:likes-gte-10:p0  bal_after=9364164  spent=0c ($0.0)  count=20
  ↳ xarticles:likes-gte-10:p1  bal_before=9364164  est=300c
  ↳ xarticles:likes-gte-10:p1  bal_after=9364164  spent=0c ($0.0)  count=20
  ↳ xarticles:likes-gte-10:p2  bal_before=9364164  est=300c
  ↳ xarticles:likes-gte-10:p2  bal_after=9364164  spent=0c ($0.0)  count=20
  ↳ xarticles:likes-gte-10:p3  bal_before=9364164  est=300c
  ↳ xarticles:likes-gte-10:p3  bal_after=9364164  spent=0c ($0.0)  count=20
  ↳ xarticles:likes-gte-10:p4  bal_before=9364164  est=300c
  ↳ xarticles:likes-gte-10:p4  bal_after=9364164  spent=0c ($0.0)  count=19

### likes-gte-5 [Top] x5p min_faves:5 url:x.com/i/article since:2026-05-10 -is:retweet
  ↳ xarticles:likes-gte-5:p0  bal_before=9364164  est=300c
  ↳ xarticles:likes-gte-5:p0  bal_after=9364164  spent=0c ($0.0)  count=20
  ↳ xarticles:likes-gte-5:p1  bal_before=9364164  est=300c
  ↳ xarticles:likes-gte-5:p1  bal_after=9360579  spent=3585c ($0.0358)  count=0

### likes-gte-2 [Top] x5p min_faves:2 url:x.com/i/article since:2026-05-10 -is:retweet
  ↳ xarticles:likes-gte-2:p0  bal_before=9360579  est=300c
  ↳ xarticles:likes-gte-2:p0  bal_after=9360579  spent=0c ($0.0)  count=20
  ↳ xarticles:likes-gte-2:p1  bal_before=9360579  est=300c
  ↳ xarticles:likes-gte-2:p1  bal_after=9360579  spent=0c ($0.0)  count=20
  ↳ xarticles:likes-gte-2:p2  bal_before=9360579  est=300c
  ↳ xarticles:likes-gte-2:p2  bal_after=9360579  spent=0c ($0.0)  count=19
  ↳ xarticles:likes-gte-2:p3  bal_before=9360579  est=300c
  ↳ xarticles:likes-gte-2:p3  bal_after=9360579  spent=0c ($0.0)  count=20
  ↳ xarticles:likes-gte-2:p4  bal_before=9360579  est=300c
  ↳ xarticles:likes-gte-2:p4  bal_after=9360579  spent=0c ($0.0)  count=20

### likes-gte-1 [Top] x5p min_faves:1 url:x.com/i/article since:2026-05-10 -is:retweet
  ↳ xarticles:likes-gte-1:p0  bal_before=9360579  est=300c
  ↳ xarticles:likes-gte-1:p0  bal_after=9360579  spent=0c ($0.0)  count=20
  ↳ xarticles:likes-gte-1:p1  bal_before=9360579  est=300c
  ↳ xarticles:likes-gte-1:p1  bal_after=9360579  spent=0c ($0.0)  count=20
  ↳ xarticles:likes-gte-1:p2  bal_before=9360579  est=300c
  ↳ xarticles:likes-gte-1:p2  bal_after=9360579  spent=0c ($0.0)  count=20
  ↳ xarticles:likes-gte-1:p3  bal_before=9360579  est=300c
  ↳ xarticles:likes-gte-1:p3  bal_after=9360579  spent=0c ($0.0)  count=20
  ↳ xarticles:likes-gte-1:p4  bal_before=9360579  est=300c
  ↳ xarticles:likes-gte-1:p4  bal_after=9360579  spent=0c ($0.0)  count=20

### replies-gte-2000 [Top] x5p min_replies:2000 url:x.com/i/article since:2026-05-10 -is:retweet
  ↳ xarticles:replies-gte-2000:p0  bal_before=9360579  est=300c
  ↳ xarticles:replies-gte-2000:p0  bal_after=9360579  spent=0c ($0.0)  count=16
  ↳ xarticles:replies-gte-2000:p1  bal_before=9360579  est=300c
  ↳ xarticles:replies-gte-2000:p1  bal_after=9360579  spent=0c ($0.0)  count=20
  ↳ xarticles:replies-gte-2000:p2  bal_before=9360579  est=300c
  ↳ xarticles:replies-gte-2000:p2  bal_after=9360579  spent=0c ($0.0)  count=20
  ↳ xarticles:replies-gte-2000:p3  bal_before=9356754  est=300c
  ↳ xarticles:replies-gte-2000:p3  bal_after=9356754  spent=0c ($0.0)  count=20
  ↳ xarticles:replies-gte-2000:p4  bal_before=9356754  est=300c
  ↳ xarticles:replies-gte-2000:p4  bal_after=9356754  spent=0c ($0.0)  count=17

### replies-gte-500 [Top] x5p min_replies:500 url:x.com/i/article since:2026-05-10 -is:retweet
  ↳ xarticles:replies-gte-500:p0  bal_before=9356754  est=300c
  ↳ xarticles:replies-gte-500:p0  bal_after=9356754  spent=0c ($0.0)  count=20
  ↳ xarticles:replies-gte-500:p1  bal_before=9356754  est=300c
  ↳ xarticles:replies-gte-500:p1  bal_after=9356754  spent=0c ($0.0)  count=20
  ↳ xarticles:replies-gte-500:p2  bal_before=9356754  est=300c
  ↳ xarticles:replies-gte-500:p2  bal_after=9356754  spent=0c ($0.0)  count=17
  ↳ xarticles:replies-gte-500:p3  bal_before=9356754  est=300c
  ↳ xarticles:replies-gte-500:p3  bal_after=9356754  spent=0c ($0.0)  count=20
  ↳ xarticles:replies-gte-500:p4  bal_before=9356754  est=300c
  ↳ xarticles:replies-gte-500:p4  bal_after=9356754  spent=0c ($0.0)  count=20

### replies-gte-100 [Top] x5p min_replies:100 url:x.com/i/article since:2026-05-10 -is:retweet
  ↳ xarticles:replies-gte-100:p0  bal_before=9356754  est=300c
  ↳ xarticles:replies-gte-100:p0  bal_after=9356754  spent=0c ($0.0)  count=20
  ↳ xarticles:replies-gte-100:p1  bal_before=9356754  est=300c
  ↳ xarticles:replies-gte-100:p1  bal_after=9356754  spent=0c ($0.0)  count=20
  ↳ xarticles:replies-gte-100:p2  bal_before=9356754  est=300c
  ↳ xarticles:replies-gte-100:p2  bal_after=9356754  spent=0c ($0.0)  count=20
  ↳ xarticles:replies-gte-100:p3  bal_before=9356754  est=300c
  ↳ xarticles:replies-gte-100:p3  bal_after=9356754  spent=0c ($0.0)  count=20
  ↳ xarticles:replies-gte-100:p4  bal_before=9356754  est=300c
  ↳ xarticles:replies-gte-100:p4  bal_after=9356754  spent=0c ($0.0)  count=20

### replies-gte-25 [Top] x5p min_replies:25 url:x.com/i/article since:2026-05-10 -is:retweet
  ↳ xarticles:replies-gte-25:p0  bal_before=9356754  est=300c
  ↳ xarticles:replies-gte-25:p0  bal_after=9356754  spent=0c ($0.0)  count=20
  ↳ xarticles:replies-gte-25:p1  bal_before=9356754  est=300c
  ↳ xarticles:replies-gte-25:p1  bal_after=9353544  spent=3210c ($0.0321)  count=20
  ↳ xarticles:replies-gte-25:p2  bal_before=9353544  est=300c
  ↳ xarticles:replies-gte-25:p2  bal_after=9353544  spent=0c ($0.0)  count=20
  ↳ xarticles:replies-gte-25:p3  bal_before=9353544  est=300c
  ↳ xarticles:replies-gte-25:p3  bal_after=9353544  spent=0c ($0.0)  count=20
  ↳ xarticles:replies-gte-25:p4  bal_before=9353544  est=300c
  ↳ xarticles:replies-gte-25:p4  bal_after=9353544  spent=0c ($0.0)  count=20

### broad-native-top [Top] x5p (trading OR trader OR market OR markets OR portfolio OR quant OR stock OR stocks OR finance OR liquidity) url:x.com/i/article since:2026-05-10 -is:retweet
  ↳ xarticles:broad-native-top:p0  bal_before=9353544  est=300c
  ↳ xarticles:broad-native-top:p0  bal_after=9353544  spent=0c ($0.0)  count=20
  ↳ xarticles:broad-native-top:p1  bal_before=9353544  est=300c
  ↳ xarticles:broad-native-top:p1  bal_after=9351444  spent=2100c ($0.021)  count=20
  ↳ xarticles:broad-native-top:p2  bal_before=9351444  est=300c
  ↳ xarticles:broad-native-top:p2  bal_after=9350844  spent=600c ($0.006)  count=0

### keyword-native-top [Top] x5p (trading OR trader OR market OR markets OR portfolio OR quant OR stock OR stocks OR finance OR liquidity) url:x.com/i/article since:2026-05-10 -is:retweet min_faves:5
  ↳ xarticles:keyword-native-top:p0  bal_before=9350844  est=300c
  ↳ xarticles:keyword-native-top:p0  bal_after=9350844  spent=0c ($0.0)  count=20
  ↳ xarticles:keyword-native-top:p1  bal_before=9350844  est=300c
  ↳ xarticles:keyword-native-top:p1  bal_after=9350844  spent=0c ($0.0)  count=20
  ↳ xarticles:keyword-native-top:p2  bal_before=9350844  est=300c
  ↳ xarticles:keyword-native-top:p2  bal_after=9350844  spent=0c ($0.0)  count=20
  ↳ xarticles:keyword-native-top:p3  bal_before=9350844  est=300c
  ↳ xarticles:keyword-native-top:p3  bal_after=9350844  spent=0c ($0.0)  count=20
  ↳ xarticles:keyword-native-top:p4  bal_before=9350844  est=300c
  ↳ xarticles:keyword-native-top:p4  bal_after=9350844  spent=0c ($0.0)  count=20
  ↳ STOP ladder: 123 distinct qualified articles >= max 100
  ↳ xarticles:author-baseline:SoSoValueCrypto  bal_before=9350844  est=300c
  ↳ xarticles:author-baseline:SoSoValueCrypto  bal_after=9350844  spent=0c ($0.0)  count=20
  ↳ xarticles:author-baseline:SoSoValueCrypto  bal_before=9350844  est=300c
  ↳ xarticles:author-baseline:SoSoValueCrypto  bal_after=9350844  spent=0c ($0.0)  count=20
  ↳ xarticles:author-baseline:SoSoValueCrypto  bal_before=9350844  est=300c
  ↳ xarticles:author-baseline:SoSoValueCrypto  bal_after=9350844  spent=0c ($0.0)  count=20
  ↳ xarticles:author-baseline:DataIPO_RWA  bal_before=9350844  est=300c
  ↳ xarticles:author-baseline:DataIPO_RWA  bal_after=9348144  spent=2700c ($0.027)  count=0
  ↳ xarticles:author-baseline:SoSoValueCrypto  bal_before=9348144  est=300c
  ↳ xarticles:author-baseline:SoSoValueCrypto  bal_after=9348144  spent=0c ($0.0)  count=20
  ↳ xarticles:author-baseline:SoSoValueCrypto  bal_before=9348144  est=300c
  ↳ xarticles:author-baseline:SoSoValueCrypto  bal_after=9348144  spent=0c ($0.0)  count=20
  ↳ xarticles:author-baseline:ConcreteXYZ  bal_before=9348144  est=300c
  ↳ xarticles:author-baseline:ConcreteXYZ  bal_after=9348144  spent=0c ($0.0)  count=20
  ↳ xarticles:author-baseline:addyosmani  bal_before=9348144  est=300c
  ↳ xarticles:author-baseline:addyosmani  bal_after=9348144  spent=0c ($0.0)  count=20
  ↳ xarticles:author-baseline:ConcreteXYZ  bal_before=9348144  est=300c
  ↳ xarticles:author-baseline:ConcreteXYZ  bal_after=9348144  spent=0c ($0.0)  count=20
  ↳ xarticles:author-baseline:ActionModelAI  bal_before=9348144  est=300c
  ↳ xarticles:author-baseline:ActionModelAI  bal_after=9348144  spent=0c ($0.0)  count=20
  ↳ xarticles:author-baseline:Aster_FND__  bal_before=9348144  est=300c
  ↳ xarticles:author-baseline:Aster_FND__  bal_after=9348144  spent=0c ($0.0)  count=8
  ↳ xarticles:author-baseline:popdex_  bal_before=9348144  est=300c
  ↳ xarticles:author-baseline:popdex_  bal_after=9348144  spent=0c ($0.0)  count=5
  ↳ xarticles:author-baseline:shirakazu_xyz  bal_before=9348144  est=300c
  ↳ xarticles:author-baseline:shirakazu_xyz  bal_after=9345849  spent=2295c ($0.023)  count=0
  ↳ xarticles:author-baseline:ferbsol  bal_before=9345849  est=300c
  ↳ xarticles:author-baseline:ferbsol  bal_after=9345849  spent=0c ($0.0)  count=20
  ↳ xarticles:author-baseline:kunley_drukpa  bal_before=9345849  est=300c
  ↳ xarticles:author-baseline:kunley_drukpa  bal_after=9345849  spent=0c ($0.0)  count=19
  ↳ xarticles:author-baseline:base  bal_before=9345849  est=300c
  ↳ xarticles:author-baseline:base  bal_after=9345849  spent=0c ($0.0)  count=20
  ↳ xarticles:author-baseline:RaoulGMI  bal_before=9345849  est=300c
  ↳ xarticles:author-baseline:RaoulGMI  bal_after=9345849  spent=0c ($0.0)  count=20
  ↳ xarticles:author-baseline:168X_Fortune  bal_before=9345849  est=300c
  ↳ xarticles:author-baseline:168X_Fortune  bal_after=9345849  spent=0c ($0.0)  count=20
  ↳ xarticles:author-baseline:a16zcrypto  bal_before=9345849  est=300c
  ↳ xarticles:author-baseline:a16zcrypto  bal_after=9345849  spent=0c ($0.0)  count=20
  ↳ xarticles:author-baseline:MossAI_CN  bal_before=9345849  est=300c
  ↳ xarticles:author-baseline:MossAI_CN  bal_after=9345849  spent=0c ($0.0)  count=20
  ↳ xarticles:author-baseline:edels0n  bal_before=9343764  est=300c
  ↳ xarticles:author-baseline:edels0n  bal_after=9343764  spent=0c ($0.0)  count=20
  ↳ xarticles:author-baseline:Travix_fi  bal_before=9343764  est=300c
  ↳ xarticles:author-baseline:Travix_fi  bal_after=9343764  spent=0c ($0.0)  count=20
  ↳ xarticles:author-baseline:nativemarkets  bal_before=9343764  est=300c
  ↳ xarticles:author-baseline:nativemarkets  bal_after=9343764  spent=0c ($0.0)  count=20
  ↳ xarticles:author-baseline:KiiChainio  bal_before=9343764  est=300c
  ↳ xarticles:author-baseline:KiiChainio  bal_after=9343764  spent=0c ($0.0)  count=20
  ↳ xarticles:author-baseline:Backpack  bal_before=9343764  est=300c
  ↳ xarticles:author-baseline:Backpack  bal_after=9343764  spent=0c ($0.0)  count=20
  ↳ xarticles:author-baseline:kunley_drukpa  bal_before=9343764  est=300c
  ↳ xarticles:author-baseline:kunley_drukpa  bal_after=9343764  spent=0c ($0.0)  count=19
  ↳ xarticles:author-baseline:UtribeOne  bal_before=9343764  est=300c
  ↳ xarticles:author-baseline:UtribeOne  bal_after=9343764  spent=0c ($0.0)  count=20
  ↳ xarticles:author-baseline:nodiens  bal_before=9343764  est=300c
  ↳ xarticles:author-baseline:nodiens  bal_after=9343764  spent=0c ($0.0)  count=20
  ↳ xarticles:author-baseline:OptimaiNetwork  bal_before=9343764  est=300c
  ↳ xarticles:author-baseline:OptimaiNetwork  bal_after=9343764  spent=0c ($0.0)  count=20
  ↳ xarticles:author-baseline:Tracking_Power  bal_before=9343764  est=300c
  ↳ xarticles:author-baseline:Tracking_Power  bal_after=9343764  spent=0c ($0.0)  count=20
  ↳ xarticles:author-baseline:dangambardello  bal_before=9343764  est=300c
  ↳ xarticles:author-baseline:dangambardello  bal_after=9343764  spent=0c ($0.0)  count=20
  ↳ xarticles:author-baseline:dickiebush  bal_before=9343764  est=300c
  ↳ xarticles:author-baseline:dickiebush  bal_after=9343764  spent=0c ($0.0)  count=20
  ↳ xarticles:author-baseline:KSimback  bal_before=9343764  est=300c
  ↳ xarticles:author-baseline:KSimback  bal_after=9343764  spent=0c ($0.0)  count=20
  ↳ xarticles:author-baseline:MossAI_Official  bal_before=9343764  est=300c
  ↳ xarticles:author-baseline:MossAI_Official  bal_after=9343764  spent=0c ($0.0)  count=20
  ↳ xarticles:author-baseline:XLayerOfficial  bal_before=9343764  est=300c
  ↳ xarticles:author-baseline:XLayerOfficial  bal_after=9343764  spent=0c ($0.0)  count=20
  ↳ xarticles:author-baseline:kc_coyle  bal_before=9343764  est=300c
  ↳ xarticles:author-baseline:kc_coyle  bal_after=9339579  spent=4185c ($0.0418)  count=20
  ↳ xarticles:author-baseline:realMaalouf  bal_before=9339579  est=300c
  ↳ xarticles:author-baseline:realMaalouf  bal_after=9339579  spent=0c ($0.0)  count=20
  ↳ xarticles:author-baseline:RohOnChain  bal_before=9339579  est=300c
  ↳ xarticles:author-baseline:RohOnChain  bal_after=9339579  spent=0c ($0.0)  count=20
  ↳ xarticles:author-baseline:saso_capital  bal_before=9339579  est=300c
  ↳ xarticles:author-baseline:saso_capital  bal_after=9339579  spent=0c ($0.0)  count=20
  ↳ xarticles:author-baseline:tokenyfun  bal_before=9339579  est=300c
  ↳ xarticles:author-baseline:tokenyfun  bal_after=9339579  spent=0c ($0.0)  count=17
  ↳ xarticles:author-baseline:MossAI_Official  bal_before=9339579  est=300c
  ↳ xarticles:author-baseline:MossAI_Official  bal_after=9339579  spent=0c ($0.0)  count=20
  ↳ xarticles:author-baseline:joshsimenhoff  bal_before=9339579  est=300c
  ↳ xarticles:author-baseline:joshsimenhoff  bal_after=9339579  spent=0c ($0.0)  count=20
  ↳ xarticles:author-baseline:LLuciano_BTC  bal_before=9339579  est=300c
  ↳ xarticles:author-baseline:LLuciano_BTC  bal_after=9339579  spent=0c ($0.0)  count=20
  ↳ xarticles:author-baseline:mert  bal_before=9339579  est=300c
  ↳ xarticles:author-baseline:mert  bal_after=9339579  spent=0c ($0.0)  count=20
  ↳ xarticles:author-baseline:initc3org  bal_before=9339579  est=300c
  ↳ xarticles:author-baseline:initc3org  bal_after=9339579  spent=0c ($0.0)  count=20
  ↳ xarticles:author-baseline:base  bal_before=9339579  est=300c
  ↳ xarticles:author-baseline:base  bal_after=9339579  spent=0c ($0.0)  count=20
  ↳ xarticles:author-baseline:thecryptoskanda  bal_before=9339579  est=300c
  ↳ xarticles:author-baseline:thecryptoskanda  bal_after=9339579  spent=0c ($0.0)  count=20
  ↳ xarticles:author-baseline:CarOnPolymarket  bal_before=9339579  est=300c
  ↳ xarticles:author-baseline:CarOnPolymarket  bal_after=9339579  spent=0c ($0.0)  count=20
  ↳ xarticles:author-baseline:solana  bal_before=9339579  est=300c
  ↳ xarticles:author-baseline:solana  bal_after=9339579  spent=0c ($0.0)  count=20
  ↳ xarticles:author-baseline:Firelightfi  bal_before=9339579  est=300c
  ↳ xarticles:author-baseline:Firelightfi  bal_after=9335724  spent=3855c ($0.0386)  count=20
  ↳ xarticles:author-baseline:josedonato__  bal_before=9335724  est=300c
  ↳ xarticles:author-baseline:josedonato__  bal_after=9335724  spent=0c ($0.0)  count=20
  ↳ xarticles:author-baseline:RAFA_AI  bal_before=9335724  est=300c
  ↳ xarticles:author-baseline:RAFA_AI  bal_after=9335724  spent=0c ($0.0)  count=20
  ↳ xarticles:author-baseline:BullTheoryio  bal_before=9335724  est=300c
  ↳ xarticles:author-baseline:BullTheoryio  bal_after=9335724  spent=0c ($0.0)  count=20
  ↳ xarticles:author-baseline:DecibelTrade  bal_before=9335724  est=300c
  ↳ xarticles:author-baseline:DecibelTrade  bal_after=9335724  spent=0c ($0.0)  count=20
  ↳ xarticles:author-baseline:inference_labs  bal_before=9335724  est=300c
  ↳ xarticles:author-baseline:inference_labs  bal_after=9335724  spent=0c ($0.0)  count=20
  ↳ xarticles:author-baseline:ShiftRWA  bal_before=9335724  est=300c
  ↳ xarticles:author-baseline:ShiftRWA  bal_after=9335724  spent=0c ($0.0)  count=20
  ↳ xarticles:author-baseline:GpaAndy  bal_before=9335724  est=300c
  ↳ xarticles:author-baseline:GpaAndy  bal_after=9335724  spent=0c ($0.0)  count=20
  ↳ xarticles:author-baseline:idontexistTore  bal_before=9335724  est=300c
  ↳ xarticles:author-baseline:idontexistTore  bal_after=9335724  spent=0c ($0.0)  count=20
  ↳ xarticles:author-baseline:nodiens  bal_before=9335724  est=300c
  ↳ xarticles:author-baseline:nodiens  bal_after=9335724  spent=0c ($0.0)  count=20
  ↳ xarticles:author-baseline:Delphi_Digital  bal_before=9335724  est=300c
  ↳ xarticles:author-baseline:Delphi_Digital  bal_after=9335724  spent=0c ($0.0)  count=20
  ↳ xarticles:author-baseline:RealityFi_xyz  bal_before=9335724  est=300c
  ↳ xarticles:author-baseline:RealityFi_xyz  bal_after=9335724  spent=0c ($0.0)  count=20
  ↳ xarticles:author-baseline:KoroushAK  bal_before=9335724  est=300c
  ↳ xarticles:author-baseline:KoroushAK  bal_after=9335724  spent=0c ($0.0)  count=20
  ↳ xarticles:author-baseline:0xMovez  bal_before=9331824  est=300c
  ↳ xarticles:author-baseline:0xMovez  bal_after=9331824  spent=0c ($0.0)  count=20
  ↳ xarticles:author-baseline:VVVStockAnalyst  bal_before=9331824  est=300c
  ↳ xarticles:author-baseline:VVVStockAnalyst  bal_after=9331824  spent=0c ($0.0)  count=20
  ↳ xarticles:author-baseline:apyx_fi  bal_before=9331824  est=300c
  ↳ xarticles:author-baseline:apyx_fi  bal_after=9331824  spent=0c ($0.0)  count=20
  ↳ xarticles:author-baseline:RuujSs  bal_before=9331824  est=300c
  ↳ xarticles:author-baseline:RuujSs  bal_after=9331824  spent=0c ($0.0)  count=20
  ↳ xarticles:author-baseline:NitroOGFX  bal_before=9331824  est=300c
  ↳ xarticles:author-baseline:NitroOGFX  bal_after=9331824  spent=0c ($0.0)  count=20
  ↳ xarticles:author-baseline:playrisk  bal_before=9331824  est=300c
  ↳ xarticles:author-baseline:playrisk  bal_after=9331824  spent=0c ($0.0)  count=20
  ↳ xarticles:author-baseline:Defi_princesss  bal_before=9331824  est=300c
  ↳ xarticles:author-baseline:Defi_princesss  bal_after=9331824  spent=0c ($0.0)  count=20
  ↳ xarticles:author-baseline:adiix_official  bal_before=9331824  est=300c
  ↳ xarticles:author-baseline:adiix_official  bal_after=9331824  spent=0c ($0.0)  count=20
  ↳ xarticles:author-baseline:NEARProtocol  bal_before=9331824  est=300c
  ↳ xarticles:author-baseline:NEARProtocol  bal_after=9331824  spent=0c ($0.0)  count=20
  ↳ xarticles:author-baseline:openservai  bal_before=9331824  est=300c
  ↳ xarticles:author-baseline:openservai  bal_after=9331824  spent=0c ($0.0)  count=20
  ↳ xarticles:author-baseline:idontexistTore  bal_before=9331824  est=300c
  ↳ xarticles:author-baseline:idontexistTore  bal_after=9331824  spent=0c ($0.0)  count=20
  ↳ xarticles:author-baseline:RitOnchain  bal_before=9331824  est=300c
  ↳ xarticles:author-baseline:RitOnchain  bal_after=9331824  spent=0c ($0.0)  count=20
  ↳ xarticles:author-baseline:nadoHQ  bal_before=9331824  est=300c
  ↳ xarticles:author-baseline:nadoHQ  bal_after=9331824  spent=0c ($0.0)  count=20
  ↳ xarticles:author-baseline:ravi_riley  bal_before=9331824  est=300c
  ↳ xarticles:author-baseline:ravi_riley  bal_after=9331824  spent=0c ($0.0)  count=20
  ↳ xarticles:author-baseline:CillionaireMind  bal_before=9331824  est=300c
  ↳ xarticles:author-baseline:CillionaireMind  bal_after=9327624  spent=4200c ($0.042)  count=20
  ↳ xarticles:author-baseline:LABtrade_  bal_before=9327624  est=300c
  ↳ xarticles:author-baseline:LABtrade_  bal_after=9327624  spent=0c ($0.0)  count=20
  ↳ xarticles:author-baseline:virtuals_io  bal_before=9327624  est=300c
  ↳ xarticles:author-baseline:virtuals_io  bal_after=9327624  spent=0c ($0.0)  count=20
  ↳ xarticles:author-baseline:ProprXYZ  bal_before=9327624  est=300c
  ↳ xarticles:author-baseline:ProprXYZ  bal_after=9327624  spent=0c ($0.0)  count=20
  ↳ xarticles:author-baseline:Defi_Warhol  bal_before=9327624  est=300c
  ↳ xarticles:author-baseline:Defi_Warhol  bal_after=9327624  spent=0c ($0.0)  count=20
  ↳ xarticles:author-baseline:ZanaVentures  bal_before=9327624  est=300c
  ↳ xarticles:author-baseline:ZanaVentures  bal_after=9327624  spent=0c ($0.0)  count=20
  ↳ xarticles:author-baseline:JefferyCrypt  bal_before=9327624  est=300c
  ↳ xarticles:author-baseline:JefferyCrypt  bal_after=9327624  spent=0c ($0.0)  count=20
  ↳ xarticles:author-baseline:XTexchange  bal_before=9327624  est=300c
  ↳ xarticles:author-baseline:XTexchange  bal_after=9327624  spent=0c ($0.0)  count=20
  ↳ xarticles:author-baseline:DarioCpx  bal_before=9327624  est=300c
  ↳ xarticles:author-baseline:DarioCpx  bal_after=9327624  spent=0c ($0.0)  count=20
  ↳ xarticles:author-baseline:waveking1314  bal_before=9327624  est=300c
  ↳ xarticles:author-baseline:waveking1314  bal_after=9327624  spent=0c ($0.0)  count=20
  ↳ xarticles:author-baseline:EMEBOK_  bal_before=9327624  est=300c
  ↳ xarticles:author-baseline:EMEBOK_  bal_after=9327624  spent=0c ($0.0)  count=20
  ↳ xarticles:author-baseline:BuildrJ  bal_before=9327624  est=300c
  ↳ xarticles:author-baseline:BuildrJ  bal_after=9327624  spent=0c ($0.0)  count=20
  ↳ xarticles:author-baseline:HolySmokas  bal_before=9327624  est=300c
  ↳ xarticles:author-baseline:HolySmokas  bal_after=9327624  spent=0c ($0.0)  count=20
  ↳ xarticles:author-baseline:TheProfInvestor  bal_before=9327624  est=300c
  ↳ xarticles:author-baseline:TheProfInvestor  bal_after=9323724  spent=3900c ($0.039)  count=20
  ↳ xarticles:author-baseline:_0xdigitz01  bal_before=9323724  est=300c
  ↳ xarticles:author-baseline:_0xdigitz01  bal_after=9323724  spent=0c ($0.0)  count=20
  ↳ xarticles:author-baseline:Velvet_Capital  bal_before=9323724  est=300c
  ↳ xarticles:author-baseline:Velvet_Capital  bal_after=9323724  spent=0c ($0.0)  count=20
  ↳ xarticles:author-baseline:Firelightfi  bal_before=9323724  est=300c
  ↳ xarticles:author-baseline:Firelightfi  bal_after=9323724  spent=0c ($0.0)  count=20
  ↳ xarticles:author-baseline:Liembriel  bal_before=9323724  est=300c
  ↳ xarticles:author-baseline:Liembriel  bal_after=9323724  spent=0c ($0.0)  count=20
  ↳ xarticles:author-baseline:Starknet  bal_before=9323724  est=300c
  ↳ xarticles:author-baseline:Starknet  bal_after=9323724  spent=0c ($0.0)  count=20
  ↳ xarticles:author-baseline:DimitriDotEth  bal_before=9323724  est=300c
  ↳ xarticles:author-baseline:DimitriDotEth  bal_after=9323724  spent=0c ($0.0)  count=20
  ↳ xarticles:author-baseline:predikt_gg  bal_before=9323724  est=300c
  ↳ xarticles:author-baseline:predikt_gg  bal_after=9323724  spent=0c ($0.0)  count=20
  ↳ xarticles:author-baseline:The_RockTrading  bal_before=9323724  est=300c
  ↳ xarticles:author-baseline:The_RockTrading  bal_after=9323724  spent=0c ($0.0)  count=20
  ↳ xarticles:author-baseline:randgroup  bal_before=9323724  est=300c
  ↳ xarticles:author-baseline:randgroup  bal_after=9323724  spent=0c ($0.0)  count=20
  ↳ xarticles:author-baseline:SJosephBurns  bal_before=9323724  est=300c
  ↳ xarticles:author-baseline:SJosephBurns  bal_after=9323724  spent=0c ($0.0)  count=20
{
  "date": "2026-06-09",
  "niche": "trading-30d",
  "out_dir": "/Users/maxguillabert/Downloads/index/docs/x-targeting/x_articles/2026-06-09/trading-30d",
  "tweets": 3631,
  "native_x_articles": 100,
  "top": {
    "tweet_id": "2059165377402486890",
    "tweet_url": "https://x.com/MossAI_CN/status/2059165377402486890",
    "article_url": "https://x.com/i/article/2059162867828711425",
    "title": "用 Codex 撸出 24/7 交易的 Trading Agent",
    "preview_text": "这两个月中文圈被 Codex 刷屏，但几乎所有人都在用它做同一件事：写代码。\n这篇教你一个更猛的用法。用 Codex 撸一个 24 小时自己在 Hyperliquid 上跑的 Trading Agent。",
    "cover_media_img_url": "https://pbs.twimg.com/media/HJOd3SsaYAAnpyp.jpg",
    "author": "MossAI_CN",
    "author_name": "MOSS 中文",
    "author_followers": 1548,
    "created_at": "Tue May 26 06:50:58 +0000 2026",
    "likes": 671,
    "retweets": 205,
    "replies": 46,
    "quotes": 10,
    "bookmarks": 1214,
    "views": 151977,
    "query_label": "rt-gte-200-latest",
    "engagement": 2146,
    "weighted_engagement": 2361,
    "engagement_per_1k_views": 14.121,
    "score": 2411.659,
    "author_avg_views_last10": 1403.5,
    "author_avg_views_min_age_hours": 4,
    "views_per_1k_followers": 98176.357,
    "views_vs_author_avg": 108.284,
    "outlier_score": 109018.878
  }
}
wrote /Users/maxguillabert/Downloads/index/docs/x-targeting/x_articles/2026-06-09/trading-30d/by-likes.md (100 articles)
wrote /Users/maxguillabert/Downloads/index/docs/x-targeting/x_articles/2026-06-09/trading-30d/by-views.md (100 articles)
date: illegal option -- -
usage: date [-jnRu] [-I[date|hours|minutes|seconds|ns]] [-f input_fmt]
            [ -z output_zone ] [-r filename|seconds] [-v[+|-]val[y|m|w|d|H|M|S]]
            [[[[mm]dd]HH]MM[[cc]yy][.SS] | new_date] [+output_fmt]
[] monthly fetch niche=trading-ai-30d date=2026-06-09 max=100

### rt-gte-500 [Top] x5p min_retweets:500 url:x.com/i/article since:2026-05-11 -is:retweet
  ↳ xarticles:rt-gte-500:p0  bal_before=9323724  est=300c
  ↳ xarticles:rt-gte-500:p0  bal_after=9323724  spent=0c ($0.0)  count=20
  ↳ xarticles:rt-gte-500:p1  bal_before=9320124  est=300c
  ↳ xarticles:rt-gte-500:p1  bal_after=9320124  spent=0c ($0.0)  count=16
  ↳ xarticles:rt-gte-500:p2  bal_before=9320124  est=300c
  ↳ xarticles:rt-gte-500:p2  bal_after=9320124  spent=0c ($0.0)  count=15
  ↳ xarticles:rt-gte-500:p3  bal_before=9320124  est=300c
  ↳ xarticles:rt-gte-500:p3  bal_after=9320124  spent=0c ($0.0)  count=6
  ↳ xarticles:rt-gte-500:p4  bal_before=9320124  est=300c
  ↳ xarticles:rt-gte-500:p4  bal_after=9320124  spent=0c ($0.0)  count=0

### rt-gte-500-latest [Latest] x14p min_retweets:500 url:x.com/i/article since:2026-05-11 -is:retweet
  ↳ xarticles:rt-gte-500-latest:p0  bal_before=9320124  est=300c
  ↳ xarticles:rt-gte-500-latest:p0  bal_after=9320124  spent=0c ($0.0)  count=15
  ↳ xarticles:rt-gte-500-latest:p1  bal_before=9320124  est=300c
  ↳ xarticles:rt-gte-500-latest:p1  bal_after=9320124  spent=0c ($0.0)  count=14
  ↳ xarticles:rt-gte-500-latest:p2  bal_before=9320124  est=300c
  ↳ xarticles:rt-gte-500-latest:p2  bal_after=9320124  spent=0c ($0.0)  count=19
  ↳ xarticles:rt-gte-500-latest:p3  bal_before=9320124  est=300c
  ↳ xarticles:rt-gte-500-latest:p3  bal_after=9320124  spent=0c ($0.0)  count=20
  ↳ xarticles:rt-gte-500-latest:p4  bal_before=9320124  est=300c
  ↳ xarticles:rt-gte-500-latest:p4  bal_after=9320124  spent=0c ($0.0)  count=20
  ↳ xarticles:rt-gte-500-latest:p5  bal_before=9320124  est=300c
  ↳ xarticles:rt-gte-500-latest:p5  bal_after=9320124  spent=0c ($0.0)  count=20
  ↳ xarticles:rt-gte-500-latest:p6  bal_before=9320124  est=300c
  ↳ xarticles:rt-gte-500-latest:p6  bal_after=9320124  spent=0c ($0.0)  count=20
  ↳ xarticles:rt-gte-500-latest:p7  bal_before=9320124  est=300c
  ↳ xarticles:rt-gte-500-latest:p7  bal_after=9320124  spent=0c ($0.0)  count=20
  ↳ xarticles:rt-gte-500-latest:p8  bal_before=9320124  est=300c
  ↳ xarticles:rt-gte-500-latest:p8  bal_after=9320124  spent=0c ($0.0)  count=12
  ↳ xarticles:rt-gte-500-latest:p9  bal_before=9320124  est=300c
  ↳ xarticles:rt-gte-500-latest:p9  bal_after=9320124  spent=0c ($0.0)  count=0

### rt-gte-200 [Top] x5p min_retweets:200 url:x.com/i/article since:2026-05-11 -is:retweet
  ↳ xarticles:rt-gte-200:p0  bal_before=9320124  est=300c
  ↳ xarticles:rt-gte-200:p0  bal_after=9320124  spent=0c ($0.0)  count=19
  ↳ xarticles:rt-gte-200:p1  bal_before=9320124  est=300c
  ↳ xarticles:rt-gte-200:p1  bal_after=9320124  spent=0c ($0.0)  count=20
  ↳ xarticles:rt-gte-200:p2  bal_before=9320124  est=300c
  ↳ xarticles:rt-gte-200:p2  bal_after=9316254  spent=3870c ($0.0387)  count=18
  ↳ xarticles:rt-gte-200:p3  bal_before=9316254  est=300c
  ↳ xarticles:rt-gte-200:p3  bal_after=9316254  spent=0c ($0.0)  count=14
  ↳ xarticles:rt-gte-200:p4  bal_before=9316254  est=300c
  ↳ xarticles:rt-gte-200:p4  bal_after=9316254  spent=0c ($0.0)  count=12

### rt-gte-200-latest [Latest] x14p min_retweets:200 url:x.com/i/article since:2026-05-11 -is:retweet
  ↳ xarticles:rt-gte-200-latest:p0  bal_before=9316254  est=300c
  ↳ xarticles:rt-gte-200-latest:p0  bal_after=9316254  spent=0c ($0.0)  count=13
  ↳ xarticles:rt-gte-200-latest:p1  bal_before=9316254  est=300c
  ↳ xarticles:rt-gte-200-latest:p1  bal_after=9316254  spent=0c ($0.0)  count=18
  ↳ xarticles:rt-gte-200-latest:p2  bal_before=9316254  est=300c
  ↳ xarticles:rt-gte-200-latest:p2  bal_after=9316254  spent=0c ($0.0)  count=19
  ↳ xarticles:rt-gte-200-latest:p3  bal_before=9316254  est=300c
  ↳ xarticles:rt-gte-200-latest:p3  bal_after=9316254  spent=0c ($0.0)  count=17
  ↳ xarticles:rt-gte-200-latest:p4  bal_before=9316254  est=300c
  ↳ xarticles:rt-gte-200-latest:p4  bal_after=9316254  spent=0c ($0.0)  count=20
  ↳ xarticles:rt-gte-200-latest:p5  bal_before=9316254  est=300c
  ↳ xarticles:rt-gte-200-latest:p5  bal_after=9316254  spent=0c ($0.0)  count=16
  ↳ xarticles:rt-gte-200-latest:p6  bal_before=9316254  est=300c
  ↳ xarticles:rt-gte-200-latest:p6  bal_after=9316254  spent=0c ($0.0)  count=16
  ↳ xarticles:rt-gte-200-latest:p7  bal_before=9316254  est=300c
  ↳ xarticles:rt-gte-200-latest:p7  bal_after=9316254  spent=0c ($0.0)  count=20
  ↳ xarticles:rt-gte-200-latest:p8  bal_before=9316254  est=300c
  ↳ xarticles:rt-gte-200-latest:p8  bal_after=9316254  spent=0c ($0.0)  count=20
  ↳ xarticles:rt-gte-200-latest:p9  bal_before=9316254  est=300c
  ↳ xarticles:rt-gte-200-latest:p9  bal_after=9316254  spent=0c ($0.0)  count=20
  ↳ xarticles:rt-gte-200-latest:p10  bal_before=9316254  est=300c
  ↳ xarticles:rt-gte-200-latest:p10  bal_after=9316254  spent=0c ($0.0)  count=20
  ↳ xarticles:rt-gte-200-latest:p11  bal_before=9316254  est=300c
  ↳ xarticles:rt-gte-200-latest:p11  bal_after=9316254  spent=0c ($0.0)  count=20
  ↳ xarticles:rt-gte-200-latest:p12  bal_before=9316254  est=300c
  ↳ xarticles:rt-gte-200-latest:p12  bal_after=9316254  spent=0c ($0.0)  count=20
  ↳ xarticles:rt-gte-200-latest:p13  bal_before=9316254  est=300c
  ↳ xarticles:rt-gte-200-latest:p13  bal_after=9312309  spent=3945c ($0.0394)  count=19

### rt-gte-100 [Top] x5p min_retweets:100 url:x.com/i/article since:2026-05-11 -is:retweet
  ↳ xarticles:rt-gte-100:p0  bal_before=9312309  est=300c
  ↳ xarticles:rt-gte-100:p0  bal_after=9312309  spent=0c ($0.0)  count=19
  ↳ xarticles:rt-gte-100:p1  bal_before=9312309  est=300c
  ↳ xarticles:rt-gte-100:p1  bal_after=9312309  spent=0c ($0.0)  count=20
  ↳ xarticles:rt-gte-100:p2  bal_before=9312309  est=300c
  ↳ xarticles:rt-gte-100:p2  bal_after=9312309  spent=0c ($0.0)  count=20
  ↳ xarticles:rt-gte-100:p3  bal_before=9312309  est=300c
  ↳ xarticles:rt-gte-100:p3  bal_after=9312309  spent=0c ($0.0)  count=15
  ↳ xarticles:rt-gte-100:p4  bal_before=9312309  est=300c
  ↳ xarticles:rt-gte-100:p4  bal_after=9312309  spent=0c ($0.0)  count=4

### rt-gte-100-latest [Latest] x14p min_retweets:100 url:x.com/i/article since:2026-05-11 -is:retweet
  ↳ xarticles:rt-gte-100-latest:p0  bal_before=9312309  est=300c
  ↳ xarticles:rt-gte-100-latest:p0  bal_after=9312309  spent=0c ($0.0)  count=15
  ↳ xarticles:rt-gte-100-latest:p1  bal_before=9312309  est=300c
  ↳ xarticles:rt-gte-100-latest:p1  bal_after=9312309  spent=0c ($0.0)  count=18
  ↳ xarticles:rt-gte-100-latest:p2  bal_before=9312309  est=300c
  ↳ xarticles:rt-gte-100-latest:p2  bal_after=9312309  spent=0c ($0.0)  count=17
  ↳ xarticles:rt-gte-100-latest:p3  bal_before=9312309  est=300c
  ↳ xarticles:rt-gte-100-latest:p3  bal_after=9312309  spent=0c ($0.0)  count=20
  ↳ xarticles:rt-gte-100-latest:p4  bal_before=9312309  est=300c
  ↳ xarticles:rt-gte-100-latest:p4  bal_after=9312309  spent=0c ($0.0)  count=20
  ↳ xarticles:rt-gte-100-latest:p5  bal_before=9312309  est=300c
  ↳ xarticles:rt-gte-100-latest:p5  bal_after=9312309  spent=0c ($0.0)  count=20
  ↳ xarticles:rt-gte-100-latest:p6  bal_before=9312309  est=300c
  ↳ xarticles:rt-gte-100-latest:p6  bal_after=9312309  spent=0c ($0.0)  count=19
  ↳ xarticles:rt-gte-100-latest:p7  bal_before=9312309  est=300c
  ↳ xarticles:rt-gte-100-latest:p7  bal_after=9312309  spent=0c ($0.0)  count=17
  ↳ xarticles:rt-gte-100-latest:p8  bal_before=9312309  est=300c
  ↳ xarticles:rt-gte-100-latest:p8  bal_after=9312309  spent=0c ($0.0)  count=20
  ↳ xarticles:rt-gte-100-latest:p9  bal_before=9312309  est=300c
  ↳ xarticles:rt-gte-100-latest:p9  bal_after=9308319  spent=3990c ($0.0399)  count=18
  ↳ xarticles:rt-gte-100-latest:p10  bal_before=9308319  est=300c
  ↳ xarticles:rt-gte-100-latest:p10  bal_after=9308319  spent=0c ($0.0)  count=20
  ↳ xarticles:rt-gte-100-latest:p11  bal_before=9308319  est=300c
  ↳ xarticles:rt-gte-100-latest:p11  bal_after=9308319  spent=0c ($0.0)  count=18
  ↳ xarticles:rt-gte-100-latest:p12  bal_before=9308319  est=300c
  ↳ xarticles:rt-gte-100-latest:p12  bal_after=9308319  spent=0c ($0.0)  count=19
  ↳ xarticles:rt-gte-100-latest:p13  bal_before=9308319  est=300c
  ↳ xarticles:rt-gte-100-latest:p13  bal_after=9308319  spent=0c ($0.0)  count=18

### likes-gte-5000 [Top] x5p min_faves:5000 url:x.com/i/article since:2026-05-11 -is:retweet
  ↳ xarticles:likes-gte-5000:p0  bal_before=9308319  est=300c
  ↳ xarticles:likes-gte-5000:p0  bal_after=9308319  spent=0c ($0.0)  count=20
  ↳ xarticles:likes-gte-5000:p1  bal_before=9308319  est=300c
  ↳ xarticles:likes-gte-5000:p1  bal_after=9308319  spent=0c ($0.0)  count=16
  ↳ xarticles:likes-gte-5000:p2  bal_before=9308319  est=300c
  ↳ xarticles:likes-gte-5000:p2  bal_after=9308319  spent=0c ($0.0)  count=20
  ↳ xarticles:likes-gte-5000:p3  bal_before=9308319  est=300c
  ↳ xarticles:likes-gte-5000:p3  bal_after=9308319  spent=0c ($0.0)  count=11
  ↳ xarticles:likes-gte-5000:p4  bal_before=9308319  est=300c
  ↳ xarticles:likes-gte-5000:p4  bal_after=9308319  spent=0c ($0.0)  count=0

### likes-gte-5000-latest [Latest] x14p min_faves:5000 url:x.com/i/article since:2026-05-11 -is:retweet
  ↳ xarticles:likes-gte-5000-latest:p0  bal_before=9308319  est=300c
  ↳ xarticles:likes-gte-5000-latest:p0  bal_after=9308319  spent=0c ($0.0)  count=20
  ↳ xarticles:likes-gte-5000-latest:p1  bal_before=9308319  est=300c
  ↳ xarticles:likes-gte-5000-latest:p1  bal_after=9308319  spent=0c ($0.0)  count=20
  ↳ xarticles:likes-gte-5000-latest:p2  bal_before=9308319  est=300c
  ↳ xarticles:likes-gte-5000-latest:p2  bal_after=9308319  spent=0c ($0.0)  count=19
  ↳ xarticles:likes-gte-5000-latest:p3  bal_before=9308319  est=300c
  ↳ xarticles:likes-gte-5000-latest:p3  bal_after=9308319  spent=0c ($0.0)  count=0

### likes-gte-2000 [Top] x5p min_faves:2000 url:x.com/i/article since:2026-05-11 -is:retweet
  ↳ xarticles:likes-gte-2000:p0  bal_before=9308319  est=300c
  ↳ xarticles:likes-gte-2000:p0  bal_after=9308319  spent=0c ($0.0)  count=20
  ↳ xarticles:likes-gte-2000:p1  bal_before=9308319  est=300c
  ↳ xarticles:likes-gte-2000:p1  bal_after=9308319  spent=0c ($0.0)  count=20
  ↳ xarticles:likes-gte-2000:p2  bal_before=9308319  est=300c
  ↳ xarticles:likes-gte-2000:p2  bal_after=9304449  spent=3870c ($0.0387)  count=20
  ↳ xarticles:likes-gte-2000:p3  bal_before=9304449  est=300c
  ↳ xarticles:likes-gte-2000:p3  bal_after=9304449  spent=0c ($0.0)  count=20
  ↳ xarticles:likes-gte-2000:p4  bal_before=9304449  est=300c
  ↳ xarticles:likes-gte-2000:p4  bal_after=9304449  spent=0c ($0.0)  count=18

### likes-gte-2000-latest [Latest] x14p min_faves:2000 url:x.com/i/article since:2026-05-11 -is:retweet
  ↳ xarticles:likes-gte-2000-latest:p0  bal_before=9304449  est=300c
  ↳ xarticles:likes-gte-2000-latest:p0  bal_after=9304449  spent=0c ($0.0)  count=20
  ↳ xarticles:likes-gte-2000-latest:p1  bal_before=9304449  est=300c
  ↳ xarticles:likes-gte-2000-latest:p1  bal_after=9304449  spent=0c ($0.0)  count=20
  ↳ xarticles:likes-gte-2000-latest:p2  bal_before=9304449  est=300c
  ↳ xarticles:likes-gte-2000-latest:p2  bal_after=9304449  spent=0c ($0.0)  count=20
  ↳ xarticles:likes-gte-2000-latest:p3  bal_before=9304449  est=300c
  ↳ xarticles:likes-gte-2000-latest:p3  bal_after=9304449  spent=0c ($0.0)  count=20
  ↳ xarticles:likes-gte-2000-latest:p4  bal_before=9304449  est=300c
  ↳ xarticles:likes-gte-2000-latest:p4  bal_after=9304449  spent=0c ($0.0)  count=20
  ↳ xarticles:likes-gte-2000-latest:p5  bal_before=9304449  est=300c
  ↳ xarticles:likes-gte-2000-latest:p5  bal_after=9304449  spent=0c ($0.0)  count=19
  ↳ xarticles:likes-gte-2000-latest:p6  bal_before=9304449  est=300c
  ↳ xarticles:likes-gte-2000-latest:p6  bal_after=9304449  spent=0c ($0.0)  count=20
  ↳ xarticles:likes-gte-2000-latest:p7  bal_before=9304449  est=300c
  ↳ xarticles:likes-gte-2000-latest:p7  bal_after=9304449  spent=0c ($0.0)  count=20
  ↳ xarticles:likes-gte-2000-latest:p8  bal_before=9304449  est=300c
  ↳ xarticles:likes-gte-2000-latest:p8  bal_after=9304449  spent=0c ($0.0)  count=20
  ↳ xarticles:likes-gte-2000-latest:p9  bal_before=9304449  est=300c
  ↳ xarticles:likes-gte-2000-latest:p9  bal_after=9304449  spent=0c ($0.0)  count=20
  ↳ xarticles:likes-gte-2000-latest:p10  bal_before=9304449  est=300c
  ↳ xarticles:likes-gte-2000-latest:p10  bal_after=9304449  spent=0c ($0.0)  count=20
  ↳ xarticles:likes-gte-2000-latest:p11  bal_before=9304449  est=300c
  ↳ xarticles:likes-gte-2000-latest:p11  bal_after=9304449  spent=0c ($0.0)  count=0

### likes-gte-1000 [Top] x5p min_faves:1000 url:x.com/i/article since:2026-05-11 -is:retweet
  ↳ xarticles:likes-gte-1000:p0  bal_before=9304449  est=300c
  ↳ xarticles:likes-gte-1000:p0  bal_after=9304449  spent=0c ($0.0)  count=20
  ↳ xarticles:likes-gte-1000:p1  bal_before=9304449  est=300c
  ↳ xarticles:likes-gte-1000:p1  bal_after=9304449  spent=0c ($0.0)  count=20
  ↳ xarticles:likes-gte-1000:p2  bal_before=9304449  est=300c
  ↳ xarticles:likes-gte-1000:p2  bal_after=9299379  spent=5070c ($0.0507)  count=20
  ↳ xarticles:likes-gte-1000:p3  bal_before=9299379  est=300c
  ↳ xarticles:likes-gte-1000:p3  bal_after=9299379  spent=0c ($0.0)  count=20
  ↳ xarticles:likes-gte-1000:p4  bal_before=9299379  est=300c
  ↳ xarticles:likes-gte-1000:p4  bal_after=9299379  spent=0c ($0.0)  count=19

### likes-gte-1000-latest [Latest] x14p min_faves:1000 url:x.com/i/article since:2026-05-11 -is:retweet
  ↳ xarticles:likes-gte-1000-latest:p0  bal_before=9299379  est=300c
  ↳ xarticles:likes-gte-1000-latest:p0  bal_after=9299379  spent=0c ($0.0)  count=20
  ↳ xarticles:likes-gte-1000-latest:p1  bal_before=9299379  est=300c
  ↳ xarticles:likes-gte-1000-latest:p1  bal_after=9299379  spent=0c ($0.0)  count=20
  ↳ xarticles:likes-gte-1000-latest:p2  bal_before=9299379  est=300c
  ↳ xarticles:likes-gte-1000-latest:p2  bal_after=9299379  spent=0c ($0.0)  count=20
  ↳ xarticles:likes-gte-1000-latest:p3  bal_before=9299379  est=300c
  ↳ xarticles:likes-gte-1000-latest:p3  bal_after=9299379  spent=0c ($0.0)  count=20
  ↳ xarticles:likes-gte-1000-latest:p4  bal_before=9299379  est=300c
  ↳ xarticles:likes-gte-1000-latest:p4  bal_after=9299379  spent=0c ($0.0)  count=20
  ↳ xarticles:likes-gte-1000-latest:p5  bal_before=9299379  est=300c
  ↳ xarticles:likes-gte-1000-latest:p5  bal_after=9299379  spent=0c ($0.0)  count=20
  ↳ xarticles:likes-gte-1000-latest:p6  bal_before=9299379  est=300c
  ↳ xarticles:likes-gte-1000-latest:p6  bal_after=9299379  spent=0c ($0.0)  count=20
  ↳ xarticles:likes-gte-1000-latest:p7  bal_before=9299379  est=300c
  ↳ xarticles:likes-gte-1000-latest:p7  bal_after=9299379  spent=0c ($0.0)  count=20
  ↳ xarticles:likes-gte-1000-latest:p8  bal_before=9299379  est=300c
  ↳ xarticles:likes-gte-1000-latest:p8  bal_after=9299379  spent=0c ($0.0)  count=20
  ↳ xarticles:likes-gte-1000-latest:p9  bal_before=9299379  est=300c
  ↳ xarticles:likes-gte-1000-latest:p9  bal_after=9299379  spent=0c ($0.0)  count=20
  ↳ xarticles:likes-gte-1000-latest:p10  bal_before=9299379  est=300c
  ↳ xarticles:likes-gte-1000-latest:p10  bal_after=9299379  spent=0c ($0.0)  count=20
  ↳ xarticles:likes-gte-1000-latest:p11  bal_before=9299379  est=300c
  ↳ xarticles:likes-gte-1000-latest:p11  bal_after=9299379  spent=0c ($0.0)  count=20
  ↳ xarticles:likes-gte-1000-latest:p12  bal_before=9299379  est=300c
  ↳ xarticles:likes-gte-1000-latest:p12  bal_after=9299379  spent=0c ($0.0)  count=20
  ↳ xarticles:likes-gte-1000-latest:p13  bal_before=9299379  est=300c
  ↳ xarticles:likes-gte-1000-latest:p13  bal_after=9299379  spent=0c ($0.0)  count=19

### likes-gte-500 [Top] x5p min_faves:500 url:x.com/i/article since:2026-05-11 -is:retweet
  ↳ xarticles:likes-gte-500:p0  bal_before=9299379  est=300c
  ↳ xarticles:likes-gte-500:p0  bal_after=9294894  spent=4485c ($0.0449)  count=20
  ↳ xarticles:likes-gte-500:p1  bal_before=9294894  est=300c
  ↳ xarticles:likes-gte-500:p1  bal_after=9294894  spent=0c ($0.0)  count=20
  ↳ xarticles:likes-gte-500:p2  bal_before=9294894  est=300c
  ↳ xarticles:likes-gte-500:p2  bal_after=9294894  spent=0c ($0.0)  count=20
  ↳ xarticles:likes-gte-500:p3  bal_before=9294894  est=300c
  ↳ xarticles:likes-gte-500:p3  bal_after=9294894  spent=0c ($0.0)  count=20
  ↳ xarticles:likes-gte-500:p4  bal_before=9294894  est=300c
  ↳ xarticles:likes-gte-500:p4  bal_after=9294894  spent=0c ($0.0)  count=20

### likes-gte-500-latest [Latest] x14p min_faves:500 url:x.com/i/article since:2026-05-11 -is:retweet
  ↳ xarticles:likes-gte-500-latest:p0  bal_before=9294894  est=300c
  ↳ xarticles:likes-gte-500-latest:p0  bal_after=9294894  spent=0c ($0.0)  count=20
  ↳ xarticles:likes-gte-500-latest:p1  bal_before=9294894  est=300c
  ↳ xarticles:likes-gte-500-latest:p1  bal_after=9294894  spent=0c ($0.0)  count=20
  ↳ xarticles:likes-gte-500-latest:p2  bal_before=9294894  est=300c
  ↳ xarticles:likes-gte-500-latest:p2  bal_after=9294894  spent=0c ($0.0)  count=20
  ↳ xarticles:likes-gte-500-latest:p3  bal_before=9294894  est=300c
  ↳ xarticles:likes-gte-500-latest:p3  bal_after=9294894  spent=0c ($0.0)  count=20
  ↳ xarticles:likes-gte-500-latest:p4  bal_before=9294894  est=300c
  ↳ xarticles:likes-gte-500-latest:p4  bal_after=9294894  spent=0c ($0.0)  count=20
  ↳ xarticles:likes-gte-500-latest:p5  bal_before=9294894  est=300c
  ↳ xarticles:likes-gte-500-latest:p5  bal_after=9294894  spent=0c ($0.0)  count=20
  ↳ xarticles:likes-gte-500-latest:p6  bal_before=9294894  est=300c
  ↳ xarticles:likes-gte-500-latest:p6  bal_after=9294894  spent=0c ($0.0)  count=20
  ↳ xarticles:likes-gte-500-latest:p7  bal_before=9294894  est=300c
  ↳ xarticles:likes-gte-500-latest:p7  bal_after=9294894  spent=0c ($0.0)  count=20
  ↳ xarticles:likes-gte-500-latest:p8  bal_before=9294894  est=300c
  ↳ xarticles:likes-gte-500-latest:p8  bal_after=9294894  spent=0c ($0.0)  count=18
  ↳ xarticles:likes-gte-500-latest:p9  bal_before=9294894  est=300c
  ↳ xarticles:likes-gte-500-latest:p9  bal_after=9294894  spent=0c ($0.0)  count=20
  ↳ xarticles:likes-gte-500-latest:p10  bal_before=9294894  est=300c
  ↳ xarticles:likes-gte-500-latest:p10  bal_after=9294894  spent=0c ($0.0)  count=20
  ↳ xarticles:likes-gte-500-latest:p11  bal_before=9294894  est=300c
  ↳ xarticles:likes-gte-500-latest:p11  bal_after=9290409  spent=4485c ($0.0449)  count=20
  ↳ xarticles:likes-gte-500-latest:p12  bal_before=9290409  est=300c
  ↳ xarticles:likes-gte-500-latest:p12  bal_after=9290409  spent=0c ($0.0)  count=20
  ↳ xarticles:likes-gte-500-latest:p13  bal_before=9290409  est=300c
  ↳ xarticles:likes-gte-500-latest:p13  bal_after=9290409  spent=0c ($0.0)  count=20

### likes-gte-250 [Top] x5p min_faves:250 url:x.com/i/article since:2026-05-11 -is:retweet
  ↳ xarticles:likes-gte-250:p0  bal_before=9290409  est=300c
  ↳ xarticles:likes-gte-250:p0  bal_after=9290409  spent=0c ($0.0)  count=20
  ↳ xarticles:likes-gte-250:p1  bal_before=9290409  est=300c
  ↳ xarticles:likes-gte-250:p1  bal_after=9290409  spent=0c ($0.0)  count=20
  ↳ xarticles:likes-gte-250:p2  bal_before=9290409  est=300c
  ↳ xarticles:likes-gte-250:p2  bal_after=9290409  spent=0c ($0.0)  count=20
  ↳ xarticles:likes-gte-250:p3  bal_before=9290409  est=300c
  ↳ xarticles:likes-gte-250:p3  bal_after=9290409  spent=0c ($0.0)  count=20
  ↳ xarticles:likes-gte-250:p4  bal_before=9290409  est=300c
  ↳ xarticles:likes-gte-250:p4  bal_after=9290409  spent=0c ($0.0)  count=20

### likes-gte-250-latest [Latest] x14p min_faves:250 url:x.com/i/article since:2026-05-11 -is:retweet
  ↳ xarticles:likes-gte-250-latest:p0  bal_before=9290409  est=300c
  ↳ xarticles:likes-gte-250-latest:p0  bal_after=9286539  spent=3870c ($0.0387)  count=20
  ↳ xarticles:likes-gte-250-latest:p1  bal_before=9286539  est=300c
  ↳ xarticles:likes-gte-250-latest:p1  bal_after=9286539  spent=0c ($0.0)  count=20
  ↳ xarticles:likes-gte-250-latest:p2  bal_before=9286539  est=300c
  ↳ xarticles:likes-gte-250-latest:p2  bal_after=9286539  spent=0c ($0.0)  count=20
  ↳ xarticles:likes-gte-250-latest:p3  bal_before=9286539  est=300c
  ↳ xarticles:likes-gte-250-latest:p3  bal_after=9286539  spent=0c ($0.0)  count=20
  ↳ xarticles:likes-gte-250-latest:p4  bal_before=9286539  est=300c
  ↳ xarticles:likes-gte-250-latest:p4  bal_after=9286539  spent=0c ($0.0)  count=20
  ↳ xarticles:likes-gte-250-latest:p5  bal_before=9286539  est=300c
  ↳ xarticles:likes-gte-250-latest:p5  bal_after=9286539  spent=0c ($0.0)  count=20
  ↳ xarticles:likes-gte-250-latest:p6  bal_before=9286539  est=300c
  ↳ xarticles:likes-gte-250-latest:p6  bal_after=9286539  spent=0c ($0.0)  count=20
  ↳ xarticles:likes-gte-250-latest:p7  bal_before=9286539  est=300c
  ↳ xarticles:likes-gte-250-latest:p7  bal_after=9286539  spent=0c ($0.0)  count=20
  ↳ xarticles:likes-gte-250-latest:p8  bal_before=9286539  est=300c
  ↳ xarticles:likes-gte-250-latest:p8  bal_after=9286539  spent=0c ($0.0)  count=20
  ↳ xarticles:likes-gte-250-latest:p9  bal_before=9286539  est=300c
  ↳ xarticles:likes-gte-250-latest:p9  bal_after=9286539  spent=0c ($0.0)  count=20
  ↳ xarticles:likes-gte-250-latest:p10  bal_before=9286539  est=300c
  ↳ xarticles:likes-gte-250-latest:p10  bal_after=9286539  spent=0c ($0.0)  count=20
  ↳ xarticles:likes-gte-250-latest:p11  bal_before=9286539  est=300c
  ↳ xarticles:likes-gte-250-latest:p11  bal_after=9286539  spent=0c ($0.0)  count=20
  ↳ xarticles:likes-gte-250-latest:p12  bal_before=9286539  est=300c
  ↳ xarticles:likes-gte-250-latest:p12  bal_after=9286539  spent=0c ($0.0)  count=20
  ↳ xarticles:likes-gte-250-latest:p13  bal_before=9286539  est=300c
  ↳ xarticles:likes-gte-250-latest:p13  bal_after=9286539  spent=0c ($0.0)  count=20

### likes-gte-100 [Top] x5p min_faves:100 url:x.com/i/article since:2026-05-11 -is:retweet
  ↳ xarticles:likes-gte-100:p0  bal_before=9286539  est=300c
  ↳ xarticles:likes-gte-100:p0  bal_after=9282939  spent=3600c ($0.036)  count=20
  ↳ xarticles:likes-gte-100:p1  bal_before=9282939  est=300c
  ↳ xarticles:likes-gte-100:p1  bal_after=9282939  spent=0c ($0.0)  count=20
  ↳ xarticles:likes-gte-100:p2  bal_before=9282939  est=300c
  ↳ xarticles:likes-gte-100:p2  bal_after=9282939  spent=0c ($0.0)  count=20
  ↳ xarticles:likes-gte-100:p3  bal_before=9282939  est=300c
  ↳ xarticles:likes-gte-100:p3  bal_after=9282939  spent=0c ($0.0)  count=20
  ↳ xarticles:likes-gte-100:p4  bal_before=9282939  est=300c
  ↳ xarticles:likes-gte-100:p4  bal_after=9282939  spent=0c ($0.0)  count=20

### likes-gte-100-latest [Latest] x14p min_faves:100 url:x.com/i/article since:2026-05-11 -is:retweet
  ↳ xarticles:likes-gte-100-latest:p0  bal_before=9282939  est=300c
  ↳ xarticles:likes-gte-100-latest:p0  bal_after=9282939  spent=0c ($0.0)  count=20
  ↳ xarticles:likes-gte-100-latest:p1  bal_before=9282939  est=300c
  ↳ xarticles:likes-gte-100-latest:p1  bal_after=9282939  spent=0c ($0.0)  count=19
  ↳ xarticles:likes-gte-100-latest:p2  bal_before=9282939  est=300c
  ↳ xarticles:likes-gte-100-latest:p2  bal_after=9282939  spent=0c ($0.0)  count=19
  ↳ xarticles:likes-gte-100-latest:p3  bal_before=9282939  est=300c
  ↳ xarticles:likes-gte-100-latest:p3  bal_after=9282939  spent=0c ($0.0)  count=20
  ↳ xarticles:likes-gte-100-latest:p4  bal_before=9282939  est=300c
  ↳ xarticles:likes-gte-100-latest:p4  bal_after=9282939  spent=0c ($0.0)  count=20
  ↳ xarticles:likes-gte-100-latest:p5  bal_before=9282939  est=300c
  ↳ xarticles:likes-gte-100-latest:p5  bal_after=9282939  spent=0c ($0.0)  count=20
  ↳ xarticles:likes-gte-100-latest:p6  bal_before=9282939  est=300c
  ↳ xarticles:likes-gte-100-latest:p6  bal_after=9282939  spent=0c ($0.0)  count=19
  ↳ xarticles:likes-gte-100-latest:p7  bal_before=9282939  est=300c
  ↳ xarticles:likes-gte-100-latest:p7  bal_after=9282939  spent=0c ($0.0)  count=20
  ↳ xarticles:likes-gte-100-latest:p8  bal_before=9282939  est=300c
  ↳ xarticles:likes-gte-100-latest:p8  bal_after=9282939  spent=0c ($0.0)  count=20
  ↳ xarticles:likes-gte-100-latest:p9  bal_before=9282939  est=300c
  ↳ xarticles:likes-gte-100-latest:p9  bal_after=9282939  spent=0c ($0.0)  count=20
  ↳ xarticles:likes-gte-100-latest:p10  bal_before=9282939  est=300c
  ↳ xarticles:likes-gte-100-latest:p10  bal_after=9282939  spent=0c ($0.0)  count=20
  ↳ xarticles:likes-gte-100-latest:p11  bal_before=9282939  est=300c
  ↳ xarticles:likes-gte-100-latest:p11  bal_after=9282939  spent=0c ($0.0)  count=20
  ↳ xarticles:likes-gte-100-latest:p12  bal_before=9282939  est=300c
  ↳ xarticles:likes-gte-100-latest:p12  bal_after=9282939  spent=0c ($0.0)  count=20
  ↳ xarticles:likes-gte-100-latest:p13  bal_before=9282939  est=300c
  ↳ xarticles:likes-gte-100-latest:p13  bal_after=9278784  spent=4155c ($0.0415)  count=20

### likes-gte-50 [Top] x5p min_faves:50 url:x.com/i/article since:2026-05-11 -is:retweet
  ↳ xarticles:likes-gte-50:p0  bal_before=9278784  est=300c
  ↳ xarticles:likes-gte-50:p0  bal_after=9278784  spent=0c ($0.0)  count=20
  ↳ xarticles:likes-gte-50:p1  bal_before=9278784  est=300c
  ↳ xarticles:likes-gte-50:p1  bal_after=9278784  spent=0c ($0.0)  count=20
  ↳ xarticles:likes-gte-50:p2  bal_before=9278784  est=300c
  ↳ xarticles:likes-gte-50:p2  bal_after=9278784  spent=0c ($0.0)  count=20
  ↳ xarticles:likes-gte-50:p3  bal_before=9278784  est=300c
  ↳ xarticles:likes-gte-50:p3  bal_after=9278784  spent=0c ($0.0)  count=20
  ↳ xarticles:likes-gte-50:p4  bal_before=9278784  est=300c
  ↳ xarticles:likes-gte-50:p4  bal_after=9278784  spent=0c ($0.0)  count=20

### likes-gte-25 [Top] x5p min_faves:25 url:x.com/i/article since:2026-05-11 -is:retweet
  ↳ xarticles:likes-gte-25:p0  bal_before=9278784  est=300c
  ↳ xarticles:likes-gte-25:p0  bal_after=9278784  spent=0c ($0.0)  count=20
  ↳ xarticles:likes-gte-25:p1  bal_before=9278784  est=300c
  ↳ xarticles:likes-gte-25:p1  bal_after=9278784  spent=0c ($0.0)  count=20
  ↳ xarticles:likes-gte-25:p2  bal_before=9278784  est=300c
  ↳ xarticles:likes-gte-25:p2  bal_after=9275784  spent=3000c ($0.03)  count=20
  ↳ xarticles:likes-gte-25:p3  bal_before=9275784  est=300c
  ↳ xarticles:likes-gte-25:p3  bal_after=9275784  spent=0c ($0.0)  count=20
  ↳ xarticles:likes-gte-25:p4  bal_before=9275784  est=300c
  ↳ xarticles:likes-gte-25:p4  bal_after=9275784  spent=0c ($0.0)  count=20

### likes-gte-10 [Top] x5p min_faves:10 url:x.com/i/article since:2026-05-11 -is:retweet
  ↳ xarticles:likes-gte-10:p0  bal_before=9275784  est=300c
  ↳ xarticles:likes-gte-10:p0  bal_after=9275784  spent=0c ($0.0)  count=19
  ↳ xarticles:likes-gte-10:p1  bal_before=9275784  est=300c
  ↳ xarticles:likes-gte-10:p1  bal_after=9275784  spent=0c ($0.0)  count=20
  ↳ xarticles:likes-gte-10:p2  bal_before=9275784  est=300c
  ↳ xarticles:likes-gte-10:p2  bal_after=9275784  spent=0c ($0.0)  count=19
  ↳ xarticles:likes-gte-10:p3  bal_before=9275784  est=300c
  ↳ xarticles:likes-gte-10:p3  bal_after=9275784  spent=0c ($0.0)  count=20
  ↳ xarticles:likes-gte-10:p4  bal_before=9275784  est=300c
  ↳ xarticles:likes-gte-10:p4  bal_after=9275784  spent=0c ($0.0)  count=20

### likes-gte-5 [Top] x5p min_faves:5 url:x.com/i/article since:2026-05-11 -is:retweet
  ↳ xarticles:likes-gte-5:p0  bal_before=9275784  est=300c
  ↳ xarticles:likes-gte-5:p0  bal_after=9275784  spent=0c ($0.0)  count=20
  ↳ xarticles:likes-gte-5:p1  bal_before=9275784  est=300c
  ↳ xarticles:likes-gte-5:p1  bal_after=9272514  spent=3270c ($0.0327)  count=20
  ↳ xarticles:likes-gte-5:p2  bal_before=9272514  est=300c
  ↳ xarticles:likes-gte-5:p2  bal_after=9272514  spent=0c ($0.0)  count=20
  ↳ xarticles:likes-gte-5:p3  bal_before=9272514  est=300c
  ↳ xarticles:likes-gte-5:p3  bal_after=9272514  spent=0c ($0.0)  count=20
  ↳ xarticles:likes-gte-5:p4  bal_before=9272514  est=300c
  ↳ xarticles:likes-gte-5:p4  bal_after=9272514  spent=0c ($0.0)  count=20

### likes-gte-2 [Top] x5p min_faves:2 url:x.com/i/article since:2026-05-11 -is:retweet
  ↳ xarticles:likes-gte-2:p0  bal_before=9272514  est=300c
  ↳ xarticles:likes-gte-2:p0  bal_after=9272514  spent=0c ($0.0)  count=20
  ↳ xarticles:likes-gte-2:p1  bal_before=9272514  est=300c
  ↳ xarticles:likes-gte-2:p1  bal_after=9272514  spent=0c ($0.0)  count=20
  ↳ xarticles:likes-gte-2:p2  bal_before=9272514  est=300c
  ↳ xarticles:likes-gte-2:p2  bal_after=9272514  spent=0c ($0.0)  count=20
  ↳ xarticles:likes-gte-2:p3  bal_before=9272514  est=300c
  ↳ xarticles:likes-gte-2:p3  bal_after=9272514  spent=0c ($0.0)  count=20
  ↳ xarticles:likes-gte-2:p4  bal_before=9272514  est=300c
  ↳ xarticles:likes-gte-2:p4  bal_after=9272514  spent=0c ($0.0)  count=20

### likes-gte-1 [Top] x5p min_faves:1 url:x.com/i/article since:2026-05-11 -is:retweet
  ↳ xarticles:likes-gte-1:p0  bal_before=9272514  est=300c
  ↳ xarticles:likes-gte-1:p0  bal_after=9272514  spent=0c ($0.0)  count=19
  ↳ xarticles:likes-gte-1:p1  bal_before=9272514  est=300c
  ↳ xarticles:likes-gte-1:p1  bal_after=9272514  spent=0c ($0.0)  count=20
  ↳ xarticles:likes-gte-1:p2  bal_before=9272514  est=300c
  ↳ xarticles:likes-gte-1:p2  bal_after=9269514  spent=3000c ($0.03)  count=20
  ↳ xarticles:likes-gte-1:p3  bal_before=9269514  est=300c
  ↳ xarticles:likes-gte-1:p3  bal_after=9269514  spent=0c ($0.0)  count=20
  ↳ xarticles:likes-gte-1:p4  bal_before=9269514  est=300c
  ↳ xarticles:likes-gte-1:p4  bal_after=9269514  spent=0c ($0.0)  count=20

### replies-gte-2000 [Top] x5p min_replies:2000 url:x.com/i/article since:2026-05-11 -is:retweet
  ↳ xarticles:replies-gte-2000:p0  bal_before=9269514  est=300c
  ↳ xarticles:replies-gte-2000:p0  bal_after=9269514  spent=0c ($0.0)  count=20
  ↳ xarticles:replies-gte-2000:p1  bal_before=9269514  est=300c
  ↳ xarticles:replies-gte-2000:p1  bal_after=9269514  spent=0c ($0.0)  count=20
  ↳ xarticles:replies-gte-2000:p2  bal_before=9269514  est=300c
  ↳ xarticles:replies-gte-2000:p2  bal_after=9269514  spent=0c ($0.0)  count=20
  ↳ xarticles:replies-gte-2000:p3  bal_before=9269514  est=300c
  ↳ xarticles:replies-gte-2000:p3  bal_after=9269514  spent=0c ($0.0)  count=2
  ↳ xarticles:replies-gte-2000:p4  bal_before=9269514  est=300c
  ↳ xarticles:replies-gte-2000:p4  bal_after=9269514  spent=0c ($0.0)  count=10

### replies-gte-500 [Top] x5p min_replies:500 url:x.com/i/article since:2026-05-11 -is:retweet
  ↳ xarticles:replies-gte-500:p0  bal_before=9269514  est=300c
  ↳ xarticles:replies-gte-500:p0  bal_after=9269514  spent=0c ($0.0)  count=20
  ↳ xarticles:replies-gte-500:p1  bal_before=9269514  est=300c
  ↳ xarticles:replies-gte-500:p1  bal_after=9269514  spent=0c ($0.0)  count=19
  ↳ xarticles:replies-gte-500:p2  bal_before=9269514  est=300c
  ↳ xarticles:replies-gte-500:p2  bal_after=9269514  spent=0c ($0.0)  count=20
  ↳ xarticles:replies-gte-500:p3  bal_before=9269514  est=300c
  ↳ xarticles:replies-gte-500:p3  bal_after=9269514  spent=0c ($0.0)  count=20
  ↳ xarticles:replies-gte-500:p4  bal_before=9269514  est=300c
  ↳ xarticles:replies-gte-500:p4  bal_after=9269514  spent=0c ($0.0)  count=20

### replies-gte-100 [Top] x5p min_replies:100 url:x.com/i/article since:2026-05-11 -is:retweet
  ↳ xarticles:replies-gte-100:p0  bal_before=9269514  est=300c
  ↳ xarticles:replies-gte-100:p0  bal_after=9266064  spent=3450c ($0.0345)  count=20
  ↳ xarticles:replies-gte-100:p1  bal_before=9266064  est=300c
  ↳ xarticles:replies-gte-100:p1  bal_after=9266064  spent=0c ($0.0)  count=20
  ↳ xarticles:replies-gte-100:p2  bal_before=9266064  est=300c
  ↳ xarticles:replies-gte-100:p2  bal_after=9266064  spent=0c ($0.0)  count=20
  ↳ xarticles:replies-gte-100:p3  bal_before=9266064  est=300c
  ↳ xarticles:replies-gte-100:p3  bal_after=9266064  spent=0c ($0.0)  count=20
  ↳ xarticles:replies-gte-100:p4  bal_before=9266064  est=300c
  ↳ xarticles:replies-gte-100:p4  bal_after=9266064  spent=0c ($0.0)  count=20

### replies-gte-25 [Top] x5p min_replies:25 url:x.com/i/article since:2026-05-11 -is:retweet
  ↳ xarticles:replies-gte-25:p0  bal_before=9266064  est=300c
  ↳ xarticles:replies-gte-25:p0  bal_after=9266064  spent=0c ($0.0)  count=20
  ↳ xarticles:replies-gte-25:p1  bal_before=9266064  est=300c
  ↳ xarticles:replies-gte-25:p1  bal_after=9266064  spent=0c ($0.0)  count=20
  ↳ xarticles:replies-gte-25:p2  bal_before=9266064  est=300c
  ↳ xarticles:replies-gte-25:p2  bal_after=9266064  spent=0c ($0.0)  count=20
  ↳ xarticles:replies-gte-25:p3  bal_before=9266064  est=300c
  ↳ xarticles:replies-gte-25:p3  bal_after=9266064  spent=0c ($0.0)  count=20
  ↳ xarticles:replies-gte-25:p4  bal_before=9266064  est=300c
  ↳ xarticles:replies-gte-25:p4  bal_after=9266064  spent=0c ($0.0)  count=20

### broad-native-top [Top] x5p (AI OR agent OR agents OR LLM) (trading OR trader OR quant OR market OR markets OR portfolio OR crypto OR DeFi OR perp OR prediction) url:x.com/i/article since:2026-05-11 -is:retweet
  ↳ xarticles:broad-native-top:p0  bal_before=9266064  est=300c
  ↳ xarticles:broad-native-top:p0  bal_after=9262464  spent=3600c ($0.036)  count=20
  ↳ xarticles:broad-native-top:p1  bal_before=9262464  est=300c
  ↳ xarticles:broad-native-top:p1  bal_after=9262464  spent=0c ($0.0)  count=19
  ↳ xarticles:broad-native-top:p2  bal_before=9262464  est=300c
  ↳ xarticles:broad-native-top:p2  bal_after=9262464  spent=0c ($0.0)  count=20
  ↳ xarticles:broad-native-top:p3  bal_before=9262464  est=300c
  ↳ xarticles:broad-native-top:p3  bal_after=9262464  spent=0c ($0.0)  count=19
  ↳ xarticles:broad-native-top:p4  bal_before=9262464  est=300c
  ↳ xarticles:broad-native-top:p4  bal_after=9262464  spent=0c ($0.0)  count=20

### keyword-native-top [Top] x5p (AI OR agent OR agents OR LLM) (trading OR trader OR quant OR market OR markets OR portfolio OR crypto OR DeFi OR perp OR prediction) url:x.com/i/article since:2026-05-11 -is:retweet min_faves:5
  ↳ xarticles:keyword-native-top:p0  bal_before=9262464  est=300c
  ↳ xarticles:keyword-native-top:p0  bal_after=9262464  spent=0c ($0.0)  count=20
  ↳ xarticles:keyword-native-top:p1  bal_before=9262464  est=300c
  ↳ xarticles:keyword-native-top:p1  bal_after=9261294  spent=1170c ($0.0117)  count=20
  ↳ xarticles:keyword-native-top:p2  bal_before=9261294  est=300c
  ↳ xarticles:keyword-native-top:p2  bal_after=9261294  spent=0c ($0.0)  count=20
  ↳ xarticles:keyword-native-top:p3  bal_before=9261294  est=300c
  ↳ xarticles:keyword-native-top:p3  bal_after=9261294  spent=0c ($0.0)  count=20
  ↳ xarticles:keyword-native-top:p4  bal_before=9261294  est=300c
  ↳ xarticles:keyword-native-top:p4  bal_after=9261294  spent=0c ($0.0)  count=20

### keyword-native-latest [Latest] x14p (AI OR agent OR agents OR LLM) (trading OR trader OR quant OR market OR markets OR portfolio OR crypto OR DeFi OR perp OR prediction) url:x.com/i/article since:2026-05-11 -is:retweet
  ↳ xarticles:keyword-native-latest:p0  bal_before=9261294  est=300c
  ↳ xarticles:keyword-native-latest:p0  bal_after=9261294  spent=0c ($0.0)  count=20
  ↳ xarticles:keyword-native-latest:p1  bal_before=9261294  est=300c
  ↳ xarticles:keyword-native-latest:p1  bal_after=9261294  spent=0c ($0.0)  count=20
  ↳ xarticles:keyword-native-latest:p2  bal_before=9261294  est=300c
  ↳ xarticles:keyword-native-latest:p2  bal_after=9261294  spent=0c ($0.0)  count=20
  ↳ xarticles:keyword-native-latest:p3  bal_before=9261294  est=300c
  ↳ xarticles:keyword-native-latest:p3  bal_after=9261294  spent=0c ($0.0)  count=20
  ↳ xarticles:keyword-native-latest:p4  bal_before=9261294  est=300c
  ↳ xarticles:keyword-native-latest:p4  bal_after=9261294  spent=0c ($0.0)  count=20
  ↳ xarticles:keyword-native-latest:p5  bal_before=9261294  est=300c
  ↳ xarticles:keyword-native-latest:p5  bal_after=9261294  spent=0c ($0.0)  count=20
  ↳ xarticles:keyword-native-latest:p6  bal_before=9261294  est=300c
  ↳ xarticles:keyword-native-latest:p6  bal_after=9261294  spent=0c ($0.0)  count=20
  ↳ xarticles:keyword-native-latest:p7  bal_before=9261294  est=300c
  ↳ xarticles:keyword-native-latest:p7  bal_after=9261294  spent=0c ($0.0)  count=20
  ↳ xarticles:keyword-native-latest:p8  bal_before=9261294  est=300c
  ↳ xarticles:keyword-native-latest:p8  bal_after=9261294  spent=0c ($0.0)  count=20
  ↳ xarticles:keyword-native-latest:p9  bal_before=9261294  est=300c
  ↳ xarticles:keyword-native-latest:p9  bal_after=9261294  spent=0c ($0.0)  count=20
  ↳ xarticles:keyword-native-latest:p10  bal_before=9261294  est=300c
  ↳ xarticles:keyword-native-latest:p10  bal_after=9256794  spent=4500c ($0.045)  count=20
  ↳ xarticles:keyword-native-latest:p11  bal_before=9256794  est=300c
  ↳ xarticles:keyword-native-latest:p11  bal_after=9256794  spent=0c ($0.0)  count=20
  ↳ xarticles:keyword-native-latest:p12  bal_before=9256794  est=300c
  ↳ xarticles:keyword-native-latest:p12  bal_after=9256794  spent=0c ($0.0)  count=20
  ↳ xarticles:keyword-native-latest:p13  bal_before=9256794  est=300c
  ↳ xarticles:keyword-native-latest:p13  bal_after=9256794  spent=0c ($0.0)  count=19
  ↳ xarticles:author-baseline:SoSoValueCrypto  bal_before=9256794  est=300c
  ↳ xarticles:author-baseline:SoSoValueCrypto  bal_after=9256794  spent=0c ($0.0)  count=20
  ↳ xarticles:author-baseline:addyosmani  bal_before=9256794  est=300c
  ↳ xarticles:author-baseline:addyosmani  bal_after=9256794  spent=0c ($0.0)  count=20
  ↳ xarticles:author-baseline:ActionModelAI  bal_before=9256794  est=300c
  ↳ xarticles:author-baseline:ActionModelAI  bal_after=9256794  spent=0c ($0.0)  count=20
  ↳ xarticles:author-baseline:base  bal_before=9256794  est=300c
  ↳ xarticles:author-baseline:base  bal_after=9256794  spent=0c ($0.0)  count=20
  ↳ xarticles:author-baseline:168X_Fortune  bal_before=9256794  est=300c
  ↳ xarticles:author-baseline:168X_Fortune  bal_after=9256794  spent=0c ($0.0)  count=20
  ↳ xarticles:author-baseline:MossAI_CN  bal_before=9256794  est=300c
  ↳ xarticles:author-baseline:MossAI_CN  bal_after=9256794  spent=0c ($0.0)  count=20
  ↳ xarticles:author-baseline:Travix_fi  bal_before=9256794  est=300c
  ↳ xarticles:author-baseline:Travix_fi  bal_after=9256794  spent=0c ($0.0)  count=20
  ↳ xarticles:author-baseline:OptimaiNetwork  bal_before=9256794  est=300c
  ↳ xarticles:author-baseline:OptimaiNetwork  bal_after=9256794  spent=0c ($0.0)  count=20
  ↳ xarticles:author-baseline:KSimback  bal_before=9256794  est=300c
  ↳ xarticles:author-baseline:KSimback  bal_after=9256794  spent=0c ($0.0)  count=20
  ↳ xarticles:author-baseline:saso_capital  bal_before=9256794  est=300c
  ↳ xarticles:author-baseline:saso_capital  bal_after=9256794  spent=0c ($0.0)  count=20
  ↳ xarticles:author-baseline:mert  bal_before=9256794  est=300c
  ↳ xarticles:author-baseline:mert  bal_after=9252909  spent=3885c ($0.0389)  count=20
  ↳ xarticles:author-baseline:initc3org  bal_before=9252909  est=300c
  ↳ xarticles:author-baseline:initc3org  bal_after=9252909  spent=0c ($0.0)  count=20
  ↳ xarticles:author-baseline:thecryptoskanda  bal_before=9252909  est=300c
  ↳ xarticles:author-baseline:thecryptoskanda  bal_after=9252909  spent=0c ($0.0)  count=20
  ↳ xarticles:author-baseline:MossAI_Official  bal_before=9252909  est=300c
  ↳ xarticles:author-baseline:MossAI_Official  bal_after=9252909  spent=0c ($0.0)  count=20
  ↳ xarticles:author-baseline:inference_labs  bal_before=9252909  est=300c
  ↳ xarticles:author-baseline:inference_labs  bal_after=9252909  spent=0c ($0.0)  count=20
  ↳ xarticles:author-baseline:zodchiii  bal_before=9252909  est=300c
  ↳ xarticles:author-baseline:zodchiii  bal_after=9252909  spent=0c ($0.0)  count=20
  ↳ xarticles:author-baseline:NeoSoulAI  bal_before=9252909  est=300c
  ↳ xarticles:author-baseline:NeoSoulAI  bal_after=9252909  spent=0c ($0.0)  count=20
  ↳ xarticles:author-baseline:NEARProtocol  bal_before=9252909  est=300c
  ↳ xarticles:author-baseline:NEARProtocol  bal_after=9252909  spent=0c ($0.0)  count=20
  ↳ xarticles:author-baseline:openservai  bal_before=9252909  est=300c
  ↳ xarticles:author-baseline:openservai  bal_after=9252909  spent=0c ($0.0)  count=20
  ↳ xarticles:author-baseline:virtuals_io  bal_before=9252909  est=300c
  ↳ xarticles:author-baseline:virtuals_io  bal_after=9252909  spent=0c ($0.0)  count=20
  ↳ xarticles:author-baseline:ProprXYZ  bal_before=9252909  est=300c
  ↳ xarticles:author-baseline:ProprXYZ  bal_after=9252909  spent=0c ($0.0)  count=20
  ↳ xarticles:author-baseline:Defi_Warhol  bal_before=9252909  est=300c
  ↳ xarticles:author-baseline:Defi_Warhol  bal_after=9249309  spent=3600c ($0.036)  count=20
  ↳ xarticles:author-baseline:EMEBOK_  bal_before=9249309  est=300c
  ↳ xarticles:author-baseline:EMEBOK_  bal_after=9249309  spent=0c ($0.0)  count=20
  ↳ xarticles:author-baseline:soicfinance  bal_before=9249309  est=300c
  ↳ xarticles:author-baseline:soicfinance  bal_after=9249309  spent=0c ($0.0)  count=20
  ↳ xarticles:author-baseline:Velvet_Capital  bal_before=9249309  est=300c
  ↳ xarticles:author-baseline:Velvet_Capital  bal_after=9249309  spent=0c ($0.0)  count=20
  ↳ xarticles:author-baseline:DamiDefi  bal_before=9249309  est=300c
  ↳ xarticles:author-baseline:DamiDefi  bal_after=9249309  spent=0c ($0.0)  count=20
  ↳ xarticles:author-baseline:Rukkssss__  bal_before=9249309  est=300c
  ↳ xarticles:author-baseline:Rukkssss__  bal_after=9249309  spent=0c ($0.0)  count=20
  ↳ xarticles:author-baseline:Bybit_Official  bal_before=9249309  est=300c
  ↳ xarticles:author-baseline:Bybit_Official  bal_after=9249309  spent=0c ($0.0)  count=20
  ↳ xarticles:author-baseline:0xCristal  bal_before=9249309  est=300c
  ↳ xarticles:author-baseline:0xCristal  bal_after=9249309  spent=0c ($0.0)  count=20
  ↳ xarticles:author-baseline:ThematicTrader  bal_before=9249309  est=300c
  ↳ xarticles:author-baseline:ThematicTrader  bal_after=9249309  spent=0c ($0.0)  count=20
  ↳ xarticles:author-baseline:wintermute_t  bal_before=9249309  est=300c
  ↳ xarticles:author-baseline:wintermute_t  bal_after=9249309  spent=0c ($0.0)  count=20
  ↳ xarticles:author-baseline:NuttyCLD  bal_before=9249309  est=300c
  ↳ xarticles:author-baseline:NuttyCLD  bal_after=9249309  spent=0c ($0.0)  count=20
  ↳ xarticles:author-baseline:alex_atoms  bal_before=9249309  est=300c
  ↳ xarticles:author-baseline:alex_atoms  bal_after=9249309  spent=0c ($0.0)  count=20
  ↳ xarticles:author-baseline:FirepanHQ  bal_before=9249309  est=300c
  ↳ xarticles:author-baseline:FirepanHQ  bal_after=9249309  spent=0c ($0.0)  count=20
  ↳ xarticles:author-baseline:TheValueist  bal_before=9249309  est=300c
  ↳ xarticles:author-baseline:TheValueist  bal_after=9249309  spent=0c ($0.0)  count=20
  ↳ xarticles:author-baseline:TPN_Labs  bal_before=9249309  est=300c
  ↳ xarticles:author-baseline:TPN_Labs  bal_after=9244809  spent=4500c ($0.045)  count=20
  ↳ xarticles:author-baseline:Bancor  bal_before=9244809  est=300c
  ↳ xarticles:author-baseline:Bancor  bal_after=9244809  spent=0c ($0.0)  count=20
  ↳ xarticles:author-baseline:Bancor  bal_before=9244809  est=300c
  ↳ xarticles:author-baseline:Bancor  bal_after=9244809  spent=0c ($0.0)  count=20
  ↳ xarticles:author-baseline:ARKInvest  bal_before=9244809  est=300c
  ↳ xarticles:author-baseline:ARKInvest  bal_after=9244809  spent=0c ($0.0)  count=20
  ↳ xarticles:author-baseline:MattGibsonMusic  bal_before=9244809  est=300c
  ↳ xarticles:author-baseline:MattGibsonMusic  bal_after=9244809  spent=0c ($0.0)  count=20
  ↳ xarticles:author-baseline:Shekel_Agentic  bal_before=9244809  est=300c
  ↳ xarticles:author-baseline:Shekel_Agentic  bal_after=9244809  spent=0c ($0.0)  count=20
  ↳ xarticles:author-baseline:0xGeckoRails  bal_before=9244809  est=300c
  ↳ xarticles:author-baseline:0xGeckoRails  bal_after=9244809  spent=0c ($0.0)  count=16
  ↳ xarticles:author-baseline:gudanglifehack  bal_before=9244809  est=300c
  ↳ xarticles:author-baseline:gudanglifehack  bal_after=9244809  spent=0c ($0.0)  count=20
  ↳ xarticles:author-baseline:BessemerVP  bal_before=9244809  est=300c
  ↳ xarticles:author-baseline:BessemerVP  bal_after=9244809  spent=0c ($0.0)  count=20
  ↳ xarticles:author-baseline:markitecht  bal_before=9244809  est=300c
  ↳ xarticles:author-baseline:markitecht  bal_after=9244809  spent=0c ($0.0)  count=20
  ↳ xarticles:author-baseline:memely  bal_before=9244809  est=300c
  ↳ xarticles:author-baseline:memely  bal_after=9244809  spent=0c ($0.0)  count=20
  ↳ xarticles:author-baseline:CaesarJulius0  bal_before=9244809  est=300c
  ↳ xarticles:author-baseline:CaesarJulius0  bal_after=9244809  spent=0c ($0.0)  count=20
  ↳ xarticles:author-baseline:Crypto_Briefing  bal_before=9244809  est=300c
  ↳ xarticles:author-baseline:Crypto_Briefing  bal_after=9241869  spent=2940c ($0.0294)  count=20
  ↳ xarticles:author-baseline:Early_Riders  bal_before=9241869  est=300c
  ↳ xarticles:author-baseline:Early_Riders  bal_after=9241869  spent=0c ($0.0)  count=20
  ↳ xarticles:author-baseline:NameClubDomains  bal_before=9241869  est=300c
  ↳ xarticles:author-baseline:NameClubDomains  bal_after=9241869  spent=0c ($0.0)  count=20
  ↳ xarticles:author-baseline:Alphadek_xyz  bal_before=9241869  est=300c
  ↳ xarticles:author-baseline:Alphadek_xyz  bal_after=9241869  spent=0c ($0.0)  count=6
  ↳ xarticles:author-baseline:Maco_1602  bal_before=9241869  est=300c
  ↳ xarticles:author-baseline:Maco_1602  bal_after=9241869  spent=0c ($0.0)  count=20
  ↳ xarticles:author-baseline:coin_gabbar_  bal_before=9241869  est=300c
  ↳ xarticles:author-baseline:coin_gabbar_  bal_after=9241869  spent=0c ($0.0)  count=20
  ↳ xarticles:author-baseline:LifeLessonsAcad  bal_before=9241869  est=300c
  ↳ xarticles:author-baseline:LifeLessonsAcad  bal_after=9241869  spent=0c ($0.0)  count=20
  ↳ xarticles:author-baseline:BbqGio  bal_before=9241869  est=300c
  ↳ xarticles:author-baseline:BbqGio  bal_after=9241869  spent=0c ($0.0)  count=20
  ↳ xarticles:author-baseline:StokPix  bal_before=9241869  est=300c
  ↳ xarticles:author-baseline:StokPix  bal_after=9241869  spent=0c ($0.0)  count=20
  ↳ xarticles:author-baseline:aixterminal_  bal_before=9241869  est=300c
  ↳ xarticles:author-baseline:aixterminal_  bal_after=9241869  spent=0c ($0.0)  count=20
  ↳ xarticles:author-baseline:DomasNaujienos  bal_before=9241869  est=300c
  ↳ xarticles:author-baseline:DomasNaujienos  bal_after=9241869  spent=0c ($0.0)  count=3
  ↳ xarticles:author-baseline:RZalutynski  bal_before=9241869  est=300c
  ↳ xarticles:author-baseline:RZalutynski  bal_after=9241869  spent=0c ($0.0)  count=19
  ↳ xarticles:author-baseline:InvezzPortal  bal_before=9241869  est=300c
  ↳ xarticles:author-baseline:InvezzPortal  bal_after=9241869  spent=0c ($0.0)  count=20
  ↳ xarticles:author-baseline:AdValoremGP  bal_before=9241869  est=300c
  ↳ xarticles:author-baseline:AdValoremGP  bal_after=9241869  spent=0c ($0.0)  count=20
  ↳ xarticles:author-baseline:kevinwardnow  bal_before=9241869  est=300c
  ↳ xarticles:author-baseline:kevinwardnow  bal_after=9237549  spent=4320c ($0.0432)  count=20
{
  "date": "2026-06-09",
  "niche": "trading-ai-30d",
  "out_dir": "/Users/maxguillabert/Downloads/index/docs/x-targeting/x_articles/2026-06-09/trading-ai-30d",
  "tweets": 4296,
  "native_x_articles": 62,
  "top": {
    "tweet_id": "2059165377402486890",
    "tweet_url": "https://x.com/MossAI_CN/status/2059165377402486890",
    "article_url": "https://x.com/i/article/2059162867828711425",
    "title": "用 Codex 撸出 24/7 交易的 Trading Agent",
    "preview_text": "这两个月中文圈被 Codex 刷屏，但几乎所有人都在用它做同一件事：写代码。\n这篇教你一个更猛的用法。用 Codex 撸一个 24 小时自己在 Hyperliquid 上跑的 Trading Agent。",
    "cover_media_img_url": "https://pbs.twimg.com/media/HJOd3SsaYAAnpyp.jpg",
    "author": "MossAI_CN",
    "author_name": "MOSS 中文",
    "author_followers": 1548,
    "created_at": "Tue May 26 06:50:58 +0000 2026",
    "likes": 671,
    "retweets": 205,
    "replies": 46,
    "quotes": 10,
    "bookmarks": 1215,
    "views": 151984,
    "query_label": "rt-gte-200-latest",
    "engagement": 2147,
    "weighted_engagement": 2362,
    "engagement_per_1k_views": 14.126,
    "score": 2412.6613333333335,
    "author_avg_views_last10": 1403.7,
    "author_avg_views_min_age_hours": 4,
    "views_per_1k_followers": 98180.879,
    "views_vs_author_avg": 108.274,
    "outlier_score": 109022.405
  }
}
wrote /Users/maxguillabert/Downloads/index/docs/x-targeting/x_articles/2026-06-09/trading-ai-30d/by-likes.md (62 articles)
wrote /Users/maxguillabert/Downloads/index/docs/x-targeting/x_articles/2026-06-09/trading-ai-30d/by-views.md (62 articles)
date: illegal option -- -
usage: date [-jnRu] [-I[date|hours|minutes|seconds|ns]] [-f input_fmt]
            [ -z output_zone ] [-r filename|seconds] [-v[+|-]val[y|m|w|d|H|M|S]]
            [[[[mm]dd]HH]MM[[cc]yy][.SS] | new_date] [+output_fmt]
[] monthly fetch niche=polymarket-30d date=2026-06-09 max=100

### rt-gte-500 [Top] x5p min_retweets:500 url:x.com/i/article since:2026-05-11 -is:retweet
  ↳ xarticles:rt-gte-500:p0  bal_before=9237549  est=300c
  ↳ xarticles:rt-gte-500:p0  bal_after=9237549  spent=0c ($0.0)  count=20
  ↳ xarticles:rt-gte-500:p1  bal_before=9237549  est=300c
  ↳ xarticles:rt-gte-500:p1  bal_after=9237549  spent=0c ($0.0)  count=19
  ↳ xarticles:rt-gte-500:p2  bal_before=9237549  est=300c
  ↳ xarticles:rt-gte-500:p2  bal_after=9237549  spent=0c ($0.0)  count=6
  ↳ xarticles:rt-gte-500:p3  bal_before=9237549  est=300c
  ↳ xarticles:rt-gte-500:p3  bal_after=9237549  spent=0c ($0.0)  count=13
  ↳ xarticles:rt-gte-500:p4  bal_before=9237549  est=300c
  ↳ xarticles:rt-gte-500:p4  bal_after=9237549  spent=0c ($0.0)  count=20

### rt-gte-500-latest [Latest] x14p min_retweets:500 url:x.com/i/article since:2026-05-11 -is:retweet
  ↳ xarticles:rt-gte-500-latest:p0  bal_before=9237549  est=300c
  ↳ xarticles:rt-gte-500-latest:p0  bal_after=9237549  spent=0c ($0.0)  count=15
  ↳ xarticles:rt-gte-500-latest:p1  bal_before=9237549  est=300c
  ↳ xarticles:rt-gte-500-latest:p1  bal_after=9237549  spent=0c ($0.0)  count=15
  ↳ xarticles:rt-gte-500-latest:p2  bal_before=9237549  est=300c
  ↳ xarticles:rt-gte-500-latest:p2  bal_after=9237549  spent=0c ($0.0)  count=18
  ↳ xarticles:rt-gte-500-latest:p3  bal_before=9237549  est=300c
  ↳ xarticles:rt-gte-500-latest:p3  bal_after=9237549  spent=0c ($0.0)  count=20
  ↳ xarticles:rt-gte-500-latest:p4  bal_before=9237549  est=300c
  ↳ xarticles:rt-gte-500-latest:p4  bal_after=9237549  spent=0c ($0.0)  count=20
  ↳ xarticles:rt-gte-500-latest:p5  bal_before=9237549  est=300c
  ↳ xarticles:rt-gte-500-latest:p5  bal_after=9237549  spent=0c ($0.0)  count=20
  ↳ xarticles:rt-gte-500-latest:p6  bal_before=9237549  est=300c
  ↳ xarticles:rt-gte-500-latest:p6  bal_after=9237549  spent=0c ($0.0)  count=20
  ↳ xarticles:rt-gte-500-latest:p7  bal_before=9237549  est=300c
  ↳ xarticles:rt-gte-500-latest:p7  bal_after=9237549  spent=0c ($0.0)  count=20
  ↳ xarticles:rt-gte-500-latest:p8  bal_before=9237549  est=300c
  ↳ xarticles:rt-gte-500-latest:p8  bal_after=9237549  spent=0c ($0.0)  count=13
  ↳ xarticles:rt-gte-500-latest:p9  bal_before=9237549  est=300c
  ↳ xarticles:rt-gte-500-latest:p9  bal_after=9237549  spent=0c ($0.0)  count=0

### rt-gte-200 [Top] x5p min_retweets:200 url:x.com/i/article since:2026-05-11 -is:retweet
  ↳ xarticles:rt-gte-200:p0  bal_before=9237549  est=300c
  ↳ xarticles:rt-gte-200:p0  bal_after=9237549  spent=0c ($0.0)  count=20
  ↳ xarticles:rt-gte-200:p1  bal_before=9237549  est=300c
  ↳ xarticles:rt-gte-200:p1  bal_after=9233859  spent=3690c ($0.0369)  count=20
  ↳ xarticles:rt-gte-200:p2  bal_before=9233859  est=300c
  ↳ xarticles:rt-gte-200:p2  bal_after=9233859  spent=0c ($0.0)  count=18
  ↳ xarticles:rt-gte-200:p3  bal_before=9233859  est=300c
  ↳ xarticles:rt-gte-200:p3  bal_after=9233859  spent=0c ($0.0)  count=11
  ↳ xarticles:rt-gte-200:p4  bal_before=9233859  est=300c
  ↳ xarticles:rt-gte-200:p4  bal_after=9233859  spent=0c ($0.0)  count=14

### rt-gte-200-latest [Latest] x14p min_retweets:200 url:x.com/i/article since:2026-05-11 -is:retweet
  ↳ xarticles:rt-gte-200-latest:p0  bal_before=9233859  est=300c
  ↳ xarticles:rt-gte-200-latest:p0  bal_after=9233859  spent=0c ($0.0)  count=20
  ↳ xarticles:rt-gte-200-latest:p1  bal_before=9233859  est=300c
  ↳ xarticles:rt-gte-200-latest:p1  bal_after=9233859  spent=0c ($0.0)  count=18
  ↳ xarticles:rt-gte-200-latest:p2  bal_before=9233859  est=300c
  ↳ xarticles:rt-gte-200-latest:p2  bal_after=9233859  spent=0c ($0.0)  count=19
  ↳ xarticles:rt-gte-200-latest:p3  bal_before=9233859  est=300c
  ↳ xarticles:rt-gte-200-latest:p3  bal_after=9233859  spent=0c ($0.0)  count=17
  ↳ xarticles:rt-gte-200-latest:p4  bal_before=9233859  est=300c
  ↳ xarticles:rt-gte-200-latest:p4  bal_after=9233859  spent=0c ($0.0)  count=20
  ↳ xarticles:rt-gte-200-latest:p5  bal_before=9233859  est=300c
  ↳ xarticles:rt-gte-200-latest:p5  bal_after=9233859  spent=0c ($0.0)  count=16
  ↳ xarticles:rt-gte-200-latest:p6  bal_before=9233859  est=300c
  ↳ xarticles:rt-gte-200-latest:p6  bal_after=9233859  spent=0c ($0.0)  count=20
  ↳ xarticles:rt-gte-200-latest:p7  bal_before=9233859  est=300c
  ↳ xarticles:rt-gte-200-latest:p7  bal_after=9233859  spent=0c ($0.0)  count=20
  ↳ xarticles:rt-gte-200-latest:p8  bal_before=9233859  est=300c
  ↳ xarticles:rt-gte-200-latest:p8  bal_after=9233859  spent=0c ($0.0)  count=20
  ↳ xarticles:rt-gte-200-latest:p9  bal_before=9233859  est=300c
  ↳ xarticles:rt-gte-200-latest:p9  bal_after=9233859  spent=0c ($0.0)  count=20
  ↳ xarticles:rt-gte-200-latest:p10  bal_before=9233859  est=300c
  ↳ xarticles:rt-gte-200-latest:p10  bal_after=9233859  spent=0c ($0.0)  count=20
  ↳ xarticles:rt-gte-200-latest:p11  bal_before=9233859  est=300c
  ↳ xarticles:rt-gte-200-latest:p11  bal_after=9233859  spent=0c ($0.0)  count=20
  ↳ xarticles:rt-gte-200-latest:p12  bal_before=9233859  est=300c
  ↳ xarticles:rt-gte-200-latest:p12  bal_after=9233859  spent=0c ($0.0)  count=20
  ↳ xarticles:rt-gte-200-latest:p13  bal_before=9233859  est=300c
  ↳ xarticles:rt-gte-200-latest:p13  bal_after=9229554  spent=4305c ($0.043)  count=19

### rt-gte-100 [Top] x5p min_retweets:100 url:x.com/i/article since:2026-05-11 -is:retweet
  ↳ xarticles:rt-gte-100:p0  bal_before=9229554  est=300c
  ↳ xarticles:rt-gte-100:p0  bal_after=9229554  spent=0c ($0.0)  count=20
  ↳ xarticles:rt-gte-100:p1  bal_before=9229554  est=300c
  ↳ xarticles:rt-gte-100:p1  bal_after=9229554  spent=0c ($0.0)  count=20
  ↳ xarticles:rt-gte-100:p2  bal_before=9229554  est=300c
  ↳ xarticles:rt-gte-100:p2  bal_after=9229554  spent=0c ($0.0)  count=20
  ↳ xarticles:rt-gte-100:p3  bal_before=9229554  est=300c
  ↳ xarticles:rt-gte-100:p3  bal_after=9229554  spent=0c ($0.0)  count=19
  ↳ xarticles:rt-gte-100:p4  bal_before=9229554  est=300c
  ↳ xarticles:rt-gte-100:p4  bal_after=9229554  spent=0c ($0.0)  count=14

### rt-gte-100-latest [Latest] x14p min_retweets:100 url:x.com/i/article since:2026-05-11 -is:retweet
  ↳ xarticles:rt-gte-100-latest:p0  bal_before=9229554  est=300c
  ↳ xarticles:rt-gte-100-latest:p0  bal_after=9229554  spent=0c ($0.0)  count=15
  ↳ xarticles:rt-gte-100-latest:p1  bal_before=9229554  est=300c
  ↳ xarticles:rt-gte-100-latest:p1  bal_after=9229554  spent=0c ($0.0)  count=18
  ↳ xarticles:rt-gte-100-latest:p2  bal_before=9229554  est=300c
  ↳ xarticles:rt-gte-100-latest:p2  bal_after=9229554  spent=0c ($0.0)  count=17
  ↳ xarticles:rt-gte-100-latest:p3  bal_before=9229554  est=300c
  ↳ xarticles:rt-gte-100-latest:p3  bal_after=9229554  spent=0c ($0.0)  count=20
  ↳ xarticles:rt-gte-100-latest:p4  bal_before=9229554  est=300c
  ↳ xarticles:rt-gte-100-latest:p4  bal_after=9229554  spent=0c ($0.0)  count=20
  ↳ xarticles:rt-gte-100-latest:p5  bal_before=9229554  est=300c
  ↳ xarticles:rt-gte-100-latest:p5  bal_after=9229554  spent=0c ($0.0)  count=20
  ↳ xarticles:rt-gte-100-latest:p6  bal_before=9229554  est=300c
  ↳ xarticles:rt-gte-100-latest:p6  bal_after=9229554  spent=0c ($0.0)  count=19
  ↳ xarticles:rt-gte-100-latest:p7  bal_before=9229554  est=300c
  ↳ xarticles:rt-gte-100-latest:p7  bal_after=9229554  spent=0c ($0.0)  count=17
  ↳ xarticles:rt-gte-100-latest:p8  bal_before=9229554  est=300c
  ↳ xarticles:rt-gte-100-latest:p8  bal_after=9229554  spent=0c ($0.0)  count=20
  ↳ xarticles:rt-gte-100-latest:p9  bal_before=9229554  est=300c
  ↳ xarticles:rt-gte-100-latest:p9  bal_after=9229554  spent=0c ($0.0)  count=18
  ↳ xarticles:rt-gte-100-latest:p10  bal_before=9229554  est=300c
  ↳ xarticles:rt-gte-100-latest:p10  bal_after=9224784  spent=4770c ($0.0477)  count=20
  ↳ xarticles:rt-gte-100-latest:p11  bal_before=9224784  est=300c
  ↳ xarticles:rt-gte-100-latest:p11  bal_after=9224784  spent=0c ($0.0)  count=18
  ↳ xarticles:rt-gte-100-latest:p12  bal_before=9224784  est=300c
  ↳ xarticles:rt-gte-100-latest:p12  bal_after=9224784  spent=0c ($0.0)  count=19
  ↳ xarticles:rt-gte-100-latest:p13  bal_before=9224784  est=300c
  ↳ xarticles:rt-gte-100-latest:p13  bal_after=9224784  spent=0c ($0.0)  count=18

### likes-gte-5000 [Top] x5p min_faves:5000 url:x.com/i/article since:2026-05-11 -is:retweet
  ↳ xarticles:likes-gte-5000:p0  bal_before=9224784  est=300c
  ↳ xarticles:likes-gte-5000:p0  bal_after=9224784  spent=0c ($0.0)  count=20
  ↳ xarticles:likes-gte-5000:p1  bal_before=9224784  est=300c
  ↳ xarticles:likes-gte-5000:p1  bal_after=9224784  spent=0c ($0.0)  count=20
  ↳ xarticles:likes-gte-5000:p2  bal_before=9224784  est=300c
  ↳ xarticles:likes-gte-5000:p2  bal_after=9224784  spent=0c ($0.0)  count=20
  ↳ xarticles:likes-gte-5000:p3  bal_before=9224784  est=300c
  ↳ xarticles:likes-gte-5000:p3  bal_after=9224784  spent=0c ($0.0)  count=20
  ↳ xarticles:likes-gte-5000:p4  bal_before=9224784  est=300c
  ↳ xarticles:likes-gte-5000:p4  bal_after=9224784  spent=0c ($0.0)  count=20

### likes-gte-5000-latest [Latest] x14p min_faves:5000 url:x.com/i/article since:2026-05-11 -is:retweet
  ↳ xarticles:likes-gte-5000-latest:p0  bal_before=9224784  est=300c
  ↳ xarticles:likes-gte-5000-latest:p0  bal_after=9224784  spent=0c ($0.0)  count=20
  ↳ xarticles:likes-gte-5000-latest:p1  bal_before=9224784  est=300c
  ↳ xarticles:likes-gte-5000-latest:p1  bal_after=9224784  spent=0c ($0.0)  count=20
  ↳ xarticles:likes-gte-5000-latest:p2  bal_before=9224784  est=300c
  ↳ xarticles:likes-gte-5000-latest:p2  bal_after=9224784  spent=0c ($0.0)  count=19
  ↳ xarticles:likes-gte-5000-latest:p3  bal_before=9224784  est=300c
  ↳ xarticles:likes-gte-5000-latest:p3  bal_after=9224784  spent=0c ($0.0)  count=0

### likes-gte-2000 [Top] x5p min_faves:2000 url:x.com/i/article since:2026-05-11 -is:retweet
  ↳ xarticles:likes-gte-2000:p0  bal_before=9224784  est=300c
  ↳ xarticles:likes-gte-2000:p0  bal_after=9224784  spent=0c ($0.0)  count=20
  ↳ xarticles:likes-gte-2000:p1  bal_before=9224784  est=300c
  ↳ xarticles:likes-gte-2000:p1  bal_after=9224784  spent=0c ($0.0)  count=19
  ↳ xarticles:likes-gte-2000:p2  bal_before=9224784  est=300c
  ↳ xarticles:likes-gte-2000:p2  bal_after=9224784  spent=0c ($0.0)  count=20
  ↳ xarticles:likes-gte-2000:p3  bal_before=9224784  est=300c
  ↳ xarticles:likes-gte-2000:p3  bal_after=9220389  spent=4395c ($0.044)  count=20
  ↳ xarticles:likes-gte-2000:p4  bal_before=9220389  est=300c
  ↳ xarticles:likes-gte-2000:p4  bal_after=9220389  spent=0c ($0.0)  count=20

### likes-gte-2000-latest [Latest] x14p min_faves:2000 url:x.com/i/article since:2026-05-11 -is:retweet
  ↳ xarticles:likes-gte-2000-latest:p0  bal_before=9220389  est=300c
  ↳ xarticles:likes-gte-2000-latest:p0  bal_after=9220389  spent=0c ($0.0)  count=20
  ↳ xarticles:likes-gte-2000-latest:p1  bal_before=9220389  est=300c
  ↳ xarticles:likes-gte-2000-latest:p1  bal_after=9220389  spent=0c ($0.0)  count=20
  ↳ xarticles:likes-gte-2000-latest:p2  bal_before=9220389  est=300c
  ↳ xarticles:likes-gte-2000-latest:p2  bal_after=9220389  spent=0c ($0.0)  count=20
  ↳ xarticles:likes-gte-2000-latest:p3  bal_before=9220389  est=300c
  ↳ xarticles:likes-gte-2000-latest:p3  bal_after=9220389  spent=0c ($0.0)  count=20
  ↳ xarticles:likes-gte-2000-latest:p4  bal_before=9220389  est=300c
  ↳ xarticles:likes-gte-2000-latest:p4  bal_after=9220389  spent=0c ($0.0)  count=20
  ↳ xarticles:likes-gte-2000-latest:p5  bal_before=9220389  est=300c
  ↳ xarticles:likes-gte-2000-latest:p5  bal_after=9220389  spent=0c ($0.0)  count=19
  ↳ xarticles:likes-gte-2000-latest:p6  bal_before=9220389  est=300c
  ↳ xarticles:likes-gte-2000-latest:p6  bal_after=9220389  spent=0c ($0.0)  count=20
  ↳ xarticles:likes-gte-2000-latest:p7  bal_before=9220389  est=300c
  ↳ xarticles:likes-gte-2000-latest:p7  bal_after=9220389  spent=0c ($0.0)  count=20
  ↳ xarticles:likes-gte-2000-latest:p8  bal_before=9220389  est=300c
  ↳ xarticles:likes-gte-2000-latest:p8  bal_after=9220389  spent=0c ($0.0)  count=20
  ↳ xarticles:likes-gte-2000-latest:p9  bal_before=9220389  est=300c
  ↳ xarticles:likes-gte-2000-latest:p9  bal_after=9220389  spent=0c ($0.0)  count=20
  ↳ xarticles:likes-gte-2000-latest:p10  bal_before=9220389  est=300c
  ↳ xarticles:likes-gte-2000-latest:p10  bal_after=9220389  spent=0c ($0.0)  count=20
  ↳ xarticles:likes-gte-2000-latest:p11  bal_before=9220389  est=300c
  ↳ xarticles:likes-gte-2000-latest:p11  bal_after=9220389  spent=0c ($0.0)  count=0

### likes-gte-1000 [Top] x5p min_faves:1000 url:x.com/i/article since:2026-05-11 -is:retweet
  ↳ xarticles:likes-gte-1000:p0  bal_before=9220389  est=300c
  ↳ xarticles:likes-gte-1000:p0  bal_after=9220389  spent=0c ($0.0)  count=20
  ↳ xarticles:likes-gte-1000:p1  bal_before=9220389  est=300c
  ↳ xarticles:likes-gte-1000:p1  bal_after=9215904  spent=4485c ($0.0449)  count=20
  ↳ xarticles:likes-gte-1000:p2  bal_before=9215904  est=300c
  ↳ xarticles:likes-gte-1000:p2  bal_after=9215904  spent=0c ($0.0)  count=19
  ↳ xarticles:likes-gte-1000:p3  bal_before=9215904  est=300c
  ↳ xarticles:likes-gte-1000:p3  bal_after=9215904  spent=0c ($0.0)  count=20
  ↳ xarticles:likes-gte-1000:p4  bal_before=9215904  est=300c
  ↳ xarticles:likes-gte-1000:p4  bal_after=9215904  spent=0c ($0.0)  count=20

### likes-gte-1000-latest [Latest] x14p min_faves:1000 url:x.com/i/article since:2026-05-11 -is:retweet
  ↳ xarticles:likes-gte-1000-latest:p0  bal_before=9215904  est=300c
  ↳ xarticles:likes-gte-1000-latest:p0  bal_after=9215904  spent=0c ($0.0)  count=20
  ↳ xarticles:likes-gte-1000-latest:p1  bal_before=9215904  est=300c
  ↳ xarticles:likes-gte-1000-latest:p1  bal_after=9215904  spent=0c ($0.0)  count=20
  ↳ xarticles:likes-gte-1000-latest:p2  bal_before=9215904  est=300c
  ↳ xarticles:likes-gte-1000-latest:p2  bal_after=9215904  spent=0c ($0.0)  count=20
  ↳ xarticles:likes-gte-1000-latest:p3  bal_before=9215904  est=300c
  ↳ xarticles:likes-gte-1000-latest:p3  bal_after=9215904  spent=0c ($0.0)  count=20
  ↳ xarticles:likes-gte-1000-latest:p4  bal_before=9215904  est=300c
  ↳ xarticles:likes-gte-1000-latest:p4  bal_after=9215904  spent=0c ($0.0)  count=20
  ↳ xarticles:likes-gte-1000-latest:p5  bal_before=9215904  est=300c
  ↳ xarticles:likes-gte-1000-latest:p5  bal_after=9215904  spent=0c ($0.0)  count=20
  ↳ xarticles:likes-gte-1000-latest:p6  bal_before=9215904  est=300c
  ↳ xarticles:likes-gte-1000-latest:p6  bal_after=9215904  spent=0c ($0.0)  count=20
  ↳ xarticles:likes-gte-1000-latest:p7  bal_before=9215904  est=300c
  ↳ xarticles:likes-gte-1000-latest:p7  bal_after=9215904  spent=0c ($0.0)  count=20
  ↳ xarticles:likes-gte-1000-latest:p8  bal_before=9215904  est=300c
  ↳ xarticles:likes-gte-1000-latest:p8  bal_after=9215904  spent=0c ($0.0)  count=20
  ↳ xarticles:likes-gte-1000-latest:p9  bal_before=9212019  est=300c
  ↳ xarticles:likes-gte-1000-latest:p9  bal_after=9212019  spent=0c ($0.0)  count=20
  ↳ xarticles:likes-gte-1000-latest:p10  bal_before=9212019  est=300c
  ↳ xarticles:likes-gte-1000-latest:p10  bal_after=9212019  spent=0c ($0.0)  count=20
  ↳ xarticles:likes-gte-1000-latest:p11  bal_before=9212019  est=300c
  ↳ xarticles:likes-gte-1000-latest:p11  bal_after=9212019  spent=0c ($0.0)  count=20
  ↳ xarticles:likes-gte-1000-latest:p12  bal_before=9212019  est=300c
  ↳ xarticles:likes-gte-1000-latest:p12  bal_after=9212019  spent=0c ($0.0)  count=20
  ↳ xarticles:likes-gte-1000-latest:p13  bal_before=9212019  est=300c
  ↳ xarticles:likes-gte-1000-latest:p13  bal_after=9212019  spent=0c ($0.0)  count=19

### likes-gte-500 [Top] x5p min_faves:500 url:x.com/i/article since:2026-05-11 -is:retweet
  ↳ xarticles:likes-gte-500:p0  bal_before=9212019  est=300c
  ↳ xarticles:likes-gte-500:p0  bal_after=9212019  spent=0c ($0.0)  count=20
  ↳ xarticles:likes-gte-500:p1  bal_before=9212019  est=300c
  ↳ xarticles:likes-gte-500:p1  bal_after=9212019  spent=0c ($0.0)  count=20
  ↳ xarticles:likes-gte-500:p2  bal_before=9212019  est=300c
  ↳ xarticles:likes-gte-500:p2  bal_after=9212019  spent=0c ($0.0)  count=20
  ↳ xarticles:likes-gte-500:p3  bal_before=9212019  est=300c
  ↳ xarticles:likes-gte-500:p3  bal_after=9212019  spent=0c ($0.0)  count=20
  ↳ xarticles:likes-gte-500:p4  bal_before=9212019  est=300c
  ↳ xarticles:likes-gte-500:p4  bal_after=9212019  spent=0c ($0.0)  count=20

### likes-gte-500-latest [Latest] x14p min_faves:500 url:x.com/i/article since:2026-05-11 -is:retweet
  ↳ xarticles:likes-gte-500-latest:p0  bal_before=9212019  est=300c
  ↳ xarticles:likes-gte-500-latest:p0  bal_after=9212019  spent=0c ($0.0)  count=20
  ↳ xarticles:likes-gte-500-latest:p1  bal_before=9212019  est=300c
  ↳ xarticles:likes-gte-500-latest:p1  bal_after=9212019  spent=0c ($0.0)  count=20
  ↳ xarticles:likes-gte-500-latest:p2  bal_before=9212019  est=300c
  ↳ xarticles:likes-gte-500-latest:p2  bal_after=9212019  spent=0c ($0.0)  count=20
  ↳ xarticles:likes-gte-500-latest:p3  bal_before=9212019  est=300c
  ↳ xarticles:likes-gte-500-latest:p3  bal_after=9212019  spent=0c ($0.0)  count=20
  ↳ xarticles:likes-gte-500-latest:p4  bal_before=9212019  est=300c
  ↳ xarticles:likes-gte-500-latest:p4  bal_after=9212019  spent=0c ($0.0)  count=20
  ↳ xarticles:likes-gte-500-latest:p5  bal_before=9212019  est=300c
  ↳ xarticles:likes-gte-500-latest:p5  bal_after=9212019  spent=0c ($0.0)  count=20
  ↳ xarticles:likes-gte-500-latest:p6  bal_before=9212019  est=300c
  ↳ xarticles:likes-gte-500-latest:p6  bal_after=9207834  spent=4185c ($0.0418)  count=20
  ↳ xarticles:likes-gte-500-latest:p7  bal_before=9207834  est=300c
  ↳ xarticles:likes-gte-500-latest:p7  bal_after=9207834  spent=0c ($0.0)  count=20
  ↳ xarticles:likes-gte-500-latest:p8  bal_before=9207834  est=300c
  ↳ xarticles:likes-gte-500-latest:p8  bal_after=9207834  spent=0c ($0.0)  count=18
  ↳ xarticles:likes-gte-500-latest:p9  bal_before=9207834  est=300c
  ↳ xarticles:likes-gte-500-latest:p9  bal_after=9207834  spent=0c ($0.0)  count=20
  ↳ xarticles:likes-gte-500-latest:p10  bal_before=9207834  est=300c
  ↳ xarticles:likes-gte-500-latest:p10  bal_after=9207834  spent=0c ($0.0)  count=20
  ↳ xarticles:likes-gte-500-latest:p11  bal_before=9207834  est=300c
  ↳ xarticles:likes-gte-500-latest:p11  bal_after=9207834  spent=0c ($0.0)  count=20
  ↳ xarticles:likes-gte-500-latest:p12  bal_before=9207834  est=300c
  ↳ xarticles:likes-gte-500-latest:p12  bal_after=9207834  spent=0c ($0.0)  count=20
  ↳ xarticles:likes-gte-500-latest:p13  bal_before=9207834  est=300c
  ↳ xarticles:likes-gte-500-latest:p13  bal_after=9207834  spent=0c ($0.0)  count=20

### likes-gte-250 [Top] x5p min_faves:250 url:x.com/i/article since:2026-05-11 -is:retweet
  ↳ xarticles:likes-gte-250:p0  bal_before=9207834  est=300c
  ↳ xarticles:likes-gte-250:p0  bal_after=9207834  spent=0c ($0.0)  count=19
  ↳ xarticles:likes-gte-250:p1  bal_before=9207834  est=300c
  ↳ xarticles:likes-gte-250:p1  bal_after=9207834  spent=0c ($0.0)  count=20
  ↳ xarticles:likes-gte-250:p2  bal_before=9207834  est=300c
  ↳ xarticles:likes-gte-250:p2  bal_after=9207834  spent=0c ($0.0)  count=20
  ↳ xarticles:likes-gte-250:p3  bal_before=9207834  est=300c
  ↳ xarticles:likes-gte-250:p3  bal_after=9207834  spent=0c ($0.0)  count=20
  ↳ xarticles:likes-gte-250:p4  bal_before=9207834  est=300c
  ↳ xarticles:likes-gte-250:p4  bal_after=9203379  spent=4455c ($0.0445)  count=20

### likes-gte-250-latest [Latest] x14p min_faves:250 url:x.com/i/article since:2026-05-11 -is:retweet
  ↳ xarticles:likes-gte-250-latest:p0  bal_before=9203379  est=300c
  ↳ xarticles:likes-gte-250-latest:p0  bal_after=9203379  spent=0c ($0.0)  count=20
  ↳ xarticles:likes-gte-250-latest:p1  bal_before=9203379  est=300c
  ↳ xarticles:likes-gte-250-latest:p1  bal_after=9203379  spent=0c ($0.0)  count=20
  ↳ xarticles:likes-gte-250-latest:p2  bal_before=9203379  est=300c
  ↳ xarticles:likes-gte-250-latest:p2  bal_after=9203379  spent=0c ($0.0)  count=20
  ↳ xarticles:likes-gte-250-latest:p3  bal_before=9203379  est=300c
  ↳ xarticles:likes-gte-250-latest:p3  bal_after=9203379  spent=0c ($0.0)  count=20
  ↳ xarticles:likes-gte-250-latest:p4  bal_before=9203379  est=300c
  ↳ xarticles:likes-gte-250-latest:p4  bal_after=9203379  spent=0c ($0.0)  count=20
  ↳ xarticles:likes-gte-250-latest:p5  bal_before=9203379  est=300c
  ↳ xarticles:likes-gte-250-latest:p5  bal_after=9203379  spent=0c ($0.0)  count=20
  ↳ xarticles:likes-gte-250-latest:p6  bal_before=9203379  est=300c
  ↳ xarticles:likes-gte-250-latest:p6  bal_after=9203379  spent=0c ($0.0)  count=20
  ↳ xarticles:likes-gte-250-latest:p7  bal_before=9203379  est=300c
  ↳ xarticles:likes-gte-250-latest:p7  bal_after=9203379  spent=0c ($0.0)  count=20
  ↳ xarticles:likes-gte-250-latest:p8  bal_before=9203379  est=300c
  ↳ xarticles:likes-gte-250-latest:p8  bal_after=9203379  spent=0c ($0.0)  count=20
  ↳ xarticles:likes-gte-250-latest:p9  bal_before=9203379  est=300c
  ↳ xarticles:likes-gte-250-latest:p9  bal_after=9203379  spent=0c ($0.0)  count=20
  ↳ xarticles:likes-gte-250-latest:p10  bal_before=9203379  est=300c
  ↳ xarticles:likes-gte-250-latest:p10  bal_after=9203379  spent=0c ($0.0)  count=20
  ↳ xarticles:likes-gte-250-latest:p11  bal_before=9203379  est=300c
  ↳ xarticles:likes-gte-250-latest:p11  bal_after=9203379  spent=0c ($0.0)  count=20
  ↳ xarticles:likes-gte-250-latest:p12  bal_before=9203379  est=300c
  ↳ xarticles:likes-gte-250-latest:p12  bal_after=9203379  spent=0c ($0.0)  count=20
  ↳ xarticles:likes-gte-250-latest:p13  bal_before=9203379  est=300c
  ↳ xarticles:likes-gte-250-latest:p13  bal_after=9203379  spent=0c ($0.0)  count=20

### likes-gte-100 [Top] x5p min_faves:100 url:x.com/i/article since:2026-05-11 -is:retweet
  ↳ xarticles:likes-gte-100:p0  bal_before=9203379  est=300c
  ↳ xarticles:likes-gte-100:p0  bal_after=9199479  spent=3900c ($0.039)  count=20
  ↳ xarticles:likes-gte-100:p1  bal_before=9199479  est=300c
  ↳ xarticles:likes-gte-100:p1  bal_after=9199479  spent=0c ($0.0)  count=20
  ↳ xarticles:likes-gte-100:p2  bal_before=9199479  est=300c
  ↳ xarticles:likes-gte-100:p2  bal_after=9199479  spent=0c ($0.0)  count=18
  ↳ xarticles:likes-gte-100:p3  bal_before=9199479  est=300c
  ↳ xarticles:likes-gte-100:p3  bal_after=9199479  spent=0c ($0.0)  count=20
  ↳ xarticles:likes-gte-100:p4  bal_before=9199479  est=300c
  ↳ xarticles:likes-gte-100:p4  bal_after=9199479  spent=0c ($0.0)  count=20

### likes-gte-100-latest [Latest] x14p min_faves:100 url:x.com/i/article since:2026-05-11 -is:retweet
  ↳ xarticles:likes-gte-100-latest:p0  bal_before=9199479  est=300c
  ↳ xarticles:likes-gte-100-latest:p0  bal_after=9199479  spent=0c ($0.0)  count=20
  ↳ xarticles:likes-gte-100-latest:p1  bal_before=9199479  est=300c
  ↳ xarticles:likes-gte-100-latest:p1  bal_after=9199479  spent=0c ($0.0)  count=19
  ↳ xarticles:likes-gte-100-latest:p2  bal_before=9199479  est=300c
  ↳ xarticles:likes-gte-100-latest:p2  bal_after=9199479  spent=0c ($0.0)  count=19
  ↳ xarticles:likes-gte-100-latest:p3  bal_before=9199479  est=300c
  ↳ xarticles:likes-gte-100-latest:p3  bal_after=9199479  spent=0c ($0.0)  count=20
  ↳ xarticles:likes-gte-100-latest:p4  bal_before=9199479  est=300c
  ↳ xarticles:likes-gte-100-latest:p4  bal_after=9199479  spent=0c ($0.0)  count=20
  ↳ xarticles:likes-gte-100-latest:p5  bal_before=9199479  est=300c
  ↳ xarticles:likes-gte-100-latest:p5  bal_after=9199479  spent=0c ($0.0)  count=20
  ↳ xarticles:likes-gte-100-latest:p6  bal_before=9199479  est=300c
  ↳ xarticles:likes-gte-100-latest:p6  bal_after=9199479  spent=0c ($0.0)  count=19
  ↳ xarticles:likes-gte-100-latest:p7  bal_before=9199479  est=300c
  ↳ xarticles:likes-gte-100-latest:p7  bal_after=9199479  spent=0c ($0.0)  count=20
  ↳ xarticles:likes-gte-100-latest:p8  bal_before=9199479  est=300c
  ↳ xarticles:likes-gte-100-latest:p8  bal_after=9199479  spent=0c ($0.0)  count=20
  ↳ xarticles:likes-gte-100-latest:p9  bal_before=9199479  est=300c
  ↳ xarticles:likes-gte-100-latest:p9  bal_after=9195354  spent=4125c ($0.0413)  count=20
  ↳ xarticles:likes-gte-100-latest:p10  bal_before=9195354  est=300c
  ↳ xarticles:likes-gte-100-latest:p10  bal_after=9195354  spent=0c ($0.0)  count=20
  ↳ xarticles:likes-gte-100-latest:p11  bal_before=9195354  est=300c
  ↳ xarticles:likes-gte-100-latest:p11  bal_after=9195354  spent=0c ($0.0)  count=20
  ↳ xarticles:likes-gte-100-latest:p12  bal_before=9195354  est=300c
  ↳ xarticles:likes-gte-100-latest:p12  bal_after=9195354  spent=0c ($0.0)  count=20
  ↳ xarticles:likes-gte-100-latest:p13  bal_before=9195354  est=300c
  ↳ xarticles:likes-gte-100-latest:p13  bal_after=9195354  spent=0c ($0.0)  count=20

### likes-gte-50 [Top] x5p min_faves:50 url:x.com/i/article since:2026-05-11 -is:retweet
  ↳ xarticles:likes-gte-50:p0  bal_before=9195354  est=300c
  ↳ xarticles:likes-gte-50:p0  bal_after=9195354  spent=0c ($0.0)  count=20
  ↳ xarticles:likes-gte-50:p1  bal_before=9195354  est=300c
  ↳ xarticles:likes-gte-50:p1  bal_after=9195354  spent=0c ($0.0)  count=20
  ↳ xarticles:likes-gte-50:p2  bal_before=9195354  est=300c
  ↳ xarticles:likes-gte-50:p2  bal_after=9195354  spent=0c ($0.0)  count=20
  ↳ xarticles:likes-gte-50:p3  bal_before=9195354  est=300c
  ↳ xarticles:likes-gte-50:p3  bal_after=9195354  spent=0c ($0.0)  count=20
  ↳ xarticles:likes-gte-50:p4  bal_before=9195354  est=300c
  ↳ xarticles:likes-gte-50:p4  bal_after=9195354  spent=0c ($0.0)  count=20

### likes-gte-25 [Top] x5p min_faves:25 url:x.com/i/article since:2026-05-11 -is:retweet
  ↳ xarticles:likes-gte-25:p0  bal_before=9195354  est=300c
  ↳ xarticles:likes-gte-25:p0  bal_after=9191754  spent=3600c ($0.036)  count=20
  ↳ xarticles:likes-gte-25:p1  bal_before=9191754  est=300c
  ↳ xarticles:likes-gte-25:p1  bal_after=9191754  spent=0c ($0.0)  count=20
  ↳ xarticles:likes-gte-25:p2  bal_before=9191754  est=300c
  ↳ xarticles:likes-gte-25:p2  bal_after=9191754  spent=0c ($0.0)  count=20
  ↳ xarticles:likes-gte-25:p3  bal_before=9191754  est=300c
  ↳ xarticles:likes-gte-25:p3  bal_after=9191754  spent=0c ($0.0)  count=20
  ↳ xarticles:likes-gte-25:p4  bal_before=9191754  est=300c
  ↳ xarticles:likes-gte-25:p4  bal_after=9191754  spent=0c ($0.0)  count=20

### likes-gte-10 [Top] x5p min_faves:10 url:x.com/i/article since:2026-05-11 -is:retweet
  ↳ xarticles:likes-gte-10:p0  bal_before=9191754  est=300c
  ↳ xarticles:likes-gte-10:p0  bal_after=9191754  spent=0c ($0.0)  count=20
  ↳ xarticles:likes-gte-10:p1  bal_before=9191754  est=300c
  ↳ xarticles:likes-gte-10:p1  bal_after=9191754  spent=0c ($0.0)  count=20
  ↳ xarticles:likes-gte-10:p2  bal_before=9191754  est=300c
  ↳ xarticles:likes-gte-10:p2  bal_after=9191754  spent=0c ($0.0)  count=20
  ↳ xarticles:likes-gte-10:p3  bal_before=9191754  est=300c
  ↳ xarticles:likes-gte-10:p3  bal_after=9191754  spent=0c ($0.0)  count=20
  ↳ xarticles:likes-gte-10:p4  bal_before=9191754  est=300c
  ↳ xarticles:likes-gte-10:p4  bal_after=9191754  spent=0c ($0.0)  count=19

### likes-gte-5 [Top] x5p min_faves:5 url:x.com/i/article since:2026-05-11 -is:retweet
  ↳ xarticles:likes-gte-5:p0  bal_before=9191754  est=300c
  ↳ xarticles:likes-gte-5:p0  bal_after=9191754  spent=0c ($0.0)  count=19
  ↳ xarticles:likes-gte-5:p1  bal_before=9191754  est=300c
  ↳ xarticles:likes-gte-5:p1  bal_after=9189054  spent=2700c ($0.027)  count=18
  ↳ xarticles:likes-gte-5:p2  bal_before=9189054  est=300c
  ↳ xarticles:likes-gte-5:p2  bal_after=9189054  spent=0c ($0.0)  count=20
  ↳ xarticles:likes-gte-5:p3  bal_before=9189054  est=300c
  ↳ xarticles:likes-gte-5:p3  bal_after=9189054  spent=0c ($0.0)  count=20
  ↳ xarticles:likes-gte-5:p4  bal_before=9189054  est=300c
  ↳ xarticles:likes-gte-5:p4  bal_after=9189054  spent=0c ($0.0)  count=20

### likes-gte-2 [Top] x5p min_faves:2 url:x.com/i/article since:2026-05-11 -is:retweet
  ↳ xarticles:likes-gte-2:p0  bal_before=9189054  est=300c
  ↳ xarticles:likes-gte-2:p0  bal_after=9189054  spent=0c ($0.0)  count=20
  ↳ xarticles:likes-gte-2:p1  bal_before=9189054  est=300c
  ↳ xarticles:likes-gte-2:p1  bal_after=9189054  spent=0c ($0.0)  count=20
  ↳ xarticles:likes-gte-2:p2  bal_before=9189054  est=300c
  ↳ xarticles:likes-gte-2:p2  bal_after=9189054  spent=0c ($0.0)  count=20
  ↳ xarticles:likes-gte-2:p3  bal_before=9189054  est=300c
  ↳ xarticles:likes-gte-2:p3  bal_after=9189054  spent=0c ($0.0)  count=20
  ↳ xarticles:likes-gte-2:p4  bal_before=9189054  est=300c
  ↳ xarticles:likes-gte-2:p4  bal_after=9186114  spent=2940c ($0.0294)  count=20

### likes-gte-1 [Top] x5p min_faves:1 url:x.com/i/article since:2026-05-11 -is:retweet
  ↳ xarticles:likes-gte-1:p0  bal_before=9186114  est=300c
  ↳ xarticles:likes-gte-1:p0  bal_after=9186114  spent=0c ($0.0)  count=20
  ↳ xarticles:likes-gte-1:p1  bal_before=9186114  est=300c
  ↳ xarticles:likes-gte-1:p1  bal_after=9186114  spent=0c ($0.0)  count=20
  ↳ xarticles:likes-gte-1:p2  bal_before=9186114  est=300c
  ↳ xarticles:likes-gte-1:p2  bal_after=9186114  spent=0c ($0.0)  count=20
  ↳ xarticles:likes-gte-1:p3  bal_before=9186114  est=300c
  ↳ xarticles:likes-gte-1:p3  bal_after=9186114  spent=0c ($0.0)  count=20
  ↳ xarticles:likes-gte-1:p4  bal_before=9186114  est=300c
  ↳ xarticles:likes-gte-1:p4  bal_after=9186114  spent=0c ($0.0)  count=20

### replies-gte-2000 [Top] x5p min_replies:2000 url:x.com/i/article since:2026-05-11 -is:retweet
  ↳ xarticles:replies-gte-2000:p0  bal_before=9186114  est=300c
  ↳ xarticles:replies-gte-2000:p0  bal_after=9186114  spent=0c ($0.0)  count=20
  ↳ xarticles:replies-gte-2000:p1  bal_before=9186114  est=300c
  ↳ xarticles:replies-gte-2000:p1  bal_after=9186114  spent=0c ($0.0)  count=20
  ↳ xarticles:replies-gte-2000:p2  bal_before=9186114  est=300c
  ↳ xarticles:replies-gte-2000:p2  bal_after=9186114  spent=0c ($0.0)  count=20
  ↳ xarticles:replies-gte-2000:p3  bal_before=9186114  est=300c
  ↳ xarticles:replies-gte-2000:p3  bal_after=9186114  spent=0c ($0.0)  count=20
  ↳ xarticles:replies-gte-2000:p4  bal_before=9186114  est=300c
  ↳ xarticles:replies-gte-2000:p4  bal_after=9183114  spent=3000c ($0.03)  count=20

### replies-gte-500 [Top] x5p min_replies:500 url:x.com/i/article since:2026-05-11 -is:retweet
  ↳ xarticles:replies-gte-500:p0  bal_before=9183114  est=300c
  ↳ xarticles:replies-gte-500:p0  bal_after=9183114  spent=0c ($0.0)  count=19
  ↳ xarticles:replies-gte-500:p1  bal_before=9183114  est=300c
  ↳ xarticles:replies-gte-500:p1  bal_after=9183114  spent=0c ($0.0)  count=20
  ↳ xarticles:replies-gte-500:p2  bal_before=9183114  est=300c
  ↳ xarticles:replies-gte-500:p2  bal_after=9183114  spent=0c ($0.0)  count=16
  ↳ xarticles:replies-gte-500:p3  bal_before=9183114  est=300c
  ↳ xarticles:replies-gte-500:p3  bal_after=9183114  spent=0c ($0.0)  count=19
  ↳ xarticles:replies-gte-500:p4  bal_before=9183114  est=300c
  ↳ xarticles:replies-gte-500:p4  bal_after=9183114  spent=0c ($0.0)  count=20

### replies-gte-100 [Top] x5p min_replies:100 url:x.com/i/article since:2026-05-11 -is:retweet
  ↳ xarticles:replies-gte-100:p0  bal_before=9183114  est=300c
  ↳ xarticles:replies-gte-100:p0  bal_after=9183114  spent=0c ($0.0)  count=20
  ↳ xarticles:replies-gte-100:p1  bal_before=9183114  est=300c
  ↳ xarticles:replies-gte-100:p1  bal_after=9183114  spent=0c ($0.0)  count=20
  ↳ xarticles:replies-gte-100:p2  bal_before=9183114  est=300c
  ↳ xarticles:replies-gte-100:p2  bal_after=9183114  spent=0c ($0.0)  count=19
  ↳ xarticles:replies-gte-100:p3  bal_before=9183114  est=300c
  ↳ xarticles:replies-gte-100:p3  bal_after=9183114  spent=0c ($0.0)  count=19
  ↳ xarticles:replies-gte-100:p4  bal_before=9183114  est=300c
  ↳ xarticles:replies-gte-100:p4  bal_after=9183114  spent=0c ($0.0)  count=20

### replies-gte-25 [Top] x5p min_replies:25 url:x.com/i/article since:2026-05-11 -is:retweet
  ↳ xarticles:replies-gte-25:p0  bal_before=9183114  est=300c
  ↳ xarticles:replies-gte-25:p0  bal_after=9183114  spent=0c ($0.0)  count=20
  ↳ xarticles:replies-gte-25:p1  bal_before=9183114  est=300c
  ↳ xarticles:replies-gte-25:p1  bal_after=9179934  spent=3180c ($0.0318)  count=20
  ↳ xarticles:replies-gte-25:p2  bal_before=9179934  est=300c
  ↳ xarticles:replies-gte-25:p2  bal_after=9179934  spent=0c ($0.0)  count=20
  ↳ xarticles:replies-gte-25:p3  bal_before=9179934  est=300c
  ↳ xarticles:replies-gte-25:p3  bal_after=9179934  spent=0c ($0.0)  count=20
  ↳ xarticles:replies-gte-25:p4  bal_before=9179934  est=300c
  ↳ xarticles:replies-gte-25:p4  bal_after=9179934  spent=0c ($0.0)  count=20

### broad-native-top [Top] x5p (Polymarket OR "poly market" OR "prediction market" OR "prediction markets") url:x.com/i/article since:2026-05-11 -is:retweet
  ↳ xarticles:broad-native-top:p0  bal_before=9179934  est=300c
  ↳ xarticles:broad-native-top:p0  bal_after=9179934  spent=0c ($0.0)  count=20
  ↳ xarticles:broad-native-top:p1  bal_before=9179934  est=300c
  ↳ xarticles:broad-native-top:p1  bal_after=9179934  spent=0c ($0.0)  count=20
  ↳ xarticles:broad-native-top:p2  bal_before=9179934  est=300c
  ↳ xarticles:broad-native-top:p2  bal_after=9179934  spent=0c ($0.0)  count=20
  ↳ xarticles:broad-native-top:p3  bal_before=9179934  est=300c
  ↳ xarticles:broad-native-top:p3  bal_after=9179934  spent=0c ($0.0)  count=20
  ↳ xarticles:broad-native-top:p4  bal_before=9179934  est=300c
  ↳ xarticles:broad-native-top:p4  bal_after=9179934  spent=0c ($0.0)  count=20

### keyword-native-top [Top] x5p (Polymarket OR "poly market" OR "prediction market" OR "prediction markets") url:x.com/i/article since:2026-05-11 -is:retweet min_faves:5
  ↳ xarticles:keyword-native-top:p0  bal_before=9179934  est=300c
  ↳ xarticles:keyword-native-top:p0  bal_after=9179934  spent=0c ($0.0)  count=20
  ↳ xarticles:keyword-native-top:p1  bal_before=9179934  est=300c
  ↳ xarticles:keyword-native-top:p1  bal_after=9179934  spent=0c ($0.0)  count=20
  ↳ xarticles:keyword-native-top:p2  bal_before=9179934  est=300c
  ↳ xarticles:keyword-native-top:p2  bal_after=9179934  spent=0c ($0.0)  count=20
  ↳ xarticles:keyword-native-top:p3  bal_before=9179934  est=300c
  ↳ xarticles:keyword-native-top:p3  bal_after=9176334  spent=3600c ($0.036)  count=20
  ↳ xarticles:keyword-native-top:p4  bal_before=9176334  est=300c
  ↳ xarticles:keyword-native-top:p4  bal_after=9176334  spent=0c ($0.0)  count=20

### keyword-native-latest [Latest] x14p (Polymarket OR "poly market" OR "prediction market" OR "prediction markets") url:x.com/i/article since:2026-05-11 -is:retweet
  ↳ xarticles:keyword-native-latest:p0  bal_before=9176334  est=300c
  ↳ xarticles:keyword-native-latest:p0  bal_after=9176334  spent=0c ($0.0)  count=20
  ↳ xarticles:keyword-native-latest:p1  bal_before=9176334  est=300c
  ↳ xarticles:keyword-native-latest:p1  bal_after=9176334  spent=0c ($0.0)  count=20
  ↳ xarticles:keyword-native-latest:p2  bal_before=9176334  est=300c
  ↳ xarticles:keyword-native-latest:p2  bal_after=9176334  spent=0c ($0.0)  count=20
  ↳ xarticles:keyword-native-latest:p3  bal_before=9176334  est=300c
  ↳ xarticles:keyword-native-latest:p3  bal_after=9176334  spent=0c ($0.0)  count=20
  ↳ xarticles:keyword-native-latest:p4  bal_before=9176334  est=300c
  ↳ xarticles:keyword-native-latest:p4  bal_after=9176334  spent=0c ($0.0)  count=19
  ↳ xarticles:keyword-native-latest:p5  bal_before=9176334  est=300c
  ↳ xarticles:keyword-native-latest:p5  bal_after=9176334  spent=0c ($0.0)  count=19
  ↳ xarticles:keyword-native-latest:p6  bal_before=9176334  est=300c
  ↳ xarticles:keyword-native-latest:p6  bal_after=9176334  spent=0c ($0.0)  count=19
  ↳ xarticles:keyword-native-latest:p7  bal_before=9176334  est=300c
  ↳ xarticles:keyword-native-latest:p7  bal_after=9176334  spent=0c ($0.0)  count=20
  ↳ xarticles:keyword-native-latest:p8  bal_before=9176334  est=300c
  ↳ xarticles:keyword-native-latest:p8  bal_after=9176334  spent=0c ($0.0)  count=20
  ↳ xarticles:keyword-native-latest:p9  bal_before=9176334  est=300c
  ↳ xarticles:keyword-native-latest:p9  bal_after=9176334  spent=0c ($0.0)  count=19
  ↳ xarticles:keyword-native-latest:p10  bal_before=9176334  est=300c
  ↳ xarticles:keyword-native-latest:p10  bal_after=9176334  spent=0c ($0.0)  count=20
  ↳ xarticles:keyword-native-latest:p11  bal_before=9176334  est=300c
  ↳ xarticles:keyword-native-latest:p11  bal_after=9176334  spent=0c ($0.0)  count=20
  ↳ xarticles:keyword-native-latest:p12  bal_before=9176334  est=300c
  ↳ xarticles:keyword-native-latest:p12  bal_after=9176334  spent=0c ($0.0)  count=20
  ↳ xarticles:keyword-native-latest:p13  bal_before=9176334  est=300c
  ↳ xarticles:keyword-native-latest:p13  bal_after=9176334  spent=0c ($0.0)  count=20
  ↳ STOP ladder: 126 distinct qualified articles >= max 100
  ↳ xarticles:author-baseline:kunley_drukpa  bal_before=9176334  est=300c
  ↳ xarticles:author-baseline:kunley_drukpa  bal_after=9176334  spent=0c ($0.0)  count=19
  ↳ xarticles:author-baseline:kunley_drukpa  bal_before=9176334  est=300c
  ↳ xarticles:author-baseline:kunley_drukpa  bal_after=9171294  spent=5040c ($0.0504)  count=19
  ↳ xarticles:author-baseline:MossAI_Official  bal_before=9171294  est=300c
  ↳ xarticles:author-baseline:MossAI_Official  bal_after=9171294  spent=0c ($0.0)  count=20
  ↳ xarticles:author-baseline:MossAI_Official  bal_before=9171294  est=300c
  ↳ xarticles:author-baseline:MossAI_Official  bal_after=9171294  spent=0c ($0.0)  count=20
  ↳ xarticles:author-baseline:CarOnPolymarket  bal_before=9171294  est=300c
  ↳ xarticles:author-baseline:CarOnPolymarket  bal_after=9171294  spent=0c ($0.0)  count=20
  ↳ xarticles:author-baseline:ofc_the_club  bal_before=9171294  est=300c
  ↳ xarticles:author-baseline:ofc_the_club  bal_after=9171294  spent=0c ($0.0)  count=20
  ↳ xarticles:author-baseline:nic_carter  bal_before=9171294  est=300c
  ↳ xarticles:author-baseline:nic_carter  bal_after=9171294  spent=0c ($0.0)  count=20
  ↳ xarticles:author-baseline:Jackhaldorsson  bal_before=9171294  est=300c
  ↳ xarticles:author-baseline:Jackhaldorsson  bal_after=9171294  spent=0c ($0.0)  count=20
  ↳ xarticles:author-baseline:EMEBOK_  bal_before=9171294  est=300c
  ↳ xarticles:author-baseline:EMEBOK_  bal_after=9171294  spent=0c ($0.0)  count=20
  ↳ xarticles:author-baseline:Inoosota  bal_before=9171294  est=300c
  ↳ xarticles:author-baseline:Inoosota  bal_after=9171294  spent=0c ($0.0)  count=20
  ↳ xarticles:author-baseline:kabNFA  bal_before=9171294  est=300c
  ↳ xarticles:author-baseline:kabNFA  bal_after=9171294  spent=0c ($0.0)  count=20
  ↳ xarticles:author-baseline:waveking1314  bal_before=9171294  est=300c
  ↳ xarticles:author-baseline:waveking1314  bal_after=9171294  spent=0c ($0.0)  count=20
  ↳ xarticles:author-baseline:EMEBOK_  bal_before=9171294  est=300c
  ↳ xarticles:author-baseline:EMEBOK_  bal_after=9171294  spent=0c ($0.0)  count=20
  ↳ xarticles:author-baseline:Atenov_D  bal_before=9171294  est=300c
  ↳ xarticles:author-baseline:Atenov_D  bal_after=9171294  spent=0c ($0.0)  count=20
  ↳ xarticles:author-baseline:_Polygun_  bal_before=9171294  est=300c
  ↳ xarticles:author-baseline:_Polygun_  bal_after=9171294  spent=0c ($0.0)  count=20
  ↳ xarticles:author-baseline:Iamceejaymac  bal_before=9171294  est=300c
  ↳ xarticles:author-baseline:Iamceejaymac  bal_after=9171294  spent=0c ($0.0)  count=20
  ↳ xarticles:author-baseline:predikt_gg  bal_before=9171294  est=300c
  ↳ xarticles:author-baseline:predikt_gg  bal_after=9166824  spent=4470c ($0.0447)  count=20
  ↳ xarticles:author-baseline:blocmates  bal_before=9166824  est=300c
  ↳ xarticles:author-baseline:blocmates  bal_after=9166824  spent=0c ($0.0)  count=20
  ↳ xarticles:author-baseline:0xbobaaa  bal_before=9166824  est=300c
  ↳ xarticles:author-baseline:0xbobaaa  bal_after=9166824  spent=0c ($0.0)  count=20
  ↳ xarticles:author-baseline:Counselor_Ayo  bal_before=9166824  est=300c
  ↳ xarticles:author-baseline:Counselor_Ayo  bal_after=9166824  spent=0c ($0.0)  count=20
  ↳ xarticles:author-baseline:Defi_Warhol  bal_before=9166824  est=300c
  ↳ xarticles:author-baseline:Defi_Warhol  bal_after=9166824  spent=0c ($0.0)  count=20
  ↳ xarticles:author-baseline:lucianlamp  bal_before=9166824  est=300c
  ↳ xarticles:author-baseline:lucianlamp  bal_after=9166824  spent=0c ($0.0)  count=20
  ↳ xarticles:author-baseline:bl888m  bal_before=9166824  est=300c
  ↳ xarticles:author-baseline:bl888m  bal_after=9166824  spent=0c ($0.0)  count=20
  ↳ xarticles:author-baseline:Baheet_  bal_before=9166824  est=300c
  ↳ xarticles:author-baseline:Baheet_  bal_after=9166824  spent=0c ($0.0)  count=20
  ↳ xarticles:author-baseline:predicttime_  bal_before=9166824  est=300c
  ↳ xarticles:author-baseline:predicttime_  bal_after=9166824  spent=0c ($0.0)  count=20
  ↳ xarticles:author-baseline:alanwu  bal_before=9166824  est=300c
  ↳ xarticles:author-baseline:alanwu  bal_after=9166824  spent=0c ($0.0)  count=20
  ↳ xarticles:author-baseline:Baheet_  bal_before=9166824  est=300c
  ↳ xarticles:author-baseline:Baheet_  bal_after=9166824  spent=0c ($0.0)  count=20
  ↳ xarticles:author-baseline:schemacap  bal_before=9166824  est=300c
  ↳ xarticles:author-baseline:schemacap  bal_after=9166824  spent=0c ($0.0)  count=5
  ↳ xarticles:author-baseline:netrovertHQ  bal_before=9166824  est=300c
  ↳ xarticles:author-baseline:netrovertHQ  bal_after=9163524  spent=3300c ($0.033)  count=20
  ↳ xarticles:author-baseline:AloneWrites_  bal_before=9163524  est=300c
  ↳ xarticles:author-baseline:AloneWrites_  bal_after=9163524  spent=0c ($0.0)  count=20
  ↳ xarticles:author-baseline:maqxbt  bal_before=9163524  est=300c
  ↳ xarticles:author-baseline:maqxbt  bal_after=9163524  spent=0c ($0.0)  count=20
  ↳ xarticles:author-baseline:BimbaCrypto  bal_before=9163524  est=300c
  ↳ xarticles:author-baseline:BimbaCrypto  bal_after=9163524  spent=0c ($0.0)  count=20
  ↳ xarticles:author-baseline:InsightXHQ  bal_before=9163524  est=300c
  ↳ xarticles:author-baseline:InsightXHQ  bal_after=9163524  spent=0c ($0.0)  count=20
  ↳ xarticles:author-baseline:vorpal_onchain  bal_before=9163524  est=300c
  ↳ xarticles:author-baseline:vorpal_onchain  bal_after=9163524  spent=0c ($0.0)  count=20
  ↳ xarticles:author-baseline:Baheet_  bal_before=9163524  est=300c
  ↳ xarticles:author-baseline:Baheet_  bal_after=9163524  spent=0c ($0.0)  count=20
  ↳ xarticles:author-baseline:coinshooot  bal_before=9163524  est=300c
  ↳ xarticles:author-baseline:coinshooot  bal_after=9163524  spent=0c ($0.0)  count=20
  ↳ xarticles:author-baseline:polysuccubus  bal_before=9163524  est=300c
  ↳ xarticles:author-baseline:polysuccubus  bal_after=9163524  spent=0c ($0.0)  count=20
  ↳ xarticles:author-baseline:goldengoalsol  bal_before=9163524  est=300c
  ↳ xarticles:author-baseline:goldengoalsol  bal_after=9163524  spent=0c ($0.0)  count=20
  ↳ xarticles:author-baseline:Emotion_web3  bal_before=9163524  est=300c
  ↳ xarticles:author-baseline:Emotion_web3  bal_after=9163524  spent=0c ($0.0)  count=20
  ↳ xarticles:author-baseline:almanac_market  bal_before=9163524  est=300c
  ↳ xarticles:author-baseline:almanac_market  bal_after=9163524  spent=0c ($0.0)  count=20
  ↳ xarticles:author-baseline:Sobix1313  bal_before=9163524  est=300c
  ↳ xarticles:author-baseline:Sobix1313  bal_after=9163524  spent=0c ($0.0)  count=20
  ↳ xarticles:author-baseline:hmalviya9  bal_before=9163524  est=300c
  ↳ xarticles:author-baseline:hmalviya9  bal_after=9163524  spent=0c ($0.0)  count=20
  ↳ xarticles:author-baseline:whydeso  bal_before=9163524  est=300c
  ↳ xarticles:author-baseline:whydeso  bal_after=9159549  spent=3975c ($0.0398)  count=20
  ↳ xarticles:author-baseline:bolsaverse  bal_before=9159549  est=300c
  ↳ xarticles:author-baseline:bolsaverse  bal_after=9159549  spent=0c ($0.0)  count=20
  ↳ xarticles:author-baseline:zeuuss_01  bal_before=9159549  est=300c
  ↳ xarticles:author-baseline:zeuuss_01  bal_after=9159549  spent=0c ($0.0)  count=20
  ↳ xarticles:author-baseline:epochdotm  bal_before=9159549  est=300c
  ↳ xarticles:author-baseline:epochdotm  bal_after=9159549  spent=0c ($0.0)  count=5
  ↳ xarticles:author-baseline:jdorman81  bal_before=9159549  est=300c
  ↳ xarticles:author-baseline:jdorman81  bal_after=9159549  spent=0c ($0.0)  count=20
  ↳ xarticles:author-baseline:drewcrawford_  bal_before=9159549  est=300c
  ↳ xarticles:author-baseline:drewcrawford_  bal_after=9159549  spent=0c ($0.0)  count=20
  ↳ xarticles:author-baseline:stacyonchain  bal_before=9159549  est=300c
  ↳ xarticles:author-baseline:stacyonchain  bal_after=9159549  spent=0c ($0.0)  count=20
  ↳ xarticles:author-baseline:arespro  bal_before=9159549  est=300c
  ↳ xarticles:author-baseline:arespro  bal_after=9159549  spent=0c ($0.0)  count=20
  ↳ xarticles:author-baseline:fortuneglobal_  bal_before=9159549  est=300c
  ↳ xarticles:author-baseline:fortuneglobal_  bal_after=9159549  spent=0c ($0.0)  count=20
  ↳ xarticles:author-baseline:OmenX_Official  bal_before=9159549  est=300c
  ↳ xarticles:author-baseline:OmenX_Official  bal_after=9159549  spent=0c ($0.0)  count=20
  ↳ xarticles:author-baseline:whydeso  bal_before=9159549  est=300c
  ↳ xarticles:author-baseline:whydeso  bal_after=9159549  spent=0c ($0.0)  count=20
  ↳ xarticles:author-baseline:c_smartrex  bal_before=9159549  est=300c
  ↳ xarticles:author-baseline:c_smartrex  bal_after=9159549  spent=0c ($0.0)  count=20
  ↳ xarticles:author-baseline:nabi_sarvi  bal_before=9159549  est=300c
  ↳ xarticles:author-baseline:nabi_sarvi  bal_after=9156174  spent=3375c ($0.0338)  count=20
  ↳ xarticles:author-baseline:mr_bullishh  bal_before=9156174  est=300c
  ↳ xarticles:author-baseline:mr_bullishh  bal_after=9156174  spent=0c ($0.0)  count=20
  ↳ xarticles:author-baseline:BitMartExchange  bal_before=9156174  est=300c
  ↳ xarticles:author-baseline:BitMartExchange  bal_after=9156174  spent=0c ($0.0)  count=20
  ↳ xarticles:author-baseline:wormwtf  bal_before=9156174  est=300c
  ↳ xarticles:author-baseline:wormwtf  bal_after=9156174  spent=0c ($0.0)  count=20
  ↳ xarticles:author-baseline:HONKA_YO  bal_before=9156174  est=300c
  ↳ xarticles:author-baseline:HONKA_YO  bal_after=9156174  spent=0c ($0.0)  count=19
  ↳ xarticles:author-baseline:crptAtlas  bal_before=9156174  est=300c
  ↳ xarticles:author-baseline:crptAtlas  bal_after=9156174  spent=0c ($0.0)  count=20
  ↳ xarticles:author-baseline:varl999  bal_before=9156174  est=300c
  ↳ xarticles:author-baseline:varl999  bal_after=9156174  spent=0c ($0.0)  count=20
  ↳ xarticles:author-baseline:0xsolvix  bal_before=9156174  est=300c
  ↳ xarticles:author-baseline:0xsolvix  bal_after=9156174  spent=0c ($0.0)  count=20
  ↳ xarticles:author-baseline:polykinder  bal_before=9156174  est=300c
  ↳ xarticles:author-baseline:polykinder  bal_after=9156174  spent=0c ($0.0)  count=20
  ↳ xarticles:author-baseline:cupdiction  bal_before=9156174  est=300c
  ↳ xarticles:author-baseline:cupdiction  bal_after=9156174  spent=0c ($0.0)  count=20
  ↳ xarticles:author-baseline:almanac_market  bal_before=9156174  est=300c
  ↳ xarticles:author-baseline:almanac_market  bal_after=9156174  spent=0c ($0.0)  count=20
  ↳ xarticles:author-baseline:ARKInvest  bal_before=9156174  est=300c
  ↳ xarticles:author-baseline:ARKInvest  bal_after=9156174  spent=0c ($0.0)  count=20
  ↳ xarticles:author-baseline:robinmarketsxyz  bal_before=9156174  est=300c
  ↳ xarticles:author-baseline:robinmarketsxyz  bal_after=9152889  spent=3285c ($0.0328)  count=20
  ↳ xarticles:author-baseline:Jun__Yoo  bal_before=9152889  est=300c
  ↳ xarticles:author-baseline:Jun__Yoo  bal_after=9152889  spent=0c ($0.0)  count=20
  ↳ xarticles:author-baseline:OAK_Res  bal_before=9152889  est=300c
  ↳ xarticles:author-baseline:OAK_Res  bal_after=9152889  spent=0c ($0.0)  count=20
  ↳ xarticles:author-baseline:_DeepWood_  bal_before=9152889  est=300c
  ↳ xarticles:author-baseline:_DeepWood_  bal_after=9152889  spent=0c ($0.0)  count=20
  ↳ xarticles:author-baseline:longshotfun  bal_before=9152889  est=300c
  ↳ xarticles:author-baseline:longshotfun  bal_after=9152889  spent=0c ($0.0)  count=9
  ↳ xarticles:author-baseline:polyweatheryuan  bal_before=9152889  est=300c
  ↳ xarticles:author-baseline:polyweatheryuan  bal_after=9152889  spent=0c ($0.0)  count=20
  ↳ xarticles:author-baseline:coin_post  bal_before=9152889  est=300c
  ↳ xarticles:author-baseline:coin_post  bal_after=9152889  spent=0c ($0.0)  count=20
  ↳ xarticles:author-baseline:whydeso  bal_before=9152889  est=300c
  ↳ xarticles:author-baseline:whydeso  bal_after=9152889  spent=0c ($0.0)  count=20
  ↳ xarticles:author-baseline:SerrCoker_1  bal_before=9152889  est=300c
  ↳ xarticles:author-baseline:SerrCoker_1  bal_after=9152889  spent=0c ($0.0)  count=20
  ↳ xarticles:author-baseline:GodEyeDotFun  bal_before=9152889  est=300c
  ↳ xarticles:author-baseline:GodEyeDotFun  bal_after=9152889  spent=0c ($0.0)  count=20
  ↳ xarticles:author-baseline:0xMagicMaker  bal_before=9152889  est=300c
  ↳ xarticles:author-baseline:0xMagicMaker  bal_after=9152889  spent=0c ($0.0)  count=15
  ↳ xarticles:author-baseline:deepitreal  bal_before=9152889  est=300c
  ↳ xarticles:author-baseline:deepitreal  bal_after=9149154  spent=3735c ($0.0374)  count=20
  ↳ xarticles:author-baseline:HeyEmma33  bal_before=9149154  est=300c
  ↳ xarticles:author-baseline:HeyEmma33  bal_after=9149154  spent=0c ($0.0)  count=20
  ↳ xarticles:author-baseline:DG3_terminal  bal_before=9149154  est=300c
  ↳ xarticles:author-baseline:DG3_terminal  bal_after=9149154  spent=0c ($0.0)  count=20
  ↳ xarticles:author-baseline:arespro  bal_before=9149154  est=300c
  ↳ xarticles:author-baseline:arespro  bal_after=9149154  spent=0c ($0.0)  count=20
  ↳ xarticles:author-baseline:questflow  bal_before=9149154  est=300c
  ↳ xarticles:author-baseline:questflow  bal_after=9149154  spent=0c ($0.0)  count=20
  ↳ xarticles:author-baseline:Crypto_Briefing  bal_before=9149154  est=300c
  ↳ xarticles:author-baseline:Crypto_Briefing  bal_after=9149154  spent=0c ($0.0)  count=20
  ↳ xarticles:author-baseline:minmax_one  bal_before=9149154  est=300c
  ↳ xarticles:author-baseline:minmax_one  bal_after=9149154  spent=0c ($0.0)  count=20
  ↳ xarticles:author-baseline:GoodCryptoApp  bal_before=9149154  est=300c
  ↳ xarticles:author-baseline:GoodCryptoApp  bal_after=9149154  spent=0c ($0.0)  count=20
  ↳ xarticles:author-baseline:nik0x78  bal_before=9149154  est=300c
  ↳ xarticles:author-baseline:nik0x78  bal_after=9149154  spent=0c ($0.0)  count=20
  ↳ xarticles:author-baseline:StandDOTtrade  bal_before=9149154  est=300c
  ↳ xarticles:author-baseline:StandDOTtrade  bal_after=9149154  spent=0c ($0.0)  count=20
  ↳ xarticles:author-baseline:10dimes_  bal_before=9149154  est=300c
  ↳ xarticles:author-baseline:10dimes_  bal_after=9149154  spent=0c ($0.0)  count=10
  ↳ xarticles:author-baseline:0xMiraqle  bal_before=9149154  est=300c
  ↳ xarticles:author-baseline:0xMiraqle  bal_after=9149154  spent=0c ($0.0)  count=11
  ↳ xarticles:author-baseline:frenflow  bal_before=9149154  est=300c
  ↳ xarticles:author-baseline:frenflow  bal_after=9149154  spent=0c ($0.0)  count=20
  ↳ xarticles:author-baseline:brimdex  bal_before=9149154  est=300c
  ↳ xarticles:author-baseline:brimdex  bal_after=9149154  spent=0c ($0.0)  count=6
  ↳ xarticles:author-baseline:MarttinChriste1  bal_before=9149154  est=300c
  ↳ xarticles:author-baseline:MarttinChriste1  bal_after=9145314  spent=3840c ($0.0384)  count=20
  ↳ xarticles:author-baseline:0xtemmy_  bal_before=9145314  est=300c
  ↳ xarticles:author-baseline:0xtemmy_  bal_after=9145314  spent=0c ($0.0)  count=20
  ↳ xarticles:author-baseline:martchelo_eth  bal_before=9145314  est=300c
  ↳ xarticles:author-baseline:martchelo_eth  bal_after=9145314  spent=0c ($0.0)  count=1
  ↳ xarticles:author-baseline:searched_press  bal_before=9145314  est=300c
  ↳ xarticles:author-baseline:searched_press  bal_after=9145314  spent=0c ($0.0)  count=20
  ↳ xarticles:author-baseline:Early_Riders  bal_before=9145314  est=300c
  ↳ xarticles:author-baseline:Early_Riders  bal_after=9145314  spent=0c ($0.0)  count=20
  ↳ xarticles:author-baseline:0xPtts  bal_before=9145314  est=300c
  ↳ xarticles:author-baseline:0xPtts  bal_after=9145314  spent=0c ($0.0)  count=20
  ↳ xarticles:author-baseline:BSCNews  bal_before=9145314  est=300c
  ↳ xarticles:author-baseline:BSCNews  bal_after=9145314  spent=0c ($0.0)  count=20
  ↳ xarticles:author-baseline:rajkaria_  bal_before=9145314  est=300c
  ↳ xarticles:author-baseline:rajkaria_  bal_after=9145314  spent=0c ($0.0)  count=20
  ↳ xarticles:author-baseline:Prediction_eth  bal_before=9145314  est=300c
  ↳ xarticles:author-baseline:Prediction_eth  bal_after=9145314  spent=0c ($0.0)  count=18
{
  "date": "2026-06-09",
  "niche": "polymarket-30d",
  "out_dir": "/Users/maxguillabert/Downloads/index/docs/x-targeting/x_articles/2026-06-09/polymarket-30d",
  "tweets": 4394,
  "native_x_articles": 100,
  "top": {
    "tweet_id": "2063185095037481429",
    "tweet_url": "https://x.com/_Polygun_/status/2063185095037481429",
    "article_url": "https://x.com/i/article/2063182914251083776",
    "title": "PolyGun Introduces Advanced Copy Trading for Polymarket",
    "preview_text": "🔵 The Polymarket trading landscape is evolving.\nToday, PolyGun introduces a simpler way to track wallets, copy trades, and manage positions directly from Telegram. Designed for speed and convenience,",
    "cover_media_img_url": "https://pbs.twimg.com/media/HKHmVa1WcAAdvzB.jpg",
    "author": "_Polygun_",
    "author_name": "PolyGun",
    "author_followers": 344,
    "created_at": "Sat Jun 06 09:03:53 +0000 2026",
    "likes": 6,
    "retweets": 1,
    "replies": 0,
    "quotes": 80,
    "bookmarks": 3,
    "views": 297559,
    "query_label": "keyword-native-latest",
    "engagement": 90,
    "weighted_engagement": 171,
    "engagement_per_1k_views": 0.302,
    "score": 270.1863333333333,
    "author_avg_views_last10": 2032.1,
    "author_avg_views_min_age_hours": 4,
    "views_per_1k_followers": 864997.093,
    "views_vs_author_avg": 146.429,
    "outlier_score": 879640.295
  }
}
wrote /Users/maxguillabert/Downloads/index/docs/x-targeting/x_articles/2026-06-09/polymarket-30d/by-likes.md (100 articles)
wrote /Users/maxguillabert/Downloads/index/docs/x-targeting/x_articles/2026-06-09/polymarket-30d/by-views.md (100 articles)
date: illegal option -- -
usage: date [-jnRu] [-I[date|hours|minutes|seconds|ns]] [-f input_fmt]
            [ -z output_zone ] [-r filename|seconds] [-v[+|-]val[y|m|w|d|H|M|S]]
            [[[[mm]dd]HH]MM[[cc]yy][.SS] | new_date] [+output_fmt]
[] monthly fetch niche=pumpfun-30d date=2026-06-09 max=100

### rt-gte-500 [Top] x5p min_retweets:500 url:x.com/i/article since:2026-05-11 -is:retweet
  ↳ xarticles:rt-gte-500:p0  bal_before=9145314  est=300c
  ↳ xarticles:rt-gte-500:p0  bal_after=9145314  spent=0c ($0.0)  count=20
  ↳ xarticles:rt-gte-500:p1  bal_before=9145314  est=300c
  ↳ xarticles:rt-gte-500:p1  bal_after=9145314  spent=0c ($0.0)  count=20
  ↳ xarticles:rt-gte-500:p2  bal_before=9145314  est=300c
  ↳ xarticles:rt-gte-500:p2  bal_after=9145314  spent=0c ($0.0)  count=20
  ↳ xarticles:rt-gte-500:p3  bal_before=9145314  est=300c
  ↳ xarticles:rt-gte-500:p3  bal_after=9145314  spent=0c ($0.0)  count=11
  ↳ xarticles:rt-gte-500:p4  bal_before=9145314  est=300c
  ↳ xarticles:rt-gte-500:p4  bal_after=9145314  spent=0c ($0.0)  count=5

### rt-gte-500-latest [Latest] x14p min_retweets:500 url:x.com/i/article since:2026-05-11 -is:retweet
  ↳ xarticles:rt-gte-500-latest:p0  bal_before=9145314  est=300c
  ↳ xarticles:rt-gte-500-latest:p0  bal_after=9145314  spent=0c ($0.0)  count=15
  ↳ xarticles:rt-gte-500-latest:p1  bal_before=9145314  est=300c
  ↳ xarticles:rt-gte-500-latest:p1  bal_after=9141774  spent=3540c ($0.0354)  count=15
  ↳ xarticles:rt-gte-500-latest:p2  bal_before=9141774  est=300c
  ↳ xarticles:rt-gte-500-latest:p2  bal_after=9141774  spent=0c ($0.0)  count=18
  ↳ xarticles:rt-gte-500-latest:p3  bal_before=9141774  est=300c
  ↳ xarticles:rt-gte-500-latest:p3  bal_after=9141774  spent=0c ($0.0)  count=20
  ↳ xarticles:rt-gte-500-latest:p4  bal_before=9141774  est=300c
  ↳ xarticles:rt-gte-500-latest:p4  bal_after=9141774  spent=0c ($0.0)  count=20
  ↳ xarticles:rt-gte-500-latest:p5  bal_before=9141774  est=300c
  ↳ xarticles:rt-gte-500-latest:p5  bal_after=9141774  spent=0c ($0.0)  count=20
  ↳ xarticles:rt-gte-500-latest:p6  bal_before=9141774  est=300c
  ↳ xarticles:rt-gte-500-latest:p6  bal_after=9141774  spent=0c ($0.0)  count=20
  ↳ xarticles:rt-gte-500-latest:p7  bal_before=9141774  est=300c
  ↳ xarticles:rt-gte-500-latest:p7  bal_after=9141774  spent=0c ($0.0)  count=20
  ↳ xarticles:rt-gte-500-latest:p8  bal_before=9141774  est=300c
  ↳ xarticles:rt-gte-500-latest:p8  bal_after=9141774  spent=0c ($0.0)  count=13
  ↳ xarticles:rt-gte-500-latest:p9  bal_before=9141774  est=300c
  ↳ xarticles:rt-gte-500-latest:p9  bal_after=9141774  spent=0c ($0.0)  count=0

### rt-gte-200 [Top] x5p min_retweets:200 url:x.com/i/article since:2026-05-11 -is:retweet
  ↳ xarticles:rt-gte-200:p0  bal_before=9141774  est=300c
  ↳ xarticles:rt-gte-200:p0  bal_after=9141774  spent=0c ($0.0)  count=20
  ↳ xarticles:rt-gte-200:p1  bal_before=9141774  est=300c
  ↳ xarticles:rt-gte-200:p1  bal_after=9141774  spent=0c ($0.0)  count=20
  ↳ xarticles:rt-gte-200:p2  bal_before=9141774  est=300c
  ↳ xarticles:rt-gte-200:p2  bal_after=9141774  spent=0c ($0.0)  count=20
  ↳ xarticles:rt-gte-200:p3  bal_before=9141774  est=300c
  ↳ xarticles:rt-gte-200:p3  bal_after=9141774  spent=0c ($0.0)  count=20
  ↳ xarticles:rt-gte-200:p4  bal_before=9141774  est=300c
  ↳ xarticles:rt-gte-200:p4  bal_after=9141774  spent=0c ($0.0)  count=14

### rt-gte-200-latest [Latest] x14p min_retweets:200 url:x.com/i/article since:2026-05-11 -is:retweet
  ↳ xarticles:rt-gte-200-latest:p0  bal_before=9141774  est=300c
  ↳ xarticles:rt-gte-200-latest:p0  bal_after=9141774  spent=0c ($0.0)  count=13
  ↳ xarticles:rt-gte-200-latest:p1  bal_before=9141774  est=300c
  ↳ xarticles:rt-gte-200-latest:p1  bal_after=9141774  spent=0c ($0.0)  count=18
  ↳ xarticles:rt-gte-200-latest:p2  bal_before=9141774  est=300c
  ↳ xarticles:rt-gte-200-latest:p2  bal_after=9141774  spent=0c ($0.0)  count=19
  ↳ xarticles:rt-gte-200-latest:p3  bal_before=9141774  est=300c
  ↳ xarticles:rt-gte-200-latest:p3  bal_after=9141774  spent=0c ($0.0)  count=17
  ↳ xarticles:rt-gte-200-latest:p4  bal_before=9141774  est=300c
  ↳ xarticles:rt-gte-200-latest:p4  bal_after=9137394  spent=4380c ($0.0438)  count=20
  ↳ xarticles:rt-gte-200-latest:p5  bal_before=9137394  est=300c
  ↳ xarticles:rt-gte-200-latest:p5  bal_after=9137394  spent=0c ($0.0)  count=16
  ↳ xarticles:rt-gte-200-latest:p6  bal_before=9137394  est=300c
  ↳ xarticles:rt-gte-200-latest:p6  bal_after=9137394  spent=0c ($0.0)  count=16
  ↳ xarticles:rt-gte-200-latest:p7  bal_before=9137394  est=300c
  ↳ xarticles:rt-gte-200-latest:p7  bal_after=9137394  spent=0c ($0.0)  count=20
  ↳ xarticles:rt-gte-200-latest:p8  bal_before=9137394  est=300c
  ↳ xarticles:rt-gte-200-latest:p8  bal_after=9137394  spent=0c ($0.0)  count=20
  ↳ xarticles:rt-gte-200-latest:p9  bal_before=9137394  est=300c
  ↳ xarticles:rt-gte-200-latest:p9  bal_after=9137394  spent=0c ($0.0)  count=20
  ↳ xarticles:rt-gte-200-latest:p10  bal_before=9137394  est=300c
  ↳ xarticles:rt-gte-200-latest:p10  bal_after=9137394  spent=0c ($0.0)  count=20
  ↳ xarticles:rt-gte-200-latest:p11  bal_before=9137394  est=300c
  ↳ xarticles:rt-gte-200-latest:p11  bal_after=9137394  spent=0c ($0.0)  count=20
  ↳ xarticles:rt-gte-200-latest:p12  bal_before=9137394  est=300c
  ↳ xarticles:rt-gte-200-latest:p12  bal_after=9137394  spent=0c ($0.0)  count=20
  ↳ xarticles:rt-gte-200-latest:p13  bal_before=9137394  est=300c
  ↳ xarticles:rt-gte-200-latest:p13  bal_after=9137394  spent=0c ($0.0)  count=19

### rt-gte-100 [Top] x5p min_retweets:100 url:x.com/i/article since:2026-05-11 -is:retweet
  ↳ xarticles:rt-gte-100:p0  bal_before=9137394  est=300c
  ↳ xarticles:rt-gte-100:p0  bal_after=9137394  spent=0c ($0.0)  count=20
  ↳ xarticles:rt-gte-100:p1  bal_before=9137394  est=300c
  ↳ xarticles:rt-gte-100:p1  bal_after=9137394  spent=0c ($0.0)  count=20
  ↳ xarticles:rt-gte-100:p2  bal_before=9137394  est=300c
  ↳ xarticles:rt-gte-100:p2  bal_after=9137394  spent=0c ($0.0)  count=20
  ↳ xarticles:rt-gte-100:p3  bal_before=9137394  est=300c
  ↳ xarticles:rt-gte-100:p3  bal_after=9137394  spent=0c ($0.0)  count=20
  ↳ xarticles:rt-gte-100:p4  bal_before=9137394  est=300c
  ↳ xarticles:rt-gte-100:p4  bal_after=9137394  spent=0c ($0.0)  count=18

### rt-gte-100-latest [Latest] x14p min_retweets:100 url:x.com/i/article since:2026-05-11 -is:retweet
  ↳ xarticles:rt-gte-100-latest:p0  bal_before=9137394  est=300c
  ↳ xarticles:rt-gte-100-latest:p0  bal_after=9137394  spent=0c ($0.0)  count=15
  ↳ xarticles:rt-gte-100-latest:p1  bal_before=9137394  est=300c
  ↳ xarticles:rt-gte-100-latest:p1  bal_after=9137394  spent=0c ($0.0)  count=18
  ↳ xarticles:rt-gte-100-latest:p2  bal_before=9137394  est=300c
  ↳ xarticles:rt-gte-100-latest:p2  bal_after=9132519  spent=4875c ($0.0488)  count=17
  ↳ xarticles:rt-gte-100-latest:p3  bal_before=9132519  est=300c
  ↳ xarticles:rt-gte-100-latest:p3  bal_after=9132519  spent=0c ($0.0)  count=20
  ↳ xarticles:rt-gte-100-latest:p4  bal_before=9132519  est=300c
  ↳ xarticles:rt-gte-100-latest:p4  bal_after=9132519  spent=0c ($0.0)  count=20
  ↳ xarticles:rt-gte-100-latest:p5  bal_before=9132519  est=300c
  ↳ xarticles:rt-gte-100-latest:p5  bal_after=9132519  spent=0c ($0.0)  count=20
  ↳ xarticles:rt-gte-100-latest:p6  bal_before=9132519  est=300c
  ↳ xarticles:rt-gte-100-latest:p6  bal_after=9130869  spent=1650c ($0.0165)  count=19
  ↳ xarticles:rt-gte-100-latest:p7  bal_before=9130869  est=300c
  ↳ xarticles:rt-gte-100-latest:p7  bal_after=9130869  spent=0c ($0.0)  count=17
  ↳ xarticles:rt-gte-100-latest:p8  bal_before=9130869  est=300c
  ↳ xarticles:rt-gte-100-latest:p8  bal_after=9130869  spent=0c ($0.0)  count=20
  ↳ xarticles:rt-gte-100-latest:p9  bal_before=9130869  est=300c
  ↳ xarticles:rt-gte-100-latest:p9  bal_after=9130869  spent=0c ($0.0)  count=18
  ↳ xarticles:rt-gte-100-latest:p10  bal_before=9130869  est=300c
  ↳ xarticles:rt-gte-100-latest:p10  bal_after=9130869  spent=0c ($0.0)  count=20
  ↳ xarticles:rt-gte-100-latest:p11  bal_before=9130869  est=300c
  ↳ xarticles:rt-gte-100-latest:p11  bal_after=9130869  spent=0c ($0.0)  count=18
  ↳ xarticles:rt-gte-100-latest:p12  bal_before=9130869  est=300c
  ↳ xarticles:rt-gte-100-latest:p12  bal_after=9130869  spent=0c ($0.0)  count=19
  ↳ xarticles:rt-gte-100-latest:p13  bal_before=9130869  est=300c
  ↳ xarticles:rt-gte-100-latest:p13  bal_after=9130869  spent=0c ($0.0)  count=20

### likes-gte-5000 [Top] x5p min_faves:5000 url:x.com/i/article since:2026-05-11 -is:retweet
  ↳ xarticles:likes-gte-5000:p0  bal_before=9130869  est=300c
  ↳ xarticles:likes-gte-5000:p0  bal_after=9130869  spent=0c ($0.0)  count=18
  ↳ xarticles:likes-gte-5000:p1  bal_before=9130869  est=300c
  ↳ xarticles:likes-gte-5000:p1  bal_after=9130869  spent=0c ($0.0)  count=17
  ↳ xarticles:likes-gte-5000:p2  bal_before=9130869  est=300c
  ↳ xarticles:likes-gte-5000:p2  bal_after=9130869  spent=0c ($0.0)  count=20
  ↳ xarticles:likes-gte-5000:p3  bal_before=9130869  est=300c
  ↳ xarticles:likes-gte-5000:p3  bal_after=9130869  spent=0c ($0.0)  count=20
  ↳ xarticles:likes-gte-5000:p4  bal_before=9130869  est=300c
  ↳ xarticles:likes-gte-5000:p4  bal_after=9130869  spent=0c ($0.0)  count=20

### likes-gte-5000-latest [Latest] x14p min_faves:5000 url:x.com/i/article since:2026-05-11 -is:retweet
  ↳ xarticles:likes-gte-5000-latest:p0  bal_before=9130869  est=300c
  ↳ xarticles:likes-gte-5000-latest:p0  bal_after=9130869  spent=0c ($0.0)  count=20
  ↳ xarticles:likes-gte-5000-latest:p1  bal_before=9130869  est=300c
  ↳ xarticles:likes-gte-5000-latest:p1  bal_after=9130869  spent=0c ($0.0)  count=20
  ↳ xarticles:likes-gte-5000-latest:p2  bal_before=9130869  est=300c
  ↳ xarticles:likes-gte-5000-latest:p2  bal_after=9130869  spent=0c ($0.0)  count=19
  ↳ xarticles:likes-gte-5000-latest:p3  bal_before=9130869  est=300c
  ↳ xarticles:likes-gte-5000-latest:p3  bal_after=9130869  spent=0c ($0.0)  count=0

### likes-gte-2000 [Top] x5p min_faves:2000 url:x.com/i/article since:2026-05-11 -is:retweet
  ↳ xarticles:likes-gte-2000:p0  bal_before=9126879  est=300c
  ↳ xarticles:likes-gte-2000:p0  bal_after=9126879  spent=0c ($0.0)  count=20
  ↳ xarticles:likes-gte-2000:p1  bal_before=9126879  est=300c
  ↳ xarticles:likes-gte-2000:p1  bal_after=9126879  spent=0c ($0.0)  count=20
  ↳ xarticles:likes-gte-2000:p2  bal_before=9126879  est=300c
  ↳ xarticles:likes-gte-2000:p2  bal_after=9126879  spent=0c ($0.0)  count=20
  ↳ xarticles:likes-gte-2000:p3  bal_before=9126879  est=300c
  ↳ xarticles:likes-gte-2000:p3  bal_after=9126879  spent=0c ($0.0)  count=20
  ↳ xarticles:likes-gte-2000:p4  bal_before=9126879  est=300c
  ↳ xarticles:likes-gte-2000:p4  bal_after=9126879  spent=0c ($0.0)  count=19

### likes-gte-2000-latest [Latest] x14p min_faves:2000 url:x.com/i/article since:2026-05-11 -is:retweet
  ↳ xarticles:likes-gte-2000-latest:p0  bal_before=9126879  est=300c
  ↳ xarticles:likes-gte-2000-latest:p0  bal_after=9126879  spent=0c ($0.0)  count=20
  ↳ xarticles:likes-gte-2000-latest:p1  bal_before=9126879  est=300c
  ↳ xarticles:likes-gte-2000-latest:p1  bal_after=9126879  spent=0c ($0.0)  count=20
  ↳ xarticles:likes-gte-2000-latest:p2  bal_before=9126879  est=300c
  ↳ xarticles:likes-gte-2000-latest:p2  bal_after=9126879  spent=0c ($0.0)  count=20
  ↳ xarticles:likes-gte-2000-latest:p3  bal_before=9126879  est=300c
  ↳ xarticles:likes-gte-2000-latest:p3  bal_after=9126879  spent=0c ($0.0)  count=20
  ↳ xarticles:likes-gte-2000-latest:p4  bal_before=9126879  est=300c
  ↳ xarticles:likes-gte-2000-latest:p4  bal_after=9126879  spent=0c ($0.0)  count=20
  ↳ xarticles:likes-gte-2000-latest:p5  bal_before=9126879  est=300c
  ↳ xarticles:likes-gte-2000-latest:p5  bal_after=9126879  spent=0c ($0.0)  count=19
  ↳ xarticles:likes-gte-2000-latest:p6  bal_before=9126879  est=300c
  ↳ xarticles:likes-gte-2000-latest:p6  bal_after=9126879  spent=0c ($0.0)  count=20
  ↳ xarticles:likes-gte-2000-latest:p7  bal_before=9126879  est=300c
  ↳ xarticles:likes-gte-2000-latest:p7  bal_after=9126879  spent=0c ($0.0)  count=20
  ↳ xarticles:likes-gte-2000-latest:p8  bal_before=9126879  est=300c
  ↳ xarticles:likes-gte-2000-latest:p8  bal_after=9123009  spent=3870c ($0.0387)  count=20
  ↳ xarticles:likes-gte-2000-latest:p9  bal_before=9123009  est=300c
  ↳ xarticles:likes-gte-2000-latest:p9  bal_after=9123009  spent=0c ($0.0)  count=20
  ↳ xarticles:likes-gte-2000-latest:p10  bal_before=9123009  est=300c
  ↳ xarticles:likes-gte-2000-latest:p10  bal_after=9123009  spent=0c ($0.0)  count=20
  ↳ xarticles:likes-gte-2000-latest:p11  bal_before=9123009  est=300c
  ↳ xarticles:likes-gte-2000-latest:p11  bal_after=9123009  spent=0c ($0.0)  count=0

### likes-gte-1000 [Top] x5p min_faves:1000 url:x.com/i/article since:2026-05-11 -is:retweet
  ↳ xarticles:likes-gte-1000:p0  bal_before=9123009  est=300c
  ↳ xarticles:likes-gte-1000:p0  bal_after=9123009  spent=0c ($0.0)  count=20
  ↳ xarticles:likes-gte-1000:p1  bal_before=9123009  est=300c
  ↳ xarticles:likes-gte-1000:p1  bal_after=9123009  spent=0c ($0.0)  count=20
  ↳ xarticles:likes-gte-1000:p2  bal_before=9123009  est=300c
  ↳ xarticles:likes-gte-1000:p2  bal_after=9123009  spent=0c ($0.0)  count=20
  ↳ xarticles:likes-gte-1000:p3  bal_before=9123009  est=300c
  ↳ xarticles:likes-gte-1000:p3  bal_after=9123009  spent=0c ($0.0)  count=20
  ↳ xarticles:likes-gte-1000:p4  bal_before=9123009  est=300c
  ↳ xarticles:likes-gte-1000:p4  bal_after=9123009  spent=0c ($0.0)  count=20

### likes-gte-1000-latest [Latest] x14p min_faves:1000 url:x.com/i/article since:2026-05-11 -is:retweet
  ↳ xarticles:likes-gte-1000-latest:p0  bal_before=9123009  est=300c
  ↳ xarticles:likes-gte-1000-latest:p0  bal_after=9123009  spent=0c ($0.0)  count=20
  ↳ xarticles:likes-gte-1000-latest:p1  bal_before=9123009  est=300c
  ↳ xarticles:likes-gte-1000-latest:p1  bal_after=9123009  spent=0c ($0.0)  count=20
  ↳ xarticles:likes-gte-1000-latest:p2  bal_before=9123009  est=300c
  ↳ xarticles:likes-gte-1000-latest:p2  bal_after=9123009  spent=0c ($0.0)  count=20
  ↳ xarticles:likes-gte-1000-latest:p3  bal_before=9123009  est=300c
  ↳ xarticles:likes-gte-1000-latest:p3  bal_after=9123009  spent=0c ($0.0)  count=20
  ↳ xarticles:likes-gte-1000-latest:p4  bal_before=9123009  est=300c
  ↳ xarticles:likes-gte-1000-latest:p4  bal_after=9123009  spent=0c ($0.0)  count=20
  ↳ xarticles:likes-gte-1000-latest:p5  bal_before=9123009  est=300c
  ↳ xarticles:likes-gte-1000-latest:p5  bal_after=9123009  spent=0c ($0.0)  count=20
  ↳ xarticles:likes-gte-1000-latest:p6  bal_before=9123009  est=300c
  ↳ xarticles:likes-gte-1000-latest:p6  bal_after=9123009  spent=0c ($0.0)  count=20
  ↳ xarticles:likes-gte-1000-latest:p7  bal_before=9123009  est=300c
  ↳ xarticles:likes-gte-1000-latest:p7  bal_after=9123009  spent=0c ($0.0)  count=20
  ↳ xarticles:likes-gte-1000-latest:p8  bal_before=9123009  est=300c
  ↳ xarticles:likes-gte-1000-latest:p8  bal_after=9118194  spent=4815c ($0.0481)  count=20
  ↳ xarticles:likes-gte-1000-latest:p9  bal_before=9118194  est=300c
  ↳ xarticles:likes-gte-1000-latest:p9  bal_after=9118194  spent=0c ($0.0)  count=20
  ↳ xarticles:likes-gte-1000-latest:p10  bal_before=9118194  est=300c
  ↳ xarticles:likes-gte-1000-latest:p10  bal_after=9118194  spent=0c ($0.0)  count=20
  ↳ xarticles:likes-gte-1000-latest:p11  bal_before=9118194  est=300c
  ↳ xarticles:likes-gte-1000-latest:p11  bal_after=9118194  spent=0c ($0.0)  count=20
  ↳ xarticles:likes-gte-1000-latest:p12  bal_before=9118194  est=300c
  ↳ xarticles:likes-gte-1000-latest:p12  bal_after=9118194  spent=0c ($0.0)  count=20
  ↳ xarticles:likes-gte-1000-latest:p13  bal_before=9118194  est=300c
  ↳ xarticles:likes-gte-1000-latest:p13  bal_after=9118194  spent=0c ($0.0)  count=19

### likes-gte-500 [Top] x5p min_faves:500 url:x.com/i/article since:2026-05-11 -is:retweet
  ↳ xarticles:likes-gte-500:p0  bal_before=9118194  est=300c
  ↳ xarticles:likes-gte-500:p0  bal_after=9118194  spent=0c ($0.0)  count=20
  ↳ xarticles:likes-gte-500:p1  bal_before=9118194  est=300c
  ↳ xarticles:likes-gte-500:p1  bal_after=9118194  spent=0c ($0.0)  count=20
  ↳ xarticles:likes-gte-500:p2  bal_before=9118194  est=300c
  ↳ xarticles:likes-gte-500:p2  bal_after=9118194  spent=0c ($0.0)  count=18
  ↳ xarticles:likes-gte-500:p3  bal_before=9118194  est=300c
  ↳ xarticles:likes-gte-500:p3  bal_after=9118194  spent=0c ($0.0)  count=20
  ↳ xarticles:likes-gte-500:p4  bal_before=9118194  est=300c
  ↳ xarticles:likes-gte-500:p4  bal_after=9118194  spent=0c ($0.0)  count=20

### likes-gte-500-latest [Latest] x14p min_faves:500 url:x.com/i/article since:2026-05-11 -is:retweet
  ↳ xarticles:likes-gte-500-latest:p0  bal_before=9118194  est=300c
  ↳ xarticles:likes-gte-500-latest:p0  bal_after=9118194  spent=0c ($0.0)  count=20
  ↳ xarticles:likes-gte-500-latest:p1  bal_before=9118194  est=300c
  ↳ xarticles:likes-gte-500-latest:p1  bal_after=9118194  spent=0c ($0.0)  count=20
  ↳ xarticles:likes-gte-500-latest:p2  bal_before=9118194  est=300c
  ↳ xarticles:likes-gte-500-latest:p2  bal_after=9118194  spent=0c ($0.0)  count=20
  ↳ xarticles:likes-gte-500-latest:p3  bal_before=9118194  est=300c
  ↳ xarticles:likes-gte-500-latest:p3  bal_after=9118194  spent=0c ($0.0)  count=20
  ↳ xarticles:likes-gte-500-latest:p4  bal_before=9118194  est=300c
  ↳ xarticles:likes-gte-500-latest:p4  bal_after=9118194  spent=0c ($0.0)  count=20
  ↳ xarticles:likes-gte-500-latest:p5  bal_before=9113139  est=300c
  ↳ xarticles:likes-gte-500-latest:p5  bal_after=9113139  spent=0c ($0.0)  count=20
  ↳ xarticles:likes-gte-500-latest:p6  bal_before=9113139  est=300c
  ↳ xarticles:likes-gte-500-latest:p6  bal_after=9113139  spent=0c ($0.0)  count=20
  ↳ xarticles:likes-gte-500-latest:p7  bal_before=9113139  est=300c
  ↳ xarticles:likes-gte-500-latest:p7  bal_after=9113139  spent=0c ($0.0)  count=20
  ↳ xarticles:likes-gte-500-latest:p8  bal_before=9113139  est=300c
  ↳ xarticles:likes-gte-500-latest:p8  bal_after=9113139  spent=0c ($0.0)  count=18
  ↳ xarticles:likes-gte-500-latest:p9  bal_before=9113139  est=300c
  ↳ xarticles:likes-gte-500-latest:p9  bal_after=9113139  spent=0c ($0.0)  count=20
  ↳ xarticles:likes-gte-500-latest:p10  bal_before=9113139  est=300c
  ↳ xarticles:likes-gte-500-latest:p10  bal_after=9113139  spent=0c ($0.0)  count=20
  ↳ xarticles:likes-gte-500-latest:p11  bal_before=9113139  est=300c
  ↳ xarticles:likes-gte-500-latest:p11  bal_after=9113139  spent=0c ($0.0)  count=20
  ↳ xarticles:likes-gte-500-latest:p12  bal_before=9113139  est=300c
  ↳ xarticles:likes-gte-500-latest:p12  bal_after=9113139  spent=0c ($0.0)  count=20
  ↳ xarticles:likes-gte-500-latest:p13  bal_before=9113139  est=300c
  ↳ xarticles:likes-gte-500-latest:p13  bal_after=9113139  spent=0c ($0.0)  count=20

### likes-gte-250 [Top] x5p min_faves:250 url:x.com/i/article since:2026-05-11 -is:retweet
  ↳ xarticles:likes-gte-250:p0  bal_before=9113139  est=300c
  ↳ xarticles:likes-gte-250:p0  bal_after=9113139  spent=0c ($0.0)  count=20
  ↳ xarticles:likes-gte-250:p1  bal_before=9113139  est=300c
  ↳ xarticles:likes-gte-250:p1  bal_after=9113139  spent=0c ($0.0)  count=20
  ↳ xarticles:likes-gte-250:p2  bal_before=9113139  est=300c
  ↳ xarticles:likes-gte-250:p2  bal_after=9113139  spent=0c ($0.0)  count=20
  ↳ xarticles:likes-gte-250:p3  bal_before=9113139  est=300c
  ↳ xarticles:likes-gte-250:p3  bal_after=9113139  spent=0c ($0.0)  count=20
  ↳ xarticles:likes-gte-250:p4  bal_before=9113139  est=300c
  ↳ xarticles:likes-gte-250:p4  bal_after=9113139  spent=0c ($0.0)  count=20

### likes-gte-250-latest [Latest] x14p min_faves:250 url:x.com/i/article since:2026-05-11 -is:retweet
  ↳ xarticles:likes-gte-250-latest:p0  bal_before=9113139  est=300c
  ↳ xarticles:likes-gte-250-latest:p0  bal_after=9113139  spent=0c ($0.0)  count=20
  ↳ xarticles:likes-gte-250-latest:p1  bal_before=9113139  est=300c
  ↳ xarticles:likes-gte-250-latest:p1  bal_after=9108969  spent=4170c ($0.0417)  count=20
  ↳ xarticles:likes-gte-250-latest:p2  bal_before=9108969  est=300c
  ↳ xarticles:likes-gte-250-latest:p2  bal_after=9108969  spent=0c ($0.0)  count=20
  ↳ xarticles:likes-gte-250-latest:p3  bal_before=9108969  est=300c
  ↳ xarticles:likes-gte-250-latest:p3  bal_after=9108969  spent=0c ($0.0)  count=20
  ↳ xarticles:likes-gte-250-latest:p4  bal_before=9108969  est=300c
  ↳ xarticles:likes-gte-250-latest:p4  bal_after=9108969  spent=0c ($0.0)  count=20
  ↳ xarticles:likes-gte-250-latest:p5  bal_before=9108969  est=300c
  ↳ xarticles:likes-gte-250-latest:p5  bal_after=9108969  spent=0c ($0.0)  count=20
  ↳ xarticles:likes-gte-250-latest:p6  bal_before=9108969  est=300c
  ↳ xarticles:likes-gte-250-latest:p6  bal_after=9108969  spent=0c ($0.0)  count=20
  ↳ xarticles:likes-gte-250-latest:p7  bal_before=9108969  est=300c
  ↳ xarticles:likes-gte-250-latest:p7  bal_after=9108969  spent=0c ($0.0)  count=20
  ↳ xarticles:likes-gte-250-latest:p8  bal_before=9108969  est=300c
  ↳ xarticles:likes-gte-250-latest:p8  bal_after=9108969  spent=0c ($0.0)  count=20
  ↳ xarticles:likes-gte-250-latest:p9  bal_before=9108969  est=300c
  ↳ xarticles:likes-gte-250-latest:p9  bal_after=9108969  spent=0c ($0.0)  count=20
  ↳ xarticles:likes-gte-250-latest:p10  bal_before=9108969  est=300c
  ↳ xarticles:likes-gte-250-latest:p10  bal_after=9108969  spent=0c ($0.0)  count=20
  ↳ xarticles:likes-gte-250-latest:p11  bal_before=9108969  est=300c
  ↳ xarticles:likes-gte-250-latest:p11  bal_after=9108969  spent=0c ($0.0)  count=20
  ↳ xarticles:likes-gte-250-latest:p12  bal_before=9108969  est=300c
  ↳ xarticles:likes-gte-250-latest:p12  bal_after=9108969  spent=0c ($0.0)  count=20
  ↳ xarticles:likes-gte-250-latest:p13  bal_before=9108969  est=300c
  ↳ xarticles:likes-gte-250-latest:p13  bal_after=9108969  spent=0c ($0.0)  count=20

### likes-gte-100 [Top] x5p min_faves:100 url:x.com/i/article since:2026-05-11 -is:retweet
  ↳ xarticles:likes-gte-100:p0  bal_before=9108969  est=300c
  ↳ xarticles:likes-gte-100:p0  bal_after=9108969  spent=0c ($0.0)  count=18
  ↳ xarticles:likes-gte-100:p1  bal_before=9108969  est=300c
  ↳ xarticles:likes-gte-100:p1  bal_after=9104469  spent=4500c ($0.045)  count=20
  ↳ xarticles:likes-gte-100:p2  bal_before=9104469  est=300c
  ↳ xarticles:likes-gte-100:p2  bal_after=9104469  spent=0c ($0.0)  count=20
  ↳ xarticles:likes-gte-100:p3  bal_before=9104469  est=300c
  ↳ xarticles:likes-gte-100:p3  bal_after=9104469  spent=0c ($0.0)  count=20
  ↳ xarticles:likes-gte-100:p4  bal_before=9104469  est=300c
  ↳ xarticles:likes-gte-100:p4  bal_after=9104469  spent=0c ($0.0)  count=20

### likes-gte-100-latest [Latest] x14p min_faves:100 url:x.com/i/article since:2026-05-11 -is:retweet
  ↳ xarticles:likes-gte-100-latest:p0  bal_before=9104469  est=300c
  ↳ xarticles:likes-gte-100-latest:p0  bal_after=9104469  spent=0c ($0.0)  count=20
  ↳ xarticles:likes-gte-100-latest:p1  bal_before=9104469  est=300c
  ↳ xarticles:likes-gte-100-latest:p1  bal_after=9104469  spent=0c ($0.0)  count=20
  ↳ xarticles:likes-gte-100-latest:p2  bal_before=9104469  est=300c
  ↳ xarticles:likes-gte-100-latest:p2  bal_after=9104469  spent=0c ($0.0)  count=20
  ↳ xarticles:likes-gte-100-latest:p3  bal_before=9104469  est=300c
  ↳ xarticles:likes-gte-100-latest:p3  bal_after=9104469  spent=0c ($0.0)  count=20
  ↳ xarticles:likes-gte-100-latest:p4  bal_before=9104469  est=300c
  ↳ xarticles:likes-gte-100-latest:p4  bal_after=9104469  spent=0c ($0.0)  count=20
  ↳ xarticles:likes-gte-100-latest:p5  bal_before=9104469  est=300c
  ↳ xarticles:likes-gte-100-latest:p5  bal_after=9104469  spent=0c ($0.0)  count=20
  ↳ xarticles:likes-gte-100-latest:p6  bal_before=9104469  est=300c
  ↳ xarticles:likes-gte-100-latest:p6  bal_after=9104469  spent=0c ($0.0)  count=19
  ↳ xarticles:likes-gte-100-latest:p7  bal_before=9104469  est=300c
  ↳ xarticles:likes-gte-100-latest:p7  bal_after=9104469  spent=0c ($0.0)  count=20
  ↳ xarticles:likes-gte-100-latest:p8  bal_before=9104469  est=300c
  ↳ xarticles:likes-gte-100-latest:p8  bal_after=9104469  spent=0c ($0.0)  count=20
  ↳ xarticles:likes-gte-100-latest:p9  bal_before=9104469  est=300c
  ↳ xarticles:likes-gte-100-latest:p9  bal_after=9104469  spent=0c ($0.0)  count=20
  ↳ xarticles:likes-gte-100-latest:p10  bal_before=9104469  est=300c
  ↳ xarticles:likes-gte-100-latest:p10  bal_after=9100314  spent=4155c ($0.0415)  count=20
  ↳ xarticles:likes-gte-100-latest:p11  bal_before=9100314  est=300c
  ↳ xarticles:likes-gte-100-latest:p11  bal_after=9100314  spent=0c ($0.0)  count=20
  ↳ xarticles:likes-gte-100-latest:p12  bal_before=9100314  est=300c
  ↳ xarticles:likes-gte-100-latest:p12  bal_after=9100314  spent=0c ($0.0)  count=20
  ↳ xarticles:likes-gte-100-latest:p13  bal_before=9100314  est=300c
  ↳ xarticles:likes-gte-100-latest:p13  bal_after=9100314  spent=0c ($0.0)  count=20

### likes-gte-50 [Top] x5p min_faves:50 url:x.com/i/article since:2026-05-11 -is:retweet
  ↳ xarticles:likes-gte-50:p0  bal_before=9100314  est=300c
  ↳ xarticles:likes-gte-50:p0  bal_after=9100314  spent=0c ($0.0)  count=20
  ↳ xarticles:likes-gte-50:p1  bal_before=9100314  est=300c
  ↳ xarticles:likes-gte-50:p1  bal_after=9100314  spent=0c ($0.0)  count=20
  ↳ xarticles:likes-gte-50:p2  bal_before=9100314  est=300c
  ↳ xarticles:likes-gte-50:p2  bal_after=9100314  spent=0c ($0.0)  count=20
  ↳ xarticles:likes-gte-50:p3  bal_before=9100314  est=300c
  ↳ xarticles:likes-gte-50:p3  bal_after=9100314  spent=0c ($0.0)  count=20
  ↳ xarticles:likes-gte-50:p4  bal_before=9100314  est=300c
  ↳ xarticles:likes-gte-50:p4  bal_after=9100314  spent=0c ($0.0)  count=20

### likes-gte-25 [Top] x5p min_faves:25 url:x.com/i/article since:2026-05-11 -is:retweet
  ↳ xarticles:likes-gte-25:p0  bal_before=9100314  est=300c
  ↳ xarticles:likes-gte-25:p0  bal_after=9100314  spent=0c ($0.0)  count=20
  ↳ xarticles:likes-gte-25:p1  bal_before=9100314  est=300c
  ↳ xarticles:likes-gte-25:p1  bal_after=9097014  spent=3300c ($0.033)  count=20
  ↳ xarticles:likes-gte-25:p2  bal_before=9097014  est=300c
  ↳ xarticles:likes-gte-25:p2  bal_after=9097014  spent=0c ($0.0)  count=20
  ↳ xarticles:likes-gte-25:p3  bal_before=9097014  est=300c
  ↳ xarticles:likes-gte-25:p3  bal_after=9097014  spent=0c ($0.0)  count=20
  ↳ xarticles:likes-gte-25:p4  bal_before=9097014  est=300c
  ↳ xarticles:likes-gte-25:p4  bal_after=9097014  spent=0c ($0.0)  count=20

### likes-gte-10 [Top] x5p min_faves:10 url:x.com/i/article since:2026-05-11 -is:retweet
  ↳ xarticles:likes-gte-10:p0  bal_before=9097014  est=300c
  ↳ xarticles:likes-gte-10:p0  bal_after=9097014  spent=0c ($0.0)  count=20
  ↳ xarticles:likes-gte-10:p1  bal_before=9097014  est=300c
  ↳ xarticles:likes-gte-10:p1  bal_after=9097014  spent=0c ($0.0)  count=20
  ↳ xarticles:likes-gte-10:p2  bal_before=9097014  est=300c
  ↳ xarticles:likes-gte-10:p2  bal_after=9097014  spent=0c ($0.0)  count=20
  ↳ xarticles:likes-gte-10:p3  bal_before=9097014  est=300c
  ↳ xarticles:likes-gte-10:p3  bal_after=9097014  spent=0c ($0.0)  count=20
  ↳ xarticles:likes-gte-10:p4  bal_before=9097014  est=300c
  ↳ xarticles:likes-gte-10:p4  bal_after=9097014  spent=0c ($0.0)  count=20

### likes-gte-5 [Top] x5p min_faves:5 url:x.com/i/article since:2026-05-11 -is:retweet
  ↳ xarticles:likes-gte-5:p0  bal_before=9097014  est=300c
  ↳ xarticles:likes-gte-5:p0  bal_after=9094614  spent=2400c ($0.024)  count=20
  ↳ xarticles:likes-gte-5:p1  bal_before=9094614  est=300c
  ↳ xarticles:likes-gte-5:p1  bal_after=9094614  spent=0c ($0.0)  count=19
  ↳ xarticles:likes-gte-5:p2  bal_before=9094614  est=300c
  ↳ xarticles:likes-gte-5:p2  bal_after=9094614  spent=0c ($0.0)  count=20
  ↳ xarticles:likes-gte-5:p3  bal_before=9094614  est=300c
  ↳ xarticles:likes-gte-5:p3  bal_after=9094614  spent=0c ($0.0)  count=20
  ↳ xarticles:likes-gte-5:p4  bal_before=9094614  est=300c
  ↳ xarticles:likes-gte-5:p4  bal_after=9094614  spent=0c ($0.0)  count=20

### likes-gte-2 [Top] x5p min_faves:2 url:x.com/i/article since:2026-05-11 -is:retweet
  ↳ xarticles:likes-gte-2:p0  bal_before=9094614  est=300c
  ↳ xarticles:likes-gte-2:p0  bal_after=9094614  spent=0c ($0.0)  count=20
  ↳ xarticles:likes-gte-2:p1  bal_before=9094614  est=300c
  ↳ xarticles:likes-gte-2:p1  bal_after=9094614  spent=0c ($0.0)  count=20
  ↳ xarticles:likes-gte-2:p2  bal_before=9094614  est=300c
  ↳ xarticles:likes-gte-2:p2  bal_after=9094614  spent=0c ($0.0)  count=20
  ↳ xarticles:likes-gte-2:p3  bal_before=9094614  est=300c
  ↳ xarticles:likes-gte-2:p3  bal_after=9094614  spent=0c ($0.0)  count=20
  ↳ xarticles:likes-gte-2:p4  bal_before=9094614  est=300c
  ↳ xarticles:likes-gte-2:p4  bal_after=9094614  spent=0c ($0.0)  count=20

### likes-gte-1 [Top] x5p min_faves:1 url:x.com/i/article since:2026-05-11 -is:retweet
  ↳ xarticles:likes-gte-1:p0  bal_before=9094614  est=300c
  ↳ xarticles:likes-gte-1:p0  bal_after=9094614  spent=0c ($0.0)  count=20
  ↳ xarticles:likes-gte-1:p1  bal_before=9094614  est=300c
  ↳ xarticles:likes-gte-1:p1  bal_after=9091329  spent=3285c ($0.0328)  count=20
  ↳ xarticles:likes-gte-1:p2  bal_before=9091329  est=300c
  ↳ xarticles:likes-gte-1:p2  bal_after=9091329  spent=0c ($0.0)  count=20
  ↳ xarticles:likes-gte-1:p3  bal_before=9091329  est=300c
  ↳ xarticles:likes-gte-1:p3  bal_after=9091329  spent=0c ($0.0)  count=20
  ↳ xarticles:likes-gte-1:p4  bal_before=9091329  est=300c
  ↳ xarticles:likes-gte-1:p4  bal_after=9091329  spent=0c ($0.0)  count=20

### replies-gte-2000 [Top] x5p min_replies:2000 url:x.com/i/article since:2026-05-11 -is:retweet
  ↳ xarticles:replies-gte-2000:p0  bal_before=9091329  est=300c
  ↳ xarticles:replies-gte-2000:p0  bal_after=9091329  spent=0c ($0.0)  count=20
  ↳ xarticles:replies-gte-2000:p1  bal_before=9091329  est=300c
  ↳ xarticles:replies-gte-2000:p1  bal_after=9091329  spent=0c ($0.0)  count=20
  ↳ xarticles:replies-gte-2000:p2  bal_before=9091329  est=300c
  ↳ xarticles:replies-gte-2000:p2  bal_after=9091329  spent=0c ($0.0)  count=20
  ↳ xarticles:replies-gte-2000:p3  bal_before=9091329  est=300c
  ↳ xarticles:replies-gte-2000:p3  bal_after=9091329  spent=0c ($0.0)  count=20
  ↳ xarticles:replies-gte-2000:p4  bal_before=9091329  est=300c
  ↳ xarticles:replies-gte-2000:p4  bal_after=9091329  spent=0c ($0.0)  count=3

### replies-gte-500 [Top] x5p min_replies:500 url:x.com/i/article since:2026-05-11 -is:retweet
  ↳ xarticles:replies-gte-500:p0  bal_before=9091329  est=300c
  ↳ xarticles:replies-gte-500:p0  bal_after=9091329  spent=0c ($0.0)  count=20
  ↳ xarticles:replies-gte-500:p1  bal_before=9091329  est=300c
  ↳ xarticles:replies-gte-500:p1  bal_after=9091329  spent=0c ($0.0)  count=20
  ↳ xarticles:replies-gte-500:p2  bal_before=9091329  est=300c
  ↳ xarticles:replies-gte-500:p2  bal_after=9091329  spent=0c ($0.0)  count=20
  ↳ xarticles:replies-gte-500:p3  bal_before=9091329  est=300c
  ↳ xarticles:replies-gte-500:p3  bal_after=9088284  spent=3045c ($0.0305)  count=20
  ↳ xarticles:replies-gte-500:p4  bal_before=9088284  est=300c
  ↳ xarticles:replies-gte-500:p4  bal_after=9088284  spent=0c ($0.0)  count=20

### replies-gte-100 [Top] x5p min_replies:100 url:x.com/i/article since:2026-05-11 -is:retweet
  ↳ xarticles:replies-gte-100:p0  bal_before=9088284  est=300c
  ↳ xarticles:replies-gte-100:p0  bal_after=9088284  spent=0c ($0.0)  count=20
  ↳ xarticles:replies-gte-100:p1  bal_before=9088284  est=300c
  ↳ xarticles:replies-gte-100:p1  bal_after=9088284  spent=0c ($0.0)  count=20
  ↳ xarticles:replies-gte-100:p2  bal_before=9088284  est=300c
  ↳ xarticles:replies-gte-100:p2  bal_after=9088284  spent=0c ($0.0)  count=18
  ↳ xarticles:replies-gte-100:p3  bal_before=9088284  est=300c
  ↳ xarticles:replies-gte-100:p3  bal_after=9088284  spent=0c ($0.0)  count=20
  ↳ xarticles:replies-gte-100:p4  bal_before=9088284  est=300c
  ↳ xarticles:replies-gte-100:p4  bal_after=9088284  spent=0c ($0.0)  count=20

### replies-gte-25 [Top] x5p min_replies:25 url:x.com/i/article since:2026-05-11 -is:retweet
  ↳ xarticles:replies-gte-25:p0  bal_before=9088284  est=300c
  ↳ xarticles:replies-gte-25:p0  bal_after=9088284  spent=0c ($0.0)  count=20
  ↳ xarticles:replies-gte-25:p1  bal_before=9088284  est=300c
  ↳ xarticles:replies-gte-25:p1  bal_after=9088284  spent=0c ($0.0)  count=20
  ↳ xarticles:replies-gte-25:p2  bal_before=9088284  est=300c
  ↳ xarticles:replies-gte-25:p2  bal_after=9088284  spent=0c ($0.0)  count=20
  ↳ xarticles:replies-gte-25:p3  bal_before=9088284  est=300c
  ↳ xarticles:replies-gte-25:p3  bal_after=9088284  spent=0c ($0.0)  count=20
  ↳ xarticles:replies-gte-25:p4  bal_before=9088284  est=300c
  ↳ xarticles:replies-gte-25:p4  bal_after=9084714  spent=3570c ($0.0357)  count=20

### broad-native-top [Top] x5p (pump.fun OR pumpfun OR "pump fun" OR memecoin OR memecoins OR "meme coin" OR launchpad OR "bonding curve" OR LetsBonk OR bonkfun) url:x.com/i/article since:2026-05-11 -is:retweet
  ↳ xarticles:broad-native-top:p0  bal_before=9084714  est=300c
  ↳ xarticles:broad-native-top:p0  bal_after=9084714  spent=0c ($0.0)  count=20
  ↳ xarticles:broad-native-top:p1  bal_before=9084714  est=300c
  ↳ xarticles:broad-native-top:p1  bal_after=9084714  spent=0c ($0.0)  count=20
  ↳ xarticles:broad-native-top:p2  bal_before=9084714  est=300c
  ↳ xarticles:broad-native-top:p2  bal_after=9084714  spent=0c ($0.0)  count=20
  ↳ xarticles:broad-native-top:p3  bal_before=9084714  est=300c
  ↳ xarticles:broad-native-top:p3  bal_after=9084714  spent=0c ($0.0)  count=20
  ↳ xarticles:broad-native-top:p4  bal_before=9084714  est=300c
  ↳ xarticles:broad-native-top:p4  bal_after=9084714  spent=0c ($0.0)  count=20

### keyword-native-top [Top] x5p (pump.fun OR pumpfun OR "pump fun" OR memecoin OR memecoins OR "meme coin" OR launchpad OR "bonding curve" OR LetsBonk OR bonkfun) url:x.com/i/article since:2026-05-11 -is:retweet min_faves:5
  ↳ xarticles:keyword-native-top:p0  bal_before=9084714  est=300c
  ↳ xarticles:keyword-native-top:p0  bal_after=9084714  spent=0c ($0.0)  count=20
  ↳ xarticles:keyword-native-top:p1  bal_before=9084714  est=300c
  ↳ xarticles:keyword-native-top:p1  bal_after=9084714  spent=0c ($0.0)  count=20
  ↳ xarticles:keyword-native-top:p2  bal_before=9084714  est=300c
  ↳ xarticles:keyword-native-top:p2  bal_after=9084714  spent=0c ($0.0)  count=20
  ↳ xarticles:keyword-native-top:p3  bal_before=9084714  est=300c
  ↳ xarticles:keyword-native-top:p3  bal_after=9084714  spent=0c ($0.0)  count=20
  ↳ xarticles:keyword-native-top:p4  bal_before=9084714  est=300c
  ↳ xarticles:keyword-native-top:p4  bal_after=9081714  spent=3000c ($0.03)  count=20

### keyword-native-latest [Latest] x14p (pump.fun OR pumpfun OR "pump fun" OR memecoin OR memecoins OR "meme coin" OR launchpad OR "bonding curve" OR LetsBonk OR bonkfun) url:x.com/i/article since:2026-05-11 -is:retweet
  ↳ xarticles:keyword-native-latest:p0  bal_before=9081714  est=300c
  ↳ xarticles:keyword-native-latest:p0  bal_after=9081714  spent=0c ($0.0)  count=18
  ↳ xarticles:keyword-native-latest:p1  bal_before=9081714  est=300c
  ↳ xarticles:keyword-native-latest:p1  bal_after=9081714  spent=0c ($0.0)  count=20
  ↳ xarticles:keyword-native-latest:p2  bal_before=9081714  est=300c
  ↳ xarticles:keyword-native-latest:p2  bal_after=9081714  spent=0c ($0.0)  count=20
  ↳ xarticles:keyword-native-latest:p3  bal_before=9081714  est=300c
  ↳ xarticles:keyword-native-latest:p3  bal_after=9081714  spent=0c ($0.0)  count=20
  ↳ xarticles:keyword-native-latest:p4  bal_before=9081714  est=300c
  ↳ xarticles:keyword-native-latest:p4  bal_after=9081714  spent=0c ($0.0)  count=20
  ↳ xarticles:keyword-native-latest:p5  bal_before=9081714  est=300c
  ↳ xarticles:keyword-native-latest:p5  bal_after=9081714  spent=0c ($0.0)  count=19
  ↳ xarticles:keyword-native-latest:p6  bal_before=9081714  est=300c
  ↳ xarticles:keyword-native-latest:p6  bal_after=9081714  spent=0c ($0.0)  count=20
  ↳ xarticles:keyword-native-latest:p7  bal_before=9081714  est=300c
  ↳ xarticles:keyword-native-latest:p7  bal_after=9081714  spent=0c ($0.0)  count=20
  ↳ xarticles:keyword-native-latest:p8  bal_before=9081714  est=300c
  ↳ xarticles:keyword-native-latest:p8  bal_after=9081714  spent=0c ($0.0)  count=20
  ↳ xarticles:keyword-native-latest:p9  bal_before=9081714  est=300c
  ↳ xarticles:keyword-native-latest:p9  bal_after=9081714  spent=0c ($0.0)  count=19
  ↳ xarticles:keyword-native-latest:p10  bal_before=9081714  est=300c
  ↳ xarticles:keyword-native-latest:p10  bal_after=9081714  spent=0c ($0.0)  count=20
  ↳ xarticles:keyword-native-latest:p11  bal_before=9081714  est=300c
  ↳ xarticles:keyword-native-latest:p11  bal_after=9081714  spent=0c ($0.0)  count=19
  ↳ xarticles:keyword-native-latest:p12  bal_before=9081714  est=300c
  ↳ xarticles:keyword-native-latest:p12  bal_after=9081714  spent=0c ($0.0)  count=20
  ↳ xarticles:keyword-native-latest:p13  bal_before=9081714  est=300c
  ↳ xarticles:keyword-native-latest:p13  bal_after=9081714  spent=0c ($0.0)  count=20
  ↳ STOP ladder: 151 distinct qualified articles >= max 100
  ↳ xarticles:author-baseline:votesa  bal_before=9081714  est=300c
  ↳ xarticles:author-baseline:votesa  bal_after=9081714  spent=0c ($0.0)  count=20
  ↳ xarticles:author-baseline:Pumpfun  bal_before=9081714  est=300c
  ↳ xarticles:author-baseline:Pumpfun  bal_after=9081714  spent=0c ($0.0)  count=20
  ↳ xarticles:author-baseline:solana  bal_before=9081714  est=300c
  ↳ xarticles:author-baseline:solana  bal_after=9077289  spent=4425c ($0.0442)  count=20
  ↳ xarticles:author-baseline:SYFR_ai  bal_before=9077289  est=300c
  ↳ xarticles:author-baseline:SYFR_ai  bal_after=9077289  spent=0c ($0.0)  count=20
  ↳ xarticles:author-baseline:wrappedbulls  bal_before=9077289  est=300c
  ↳ xarticles:author-baseline:wrappedbulls  bal_after=9077289  spent=0c ($0.0)  count=20
  ↳ xarticles:author-baseline:thenarrator  bal_before=9077289  est=300c
  ↳ xarticles:author-baseline:thenarrator  bal_after=9077289  spent=0c ($0.0)  count=20
  ↳ xarticles:author-baseline:virlfun  bal_before=9077289  est=300c
  ↳ xarticles:author-baseline:virlfun  bal_after=9077289  spent=0c ($0.0)  count=20
  ↳ xarticles:author-baseline:mumu_bull  bal_before=9077289  est=300c
  ↳ xarticles:author-baseline:mumu_bull  bal_after=9077289  spent=0c ($0.0)  count=20
  ↳ xarticles:author-baseline:perpadfun  bal_before=9077289  est=300c
  ↳ xarticles:author-baseline:perpadfun  bal_after=9077289  spent=0c ($0.0)  count=20
  ↳ xarticles:author-baseline:jingouwang888  bal_before=9077289  est=300c
  ↳ xarticles:author-baseline:jingouwang888  bal_after=9077289  spent=0c ($0.0)  count=20
  ↳ xarticles:author-baseline:DonCryptonium  bal_before=9077289  est=300c
  ↳ xarticles:author-baseline:DonCryptonium  bal_after=9077289  spent=0c ($0.0)  count=20
  ↳ xarticles:author-baseline:tothemoonxyz  bal_before=9077289  est=300c
  ↳ xarticles:author-baseline:tothemoonxyz  bal_after=9077289  spent=0c ($0.0)  count=20
  ↳ xarticles:author-baseline:BitgetWallet  bal_before=9077289  est=300c
  ↳ xarticles:author-baseline:BitgetWallet  bal_after=9077289  spent=0c ($0.0)  count=20
  ↳ xarticles:author-baseline:BARSdev  bal_before=9077289  est=300c
  ↳ xarticles:author-baseline:BARSdev  bal_after=9077289  spent=0c ($0.0)  count=20
  ↳ xarticles:author-baseline:Metallum999  bal_before=9077289  est=300c
  ↳ xarticles:author-baseline:Metallum999  bal_after=9077289  spent=0c ($0.0)  count=20
  ↳ xarticles:author-baseline:BSCNews  bal_before=9077289  est=300c
  ↳ xarticles:author-baseline:BSCNews  bal_after=9077289  spent=0c ($0.0)  count=20
  ↳ xarticles:author-baseline:keyswapbot  bal_before=9077289  est=300c
  ↳ xarticles:author-baseline:keyswapbot  bal_after=9072189  spent=5100c ($0.051)  count=20
  ↳ xarticles:author-baseline:blocmates  bal_before=9072189  est=300c
  ↳ xarticles:author-baseline:blocmates  bal_after=9072189  spent=0c ($0.0)  count=20
  ↳ xarticles:author-baseline:xet  bal_before=9072189  est=300c
  ↳ xarticles:author-baseline:xet  bal_after=9072189  spent=0c ($0.0)  count=19
  ↳ xarticles:author-baseline:windyCityJump23  bal_before=9072189  est=300c
  ↳ xarticles:author-baseline:windyCityJump23  bal_after=9072189  spent=0c ($0.0)  count=20
  ↳ xarticles:author-baseline:goon_crypto  bal_before=9072189  est=300c
  ↳ xarticles:author-baseline:goon_crypto  bal_after=9072189  spent=0c ($0.0)  count=20
  ↳ xarticles:author-baseline:keemotrades  bal_before=9072189  est=300c
  ↳ xarticles:author-baseline:keemotrades  bal_after=9072189  spent=0c ($0.0)  count=20
  ↳ xarticles:author-baseline:TheCookieChain  bal_before=9072189  est=300c
  ↳ xarticles:author-baseline:TheCookieChain  bal_after=9072189  spent=0c ($0.0)  count=20
  ↳ xarticles:author-baseline:thatbagholder  bal_before=9072189  est=300c
  ↳ xarticles:author-baseline:thatbagholder  bal_after=9072189  spent=0c ($0.0)  count=20
  ↳ xarticles:author-baseline:bandicooks  bal_before=9072189  est=300c
  ↳ xarticles:author-baseline:bandicooks  bal_after=9072189  spent=0c ($0.0)  count=2
  ↳ xarticles:author-baseline:VJLvEekhout  bal_before=9072189  est=300c
  ↳ xarticles:author-baseline:VJLvEekhout  bal_after=9072189  spent=0c ($0.0)  count=20
  ↳ xarticles:author-baseline:TinukeETH  bal_before=9072189  est=300c
  ↳ xarticles:author-baseline:TinukeETH  bal_after=9072189  spent=0c ($0.0)  count=20
  ↳ xarticles:author-baseline:cupdiction  bal_before=9072189  est=300c
  ↳ xarticles:author-baseline:cupdiction  bal_after=9072189  spent=0c ($0.0)  count=20
  ↳ xarticles:author-baseline:bagwalkbw  bal_before=9072189  est=300c
  ↳ xarticles:author-baseline:bagwalkbw  bal_after=9072189  spent=0c ($0.0)  count=19
  ↳ xarticles:author-baseline:RealTradingTool  bal_before=9072189  est=300c
  ↳ xarticles:author-baseline:RealTradingTool  bal_after=9072189  spent=0c ($0.0)  count=20
  ↳ xarticles:author-baseline:BlackhatEmpire  bal_before=9072189  est=300c
  ↳ xarticles:author-baseline:BlackhatEmpire  bal_after=9072189  spent=0c ($0.0)  count=20
  ↳ xarticles:author-baseline:HabitatNFTs  bal_before=9072189  est=300c
  ↳ xarticles:author-baseline:HabitatNFTs  bal_after=9068589  spent=3600c ($0.036)  count=5
  ↳ xarticles:author-baseline:StarkCrypto3  bal_before=9068589  est=300c
  ↳ xarticles:author-baseline:StarkCrypto3  bal_after=9068589  spent=0c ($0.0)  count=20
  ↳ xarticles:author-baseline:playpumpoffice  bal_before=9068589  est=300c
  ↳ xarticles:author-baseline:playpumpoffice  bal_after=9068589  spent=0c ($0.0)  count=0
  ↳ xarticles:author-baseline:StellariGlobal  bal_before=9068589  est=300c
  ↳ xarticles:author-baseline:StellariGlobal  bal_after=9068589  spent=0c ($0.0)  count=20
  ↳ xarticles:author-baseline:psykeeper  bal_before=9068589  est=300c
  ↳ xarticles:author-baseline:psykeeper  bal_after=9068589  spent=0c ($0.0)  count=20
  ↳ xarticles:author-baseline:AveaiGlobal  bal_before=9068589  est=300c
  ↳ xarticles:author-baseline:AveaiGlobal  bal_after=9068589  spent=0c ($0.0)  count=20
  ↳ xarticles:author-baseline:gmgnalerts  bal_before=9068589  est=300c
  ↳ xarticles:author-baseline:gmgnalerts  bal_after=9068589  spent=0c ($0.0)  count=20
  ↳ xarticles:author-baseline:EltechD  bal_before=9068589  est=300c
  ↳ xarticles:author-baseline:EltechD  bal_after=9068589  spent=0c ($0.0)  count=20
  ↳ xarticles:author-baseline:BlackhatEmpire  bal_before=9068589  est=300c
  ↳ xarticles:author-baseline:BlackhatEmpire  bal_after=9068589  spent=0c ($0.0)  count=20
  ↳ xarticles:author-baseline:BlackhatEmpire  bal_before=9068589  est=300c
  ↳ xarticles:author-baseline:BlackhatEmpire  bal_after=9068589  spent=0c ($0.0)  count=20
  ↳ xarticles:author-baseline:malinpaul  bal_before=9068589  est=300c
  ↳ xarticles:author-baseline:malinpaul  bal_after=9068589  spent=0c ($0.0)  count=20
  ↳ xarticles:author-baseline:BlackhatEmpire  bal_before=9068589  est=300c
  ↳ xarticles:author-baseline:BlackhatEmpire  bal_after=9065499  spent=3090c ($0.0309)  count=20
  ↳ xarticles:author-baseline:amathxbt  bal_before=9065499  est=300c
  ↳ xarticles:author-baseline:amathxbt  bal_after=9065499  spent=0c ($0.0)  count=20
  ↳ xarticles:author-baseline:BlackhatEmpire  bal_before=9065499  est=300c
  ↳ xarticles:author-baseline:BlackhatEmpire  bal_after=9065499  spent=0c ($0.0)  count=20
  ↳ xarticles:author-baseline:gmgnalerts  bal_before=9065499  est=300c
  ↳ xarticles:author-baseline:gmgnalerts  bal_after=9065499  spent=0c ($0.0)  count=20
  ↳ xarticles:author-baseline:gmgnalerts  bal_before=9065499  est=300c
  ↳ xarticles:author-baseline:gmgnalerts  bal_after=9065499  spent=0c ($0.0)  count=20
  ↳ xarticles:author-baseline:BlackhatEmpire  bal_before=9065499  est=300c
  ↳ xarticles:author-baseline:BlackhatEmpire  bal_after=9064299  spent=1200c ($0.012)  count=20
  ↳ xarticles:author-baseline:BlackhatEmpire  bal_before=9064299  est=300c
  ↳ xarticles:author-baseline:BlackhatEmpire  bal_after=9064299  spent=0c ($0.0)  count=20
  ↳ xarticles:author-baseline:BlackhatEmpire  bal_before=9064299  est=300c
  ↳ xarticles:author-baseline:BlackhatEmpire  bal_after=9064299  spent=0c ($0.0)  count=20
  ↳ xarticles:author-baseline:gmgnalerts  bal_before=9064299  est=300c
  ↳ xarticles:author-baseline:gmgnalerts  bal_after=9064299  spent=0c ($0.0)  count=20
  ↳ xarticles:author-baseline:BlackhatEmpire  bal_before=9064299  est=300c
  ↳ xarticles:author-baseline:BlackhatEmpire  bal_after=9064299  spent=0c ($0.0)  count=20
  ↳ xarticles:author-baseline:BlackhatEmpire  bal_before=9064299  est=300c
  ↳ xarticles:author-baseline:BlackhatEmpire  bal_after=9064299  spent=0c ($0.0)  count=20
  ↳ xarticles:author-baseline:BlackhatEmpire  bal_before=9064299  est=300c
  ↳ xarticles:author-baseline:BlackhatEmpire  bal_after=9064299  spent=0c ($0.0)  count=20
  ↳ xarticles:author-baseline:WheelX_fi  bal_before=9064299  est=300c
  ↳ xarticles:author-baseline:WheelX_fi  bal_after=9064299  spent=0c ($0.0)  count=20
  ↳ xarticles:author-baseline:gmgnalerts  bal_before=9064299  est=300c
  ↳ xarticles:author-baseline:gmgnalerts  bal_after=9064299  spent=0c ($0.0)  count=20
  ↳ xarticles:author-baseline:BlackhatEmpire  bal_before=9064299  est=300c
  ↳ xarticles:author-baseline:BlackhatEmpire  bal_after=9064299  spent=0c ($0.0)  count=20
  ↳ xarticles:author-baseline:BlackhatEmpire  bal_before=9064299  est=300c
  ↳ xarticles:author-baseline:BlackhatEmpire  bal_after=9064299  spent=0c ($0.0)  count=20
  ↳ xarticles:author-baseline:dfwzeus  bal_before=9064299  est=300c
  ↳ xarticles:author-baseline:dfwzeus  bal_after=9060699  spent=3600c ($0.036)  count=20
  ↳ xarticles:author-baseline:BlackhatEmpire  bal_before=9060699  est=300c
  ↳ xarticles:author-baseline:BlackhatEmpire  bal_after=9060699  spent=0c ($0.0)  count=20
  ↳ xarticles:author-baseline:BlackhatEmpire  bal_before=9060699  est=300c
  ↳ xarticles:author-baseline:BlackhatEmpire  bal_after=9060699  spent=0c ($0.0)  count=20
  ↳ xarticles:author-baseline:BlackhatEmpire  bal_before=9060699  est=300c
  ↳ xarticles:author-baseline:BlackhatEmpire  bal_after=9060699  spent=0c ($0.0)  count=20
  ↳ xarticles:author-baseline:OKXsListingAnn  bal_before=9060699  est=300c
  ↳ xarticles:author-baseline:OKXsListingAnn  bal_after=9060699  spent=0c ($0.0)  count=20
  ↳ xarticles:author-baseline:Psyoptimus0  bal_before=9060699  est=300c
  ↳ xarticles:author-baseline:Psyoptimus0  bal_after=9060699  spent=0c ($0.0)  count=17
  ↳ xarticles:author-baseline:moonapplist  bal_before=9060699  est=300c
  ↳ xarticles:author-baseline:moonapplist  bal_after=9060699  spent=0c ($0.0)  count=20
  ↳ xarticles:author-baseline:BlackhatEmpire  bal_before=9060699  est=300c
  ↳ xarticles:author-baseline:BlackhatEmpire  bal_after=9060699  spent=0c ($0.0)  count=20
  ↳ xarticles:author-baseline:BlackhatEmpire  bal_before=9060699  est=300c
  ↳ xarticles:author-baseline:BlackhatEmpire  bal_after=9060699  spent=0c ($0.0)  count=20
  ↳ xarticles:author-baseline:BlackhatEmpire  bal_before=9060699  est=300c
  ↳ xarticles:author-baseline:BlackhatEmpire  bal_after=9060699  spent=0c ($0.0)  count=20
  ↳ xarticles:author-baseline:BlackhatEmpire  bal_before=9060699  est=300c
  ↳ xarticles:author-baseline:BlackhatEmpire  bal_after=9060699  spent=0c ($0.0)  count=20
  ↳ xarticles:author-baseline:BlackhatEmpire  bal_before=9060699  est=300c
  ↳ xarticles:author-baseline:BlackhatEmpire  bal_after=9060699  spent=0c ($0.0)  count=20
  ↳ xarticles:author-baseline:BlackhatEmpire  bal_before=9060699  est=300c
  ↳ xarticles:author-baseline:BlackhatEmpire  bal_after=9060699  spent=0c ($0.0)  count=20
  ↳ xarticles:author-baseline:BlackhatEmpire  bal_before=9060699  est=300c
  ↳ xarticles:author-baseline:BlackhatEmpire  bal_after=9060699  spent=0c ($0.0)  count=20
  ↳ xarticles:author-baseline:gmgnalerts  bal_before=9060699  est=300c
  ↳ xarticles:author-baseline:gmgnalerts  bal_after=9060699  spent=0c ($0.0)  count=20
  ↳ xarticles:author-baseline:BlackhatEmpire  bal_before=9060699  est=300c
  ↳ xarticles:author-baseline:BlackhatEmpire  bal_after=9060699  spent=0c ($0.0)  count=20
  ↳ xarticles:author-baseline:BlackhatEmpire  bal_before=9060699  est=300c
  ↳ xarticles:author-baseline:BlackhatEmpire  bal_after=9056544  spent=4155c ($0.0415)  count=20
  ↳ xarticles:author-baseline:BlackhatEmpire  bal_before=9056544  est=300c
  ↳ xarticles:author-baseline:BlackhatEmpire  bal_after=9056544  spent=0c ($0.0)  count=20
  ↳ xarticles:author-baseline:BlackhatEmpire  bal_before=9056544  est=300c
  ↳ xarticles:author-baseline:BlackhatEmpire  bal_after=9056544  spent=0c ($0.0)  count=20
  ↳ xarticles:author-baseline:BlackhatEmpire  bal_before=9056544  est=300c
  ↳ xarticles:author-baseline:BlackhatEmpire  bal_after=9056544  spent=0c ($0.0)  count=20
  ↳ xarticles:author-baseline:gmgnalerts  bal_before=9056544  est=300c
  ↳ xarticles:author-baseline:gmgnalerts  bal_after=9056544  spent=0c ($0.0)  count=20
  ↳ xarticles:author-baseline:Jasonvip666  bal_before=9056544  est=300c
  ↳ xarticles:author-baseline:Jasonvip666  bal_after=9056544  spent=0c ($0.0)  count=20
  ↳ xarticles:author-baseline:BlackhatEmpire  bal_before=9056544  est=300c
  ↳ xarticles:author-baseline:BlackhatEmpire  bal_after=9056544  spent=0c ($0.0)  count=20
  ↳ xarticles:author-baseline:BlackhatEmpire  bal_before=9056544  est=300c
  ↳ xarticles:author-baseline:BlackhatEmpire  bal_after=9056544  spent=0c ($0.0)  count=20
  ↳ xarticles:author-baseline:BlackhatEmpire  bal_before=9056544  est=300c
  ↳ xarticles:author-baseline:BlackhatEmpire  bal_after=9056544  spent=0c ($0.0)  count=20
  ↳ xarticles:author-baseline:BlackhatEmpire  bal_before=9056544  est=300c
  ↳ xarticles:author-baseline:BlackhatEmpire  bal_after=9056544  spent=0c ($0.0)  count=20
  ↳ xarticles:author-baseline:BlackhatEmpire  bal_before=9056544  est=300c
  ↳ xarticles:author-baseline:BlackhatEmpire  bal_after=9056544  spent=0c ($0.0)  count=20
  ↳ xarticles:author-baseline:BlackhatEmpire  bal_before=9056544  est=300c
  ↳ xarticles:author-baseline:BlackhatEmpire  bal_after=9056544  spent=0c ($0.0)  count=20
  ↳ xarticles:author-baseline:BlackhatEmpire  bal_before=9056544  est=300c
  ↳ xarticles:author-baseline:BlackhatEmpire  bal_after=9056544  spent=0c ($0.0)  count=20
  ↳ xarticles:author-baseline:BlackhatEmpire  bal_before=9056544  est=300c
  ↳ xarticles:author-baseline:BlackhatEmpire  bal_after=9052344  spent=4200c ($0.042)  count=20
  ↳ xarticles:author-baseline:BlackhatEmpire  bal_before=9052344  est=300c
  ↳ xarticles:author-baseline:BlackhatEmpire  bal_after=9052344  spent=0c ($0.0)  count=20
  ↳ xarticles:author-baseline:BlackhatEmpire  bal_before=9052344  est=300c
  ↳ xarticles:author-baseline:BlackhatEmpire  bal_after=9052344  spent=0c ($0.0)  count=20
  ↳ xarticles:author-baseline:BlackhatEmpire  bal_before=9052344  est=300c
  ↳ xarticles:author-baseline:BlackhatEmpire  bal_after=9052344  spent=0c ($0.0)  count=20
  ↳ xarticles:author-baseline:BlackhatEmpire  bal_before=9052344  est=300c
  ↳ xarticles:author-baseline:BlackhatEmpire  bal_after=9052344  spent=0c ($0.0)  count=20
  ↳ xarticles:author-baseline:BlackhatEmpire  bal_before=9052344  est=300c
  ↳ xarticles:author-baseline:BlackhatEmpire  bal_after=9052344  spent=0c ($0.0)  count=20
  ↳ xarticles:author-baseline:coin_gabbar_  bal_before=9052344  est=300c
  ↳ xarticles:author-baseline:coin_gabbar_  bal_after=9052344  spent=0c ($0.0)  count=20
  ↳ xarticles:author-baseline:BlackhatEmpire  bal_before=9052344  est=300c
  ↳ xarticles:author-baseline:BlackhatEmpire  bal_after=9052344  spent=0c ($0.0)  count=20
  ↳ xarticles:author-baseline:gmgnalerts  bal_before=9052344  est=300c
  ↳ xarticles:author-baseline:gmgnalerts  bal_after=9052344  spent=0c ($0.0)  count=20
  ↳ xarticles:author-baseline:BlackhatEmpire  bal_before=9052344  est=300c
  ↳ xarticles:author-baseline:BlackhatEmpire  bal_after=9052344  spent=0c ($0.0)  count=20
  ↳ xarticles:author-baseline:BlackhatEmpire  bal_before=9052344  est=300c
  ↳ xarticles:author-baseline:BlackhatEmpire  bal_after=9052344  spent=0c ($0.0)  count=20
  ↳ xarticles:author-baseline:BlackhatEmpire  bal_before=9052344  est=300c
  ↳ xarticles:author-baseline:BlackhatEmpire  bal_after=9052344  spent=0c ($0.0)  count=20
  ↳ xarticles:author-baseline:BlackhatEmpire  bal_before=9052344  est=300c
  ↳ xarticles:author-baseline:BlackhatEmpire  bal_after=9052344  spent=0c ($0.0)  count=20
{
  "date": "2026-06-09",
  "niche": "pumpfun-30d",
  "out_dir": "/Users/maxguillabert/Downloads/index/docs/x-targeting/x_articles/2026-06-09/pumpfun-30d",
  "tweets": 4387,
  "native_x_articles": 100,
  "top": {
    "tweet_id": "2059794278197436492",
    "tweet_url": "https://x.com/wrappedbulls/status/2059794278197436492",
    "article_url": "https://x.com/i/article/2059774761706668034",
    "title": "We built the NFT primitive pump.fun never shipped.",
    "preview_text": "One PDA derivation. The whole hybrid token + NFT mechanic, on pump.fun.\n\nNot by minting two assets. By making the NFT itself the key to the tokens locked behind it.\n// The",
    "cover_media_img_url": "https://pbs.twimg.com/media/HJXKRZhWoAIyv0z.jpg",
    "author": "wrappedbulls",
    "author_name": "wrapped bulls",
    "author_followers": 516,
    "created_at": "Thu May 28 00:29:59 +0000 2026",
    "likes": 161,
    "retweets": 38,
    "replies": 35,
    "quotes": 9,
    "bookmarks": 6,
    "views": 48619,
    "query_label": "keyword-native-top",
    "engagement": 249,
    "weighted_engagement": 296,
    "engagement_per_1k_views": 5.121,
    "score": 312.2063333333333,
    "author_avg_views_last10": 884.7,
    "author_avg_views_min_age_hours": 4,
    "views_per_1k_followers": 94222.868,
    "views_vs_author_avg": 54.955,
    "outlier_score": 99723.489
  }
}
wrote /Users/maxguillabert/Downloads/index/docs/x-targeting/x_articles/2026-06-09/pumpfun-30d/by-likes.md (100 articles)
wrote /Users/maxguillabert/Downloads/index/docs/x-targeting/x_articles/2026-06-09/pumpfun-30d/by-views.md (100 articles)
date: illegal option -- -
usage: date [-jnRu] [-I[date|hours|minutes|seconds|ns]] [-f input_fmt]
            [ -z output_zone ] [-r filename|seconds] [-v[+|-]val[y|m|w|d|H|M|S]]
            [[[[mm]dd]HH]MM[[cc]yy][.SS] | new_date] [+output_fmt]
[] monthly fetch niche=prediction-markets-30d date=2026-06-09 max=100

### rt-gte-500 [Top] x5p min_retweets:500 url:x.com/i/article since:2026-05-11 -is:retweet
  ↳ xarticles:rt-gte-500:p0  bal_before=9052344  est=300c
  ↳ xarticles:rt-gte-500:p0  bal_after=9052344  spent=0c ($0.0)  count=20
  ↳ xarticles:rt-gte-500:p1  bal_before=9052344  est=300c
  ↳ xarticles:rt-gte-500:p1  bal_after=9052344  spent=0c ($0.0)  count=20
  ↳ xarticles:rt-gte-500:p2  bal_before=9052344  est=300c
  ↳ xarticles:rt-gte-500:p2  bal_after=9048144  spent=4200c ($0.042)  count=13
  ↳ xarticles:rt-gte-500:p3  bal_before=9048144  est=300c
  ↳ xarticles:rt-gte-500:p3  bal_after=9048144  spent=0c ($0.0)  count=12
  ↳ xarticles:rt-gte-500:p4  bal_before=9048144  est=300c
  ↳ xarticles:rt-gte-500:p4  bal_after=9048144  spent=0c ($0.0)  count=13

### rt-gte-500-latest [Latest] x14p min_retweets:500 url:x.com/i/article since:2026-05-11 -is:retweet
  ↳ xarticles:rt-gte-500-latest:p0  bal_before=9048144  est=300c
  ↳ xarticles:rt-gte-500-latest:p0  bal_after=9048144  spent=0c ($0.0)  count=15
  ↳ xarticles:rt-gte-500-latest:p1  bal_before=9048144  est=300c
  ↳ xarticles:rt-gte-500-latest:p1  bal_after=9048144  spent=0c ($0.0)  count=15
  ↳ xarticles:rt-gte-500-latest:p2  bal_before=9048144  est=300c
  ↳ xarticles:rt-gte-500-latest:p2  bal_after=9048144  spent=0c ($0.0)  count=18
  ↳ xarticles:rt-gte-500-latest:p3  bal_before=9048144  est=300c
  ↳ xarticles:rt-gte-500-latest:p3  bal_after=9048144  spent=0c ($0.0)  count=20
  ↳ xarticles:rt-gte-500-latest:p4  bal_before=9048144  est=300c
  ↳ xarticles:rt-gte-500-latest:p4  bal_after=9048144  spent=0c ($0.0)  count=20
  ↳ xarticles:rt-gte-500-latest:p5  bal_before=9048144  est=300c
  ↳ xarticles:rt-gte-500-latest:p5  bal_after=9048144  spent=0c ($0.0)  count=20
  ↳ xarticles:rt-gte-500-latest:p6  bal_before=9048144  est=300c
  ↳ xarticles:rt-gte-500-latest:p6  bal_after=9048144  spent=0c ($0.0)  count=20
  ↳ xarticles:rt-gte-500-latest:p7  bal_before=9048144  est=300c
  ↳ xarticles:rt-gte-500-latest:p7  bal_after=9048144  spent=0c ($0.0)  count=20
  ↳ xarticles:rt-gte-500-latest:p8  bal_before=9048144  est=300c
  ↳ xarticles:rt-gte-500-latest:p8  bal_after=9048144  spent=0c ($0.0)  count=13
  ↳ xarticles:rt-gte-500-latest:p9  bal_before=9048144  est=300c
  ↳ xarticles:rt-gte-500-latest:p9  bal_after=9048144  spent=0c ($0.0)  count=0

### rt-gte-200 [Top] x5p min_retweets:200 url:x.com/i/article since:2026-05-11 -is:retweet
  ↳ xarticles:rt-gte-200:p0  bal_before=9048144  est=300c
  ↳ xarticles:rt-gte-200:p0  bal_after=9048144  spent=0c ($0.0)  count=20
  ↳ xarticles:rt-gte-200:p1  bal_before=9048144  est=300c
  ↳ xarticles:rt-gte-200:p1  bal_after=9048144  spent=0c ($0.0)  count=20
  ↳ xarticles:rt-gte-200:p2  bal_before=9048144  est=300c
  ↳ xarticles:rt-gte-200:p2  bal_after=9048144  spent=0c ($0.0)  count=20
  ↳ xarticles:rt-gte-200:p3  bal_before=9048144  est=300c
  ↳ xarticles:rt-gte-200:p3  bal_after=9043944  spent=4200c ($0.042)  count=20
  ↳ xarticles:rt-gte-200:p4  bal_before=9043944  est=300c
  ↳ xarticles:rt-gte-200:p4  bal_after=9043944  spent=0c ($0.0)  count=15

### rt-gte-200-latest [Latest] x14p min_retweets:200 url:x.com/i/article since:2026-05-11 -is:retweet
  ↳ xarticles:rt-gte-200-latest:p0  bal_before=9043944  est=300c
  ↳ xarticles:rt-gte-200-latest:p0  bal_after=9043944  spent=0c ($0.0)  count=13
  ↳ xarticles:rt-gte-200-latest:p1  bal_before=9043944  est=300c
  ↳ xarticles:rt-gte-200-latest:p1  bal_after=9043944  spent=0c ($0.0)  count=18
  ↳ xarticles:rt-gte-200-latest:p2  bal_before=9043944  est=300c
  ↳ xarticles:rt-gte-200-latest:p2  bal_after=9043944  spent=0c ($0.0)  count=19
  ↳ xarticles:rt-gte-200-latest:p3  bal_before=9043944  est=300c
  ↳ xarticles:rt-gte-200-latest:p3  bal_after=9043944  spent=0c ($0.0)  count=17
  ↳ xarticles:rt-gte-200-latest:p4  bal_before=9043944  est=300c
  ↳ xarticles:rt-gte-200-latest:p4  bal_after=9043944  spent=0c ($0.0)  count=20
  ↳ xarticles:rt-gte-200-latest:p5  bal_before=9043944  est=300c
  ↳ xarticles:rt-gte-200-latest:p5  bal_after=9043944  spent=0c ($0.0)  count=16
  ↳ xarticles:rt-gte-200-latest:p6  bal_before=9043944  est=300c
  ↳ xarticles:rt-gte-200-latest:p6  bal_after=9043944  spent=0c ($0.0)  count=16
  ↳ xarticles:rt-gte-200-latest:p7  bal_before=9043944  est=300c
  ↳ xarticles:rt-gte-200-latest:p7  bal_after=9043944  spent=0c ($0.0)  count=20
  ↳ xarticles:rt-gte-200-latest:p8  bal_before=9043944  est=300c
  ↳ xarticles:rt-gte-200-latest:p8  bal_after=9043944  spent=0c ($0.0)  count=20
  ↳ xarticles:rt-gte-200-latest:p9  bal_before=9043944  est=300c
  ↳ xarticles:rt-gte-200-latest:p9  bal_after=9043944  spent=0c ($0.0)  count=20
  ↳ xarticles:rt-gte-200-latest:p10  bal_before=9043944  est=300c
  ↳ xarticles:rt-gte-200-latest:p10  bal_after=9043944  spent=0c ($0.0)  count=20
  ↳ xarticles:rt-gte-200-latest:p11  bal_before=9043944  est=300c
  ↳ xarticles:rt-gte-200-latest:p11  bal_after=9043944  spent=0c ($0.0)  count=20
  ↳ xarticles:rt-gte-200-latest:p12  bal_before=9043944  est=300c
  ↳ xarticles:rt-gte-200-latest:p12  bal_after=9039534  spent=4410c ($0.0441)  count=0

### rt-gte-100 [Top] x5p min_retweets:100 url:x.com/i/article since:2026-05-11 -is:retweet
  ↳ xarticles:rt-gte-100:p0  bal_before=9039534  est=300c
  ↳ xarticles:rt-gte-100:p0  bal_after=9039534  spent=0c ($0.0)  count=20
  ↳ xarticles:rt-gte-100:p1  bal_before=9039534  est=300c
  ↳ xarticles:rt-gte-100:p1  bal_after=9039234  spent=300c ($0.003)  count=20
  ↳ xarticles:rt-gte-100:p2  bal_before=9039234  est=300c
  ↳ xarticles:rt-gte-100:p2  bal_after=9039234  spent=0c ($0.0)  count=20
  ↳ xarticles:rt-gte-100:p3  bal_before=9039234  est=300c
  ↳ xarticles:rt-gte-100:p3  bal_after=9039234  spent=0c ($0.0)  count=17
  ↳ xarticles:rt-gte-100:p4  bal_before=9039234  est=300c
  ↳ xarticles:rt-gte-100:p4  bal_after=9039234  spent=0c ($0.0)  count=8

### rt-gte-100-latest [Latest] x14p min_retweets:100 url:x.com/i/article since:2026-05-11 -is:retweet
  ↳ xarticles:rt-gte-100-latest:p0  bal_before=9039234  est=300c
  ↳ xarticles:rt-gte-100-latest:p0  bal_after=9039234  spent=0c ($0.0)  count=15
  ↳ xarticles:rt-gte-100-latest:p1  bal_before=9039234  est=300c
  ↳ xarticles:rt-gte-100-latest:p1  bal_after=9039234  spent=0c ($0.0)  count=18
  ↳ xarticles:rt-gte-100-latest:p2  bal_before=9039234  est=300c
  ↳ xarticles:rt-gte-100-latest:p2  bal_after=9039234  spent=0c ($0.0)  count=17
  ↳ xarticles:rt-gte-100-latest:p3  bal_before=9039234  est=300c
  ↳ xarticles:rt-gte-100-latest:p3  bal_after=9039234  spent=0c ($0.0)  count=20
  ↳ xarticles:rt-gte-100-latest:p4  bal_before=9039234  est=300c
  ↳ xarticles:rt-gte-100-latest:p4  bal_after=9039234  spent=0c ($0.0)  count=20
  ↳ xarticles:rt-gte-100-latest:p5  bal_before=9039234  est=300c
  ↳ xarticles:rt-gte-100-latest:p5  bal_after=9039234  spent=0c ($0.0)  count=20
  ↳ xarticles:rt-gte-100-latest:p6  bal_before=9039234  est=300c
  ↳ xarticles:rt-gte-100-latest:p6  bal_after=9039234  spent=0c ($0.0)  count=19
  ↳ xarticles:rt-gte-100-latest:p7  bal_before=9039234  est=300c
  ↳ xarticles:rt-gte-100-latest:p7  bal_after=9039234  spent=0c ($0.0)  count=17
  ↳ xarticles:rt-gte-100-latest:p8  bal_before=9039234  est=300c
  ↳ xarticles:rt-gte-100-latest:p8  bal_after=9039234  spent=0c ($0.0)  count=20
  ↳ xarticles:rt-gte-100-latest:p9  bal_before=9039234  est=300c
  ↳ xarticles:rt-gte-100-latest:p9  bal_after=9039234  spent=0c ($0.0)  count=18
  ↳ xarticles:rt-gte-100-latest:p10  bal_before=9039234  est=300c
  ↳ xarticles:rt-gte-100-latest:p10  bal_after=9039234  spent=0c ($0.0)  count=20
  ↳ xarticles:rt-gte-100-latest:p11  bal_before=9039234  est=300c
  ↳ xarticles:rt-gte-100-latest:p11  bal_after=9039234  spent=0c ($0.0)  count=18
  ↳ xarticles:rt-gte-100-latest:p12  bal_before=9039234  est=300c
  ↳ xarticles:rt-gte-100-latest:p12  bal_after=9039234  spent=0c ($0.0)  count=20
  ↳ xarticles:rt-gte-100-latest:p13  bal_before=9039234  est=300c
  ↳ xarticles:rt-gte-100-latest:p13  bal_after=9039234  spent=0c ($0.0)  count=18

### likes-gte-5000 [Top] x5p min_faves:5000 url:x.com/i/article since:2026-05-11 -is:retweet
  ↳ xarticles:likes-gte-5000:p0  bal_before=9039234  est=300c
  ↳ xarticles:likes-gte-5000:p0  bal_after=9034899  spent=4335c ($0.0433)  count=20
  ↳ xarticles:likes-gte-5000:p1  bal_before=9034899  est=300c
  ↳ xarticles:likes-gte-5000:p1  bal_after=9034899  spent=0c ($0.0)  count=20
  ↳ xarticles:likes-gte-5000:p2  bal_before=9034899  est=300c
  ↳ xarticles:likes-gte-5000:p2  bal_after=9034899  spent=0c ($0.0)  count=20
  ↳ xarticles:likes-gte-5000:p3  bal_before=9034899  est=300c
  ↳ xarticles:likes-gte-5000:p3  bal_after=9034899  spent=0c ($0.0)  count=20
  ↳ xarticles:likes-gte-5000:p4  bal_before=9034899  est=300c
  ↳ xarticles:likes-gte-5000:p4  bal_after=9034899  spent=0c ($0.0)  count=20

### likes-gte-5000-latest [Latest] x14p min_faves:5000 url:x.com/i/article since:2026-05-11 -is:retweet
  ↳ xarticles:likes-gte-5000-latest:p0  bal_before=9034899  est=300c
  ↳ xarticles:likes-gte-5000-latest:p0  bal_after=9034899  spent=0c ($0.0)  count=20
  ↳ xarticles:likes-gte-5000-latest:p1  bal_before=9034899  est=300c
  ↳ xarticles:likes-gte-5000-latest:p1  bal_after=9034899  spent=0c ($0.0)  count=20
  ↳ xarticles:likes-gte-5000-latest:p2  bal_before=9034899  est=300c
  ↳ xarticles:likes-gte-5000-latest:p2  bal_after=9034899  spent=0c ($0.0)  count=19
  ↳ xarticles:likes-gte-5000-latest:p3  bal_before=9034899  est=300c
  ↳ xarticles:likes-gte-5000-latest:p3  bal_after=9034899  spent=0c ($0.0)  count=0

### likes-gte-2000 [Top] x5p min_faves:2000 url:x.com/i/article since:2026-05-11 -is:retweet
  ↳ xarticles:likes-gte-2000:p0  bal_before=9034899  est=300c
  ↳ xarticles:likes-gte-2000:p0  bal_after=9034899  spent=0c ($0.0)  count=20
  ↳ xarticles:likes-gte-2000:p1  bal_before=9034899  est=300c
  ↳ xarticles:likes-gte-2000:p1  bal_after=9034899  spent=0c ($0.0)  count=6
  ↳ xarticles:likes-gte-2000:p2  bal_before=9034899  est=300c
  ↳ xarticles:likes-gte-2000:p2  bal_after=9034899  spent=0c ($0.0)  count=20
  ↳ xarticles:likes-gte-2000:p3  bal_before=9034899  est=300c
  ↳ xarticles:likes-gte-2000:p3  bal_after=9034899  spent=0c ($0.0)  count=20
  ↳ xarticles:likes-gte-2000:p4  bal_before=9034899  est=300c
  ↳ xarticles:likes-gte-2000:p4  bal_after=9031269  spent=3630c ($0.0363)  count=20

### likes-gte-2000-latest [Latest] x14p min_faves:2000 url:x.com/i/article since:2026-05-11 -is:retweet
  ↳ xarticles:likes-gte-2000-latest:p0  bal_before=9031269  est=300c
  ↳ xarticles:likes-gte-2000-latest:p0  bal_after=9031269  spent=0c ($0.0)  count=20
  ↳ xarticles:likes-gte-2000-latest:p1  bal_before=9031269  est=300c
  ↳ xarticles:likes-gte-2000-latest:p1  bal_after=9031269  spent=0c ($0.0)  count=20
  ↳ xarticles:likes-gte-2000-latest:p2  bal_before=9031269  est=300c
  ↳ xarticles:likes-gte-2000-latest:p2  bal_after=9031269  spent=0c ($0.0)  count=20
  ↳ xarticles:likes-gte-2000-latest:p3  bal_before=9031269  est=300c
  ↳ xarticles:likes-gte-2000-latest:p3  bal_after=9031269  spent=0c ($0.0)  count=20
  ↳ xarticles:likes-gte-2000-latest:p4  bal_before=9031269  est=300c
  ↳ xarticles:likes-gte-2000-latest:p4  bal_after=9031269  spent=0c ($0.0)  count=20
  ↳ xarticles:likes-gte-2000-latest:p5  bal_before=9031269  est=300c
  ↳ xarticles:likes-gte-2000-latest:p5  bal_after=9031269  spent=0c ($0.0)  count=19
  ↳ xarticles:likes-gte-2000-latest:p6  bal_before=9031269  est=300c
  ↳ xarticles:likes-gte-2000-latest:p6  bal_after=9031269  spent=0c ($0.0)  count=20
  ↳ xarticles:likes-gte-2000-latest:p7  bal_before=9031269  est=300c
  ↳ xarticles:likes-gte-2000-latest:p7  bal_after=9031269  spent=0c ($0.0)  count=20
  ↳ xarticles:likes-gte-2000-latest:p8  bal_before=9031269  est=300c
  ↳ xarticles:likes-gte-2000-latest:p8  bal_after=9031269  spent=0c ($0.0)  count=20
  ↳ xarticles:likes-gte-2000-latest:p9  bal_before=9031269  est=300c
  ↳ xarticles:likes-gte-2000-latest:p9  bal_after=9031269  spent=0c ($0.0)  count=20
  ↳ xarticles:likes-gte-2000-latest:p10  bal_before=9031269  est=300c
  ↳ xarticles:likes-gte-2000-latest:p10  bal_after=9031269  spent=0c ($0.0)  count=20
  ↳ xarticles:likes-gte-2000-latest:p11  bal_before=9031269  est=300c
  ↳ xarticles:likes-gte-2000-latest:p11  bal_after=9031269  spent=0c ($0.0)  count=0

### likes-gte-1000 [Top] x5p min_faves:1000 url:x.com/i/article since:2026-05-11 -is:retweet
  ↳ xarticles:likes-gte-1000:p0  bal_before=9031269  est=300c
  ↳ xarticles:likes-gte-1000:p0  bal_after=9031269  spent=0c ($0.0)  count=20
  ↳ xarticles:likes-gte-1000:p1  bal_before=9031269  est=300c
  ↳ xarticles:likes-gte-1000:p1  bal_after=9031269  spent=0c ($0.0)  count=18
  ↳ xarticles:likes-gte-1000:p2  bal_before=9031269  est=300c
  ↳ xarticles:likes-gte-1000:p2  bal_after=9031269  spent=0c ($0.0)  count=20
  ↳ xarticles:likes-gte-1000:p3  bal_before=9031269  est=300c
  ↳ xarticles:likes-gte-1000:p3  bal_after=9031269  spent=0c ($0.0)  count=20
  ↳ xarticles:likes-gte-1000:p4  bal_before=9031269  est=300c
  ↳ xarticles:likes-gte-1000:p4  bal_after=9026499  spent=4770c ($0.0477)  count=19

### likes-gte-1000-latest [Latest] x14p min_faves:1000 url:x.com/i/article since:2026-05-11 -is:retweet
  ↳ xarticles:likes-gte-1000-latest:p0  bal_before=9026499  est=300c
  ↳ xarticles:likes-gte-1000-latest:p0  bal_after=9026499  spent=0c ($0.0)  count=20
  ↳ xarticles:likes-gte-1000-latest:p1  bal_before=9026499  est=300c
  ↳ xarticles:likes-gte-1000-latest:p1  bal_after=9026499  spent=0c ($0.0)  count=20
  ↳ xarticles:likes-gte-1000-latest:p2  bal_before=9026499  est=300c
  ↳ xarticles:likes-gte-1000-latest:p2  bal_after=9026499  spent=0c ($0.0)  count=20
  ↳ xarticles:likes-gte-1000-latest:p3  bal_before=9026499  est=300c
  ↳ xarticles:likes-gte-1000-latest:p3  bal_after=9026499  spent=0c ($0.0)  count=20
  ↳ xarticles:likes-gte-1000-latest:p4  bal_before=9026499  est=300c
  ↳ xarticles:likes-gte-1000-latest:p4  bal_after=9026499  spent=0c ($0.0)  count=20
  ↳ xarticles:likes-gte-1000-latest:p5  bal_before=9026499  est=300c
  ↳ xarticles:likes-gte-1000-latest:p5  bal_after=9026499  spent=0c ($0.0)  count=20
  ↳ xarticles:likes-gte-1000-latest:p6  bal_before=9026499  est=300c
  ↳ xarticles:likes-gte-1000-latest:p6  bal_after=9026499  spent=0c ($0.0)  count=20
  ↳ xarticles:likes-gte-1000-latest:p7  bal_before=9026499  est=300c
  ↳ xarticles:likes-gte-1000-latest:p7  bal_after=9026499  spent=0c ($0.0)  count=20
  ↳ xarticles:likes-gte-1000-latest:p8  bal_before=9026499  est=300c
  ↳ xarticles:likes-gte-1000-latest:p8  bal_after=9026499  spent=0c ($0.0)  count=20
  ↳ xarticles:likes-gte-1000-latest:p9  bal_before=9026499  est=300c
  ↳ xarticles:likes-gte-1000-latest:p9  bal_after=9026499  spent=0c ($0.0)  count=20
  ↳ xarticles:likes-gte-1000-latest:p10  bal_before=9026499  est=300c
  ↳ xarticles:likes-gte-1000-latest:p10  bal_after=9026499  spent=0c ($0.0)  count=20
  ↳ xarticles:likes-gte-1000-latest:p11  bal_before=9026499  est=300c
  ↳ xarticles:likes-gte-1000-latest:p11  bal_after=9026499  spent=0c ($0.0)  count=20
  ↳ xarticles:likes-gte-1000-latest:p12  bal_before=9026499  est=300c
  ↳ xarticles:likes-gte-1000-latest:p12  bal_after=9026499  spent=0c ($0.0)  count=20
  ↳ xarticles:likes-gte-1000-latest:p13  bal_before=9026499  est=300c
  ↳ xarticles:likes-gte-1000-latest:p13  bal_after=9026499  spent=0c ($0.0)  count=19

### likes-gte-500 [Top] x5p min_faves:500 url:x.com/i/article since:2026-05-11 -is:retweet
  ↳ xarticles:likes-gte-500:p0  bal_before=9026499  est=300c
  ↳ xarticles:likes-gte-500:p0  bal_after=9026499  spent=0c ($0.0)  count=20
  ↳ xarticles:likes-gte-500:p1  bal_before=9026499  est=300c
  ↳ xarticles:likes-gte-500:p1  bal_after=9026499  spent=0c ($0.0)  count=20
  ↳ xarticles:likes-gte-500:p2  bal_before=9026499  est=300c
  ↳ xarticles:likes-gte-500:p2  bal_after=9021129  spent=5370c ($0.0537)  count=20
  ↳ xarticles:likes-gte-500:p3  bal_before=9021129  est=300c
  ↳ xarticles:likes-gte-500:p3  bal_after=9021129  spent=0c ($0.0)  count=20
  ↳ xarticles:likes-gte-500:p4  bal_before=9021129  est=300c
  ↳ xarticles:likes-gte-500:p4  bal_after=9021129  spent=0c ($0.0)  count=20

### likes-gte-500-latest [Latest] x14p min_faves:500 url:x.com/i/article since:2026-05-11 -is:retweet
  ↳ xarticles:likes-gte-500-latest:p0  bal_before=9021129  est=300c
  ↳ xarticles:likes-gte-500-latest:p0  bal_after=9021129  spent=0c ($0.0)  count=20
  ↳ xarticles:likes-gte-500-latest:p1  bal_before=9021129  est=300c
  ↳ xarticles:likes-gte-500-latest:p1  bal_after=9021129  spent=0c ($0.0)  count=20
  ↳ xarticles:likes-gte-500-latest:p2  bal_before=9021129  est=300c
  ↳ xarticles:likes-gte-500-latest:p2  bal_after=9021129  spent=0c ($0.0)  count=20
  ↳ xarticles:likes-gte-500-latest:p3  bal_before=9021129  est=300c
  ↳ xarticles:likes-gte-500-latest:p3  bal_after=9021129  spent=0c ($0.0)  count=20
  ↳ xarticles:likes-gte-500-latest:p4  bal_before=9021129  est=300c
  ↳ xarticles:likes-gte-500-latest:p4  bal_after=9021129  spent=0c ($0.0)  count=20
  ↳ xarticles:likes-gte-500-latest:p5  bal_before=9021129  est=300c
  ↳ xarticles:likes-gte-500-latest:p5  bal_after=9021129  spent=0c ($0.0)  count=20
  ↳ xarticles:likes-gte-500-latest:p6  bal_before=9021129  est=300c
  ↳ xarticles:likes-gte-500-latest:p6  bal_after=9021129  spent=0c ($0.0)  count=20
  ↳ xarticles:likes-gte-500-latest:p7  bal_before=9021129  est=300c
  ↳ xarticles:likes-gte-500-latest:p7  bal_after=9021129  spent=0c ($0.0)  count=20
  ↳ xarticles:likes-gte-500-latest:p8  bal_before=9021129  est=300c
  ↳ xarticles:likes-gte-500-latest:p8  bal_after=9021129  spent=0c ($0.0)  count=18
  ↳ xarticles:likes-gte-500-latest:p9  bal_before=9021129  est=300c
  ↳ xarticles:likes-gte-500-latest:p9  bal_after=9021129  spent=0c ($0.0)  count=20
  ↳ xarticles:likes-gte-500-latest:p10  bal_before=9021129  est=300c
  ↳ xarticles:likes-gte-500-latest:p10  bal_after=9021129  spent=0c ($0.0)  count=20
  ↳ xarticles:likes-gte-500-latest:p11  bal_before=9021129  est=300c
  ↳ xarticles:likes-gte-500-latest:p11  bal_after=9021129  spent=0c ($0.0)  count=20
  ↳ xarticles:likes-gte-500-latest:p12  bal_before=9021129  est=300c
  ↳ xarticles:likes-gte-500-latest:p12  bal_after=9021129  spent=0c ($0.0)  count=20
  ↳ xarticles:likes-gte-500-latest:p13  bal_before=9021129  est=300c
  ↳ xarticles:likes-gte-500-latest:p13  bal_after=9016659  spent=4470c ($0.0447)  count=20

### likes-gte-250 [Top] x5p min_faves:250 url:x.com/i/article since:2026-05-11 -is:retweet
  ↳ xarticles:likes-gte-250:p0  bal_before=9016659  est=300c
  ↳ xarticles:likes-gte-250:p0  bal_after=9016659  spent=0c ($0.0)  count=20
  ↳ xarticles:likes-gte-250:p1  bal_before=9016659  est=300c
  ↳ xarticles:likes-gte-250:p1  bal_after=9016659  spent=0c ($0.0)  count=20
  ↳ xarticles:likes-gte-250:p2  bal_before=9016659  est=300c
  ↳ xarticles:likes-gte-250:p2  bal_after=9016659  spent=0c ($0.0)  count=20
  ↳ xarticles:likes-gte-250:p3  bal_before=9016659  est=300c
  ↳ xarticles:likes-gte-250:p3  bal_after=9016659  spent=0c ($0.0)  count=20
  ↳ xarticles:likes-gte-250:p4  bal_before=9015159  est=300c
  ↳ xarticles:likes-gte-250:p4  bal_after=9015159  spent=0c ($0.0)  count=20

### likes-gte-250-latest [Latest] x14p min_faves:250 url:x.com/i/article since:2026-05-11 -is:retweet
  ↳ xarticles:likes-gte-250-latest:p0  bal_before=9015159  est=300c
  ↳ xarticles:likes-gte-250-latest:p0  bal_after=9015159  spent=0c ($0.0)  count=20
  ↳ xarticles:likes-gte-250-latest:p1  bal_before=9015159  est=300c
  ↳ xarticles:likes-gte-250-latest:p1  bal_after=9015159  spent=0c ($0.0)  count=20
  ↳ xarticles:likes-gte-250-latest:p2  bal_before=9015159  est=300c
  ↳ xarticles:likes-gte-250-latest:p2  bal_after=9015159  spent=0c ($0.0)  count=20
  ↳ xarticles:likes-gte-250-latest:p3  bal_before=9015159  est=300c
  ↳ xarticles:likes-gte-250-latest:p3  bal_after=9015159  spent=0c ($0.0)  count=20
  ↳ xarticles:likes-gte-250-latest:p4  bal_before=9015159  est=300c
  ↳ xarticles:likes-gte-250-latest:p4  bal_after=9015159  spent=0c ($0.0)  count=20
  ↳ xarticles:likes-gte-250-latest:p5  bal_before=9015159  est=300c
  ↳ xarticles:likes-gte-250-latest:p5  bal_after=9015159  spent=0c ($0.0)  count=20
  ↳ xarticles:likes-gte-250-latest:p6  bal_before=9015159  est=300c
  ↳ xarticles:likes-gte-250-latest:p6  bal_after=9015159  spent=0c ($0.0)  count=20
  ↳ xarticles:likes-gte-250-latest:p7  bal_before=9015159  est=300c
  ↳ xarticles:likes-gte-250-latest:p7  bal_after=9015159  spent=0c ($0.0)  count=20
  ↳ xarticles:likes-gte-250-latest:p8  bal_before=9015159  est=300c
  ↳ xarticles:likes-gte-250-latest:p8  bal_after=9015159  spent=0c ($0.0)  count=20
  ↳ xarticles:likes-gte-250-latest:p9  bal_before=9015159  est=300c
  ↳ xarticles:likes-gte-250-latest:p9  bal_after=9015159  spent=0c ($0.0)  count=20
  ↳ xarticles:likes-gte-250-latest:p10  bal_before=9015159  est=300c
  ↳ xarticles:likes-gte-250-latest:p10  bal_after=9015159  spent=0c ($0.0)  count=20
  ↳ xarticles:likes-gte-250-latest:p11  bal_before=9015159  est=300c
  ↳ xarticles:likes-gte-250-latest:p11  bal_after=9015159  spent=0c ($0.0)  count=20
  ↳ xarticles:likes-gte-250-latest:p12  bal_before=9015159  est=300c
  ↳ xarticles:likes-gte-250-latest:p12  bal_after=9015159  spent=0c ($0.0)  count=20
  ↳ xarticles:likes-gte-250-latest:p13  bal_before=9015159  est=300c
  ↳ xarticles:likes-gte-250-latest:p13  bal_after=9015159  spent=0c ($0.0)  count=20

### likes-gte-100 [Top] x5p min_faves:100 url:x.com/i/article since:2026-05-11 -is:retweet
  ↳ xarticles:likes-gte-100:p0  bal_before=9015159  est=300c
  ↳ xarticles:likes-gte-100:p0  bal_after=9015159  spent=0c ($0.0)  count=20
  ↳ xarticles:likes-gte-100:p1  bal_before=9015159  est=300c
  ↳ xarticles:likes-gte-100:p1  bal_after=9015159  spent=0c ($0.0)  count=20
  ↳ xarticles:likes-gte-100:p2  bal_before=9015159  est=300c
  ↳ xarticles:likes-gte-100:p2  bal_after=9009759  spent=5400c ($0.054)  count=20
  ↳ xarticles:likes-gte-100:p3  bal_before=9009759  est=300c
  ↳ xarticles:likes-gte-100:p3  bal_after=9009759  spent=0c ($0.0)  count=20
  ↳ xarticles:likes-gte-100:p4  bal_before=9009759  est=300c
  ↳ xarticles:likes-gte-100:p4  bal_after=9009759  spent=0c ($0.0)  count=20

### likes-gte-100-latest [Latest] x14p min_faves:100 url:x.com/i/article since:2026-05-11 -is:retweet
  ↳ xarticles:likes-gte-100-latest:p0  bal_before=9009759  est=300c
  ↳ xarticles:likes-gte-100-latest:p0  bal_after=9009759  spent=0c ($0.0)  count=20
  ↳ xarticles:likes-gte-100-latest:p1  bal_before=9009759  est=300c
  ↳ xarticles:likes-gte-100-latest:p1  bal_after=9009759  spent=0c ($0.0)  count=19
  ↳ xarticles:likes-gte-100-latest:p2  bal_before=9009759  est=300c
  ↳ xarticles:likes-gte-100-latest:p2  bal_after=9009759  spent=0c ($0.0)  count=19
  ↳ xarticles:likes-gte-100-latest:p3  bal_before=9009759  est=300c
  ↳ xarticles:likes-gte-100-latest:p3  bal_after=9009759  spent=0c ($0.0)  count=20
  ↳ xarticles:likes-gte-100-latest:p4  bal_before=9009759  est=300c
  ↳ xarticles:likes-gte-100-latest:p4  bal_after=9009759  spent=0c ($0.0)  count=20
  ↳ xarticles:likes-gte-100-latest:p5  bal_before=9009759  est=300c
  ↳ xarticles:likes-gte-100-latest:p5  bal_after=9009759  spent=0c ($0.0)  count=20
  ↳ xarticles:likes-gte-100-latest:p6  bal_before=9009759  est=300c
  ↳ xarticles:likes-gte-100-latest:p6  bal_after=9009759  spent=0c ($0.0)  count=19
  ↳ xarticles:likes-gte-100-latest:p7  bal_before=9009759  est=300c
  ↳ xarticles:likes-gte-100-latest:p7  bal_after=9009759  spent=0c ($0.0)  count=20
  ↳ xarticles:likes-gte-100-latest:p8  bal_before=9009759  est=300c
  ↳ xarticles:likes-gte-100-latest:p8  bal_after=9009759  spent=0c ($0.0)  count=20
  ↳ xarticles:likes-gte-100-latest:p9  bal_before=9009759  est=300c
  ↳ xarticles:likes-gte-100-latest:p9  bal_after=9009759  spent=0c ($0.0)  count=20
  ↳ xarticles:likes-gte-100-latest:p10  bal_before=9009759  est=300c
  ↳ xarticles:likes-gte-100-latest:p10  bal_after=9009759  spent=0c ($0.0)  count=20
  ↳ xarticles:likes-gte-100-latest:p11  bal_before=9009759  est=300c
  ↳ xarticles:likes-gte-100-latest:p11  bal_after=9009759  spent=0c ($0.0)  count=20
  ↳ xarticles:likes-gte-100-latest:p12  bal_before=9009759  est=300c
  ↳ xarticles:likes-gte-100-latest:p12  bal_after=9005304  spent=4455c ($0.0445)  count=20
  ↳ xarticles:likes-gte-100-latest:p13  bal_before=9005304  est=300c
  ↳ xarticles:likes-gte-100-latest:p13  bal_after=9005304  spent=0c ($0.0)  count=20

### likes-gte-50 [Top] x5p min_faves:50 url:x.com/i/article since:2026-05-11 -is:retweet
  ↳ xarticles:likes-gte-50:p0  bal_before=9005304  est=300c
  ↳ xarticles:likes-gte-50:p0  bal_after=9005304  spent=0c ($0.0)  count=20
  ↳ xarticles:likes-gte-50:p1  bal_before=9005304  est=300c
  ↳ xarticles:likes-gte-50:p1  bal_after=9005304  spent=0c ($0.0)  count=18
  ↳ xarticles:likes-gte-50:p2  bal_before=9005304  est=300c
  ↳ xarticles:likes-gte-50:p2  bal_after=9005304  spent=0c ($0.0)  count=20
  ↳ xarticles:likes-gte-50:p3  bal_before=9005304  est=300c
  ↳ xarticles:likes-gte-50:p3  bal_after=9005304  spent=0c ($0.0)  count=20
  ↳ xarticles:likes-gte-50:p4  bal_before=9005304  est=300c
  ↳ xarticles:likes-gte-50:p4  bal_after=9005304  spent=0c ($0.0)  count=20

### likes-gte-25 [Top] x5p min_faves:25 url:x.com/i/article since:2026-05-11 -is:retweet
  ↳ xarticles:likes-gte-25:p0  bal_before=9005304  est=300c
  ↳ xarticles:likes-gte-25:p0  bal_after=9005304  spent=0c ($0.0)  count=20
  ↳ xarticles:likes-gte-25:p1  bal_before=9005304  est=300c
  ↳ xarticles:likes-gte-25:p1  bal_after=9005304  spent=0c ($0.0)  count=20
  ↳ xarticles:likes-gte-25:p2  bal_before=9005304  est=300c
  ↳ xarticles:likes-gte-25:p2  bal_after=9005304  spent=0c ($0.0)  count=20
  ↳ xarticles:likes-gte-25:p3  bal_before=9005304  est=300c
  ↳ xarticles:likes-gte-25:p3  bal_after=9005304  spent=0c ($0.0)  count=20
  ↳ xarticles:likes-gte-25:p4  bal_before=9005304  est=300c
  ↳ xarticles:likes-gte-25:p4  bal_after=9005304  spent=0c ($0.0)  count=20

### likes-gte-10 [Top] x5p min_faves:10 url:x.com/i/article since:2026-05-11 -is:retweet
  ↳ xarticles:likes-gte-10:p0  bal_before=9005304  est=300c
  ↳ xarticles:likes-gte-10:p0  bal_after=9001734  spent=3570c ($0.0357)  count=20
  ↳ xarticles:likes-gte-10:p1  bal_before=9001734  est=300c
  ↳ xarticles:likes-gte-10:p1  bal_after=9001734  spent=0c ($0.0)  count=20
  ↳ xarticles:likes-gte-10:p2  bal_before=9001734  est=300c
  ↳ xarticles:likes-gte-10:p2  bal_after=9001734  spent=0c ($0.0)  count=17
  ↳ xarticles:likes-gte-10:p3  bal_before=9001734  est=300c
  ↳ xarticles:likes-gte-10:p3  bal_after=9001734  spent=0c ($0.0)  count=20
  ↳ xarticles:likes-gte-10:p4  bal_before=9001734  est=300c
  ↳ xarticles:likes-gte-10:p4  bal_after=9001734  spent=0c ($0.0)  count=20

### likes-gte-5 [Top] x5p min_faves:5 url:x.com/i/article since:2026-05-11 -is:retweet
  ↳ xarticles:likes-gte-5:p0  bal_before=9001734  est=300c
  ↳ xarticles:likes-gte-5:p0  bal_after=9001734  spent=0c ($0.0)  count=20
  ↳ xarticles:likes-gte-5:p1  bal_before=9001734  est=300c
  ↳ xarticles:likes-gte-5:p1  bal_after=9001734  spent=0c ($0.0)  count=18
  ↳ xarticles:likes-gte-5:p2  bal_before=9001734  est=300c
  ↳ xarticles:likes-gte-5:p2  bal_after=9001734  spent=0c ($0.0)  count=20
  ↳ xarticles:likes-gte-5:p3  bal_before=9001734  est=300c
  ↳ xarticles:likes-gte-5:p3  bal_after=9001734  spent=0c ($0.0)  count=19
  ↳ xarticles:likes-gte-5:p4  bal_before=9001734  est=300c
  ↳ xarticles:likes-gte-5:p4  bal_after=9001734  spent=0c ($0.0)  count=19

### likes-gte-2 [Top] x5p min_faves:2 url:x.com/i/article since:2026-05-11 -is:retweet
  ↳ xarticles:likes-gte-2:p0  bal_before=9001734  est=300c
  ↳ xarticles:likes-gte-2:p0  bal_after=8999109  spent=2625c ($0.0262)  count=20
  ↳ xarticles:likes-gte-2:p1  bal_before=8999109  est=300c
  ↳ xarticles:likes-gte-2:p1  bal_after=8999109  spent=0c ($0.0)  count=20
  ↳ xarticles:likes-gte-2:p2  bal_before=8999109  est=300c
  ↳ xarticles:likes-gte-2:p2  bal_after=8999109  spent=0c ($0.0)  count=20
  ↳ xarticles:likes-gte-2:p3  bal_before=8999109  est=300c
  ↳ xarticles:likes-gte-2:p3  bal_after=8999109  spent=0c ($0.0)  count=20
  ↳ xarticles:likes-gte-2:p4  bal_before=8999109  est=300c
  ↳ xarticles:likes-gte-2:p4  bal_after=8999109  spent=0c ($0.0)  count=19

### likes-gte-1 [Top] x5p min_faves:1 url:x.com/i/article since:2026-05-11 -is:retweet
  ↳ xarticles:likes-gte-1:p0  bal_before=8999109  est=300c
  ↳ xarticles:likes-gte-1:p0  bal_after=8999109  spent=0c ($0.0)  count=20
  ↳ xarticles:likes-gte-1:p1  bal_before=8999109  est=300c
  ↳ xarticles:likes-gte-1:p1  bal_after=8999109  spent=0c ($0.0)  count=20
  ↳ xarticles:likes-gte-1:p2  bal_before=8999109  est=300c
  ↳ xarticles:likes-gte-1:p2  bal_after=8999109  spent=0c ($0.0)  count=20
  ↳ xarticles:likes-gte-1:p3  bal_before=8999109  est=300c
  ↳ xarticles:likes-gte-1:p3  bal_after=8999109  spent=0c ($0.0)  count=20
  ↳ xarticles:likes-gte-1:p4  bal_before=8999109  est=300c
  ↳ xarticles:likes-gte-1:p4  bal_after=8999109  spent=0c ($0.0)  count=19

### replies-gte-2000 [Top] x5p min_replies:2000 url:x.com/i/article since:2026-05-11 -is:retweet
  ↳ xarticles:replies-gte-2000:p0  bal_before=8999109  est=300c
  ↳ xarticles:replies-gte-2000:p0  bal_after=8999109  spent=0c ($0.0)  count=20
  ↳ xarticles:replies-gte-2000:p1  bal_before=8999109  est=300c
  ↳ xarticles:replies-gte-2000:p1  bal_after=8999109  spent=0c ($0.0)  count=20
  ↳ xarticles:replies-gte-2000:p2  bal_before=8999109  est=300c
  ↳ xarticles:replies-gte-2000:p2  bal_after=8995569  spent=3540c ($0.0354)  count=20
  ↳ xarticles:replies-gte-2000:p3  bal_before=8995569  est=300c
  ↳ xarticles:replies-gte-2000:p3  bal_after=8995569  spent=0c ($0.0)  count=6
  ↳ xarticles:replies-gte-2000:p4  bal_before=8995569  est=300c
  ↳ xarticles:replies-gte-2000:p4  bal_after=8995569  spent=0c ($0.0)  count=20

### replies-gte-500 [Top] x5p min_replies:500 url:x.com/i/article since:2026-05-11 -is:retweet
  ↳ xarticles:replies-gte-500:p0  bal_before=8995569  est=300c
  ↳ xarticles:replies-gte-500:p0  bal_after=8995569  spent=0c ($0.0)  count=20
  ↳ xarticles:replies-gte-500:p1  bal_before=8995569  est=300c
  ↳ xarticles:replies-gte-500:p1  bal_after=8995569  spent=0c ($0.0)  count=16
  ↳ xarticles:replies-gte-500:p2  bal_before=8995569  est=300c
  ↳ xarticles:replies-gte-500:p2  bal_after=8995569  spent=0c ($0.0)  count=20
  ↳ xarticles:replies-gte-500:p3  bal_before=8995569  est=300c
  ↳ xarticles:replies-gte-500:p3  bal_after=8995569  spent=0c ($0.0)  count=20
  ↳ xarticles:replies-gte-500:p4  bal_before=8995569  est=300c
  ↳ xarticles:replies-gte-500:p4  bal_after=8995569  spent=0c ($0.0)  count=8

### replies-gte-100 [Top] x5p min_replies:100 url:x.com/i/article since:2026-05-11 -is:retweet
  ↳ xarticles:replies-gte-100:p0  bal_before=8995569  est=300c
  ↳ xarticles:replies-gte-100:p0  bal_after=8995569  spent=0c ($0.0)  count=20
  ↳ xarticles:replies-gte-100:p1  bal_before=8995569  est=300c
  ↳ xarticles:replies-gte-100:p1  bal_after=8995569  spent=0c ($0.0)  count=20
  ↳ xarticles:replies-gte-100:p2  bal_before=8995569  est=300c
  ↳ xarticles:replies-gte-100:p2  bal_after=8995569  spent=0c ($0.0)  count=20
  ↳ xarticles:replies-gte-100:p3  bal_before=8995569  est=300c
  ↳ xarticles:replies-gte-100:p3  bal_after=8995569  spent=0c ($0.0)  count=19
  ↳ xarticles:replies-gte-100:p4  bal_before=8995569  est=300c
  ↳ xarticles:replies-gte-100:p4  bal_after=8992119  spent=3450c ($0.0345)  count=19

### replies-gte-25 [Top] x5p min_replies:25 url:x.com/i/article since:2026-05-11 -is:retweet
  ↳ xarticles:replies-gte-25:p0  bal_before=8992119  est=300c
  ↳ xarticles:replies-gte-25:p0  bal_after=8992119  spent=0c ($0.0)  count=20
  ↳ xarticles:replies-gte-25:p1  bal_before=8992119  est=300c
  ↳ xarticles:replies-gte-25:p1  bal_after=8992119  spent=0c ($0.0)  count=20
  ↳ xarticles:replies-gte-25:p2  bal_before=8992119  est=300c
  ↳ xarticles:replies-gte-25:p2  bal_after=8992119  spent=0c ($0.0)  count=20
  ↳ xarticles:replies-gte-25:p3  bal_before=8992119  est=300c
  ↳ xarticles:replies-gte-25:p3  bal_after=8992119  spent=0c ($0.0)  count=20
  ↳ xarticles:replies-gte-25:p4  bal_before=8992119  est=300c
  ↳ xarticles:replies-gte-25:p4  bal_after=8992119  spent=0c ($0.0)  count=20

### broad-native-top [Top] x5p (Polymarket OR Kalshi OR prediction OR forecast OR "betting market" OR "outcome market" OR "outcome markets" OR "event contract" OR Vizo OR XPredict OR 预测市场 OR 予測市場) url:x.com/i/article since:2026-05-11 -is:retweet
  ↳ xarticles:broad-native-top:p0  bal_before=8992119  est=300c
  ↳ xarticles:broad-native-top:p0  bal_after=8992119  spent=0c ($0.0)  count=20
  ↳ xarticles:broad-native-top:p1  bal_before=8992119  est=300c
  ↳ xarticles:broad-native-top:p1  bal_after=8992119  spent=0c ($0.0)  count=20
  ↳ xarticles:broad-native-top:p2  bal_before=8992119  est=300c
  ↳ xarticles:broad-native-top:p2  bal_after=8992119  spent=0c ($0.0)  count=20
  ↳ xarticles:broad-native-top:p3  bal_before=8992119  est=300c
  ↳ xarticles:broad-native-top:p3  bal_after=8992119  spent=0c ($0.0)  count=20
  ↳ xarticles:broad-native-top:p4  bal_before=8992119  est=300c
  ↳ xarticles:broad-native-top:p4  bal_after=8992119  spent=0c ($0.0)  count=20

### keyword-native-top [Top] x5p (Polymarket OR Kalshi OR prediction OR forecast OR "betting market" OR "outcome market" OR "outcome markets" OR "event contract" OR Vizo OR XPredict OR 预测市场 OR 予測市場) url:x.com/i/article since:2026-05-11 -is:retweet min_faves:5
  ↳ xarticles:keyword-native-top:p0  bal_before=8992119  est=300c
  ↳ xarticles:keyword-native-top:p0  bal_after=8989149  spent=2970c ($0.0297)  count=20
  ↳ xarticles:keyword-native-top:p1  bal_before=8989149  est=300c
  ↳ xarticles:keyword-native-top:p1  bal_after=8989149  spent=0c ($0.0)  count=20
  ↳ xarticles:keyword-native-top:p2  bal_before=8989149  est=300c
  ↳ xarticles:keyword-native-top:p2  bal_after=8989149  spent=0c ($0.0)  count=20
  ↳ xarticles:keyword-native-top:p3  bal_before=8989149  est=300c
  ↳ xarticles:keyword-native-top:p3  bal_after=8989149  spent=0c ($0.0)  count=20
  ↳ xarticles:keyword-native-top:p4  bal_before=8989149  est=300c
  ↳ xarticles:keyword-native-top:p4  bal_after=8989149  spent=0c ($0.0)  count=20

### keyword-native-latest [Latest] x14p (Polymarket OR Kalshi OR prediction OR forecast OR "betting market" OR "outcome market" OR "outcome markets" OR "event contract" OR Vizo OR XPredict OR 预测市场 OR 予測市場) url:x.com/i/article since:2026-05-11 -is:retweet
  ↳ xarticles:keyword-native-latest:p0  bal_before=8989149  est=300c
  ↳ xarticles:keyword-native-latest:p0  bal_after=8989149  spent=0c ($0.0)  count=20
  ↳ xarticles:keyword-native-latest:p1  bal_before=8989149  est=300c
  ↳ xarticles:keyword-native-latest:p1  bal_after=8989149  spent=0c ($0.0)  count=20
  ↳ xarticles:keyword-native-latest:p2  bal_before=8989149  est=300c
  ↳ xarticles:keyword-native-latest:p2  bal_after=8989149  spent=0c ($0.0)  count=20
  ↳ xarticles:keyword-native-latest:p3  bal_before=8989149  est=300c
  ↳ xarticles:keyword-native-latest:p3  bal_after=8989149  spent=0c ($0.0)  count=20
  ↳ xarticles:keyword-native-latest:p4  bal_before=8989149  est=300c
  ↳ xarticles:keyword-native-latest:p4  bal_after=8989149  spent=0c ($0.0)  count=20
  ↳ xarticles:keyword-native-latest:p5  bal_before=8986149  est=300c
  ↳ xarticles:keyword-native-latest:p5  bal_after=8986149  spent=0c ($0.0)  count=20
  ↳ xarticles:keyword-native-latest:p6  bal_before=8986149  est=300c
  ↳ xarticles:keyword-native-latest:p6  bal_after=8986149  spent=0c ($0.0)  count=20
  ↳ xarticles:keyword-native-latest:p7  bal_before=8986149  est=300c
  ↳ xarticles:keyword-native-latest:p7  bal_after=8986149  spent=0c ($0.0)  count=20
  ↳ xarticles:keyword-native-latest:p8  bal_before=8986149  est=300c
  ↳ xarticles:keyword-native-latest:p8  bal_after=8986149  spent=0c ($0.0)  count=20
  ↳ xarticles:keyword-native-latest:p9  bal_before=8986149  est=300c
  ↳ xarticles:keyword-native-latest:p9  bal_after=8986149  spent=0c ($0.0)  count=20
  ↳ xarticles:keyword-native-latest:p10  bal_before=8986149  est=300c
  ↳ xarticles:keyword-native-latest:p10  bal_after=8986149  spent=0c ($0.0)  count=20
  ↳ xarticles:keyword-native-latest:p11  bal_before=8986149  est=300c
  ↳ xarticles:keyword-native-latest:p11  bal_after=8986149  spent=0c ($0.0)  count=20
  ↳ xarticles:keyword-native-latest:p12  bal_before=8986149  est=300c
  ↳ xarticles:keyword-native-latest:p12  bal_after=8986149  spent=0c ($0.0)  count=20
  ↳ xarticles:keyword-native-latest:p13  bal_before=8986149  est=300c
  ↳ xarticles:keyword-native-latest:p13  bal_after=8986149  spent=0c ($0.0)  count=19
  ↳ xarticles:author-baseline:ActionModelAI  bal_before=8986149  est=300c
  ↳ xarticles:author-baseline:ActionModelAI  bal_after=8986149  spent=0c ($0.0)  count=20
  ↳ xarticles:author-baseline:kunley_drukpa  bal_before=8986149  est=300c
  ↳ xarticles:author-baseline:kunley_drukpa  bal_after=8986149  spent=0c ($0.0)  count=19
  ↳ xarticles:author-baseline:kunley_drukpa  bal_before=8986149  est=300c
  ↳ xarticles:author-baseline:kunley_drukpa  bal_after=8986149  spent=0c ($0.0)  count=19
  ↳ xarticles:author-baseline:MossAI_Official  bal_before=8986149  est=300c
  ↳ xarticles:author-baseline:MossAI_Official  bal_after=8986149  spent=0c ($0.0)  count=20
  ↳ xarticles:author-baseline:XLayerOfficial  bal_before=8986149  est=300c
  ↳ xarticles:author-baseline:XLayerOfficial  bal_after=8986149  spent=0c ($0.0)  count=20
  ↳ xarticles:author-baseline:MossAI_Official  bal_before=8986149  est=300c
  ↳ xarticles:author-baseline:MossAI_Official  bal_after=8986149  spent=0c ($0.0)  count=20
  ↳ xarticles:author-baseline:ofc_the_club  bal_before=8986149  est=300c
  ↳ xarticles:author-baseline:ofc_the_club  bal_after=8986149  spent=0c ($0.0)  count=20
  ↳ xarticles:author-baseline:nic_carter  bal_before=8986149  est=300c
  ↳ xarticles:author-baseline:nic_carter  bal_after=8986149  spent=0c ($0.0)  count=20
  ↳ xarticles:author-baseline:idontexistTore  bal_before=8986149  est=300c
  ↳ xarticles:author-baseline:idontexistTore  bal_after=8986149  spent=0c ($0.0)  count=20
  ↳ xarticles:author-baseline:Jackhaldorsson  bal_before=8986149  est=300c
  ↳ xarticles:author-baseline:Jackhaldorsson  bal_after=8981094  spent=5055c ($0.0505)  count=20
  ↳ xarticles:author-baseline:JefferyCrypt  bal_before=8981094  est=300c
  ↳ xarticles:author-baseline:JefferyCrypt  bal_after=8981094  spent=0c ($0.0)  count=20
  ↳ xarticles:author-baseline:XTexchange  bal_before=8981094  est=300c
  ↳ xarticles:author-baseline:XTexchange  bal_after=8981094  spent=0c ($0.0)  count=20
  ↳ xarticles:author-baseline:EMEBOK_  bal_before=8981094  est=300c
  ↳ xarticles:author-baseline:EMEBOK_  bal_after=8981094  spent=0c ($0.0)  count=20
  ↳ xarticles:author-baseline:Liembriel  bal_before=8981094  est=300c
  ↳ xarticles:author-baseline:Liembriel  bal_after=8981094  spent=0c ($0.0)  count=20
  ↳ xarticles:author-baseline:Atenov_D  bal_before=8981094  est=300c
  ↳ xarticles:author-baseline:Atenov_D  bal_after=8981094  spent=0c ($0.0)  count=20
  ↳ xarticles:author-baseline:XTexchange  bal_before=8981094  est=300c
  ↳ xarticles:author-baseline:XTexchange  bal_after=8981094  spent=0c ($0.0)  count=20
  ↳ xarticles:author-baseline:predikt_gg  bal_before=8981094  est=300c
  ↳ xarticles:author-baseline:predikt_gg  bal_after=8981094  spent=0c ($0.0)  count=20
  ↳ xarticles:author-baseline:DeFi_CEO_  bal_before=8981094  est=300c
  ↳ xarticles:author-baseline:DeFi_CEO_  bal_after=8981094  spent=0c ($0.0)  count=20
  ↳ xarticles:author-baseline:XBITDEX  bal_before=8981094  est=300c
  ↳ xarticles:author-baseline:XBITDEX  bal_after=8981094  spent=0c ($0.0)  count=20
  ↳ xarticles:author-baseline:Counselor_Ayo  bal_before=8981094  est=300c
  ↳ xarticles:author-baseline:Counselor_Ayo  bal_after=8981094  spent=0c ($0.0)  count=20
  ↳ xarticles:author-baseline:Defi_Warhol  bal_before=8981094  est=300c
  ↳ xarticles:author-baseline:Defi_Warhol  bal_after=8981094  spent=0c ($0.0)  count=20
  ↳ xarticles:author-baseline:Baheet_  bal_before=8981094  est=300c
  ↳ xarticles:author-baseline:Baheet_  bal_after=8977194  spent=3900c ($0.039)  count=20
  ↳ xarticles:author-baseline:Jackhaldorsson  bal_before=8977194  est=300c
  ↳ xarticles:author-baseline:Jackhaldorsson  bal_after=8977194  spent=0c ($0.0)  count=20
  ↳ xarticles:author-baseline:predicttime_  bal_before=8977194  est=300c
  ↳ xarticles:author-baseline:predicttime_  bal_after=8977194  spent=0c ($0.0)  count=20
  ↳ xarticles:author-baseline:Baheet_  bal_before=8977194  est=300c
  ↳ xarticles:author-baseline:Baheet_  bal_after=8977194  spent=0c ($0.0)  count=20
  ↳ xarticles:author-baseline:VizoExchange  bal_before=8977194  est=300c
  ↳ xarticles:author-baseline:VizoExchange  bal_after=8977194  spent=0c ($0.0)  count=20
  ↳ xarticles:author-baseline:Counselor_Ayo  bal_before=8977194  est=300c
  ↳ xarticles:author-baseline:Counselor_Ayo  bal_after=8977194  spent=0c ($0.0)  count=20
  ↳ xarticles:author-baseline:schemacap  bal_before=8977194  est=300c
  ↳ xarticles:author-baseline:schemacap  bal_after=8977194  spent=0c ($0.0)  count=5
  ↳ xarticles:author-baseline:netrovertHQ  bal_before=8977194  est=300c
  ↳ xarticles:author-baseline:netrovertHQ  bal_after=8977194  spent=0c ($0.0)  count=20
  ↳ xarticles:author-baseline:AloneWrites_  bal_before=8977194  est=300c
  ↳ xarticles:author-baseline:AloneWrites_  bal_after=8977194  spent=0c ($0.0)  count=20
  ↳ xarticles:author-baseline:VizoExchange  bal_before=8977194  est=300c
  ↳ xarticles:author-baseline:VizoExchange  bal_after=8977194  spent=0c ($0.0)  count=20
  ↳ xarticles:author-baseline:ArrakisFinance  bal_before=8977194  est=300c
  ↳ xarticles:author-baseline:ArrakisFinance  bal_after=8977194  spent=0c ($0.0)  count=19
  ↳ xarticles:author-baseline:vorpal_onchain  bal_before=8977194  est=300c
  ↳ xarticles:author-baseline:vorpal_onchain  bal_after=8977194  spent=0c ($0.0)  count=20
  ↳ xarticles:author-baseline:Baheet_  bal_before=8977194  est=300c
  ↳ xarticles:author-baseline:Baheet_  bal_after=8977194  spent=0c ($0.0)  count=20
  ↳ xarticles:author-baseline:polysuccubus  bal_before=8977194  est=300c
  ↳ xarticles:author-baseline:polysuccubus  bal_after=8977194  spent=0c ($0.0)  count=20
  ↳ xarticles:author-baseline:goldengoalsol  bal_before=8977194  est=300c
  ↳ xarticles:author-baseline:goldengoalsol  bal_after=8977194  spent=0c ($0.0)  count=20
  ↳ xarticles:author-baseline:SurfAI  bal_before=8977194  est=300c
  ↳ xarticles:author-baseline:SurfAI  bal_after=8973234  spent=3960c ($0.0396)  count=20
  ↳ xarticles:author-baseline:Emotion_web3  bal_before=8973234  est=300c
  ↳ xarticles:author-baseline:Emotion_web3  bal_after=8973234  spent=0c ($0.0)  count=20
  ↳ xarticles:author-baseline:AloneWrites_  bal_before=8973234  est=300c
  ↳ xarticles:author-baseline:AloneWrites_  bal_after=8973234  spent=0c ($0.0)  count=20
  ↳ xarticles:author-baseline:almanac_market  bal_before=8973234  est=300c
  ↳ xarticles:author-baseline:almanac_market  bal_after=8973234  spent=0c ($0.0)  count=20
  ↳ xarticles:author-baseline:whydeso  bal_before=8973234  est=300c
  ↳ xarticles:author-baseline:whydeso  bal_after=8973234  spent=0c ($0.0)  count=20
  ↳ xarticles:author-baseline:XBITDEX  bal_before=8973234  est=300c
  ↳ xarticles:author-baseline:XBITDEX  bal_after=8973234  spent=0c ($0.0)  count=20
  ↳ xarticles:author-baseline:xet  bal_before=8973234  est=300c
  ↳ xarticles:author-baseline:xet  bal_after=8973234  spent=0c ($0.0)  count=19
  ↳ xarticles:author-baseline:epochdotm  bal_before=8973234  est=300c
  ↳ xarticles:author-baseline:epochdotm  bal_after=8973234  spent=0c ($0.0)  count=20
  ↳ xarticles:author-baseline:jdorman81  bal_before=8973234  est=300c
  ↳ xarticles:author-baseline:jdorman81  bal_after=8973234  spent=0c ($0.0)  count=20
  ↳ xarticles:author-baseline:Yuanzhuo_labs  bal_before=8973234  est=300c
  ↳ xarticles:author-baseline:Yuanzhuo_labs  bal_after=8973234  spent=0c ($0.0)  count=20
  ↳ xarticles:author-baseline:prediction_xbt  bal_before=8973234  est=300c
  ↳ xarticles:author-baseline:prediction_xbt  bal_after=8973234  spent=0c ($0.0)  count=20
  ↳ xarticles:author-baseline:stacyonchain  bal_before=8973234  est=300c
  ↳ xarticles:author-baseline:stacyonchain  bal_after=8969649  spent=3585c ($0.0358)  count=20
  ↳ xarticles:author-baseline:fortuneglobal_  bal_before=8969649  est=300c
  ↳ xarticles:author-baseline:fortuneglobal_  bal_after=8969649  spent=0c ($0.0)  count=20
  ↳ xarticles:author-baseline:Crypto_Mike55  bal_before=8969649  est=300c
  ↳ xarticles:author-baseline:Crypto_Mike55  bal_after=8969649  spent=0c ($0.0)  count=20
  ↳ xarticles:author-baseline:mr_bullishh  bal_before=8969649  est=300c
  ↳ xarticles:author-baseline:mr_bullishh  bal_after=8969649  spent=0c ($0.0)  count=20
  ↳ xarticles:author-baseline:wormwtf  bal_before=8969649  est=300c
  ↳ xarticles:author-baseline:wormwtf  bal_after=8969649  spent=0c ($0.0)  count=20
  ↳ xarticles:author-baseline:Cryptoiconn  bal_before=8969649  est=300c
  ↳ xarticles:author-baseline:Cryptoiconn  bal_after=8969649  spent=0c ($0.0)  count=20
  ↳ xarticles:author-baseline:HONKA_YO  bal_before=8969649  est=300c
  ↳ xarticles:author-baseline:HONKA_YO  bal_after=8969649  spent=0c ($0.0)  count=19
  ↳ xarticles:author-baseline:crptAtlas  bal_before=8969649  est=300c
  ↳ xarticles:author-baseline:crptAtlas  bal_after=8969649  spent=0c ($0.0)  count=20
  ↳ xarticles:author-baseline:varl999  bal_before=8969649  est=300c
  ↳ xarticles:author-baseline:varl999  bal_after=8969649  spent=0c ($0.0)  count=20
  ↳ xarticles:author-baseline:0xsolvix  bal_before=8969649  est=300c
  ↳ xarticles:author-baseline:0xsolvix  bal_after=8969649  spent=0c ($0.0)  count=20
  ↳ xarticles:author-baseline:polykinder  bal_before=8969649  est=300c
  ↳ xarticles:author-baseline:polykinder  bal_after=8969649  spent=0c ($0.0)  count=20
  ↳ xarticles:author-baseline:OAK_Res_FR  bal_before=8969649  est=300c
  ↳ xarticles:author-baseline:OAK_Res_FR  bal_after=8969649  spent=0c ($0.0)  count=20
  ↳ xarticles:author-baseline:ARKInvest  bal_before=8969649  est=300c
  ↳ xarticles:author-baseline:ARKInvest  bal_after=8969649  spent=0c ($0.0)  count=20
  ↳ xarticles:author-baseline:whydeso  bal_before=8969649  est=300c
  ↳ xarticles:author-baseline:whydeso  bal_after=8969649  spent=0c ($0.0)  count=20
  ↳ xarticles:author-baseline:Chonker00  bal_before=8969649  est=300c
  ↳ xarticles:author-baseline:Chonker00  bal_after=8965764  spent=3885c ($0.0389)  count=20
  ↳ xarticles:author-baseline:GodEyeDotFun  bal_before=8965764  est=300c
  ↳ xarticles:author-baseline:GodEyeDotFun  bal_after=8965764  spent=0c ($0.0)  count=20
  ↳ xarticles:author-baseline:0xMagicMaker  bal_before=8965764  est=300c
  ↳ xarticles:author-baseline:0xMagicMaker  bal_after=8965764  spent=0c ($0.0)  count=15
  ↳ xarticles:author-baseline:arespro  bal_before=8965764  est=300c
  ↳ xarticles:author-baseline:arespro  bal_after=8965764  spent=0c ($0.0)  count=20
  ↳ xarticles:author-baseline:WordsBySrinivas  bal_before=8965764  est=300c
  ↳ xarticles:author-baseline:WordsBySrinivas  bal_after=8965764  spent=0c ($0.0)  count=20
  ↳ xarticles:author-baseline:Crypto_Briefing  bal_before=8965764  est=300c
  ↳ xarticles:author-baseline:Crypto_Briefing  bal_after=8965764  spent=0c ($0.0)  count=20
  ↳ xarticles:author-baseline:minmax_one  bal_before=8965764  est=300c
  ↳ xarticles:author-baseline:minmax_one  bal_after=8965764  spent=0c ($0.0)  count=20
  ↳ xarticles:author-baseline:Mathilda_Sun_  bal_before=8965764  est=300c
  ↳ xarticles:author-baseline:Mathilda_Sun_  bal_after=8965764  spent=0c ($0.0)  count=12
  ↳ xarticles:author-baseline:brimdex  bal_before=8965764  est=300c
  ↳ xarticles:author-baseline:brimdex  bal_after=8965764  spent=0c ($0.0)  count=6
  ↳ xarticles:author-baseline:MarttinChriste1  bal_before=8965764  est=300c
  ↳ xarticles:author-baseline:MarttinChriste1  bal_after=8965764  spent=0c ($0.0)  count=20
  ↳ xarticles:author-baseline:0xtemmy_  bal_before=8965764  est=300c
  ↳ xarticles:author-baseline:0xtemmy_  bal_after=8965764  spent=0c ($0.0)  count=20
  ↳ xarticles:author-baseline:martchelo_eth  bal_before=8965764  est=300c
  ↳ xarticles:author-baseline:martchelo_eth  bal_after=8965764  spent=0c ($0.0)  count=1
  ↳ xarticles:author-baseline:searched_press  bal_before=8965764  est=300c
  ↳ xarticles:author-baseline:searched_press  bal_after=8965764  spent=0c ($0.0)  count=20
  ↳ xarticles:author-baseline:Early_Riders  bal_before=8965764  est=300c
  ↳ xarticles:author-baseline:Early_Riders  bal_after=8965764  spent=0c ($0.0)  count=20
  ↳ xarticles:author-baseline:BSCNews  bal_before=8965764  est=300c
  ↳ xarticles:author-baseline:BSCNews  bal_after=8965764  spent=0c ($0.0)  count=20
  ↳ xarticles:author-baseline:rajkaria_  bal_before=8965764  est=300c
  ↳ xarticles:author-baseline:rajkaria_  bal_after=8961354  spent=4410c ($0.0441)  count=20
  ↳ xarticles:author-baseline:deep3labs  bal_before=8961354  est=300c
  ↳ xarticles:author-baseline:deep3labs  bal_after=8961354  spent=0c ($0.0)  count=20
  ↳ xarticles:author-baseline:escafinance  bal_before=8961354  est=300c
  ↳ xarticles:author-baseline:escafinance  bal_after=8961354  spent=0c ($0.0)  count=20
  ↳ xarticles:author-baseline:StefanoT_PM  bal_before=8961354  est=300c
  ↳ xarticles:author-baseline:StefanoT_PM  bal_after=8961354  spent=0c ($0.0)  count=20
  ↳ xarticles:author-baseline:coin_gabbar_  bal_before=8961354  est=300c
  ↳ xarticles:author-baseline:coin_gabbar_  bal_after=8961354  spent=0c ($0.0)  count=20
  ↳ xarticles:author-baseline:NevoSayNevo  bal_before=8961354  est=300c
  ↳ xarticles:author-baseline:NevoSayNevo  bal_after=8961354  spent=0c ($0.0)  count=20
  ↳ xarticles:author-baseline:coin_gabbar_  bal_before=8961354  est=300c
  ↳ xarticles:author-baseline:coin_gabbar_  bal_after=8961354  spent=0c ($0.0)  count=20
  ↳ xarticles:author-baseline:0xblnkslate  bal_before=8961354  est=300c
  ↳ xarticles:author-baseline:0xblnkslate  bal_after=8961354  spent=0c ($0.0)  count=13
  ↳ xarticles:author-baseline:DanWoodsWeather  bal_before=8961354  est=300c
  ↳ xarticles:author-baseline:DanWoodsWeather  bal_after=8961354  spent=0c ($0.0)  count=20
  ↳ xarticles:author-baseline:Bitbase_cn  bal_before=8961354  est=300c
  ↳ xarticles:author-baseline:Bitbase_cn  bal_after=8961354  spent=0c ($0.0)  count=20
  ↳ xarticles:author-baseline:xiaoqianbao  bal_before=8961354  est=300c
  ↳ xarticles:author-baseline:xiaoqianbao  bal_after=8961354  spent=0c ($0.0)  count=20
  ↳ xarticles:author-baseline:Sem72097132  bal_before=8961354  est=300c
  ↳ xarticles:author-baseline:Sem72097132  bal_after=8961354  spent=0c ($0.0)  count=3
  ↳ xarticles:author-baseline:FOFOCRYPTOFR  bal_before=8961354  est=300c
  ↳ xarticles:author-baseline:FOFOCRYPTOFR  bal_after=8961354  spent=0c ($0.0)  count=20
  ↳ xarticles:author-baseline:SaibotRegen  bal_before=8961354  est=300c
  ↳ xarticles:author-baseline:SaibotRegen  bal_after=8961354  spent=0c ($0.0)  count=8
  ↳ xarticles:author-baseline:ForexSignalsSMS  bal_before=8961354  est=300c
  ↳ xarticles:author-baseline:ForexSignalsSMS  bal_after=8957814  spent=3540c ($0.0354)  count=20
  ↳ xarticles:author-baseline:EdKaim  bal_before=8957814  est=300c
  ↳ xarticles:author-baseline:EdKaim  bal_after=8957814  spent=0c ($0.0)  count=20
  ↳ xarticles:author-baseline:chainpeak  bal_before=8957814  est=300c
  ↳ xarticles:author-baseline:chainpeak  bal_after=8957814  spent=0c ($0.0)  count=20
  ↳ xarticles:author-baseline:polykit101  bal_before=8957814  est=300c
  ↳ xarticles:author-baseline:polykit101  bal_after=8957814  spent=0c ($0.0)  count=9
  ↳ xarticles:author-baseline:Poly_Axiom  bal_before=8957814  est=300c
  ↳ xarticles:author-baseline:Poly_Axiom  bal_after=8957814  spent=0c ($0.0)  count=4
  ↳ xarticles:author-baseline:Poly_Axiom  bal_before=8957814  est=300c
  ↳ xarticles:author-baseline:Poly_Axiom  bal_after=8957814  spent=0c ($0.0)  count=4
  ↳ xarticles:author-baseline:Poly_Axiom  bal_before=8957814  est=300c
  ↳ xarticles:author-baseline:Poly_Axiom  bal_after=8957814  spent=0c ($0.0)  count=4
{
  "date": "2026-06-09",
  "niche": "prediction-markets-30d",
  "out_dir": "/Users/maxguillabert/Downloads/index/docs/x-targeting/x_articles/2026-06-09/prediction-markets-30d",
  "tweets": 4309,
  "native_x_articles": 97,
  "top": {
    "tweet_id": "2053799046750330972",
    "tweet_url": "https://x.com/predicttime_/status/2053799046750330972",
    "article_url": "https://x.com/i/article/2053791653752659968",
    "title": "Map of the Prediction Markets industry through 4 public databases",
    "preview_text": "Prediction markets are loud right now - million-dollar bets on elections, headlines about a “truth machine,” insider-trading scandals. But what's actually true? And where can you read about it without",
    "cover_media_img_url": "https://pbs.twimg.com/media/HICItaYXgAA6mKH.jpg",
    "author": "predicttime_",
    "author_name": "Predict Time",
    "author_followers": 693,
    "created_at": "Mon May 11 11:27:05 +0000 2026",
    "likes": 35,
    "retweets": 4,
    "replies": 6,
    "quotes": 7,
    "bookmarks": 66,
    "views": 37179,
    "query_label": "keyword-native-top",
    "engagement": 118,
    "weighted_engagement": 129,
    "engagement_per_1k_views": 3.174,
    "score": 141.393,
    "author_avg_views_last10": 1095.8,
    "author_avg_views_min_age_hours": 4,
    "views_per_1k_followers": 53649.351,
    "views_vs_author_avg": 33.929,
    "outlier_score": 57045.425
  }
}
wrote /Users/maxguillabert/Downloads/index/docs/x-targeting/x_articles/2026-06-09/prediction-markets-30d/by-likes.md (97 articles)
wrote /Users/maxguillabert/Downloads/index/docs/x-targeting/x_articles/2026-06-09/prediction-markets-30d/by-views.md (97 articles)
