date: illegal option -- -
usage: date [-jnRu] [-I[date|hours|minutes|seconds|ns]] [-f input_fmt]
            [ -z output_zone ] [-r filename|seconds] [-v[+|-]val[y|m|w|d|H|M|S]]
            [[[[mm]dd]HH]MM[[cc]yy][.SS] | new_date] [+output_fmt]
[] monthly fetch niche=hip4-30d date=2026-06-10 max=500

### rt-gte-500 [Top] x10p (HIP-4 OR HIP4 OR "outcome market" OR "outcome markets") min_retweets:500 url:x.com/i/article since:2026-05-11 -is:retweet
  ↳ xarticles:rt-gte-500:p0  bal_before=8242839  est=300c
  ↳ xarticles:rt-gte-500:p0  bal_after=8242839  spent=0c ($0.0)  count=20
  ↳ xarticles:rt-gte-500:p1  bal_before=8242839  est=300c
  ↳ xarticles:rt-gte-500:p1  bal_after=8242839  spent=0c ($0.0)  count=20
  ↳ xarticles:rt-gte-500:p2  bal_before=8242839  est=300c
  ↳ xarticles:rt-gte-500:p2  bal_after=8242839  spent=0c ($0.0)  count=0

### rt-gte-500-latest [Latest] x50p (HIP-4 OR HIP4 OR "outcome market" OR "outcome markets") min_retweets:500 url:x.com/i/article since:2026-05-11 -is:retweet
  ↳ xarticles:rt-gte-500-latest:p0  bal_before=8242839  est=300c
  ↳ xarticles:rt-gte-500-latest:p0  bal_after=8242839  spent=0c ($0.0)  count=2
  ↳ xarticles:rt-gte-500-latest:p1  bal_before=8242839  est=300c
  ↳ xarticles:rt-gte-500-latest:p1  bal_after=8242839  spent=0c ($0.0)  count=0

### rt-gte-200 [Top] x10p (HIP-4 OR HIP4 OR "outcome market" OR "outcome markets") min_retweets:200 url:x.com/i/article since:2026-05-11 -is:retweet
  ↳ xarticles:rt-gte-200:p0  bal_before=8242839  est=300c
  ↳ xarticles:rt-gte-200:p0  bal_after=8242839  spent=0c ($0.0)  count=0

### rt-gte-200-latest [Latest] x50p (HIP-4 OR HIP4 OR "outcome market" OR "outcome markets") min_retweets:200 url:x.com/i/article since:2026-05-11 -is:retweet
  ↳ xarticles:rt-gte-200-latest:p0  bal_before=8242839  est=300c
  ↳ xarticles:rt-gte-200-latest:p0  bal_after=8242839  spent=0c ($0.0)  count=4
  ↳ xarticles:rt-gte-200-latest:p1  bal_before=8242839  est=300c
  ↳ xarticles:rt-gte-200-latest:p1  bal_after=8242839  spent=0c ($0.0)  count=0

### rt-gte-100 [Top] x10p (HIP-4 OR HIP4 OR "outcome market" OR "outcome markets") min_retweets:100 url:x.com/i/article since:2026-05-11 -is:retweet
  ↳ xarticles:rt-gte-100:p0  bal_before=8242839  est=300c
  ↳ xarticles:rt-gte-100:p0  bal_after=8242839  spent=0c ($0.0)  count=2
  ↳ xarticles:rt-gte-100:p1  bal_before=8242839  est=300c
  ↳ xarticles:rt-gte-100:p1  bal_after=8242839  spent=0c ($0.0)  count=0

### rt-gte-100-latest [Latest] x50p (HIP-4 OR HIP4 OR "outcome market" OR "outcome markets") min_retweets:100 url:x.com/i/article since:2026-05-11 -is:retweet
  ↳ xarticles:rt-gte-100-latest:p0  bal_before=8242839  est=300c
  ↳ xarticles:rt-gte-100-latest:p0  bal_after=8242839  spent=0c ($0.0)  count=10
  ↳ xarticles:rt-gte-100-latest:p1  bal_before=8242839  est=300c
  ↳ xarticles:rt-gte-100-latest:p1  bal_after=8242839  spent=0c ($0.0)  count=0

### likes-gte-5000 [Top] x10p (HIP-4 OR HIP4 OR "outcome market" OR "outcome markets") min_faves:5000 url:x.com/i/article since:2026-05-11 -is:retweet
  ↳ xarticles:likes-gte-5000:p0  bal_before=8242839  est=300c
  ↳ xarticles:likes-gte-5000:p0  bal_after=8242839  spent=0c ($0.0)  count=0

### likes-gte-5000-latest [Latest] x50p (HIP-4 OR HIP4 OR "outcome market" OR "outcome markets") min_faves:5000 url:x.com/i/article since:2026-05-11 -is:retweet
  ↳ xarticles:likes-gte-5000-latest:p0  bal_before=8242839  est=300c
  ↳ xarticles:likes-gte-5000-latest:p0  bal_after=8242839  spent=0c ($0.0)  count=0

### likes-gte-2000 [Top] x10p (HIP-4 OR HIP4 OR "outcome market" OR "outcome markets") min_faves:2000 url:x.com/i/article since:2026-05-11 -is:retweet
  ↳ xarticles:likes-gte-2000:p0  bal_before=8242839  est=300c
  ↳ xarticles:likes-gte-2000:p0  bal_after=8242839  spent=0c ($0.0)  count=3
  ↳ xarticles:likes-gte-2000:p1  bal_before=8242839  est=300c
  ↳ xarticles:likes-gte-2000:p1  bal_after=8242839  spent=0c ($0.0)  count=0

### likes-gte-2000-latest [Latest] x50p (HIP-4 OR HIP4 OR "outcome market" OR "outcome markets") min_faves:2000 url:x.com/i/article since:2026-05-11 -is:retweet
  ↳ xarticles:likes-gte-2000-latest:p0  bal_before=8242839  est=300c
  ↳ xarticles:likes-gte-2000-latest:p0  bal_after=8242839  spent=0c ($0.0)  count=3
  ↳ xarticles:likes-gte-2000-latest:p1  bal_before=8242839  est=300c
  ↳ xarticles:likes-gte-2000-latest:p1  bal_after=8242839  spent=0c ($0.0)  count=0

### likes-gte-1000 [Top] x10p (HIP-4 OR HIP4 OR "outcome market" OR "outcome markets") min_faves:1000 url:x.com/i/article since:2026-05-11 -is:retweet
  ↳ xarticles:likes-gte-1000:p0  bal_before=8242839  est=300c
  ↳ xarticles:likes-gte-1000:p0  bal_after=8242839  spent=0c ($0.0)  count=0

### likes-gte-1000-latest [Latest] x50p (HIP-4 OR HIP4 OR "outcome market" OR "outcome markets") min_faves:1000 url:x.com/i/article since:2026-05-11 -is:retweet
  ↳ xarticles:likes-gte-1000-latest:p0  bal_before=8242839  est=300c
  ↳ xarticles:likes-gte-1000-latest:p0  bal_after=8241789  spent=1050c ($0.0105)  count=5
  ↳ xarticles:likes-gte-1000-latest:p1  bal_before=8241789  est=300c
  ↳ xarticles:likes-gte-1000-latest:p1  bal_after=8241789  spent=0c ($0.0)  count=0

### likes-gte-500 [Top] x10p (HIP-4 OR HIP4 OR "outcome market" OR "outcome markets") min_faves:500 url:x.com/i/article since:2026-05-11 -is:retweet
  ↳ xarticles:likes-gte-500:p0  bal_before=8241789  est=300c
  ↳ xarticles:likes-gte-500:p0  bal_after=8241789  spent=0c ($0.0)  count=7
  ↳ xarticles:likes-gte-500:p1  bal_before=8241789  est=300c
  ↳ xarticles:likes-gte-500:p1  bal_after=8241789  spent=0c ($0.0)  count=20
  ↳ xarticles:likes-gte-500:p2  bal_before=8241789  est=300c
  ↳ xarticles:likes-gte-500:p2  bal_after=8241789  spent=0c ($0.0)  count=20
  ↳ xarticles:likes-gte-500:p3  bal_before=8241789  est=300c
  ↳ xarticles:likes-gte-500:p3  bal_after=8241789  spent=0c ($0.0)  count=20
  ↳ xarticles:likes-gte-500:p4  bal_before=8241789  est=300c
  ↳ xarticles:likes-gte-500:p4  bal_after=8241789  spent=0c ($0.0)  count=20
  ↳ xarticles:likes-gte-500:p5  bal_before=8241789  est=300c
  ↳ xarticles:likes-gte-500:p5  bal_after=8241789  spent=0c ($0.0)  count=20
  ↳ xarticles:likes-gte-500:p6  bal_before=8241789  est=300c
  ↳ xarticles:likes-gte-500:p6  bal_after=8241789  spent=0c ($0.0)  count=17
  ↳ xarticles:likes-gte-500:p7  bal_before=8241789  est=300c
  ↳ xarticles:likes-gte-500:p7  bal_after=8241789  spent=0c ($0.0)  count=0

### likes-gte-500-latest [Latest] x50p (HIP-4 OR HIP4 OR "outcome market" OR "outcome markets") min_faves:500 url:x.com/i/article since:2026-05-11 -is:retweet
  ↳ xarticles:likes-gte-500-latest:p0  bal_before=8241789  est=300c
  ↳ xarticles:likes-gte-500-latest:p0  bal_after=8241789  spent=0c ($0.0)  count=7
  ↳ xarticles:likes-gte-500-latest:p1  bal_before=8241789  est=300c
  ↳ xarticles:likes-gte-500-latest:p1  bal_after=8241789  spent=0c ($0.0)  count=0

### likes-gte-250 [Top] x10p (HIP-4 OR HIP4 OR "outcome market" OR "outcome markets") min_faves:250 url:x.com/i/article since:2026-05-11 -is:retweet
  ↳ xarticles:likes-gte-250:p0  bal_before=8241789  est=300c
  ↳ xarticles:likes-gte-250:p0  bal_after=8241789  spent=0c ($0.0)  count=3
  ↳ xarticles:likes-gte-250:p1  bal_before=8241789  est=300c
  ↳ xarticles:likes-gte-250:p1  bal_after=8241789  spent=0c ($0.0)  count=1
  ↳ xarticles:likes-gte-250:p2  bal_before=8239644  est=300c
  ↳ xarticles:likes-gte-250:p2  bal_after=8239644  spent=0c ($0.0)  count=12
  ↳ xarticles:likes-gte-250:p3  bal_before=8239644  est=300c
  ↳ xarticles:likes-gte-250:p3  bal_after=8239644  spent=0c ($0.0)  count=20
  ↳ xarticles:likes-gte-250:p4  bal_before=8239644  est=300c
  ↳ xarticles:likes-gte-250:p4  bal_after=8239644  spent=0c ($0.0)  count=0

### likes-gte-250-latest [Latest] x50p (HIP-4 OR HIP4 OR "outcome market" OR "outcome markets") min_faves:250 url:x.com/i/article since:2026-05-11 -is:retweet
  ↳ xarticles:likes-gte-250-latest:p0  bal_before=8239644  est=300c
  ↳ xarticles:likes-gte-250-latest:p0  bal_after=8239644  spent=0c ($0.0)  count=15
  ↳ xarticles:likes-gte-250-latest:p1  bal_before=8239644  est=300c
  ↳ xarticles:likes-gte-250-latest:p1  bal_after=8239644  spent=0c ($0.0)  count=0

### likes-gte-100 [Top] x10p (HIP-4 OR HIP4 OR "outcome market" OR "outcome markets") min_faves:100 url:x.com/i/article since:2026-05-11 -is:retweet
  ↳ xarticles:likes-gte-100:p0  bal_before=8239644  est=300c
  ↳ xarticles:likes-gte-100:p0  bal_after=8239644  spent=0c ($0.0)  count=7
  ↳ xarticles:likes-gte-100:p1  bal_before=8239644  est=300c
  ↳ xarticles:likes-gte-100:p1  bal_after=8238834  spent=810c ($0.0081)  count=20
  ↳ xarticles:likes-gte-100:p2  bal_before=8238834  est=300c
  ↳ xarticles:likes-gte-100:p2  bal_after=8238834  spent=0c ($0.0)  count=0

### likes-gte-100-latest [Latest] x50p (HIP-4 OR HIP4 OR "outcome market" OR "outcome markets") min_faves:100 url:x.com/i/article since:2026-05-11 -is:retweet
  ↳ xarticles:likes-gte-100-latest:p0  bal_before=8238834  est=300c
  ↳ xarticles:likes-gte-100-latest:p0  bal_after=8238834  spent=0c ($0.0)  count=20
  ↳ xarticles:likes-gte-100-latest:p1  bal_before=8238834  est=300c
  ↳ xarticles:likes-gte-100-latest:p1  bal_after=8238834  spent=0c ($0.0)  count=16
  ↳ xarticles:likes-gte-100-latest:p2  bal_before=8238834  est=300c
  ↳ xarticles:likes-gte-100-latest:p2  bal_after=8238834  spent=0c ($0.0)  count=0

### likes-gte-50 [Top] x10p (HIP-4 OR HIP4 OR "outcome market" OR "outcome markets") min_faves:50 url:x.com/i/article since:2026-05-11 -is:retweet
  ↳ xarticles:likes-gte-50:p0  bal_before=8238834  est=300c
  ↳ xarticles:likes-gte-50:p0  bal_after=8238834  spent=0c ($0.0)  count=11
  ↳ xarticles:likes-gte-50:p1  bal_before=8238834  est=300c
  ↳ xarticles:likes-gte-50:p1  bal_after=8238834  spent=0c ($0.0)  count=3
  ↳ xarticles:likes-gte-50:p2  bal_before=8238834  est=300c
  ↳ xarticles:likes-gte-50:p2  bal_after=8238834  spent=0c ($0.0)  count=20
  ↳ xarticles:likes-gte-50:p3  bal_before=8238834  est=300c
  ↳ xarticles:likes-gte-50:p3  bal_after=8238834  spent=0c ($0.0)  count=20
  ↳ xarticles:likes-gte-50:p4  bal_before=8238834  est=300c
  ↳ xarticles:likes-gte-50:p4  bal_after=8238834  spent=0c ($0.0)  count=20
  ↳ xarticles:likes-gte-50:p5  bal_before=8238834  est=300c
  ↳ xarticles:likes-gte-50:p5  bal_after=8238834  spent=0c ($0.0)  count=0

### likes-gte-25 [Top] x10p (HIP-4 OR HIP4 OR "outcome market" OR "outcome markets") min_faves:25 url:x.com/i/article since:2026-05-11 -is:retweet
  ↳ xarticles:likes-gte-25:p0  bal_before=8238834  est=300c
  ↳ xarticles:likes-gte-25:p0  bal_after=8236749  spent=2085c ($0.0209)  count=20
  ↳ xarticles:likes-gte-25:p1  bal_before=8236749  est=300c
  ↳ xarticles:likes-gte-25:p1  bal_after=8236749  spent=0c ($0.0)  count=16
  ↳ xarticles:likes-gte-25:p2  bal_before=8236749  est=300c
  ↳ xarticles:likes-gte-25:p2  bal_after=8236749  spent=0c ($0.0)  count=20
  ↳ xarticles:likes-gte-25:p3  bal_before=8236749  est=300c
  ↳ xarticles:likes-gte-25:p3  bal_after=8236749  spent=0c ($0.0)  count=0

### likes-gte-10 [Top] x10p (HIP-4 OR HIP4 OR "outcome market" OR "outcome markets") min_faves:10 url:x.com/i/article since:2026-05-11 -is:retweet
  ↳ xarticles:likes-gte-10:p0  bal_before=8236749  est=300c
  ↳ xarticles:likes-gte-10:p0  bal_after=8236749  spent=0c ($0.0)  count=20
  ↳ xarticles:likes-gte-10:p1  bal_before=8236749  est=300c
  ↳ xarticles:likes-gte-10:p1  bal_after=8236749  spent=0c ($0.0)  count=20
  ↳ xarticles:likes-gte-10:p2  bal_before=8236749  est=300c
  ↳ xarticles:likes-gte-10:p2  bal_after=8236749  spent=0c ($0.0)  count=16
  ↳ xarticles:likes-gte-10:p3  bal_before=8236749  est=300c
  ↳ xarticles:likes-gte-10:p3  bal_after=8236749  spent=0c ($0.0)  count=0

### likes-gte-5 [Top] x10p (HIP-4 OR HIP4 OR "outcome market" OR "outcome markets") min_faves:5 url:x.com/i/article since:2026-05-11 -is:retweet
  ↳ xarticles:likes-gte-5:p0  bal_before=8236749  est=300c
  ↳ xarticles:likes-gte-5:p0  bal_after=8236749  spent=0c ($0.0)  count=20
  ↳ xarticles:likes-gte-5:p1  bal_before=8236749  est=300c
  ↳ xarticles:likes-gte-5:p1  bal_after=8236749  spent=0c ($0.0)  count=20
  ↳ xarticles:likes-gte-5:p2  bal_before=8236749  est=300c
  ↳ xarticles:likes-gte-5:p2  bal_after=8236749  spent=0c ($0.0)  count=5
  ↳ xarticles:likes-gte-5:p3  bal_before=8236749  est=300c
  ↳ xarticles:likes-gte-5:p3  bal_after=8234724  spent=2025c ($0.0203)  count=20
  ↳ xarticles:likes-gte-5:p4  bal_before=8234724  est=300c
  ↳ xarticles:likes-gte-5:p4  bal_after=8234724  spent=0c ($0.0)  count=0

### likes-gte-2 [Top] x10p (HIP-4 OR HIP4 OR "outcome market" OR "outcome markets") min_faves:2 url:x.com/i/article since:2026-05-11 -is:retweet
  ↳ xarticles:likes-gte-2:p0  bal_before=8234724  est=300c
  ↳ xarticles:likes-gte-2:p0  bal_after=8234724  spent=0c ($0.0)  count=20
  ↳ xarticles:likes-gte-2:p1  bal_before=8234724  est=300c
  ↳ xarticles:likes-gte-2:p1  bal_after=8234724  spent=0c ($0.0)  count=20
  ↳ xarticles:likes-gte-2:p2  bal_before=8234724  est=300c
  ↳ xarticles:likes-gte-2:p2  bal_after=8234724  spent=0c ($0.0)  count=20
  ↳ xarticles:likes-gte-2:p3  bal_before=8234724  est=300c
  ↳ xarticles:likes-gte-2:p3  bal_after=8234724  spent=0c ($0.0)  count=20
  ↳ xarticles:likes-gte-2:p4  bal_before=8234724  est=300c
  ↳ xarticles:likes-gte-2:p4  bal_after=8234724  spent=0c ($0.0)  count=18
  ↳ xarticles:likes-gte-2:p5  bal_before=8234724  est=300c
  ↳ xarticles:likes-gte-2:p5  bal_after=8234724  spent=0c ($0.0)  count=20
  ↳ xarticles:likes-gte-2:p6  bal_before=8234724  est=300c
  ↳ xarticles:likes-gte-2:p6  bal_after=8234724  spent=0c ($0.0)  count=20
  ↳ xarticles:likes-gte-2:p7  bal_before=8234724  est=300c
  ↳ xarticles:likes-gte-2:p7  bal_after=8232564  spent=2160c ($0.0216)  count=20
  ↳ xarticles:likes-gte-2:p8  bal_before=8232564  est=300c
  ↳ xarticles:likes-gte-2:p8  bal_after=8232564  spent=0c ($0.0)  count=0

### likes-gte-1 [Top] x10p (HIP-4 OR HIP4 OR "outcome market" OR "outcome markets") min_faves:1 url:x.com/i/article since:2026-05-11 -is:retweet
  ↳ xarticles:likes-gte-1:p0  bal_before=8232564  est=300c
  ↳ xarticles:likes-gte-1:p0  bal_after=8232564  spent=0c ($0.0)  count=20
  ↳ xarticles:likes-gte-1:p1  bal_before=8232564  est=300c
  ↳ xarticles:likes-gte-1:p1  bal_after=8232564  spent=0c ($0.0)  count=20
  ↳ xarticles:likes-gte-1:p2  bal_before=8232564  est=300c
  ↳ xarticles:likes-gte-1:p2  bal_after=8232564  spent=0c ($0.0)  count=20
  ↳ xarticles:likes-gte-1:p3  bal_before=8232564  est=300c
  ↳ xarticles:likes-gte-1:p3  bal_after=8232564  spent=0c ($0.0)  count=20
  ↳ xarticles:likes-gte-1:p4  bal_before=8232564  est=300c
  ↳ xarticles:likes-gte-1:p4  bal_after=8232564  spent=0c ($0.0)  count=20
  ↳ xarticles:likes-gte-1:p5  bal_before=8232564  est=300c
  ↳ xarticles:likes-gte-1:p5  bal_after=8230149  spent=2415c ($0.0242)  count=20
  ↳ xarticles:likes-gte-1:p6  bal_before=8230149  est=300c
  ↳ xarticles:likes-gte-1:p6  bal_after=8230149  spent=0c ($0.0)  count=1
  ↳ xarticles:likes-gte-1:p7  bal_before=8230149  est=300c
  ↳ xarticles:likes-gte-1:p7  bal_after=8230149  spent=0c ($0.0)  count=20
  ↳ xarticles:likes-gte-1:p8  bal_before=8230149  est=300c
  ↳ xarticles:likes-gte-1:p8  bal_after=8230149  spent=0c ($0.0)  count=20
  ↳ xarticles:likes-gte-1:p9  bal_before=8230149  est=300c
  ↳ xarticles:likes-gte-1:p9  bal_after=8230149  spent=0c ($0.0)  count=20

### replies-gte-2000 [Top] x10p (HIP-4 OR HIP4 OR "outcome market" OR "outcome markets") min_replies:2000 url:x.com/i/article since:2026-05-11 -is:retweet
  ↳ xarticles:replies-gte-2000:p0  bal_before=8230149  est=300c
  ↳ xarticles:replies-gte-2000:p0  bal_after=8230149  spent=0c ($0.0)  count=4
  ↳ xarticles:replies-gte-2000:p1  bal_before=8230149  est=300c
  ↳ xarticles:replies-gte-2000:p1  bal_after=8230149  spent=0c ($0.0)  count=0

### replies-gte-500 [Top] x10p (HIP-4 OR HIP4 OR "outcome market" OR "outcome markets") min_replies:500 url:x.com/i/article since:2026-05-11 -is:retweet
  ↳ xarticles:replies-gte-500:p0  bal_before=8230149  est=300c
  ↳ xarticles:replies-gte-500:p0  bal_after=8230149  spent=0c ($0.0)  count=0

### replies-gte-100 [Top] x10p (HIP-4 OR HIP4 OR "outcome market" OR "outcome markets") min_replies:100 url:x.com/i/article since:2026-05-11 -is:retweet
  ↳ xarticles:replies-gte-100:p0  bal_before=8230149  est=300c
  ↳ xarticles:replies-gte-100:p0  bal_after=8230149  spent=0c ($0.0)  count=0

### replies-gte-25 [Top] x10p (HIP-4 OR HIP4 OR "outcome market" OR "outcome markets") min_replies:25 url:x.com/i/article since:2026-05-11 -is:retweet
  ↳ xarticles:replies-gte-25:p0  bal_before=8230149  est=300c
  ↳ xarticles:replies-gte-25:p0  bal_after=8230149  spent=0c ($0.0)  count=5
  ↳ xarticles:replies-gte-25:p1  bal_before=8230149  est=300c
  ↳ xarticles:replies-gte-25:p1  bal_after=8230149  spent=0c ($0.0)  count=3
  ↳ xarticles:replies-gte-25:p2  bal_before=8230149  est=300c
  ↳ xarticles:replies-gte-25:p2  bal_after=8230149  spent=0c ($0.0)  count=20
  ↳ xarticles:replies-gte-25:p3  bal_before=8228754  est=300c
  ↳ xarticles:replies-gte-25:p3  bal_after=8228754  spent=0c ($0.0)  count=18
  ↳ xarticles:replies-gte-25:p4  bal_before=8228754  est=300c
  ↳ xarticles:replies-gte-25:p4  bal_after=8228754  spent=0c ($0.0)  count=0

### broad-native-top [Top] x10p (HIP-4 OR HIP4 OR "outcome market" OR "outcome markets" OR "event perps" OR "express a bet") url:x.com/i/article since:2026-05-11 -is:retweet
  ↳ xarticles:broad-native-top:p0  bal_before=8228754  est=300c
  ↳ xarticles:broad-native-top:p0  bal_after=8228754  spent=0c ($0.0)  count=20
  ↳ xarticles:broad-native-top:p1  bal_before=8228754  est=300c
  ↳ xarticles:broad-native-top:p1  bal_after=8228754  spent=0c ($0.0)  count=20
  ↳ xarticles:broad-native-top:p2  bal_before=8228754  est=300c
  ↳ xarticles:broad-native-top:p2  bal_after=8228754  spent=0c ($0.0)  count=20
  ↳ xarticles:broad-native-top:p3  bal_before=8228754  est=300c
  ↳ xarticles:broad-native-top:p3  bal_after=8228754  spent=0c ($0.0)  count=20
  ↳ xarticles:broad-native-top:p4  bal_before=8228754  est=300c
  ↳ xarticles:broad-native-top:p4  bal_after=8228754  spent=0c ($0.0)  count=20
  ↳ xarticles:broad-native-top:p5  bal_before=8228754  est=300c
  ↳ xarticles:broad-native-top:p5  bal_after=8228754  spent=0c ($0.0)  count=20
  ↳ xarticles:broad-native-top:p6  bal_before=8228754  est=300c
  ↳ xarticles:broad-native-top:p6  bal_after=8228754  spent=0c ($0.0)  count=20
  ↳ xarticles:broad-native-top:p7  bal_before=8228754  est=300c
  ↳ xarticles:broad-native-top:p7  bal_after=8226624  spent=2130c ($0.0213)  count=20
  ↳ xarticles:broad-native-top:p8  bal_before=8226624  est=300c
  ↳ xarticles:broad-native-top:p8  bal_after=8226624  spent=0c ($0.0)  count=20
  ↳ xarticles:broad-native-top:p9  bal_before=8226624  est=300c
  ↳ xarticles:broad-native-top:p9  bal_after=8226624  spent=0c ($0.0)  count=20

### keyword-native-top [Top] x10p (HIP-4 OR HIP4 OR "outcome market" OR "outcome markets" OR "event perps" OR "express a bet") url:x.com/i/article since:2026-05-11 -is:retweet min_faves:5
  ↳ xarticles:keyword-native-top:p0  bal_before=8226624  est=300c
  ↳ xarticles:keyword-native-top:p0  bal_after=8226624  spent=0c ($0.0)  count=20
  ↳ xarticles:keyword-native-top:p1  bal_before=8226624  est=300c
  ↳ xarticles:keyword-native-top:p1  bal_after=8226624  spent=0c ($0.0)  count=20
  ↳ xarticles:keyword-native-top:p2  bal_before=8226624  est=300c
  ↳ xarticles:keyword-native-top:p2  bal_after=8226624  spent=0c ($0.0)  count=5
  ↳ xarticles:keyword-native-top:p3  bal_before=8226624  est=300c
  ↳ xarticles:keyword-native-top:p3  bal_after=8226624  spent=0c ($0.0)  count=0

### keyword-native-latest [Latest] x50p (HIP-4 OR HIP4 OR "outcome market" OR "outcome markets" OR "event perps" OR "express a bet") url:x.com/i/article since:2026-05-11 -is:retweet
  ↳ xarticles:keyword-native-latest:p0  bal_before=8226624  est=300c
  ↳ xarticles:keyword-native-latest:p0  bal_after=8226624  spent=0c ($0.0)  count=20
  ↳ xarticles:keyword-native-latest:p1  bal_before=8226624  est=300c
  ↳ xarticles:keyword-native-latest:p1  bal_after=8226624  spent=0c ($0.0)  count=20
  ↳ xarticles:keyword-native-latest:p2  bal_before=8226624  est=300c
  ↳ xarticles:keyword-native-latest:p2  bal_after=8226624  spent=0c ($0.0)  count=20
  ↳ xarticles:keyword-native-latest:p3  bal_before=8224434  est=300c
  ↳ xarticles:keyword-native-latest:p3  bal_after=8224434  spent=0c ($0.0)  count=19
  ↳ xarticles:keyword-native-latest:p4  bal_before=8224434  est=300c
  ↳ xarticles:keyword-native-latest:p4  bal_after=8224434  spent=0c ($0.0)  count=20
  ↳ xarticles:keyword-native-latest:p5  bal_before=8224434  est=300c
  ↳ xarticles:keyword-native-latest:p5  bal_after=8224434  spent=0c ($0.0)  count=20
  ↳ xarticles:keyword-native-latest:p6  bal_before=8224434  est=300c
  ↳ xarticles:keyword-native-latest:p6  bal_after=8224434  spent=0c ($0.0)  count=20
  ↳ xarticles:keyword-native-latest:p7  bal_before=8224434  est=300c
  ↳ xarticles:keyword-native-latest:p7  bal_after=8224434  spent=0c ($0.0)  count=20
  ↳ xarticles:keyword-native-latest:p8  bal_before=8224434  est=300c
  ↳ xarticles:keyword-native-latest:p8  bal_after=8224434  spent=0c ($0.0)  count=20
  ↳ xarticles:keyword-native-latest:p9  bal_before=8224434  est=300c
  ↳ xarticles:keyword-native-latest:p9  bal_after=8224434  spent=0c ($0.0)  count=20
  ↳ xarticles:keyword-native-latest:p10  bal_before=8224434  est=300c
  ↳ xarticles:keyword-native-latest:p10  bal_after=8224434  spent=0c ($0.0)  count=20
  ↳ xarticles:keyword-native-latest:p11  bal_before=8224434  est=300c
  ↳ xarticles:keyword-native-latest:p11  bal_after=8224434  spent=0c ($0.0)  count=20
  ↳ xarticles:keyword-native-latest:p12  bal_before=8224434  est=300c
  ↳ xarticles:keyword-native-latest:p12  bal_after=8224434  spent=0c ($0.0)  count=20
  ↳ xarticles:keyword-native-latest:p13  bal_before=8224434  est=300c
  ↳ xarticles:keyword-native-latest:p13  bal_after=8224434  spent=0c ($0.0)  count=20
  ↳ xarticles:keyword-native-latest:p14  bal_before=8224434  est=300c
  ↳ xarticles:keyword-native-latest:p14  bal_after=8224434  spent=0c ($0.0)  count=18
  ↳ xarticles:keyword-native-latest:p15  bal_before=8224434  est=300c
  ↳ xarticles:keyword-native-latest:p15  bal_after=8224434  spent=0c ($0.0)  count=0
  ↳ xarticles:author-baseline:XLayerOfficial  bal_before=8224434  est=300c
  ↳ xarticles:author-baseline:XLayerOfficial  bal_after=8224434  spent=0c ($0.0)  count=20
  ↳ xarticles:author-baseline:GenLayer  bal_before=8224434  est=300c
  ↳ xarticles:author-baseline:GenLayer  bal_after=8224434  spent=0c ($0.0)  count=20
  ↳ xarticles:author-baseline:Delphi_Digital  bal_before=8219964  est=300c
  ↳ xarticles:author-baseline:Delphi_Digital  bal_after=8219964  spent=0c ($0.0)  count=20
  ↳ xarticles:author-baseline:HyperliquidR  bal_before=8219964  est=300c
  ↳ xarticles:author-baseline:HyperliquidR  bal_after=8219964  spent=0c ($0.0)  count=20
  ↳ xarticles:author-baseline:HyperEVM_CN  bal_before=8219964  est=300c
  ↳ xarticles:author-baseline:HyperEVM_CN  bal_after=8219964  spent=0c ($0.0)  count=20
  ↳ xarticles:author-baseline:blocmates  bal_before=8219964  est=300c
  ↳ xarticles:author-baseline:blocmates  bal_after=8219964  spent=0c ($0.0)  count=20
  ↳ xarticles:author-baseline:Decentralisedco  bal_before=8219964  est=300c
  ↳ xarticles:author-baseline:Decentralisedco  bal_after=8219964  spent=0c ($0.0)  count=20
  ↳ xarticles:author-baseline:HyperEVM_CN  bal_before=8219964  est=300c
  ↳ xarticles:author-baseline:HyperEVM_CN  bal_after=8219964  spent=0c ($0.0)  count=20
  ↳ xarticles:author-baseline:ArrakisFinance  bal_before=8219964  est=300c
  ↳ xarticles:author-baseline:ArrakisFinance  bal_after=8219964  spent=0c ($0.0)  count=19
  ↳ xarticles:author-baseline:HyperEVM_CN  bal_before=8219964  est=300c
  ↳ xarticles:author-baseline:HyperEVM_CN  bal_after=8219964  spent=0c ($0.0)  count=20
  ↳ xarticles:author-baseline:Hyperliquid_ES  bal_before=8219964  est=300c
  ↳ xarticles:author-baseline:Hyperliquid_ES  bal_after=8219964  spent=0c ($0.0)  count=20
  ↳ xarticles:author-baseline:antoniayly  bal_before=8219964  est=300c
  ↳ xarticles:author-baseline:antoniayly  bal_after=8219964  spent=0c ($0.0)  count=19
  ↳ xarticles:author-baseline:Hyperliquid_ES  bal_before=8219964  est=300c
  ↳ xarticles:author-baseline:Hyperliquid_ES  bal_after=8219964  spent=0c ($0.0)  count=20
  ↳ xarticles:author-baseline:OAK_Res  bal_before=8219964  est=300c
  ↳ xarticles:author-baseline:OAK_Res  bal_after=8219964  spent=0c ($0.0)  count=20
  ↳ xarticles:author-baseline:Hyperliquid_ES  bal_before=8219964  est=300c
  ↳ xarticles:author-baseline:Hyperliquid_ES  bal_after=8219964  spent=0c ($0.0)  count=20
  ↳ xarticles:author-baseline:Hyperliquid_ES  bal_before=8219964  est=300c
  ↳ xarticles:author-baseline:Hyperliquid_ES  bal_after=8219964  spent=0c ($0.0)  count=20
  ↳ xarticles:author-baseline:OAK_Res  bal_before=8219964  est=300c
  ↳ xarticles:author-baseline:OAK_Res  bal_after=8215494  spent=4470c ($0.0447)  count=20
  ↳ xarticles:author-baseline:0xFleck  bal_before=8215494  est=300c
  ↳ xarticles:author-baseline:0xFleck  bal_after=8215494  spent=0c ($0.0)  count=20
  ↳ xarticles:author-baseline:Hyperliquid_TUR  bal_before=8215494  est=300c
  ↳ xarticles:author-baseline:Hyperliquid_TUR  bal_after=8215494  spent=0c ($0.0)  count=20
  ↳ xarticles:author-baseline:OAK_Res_FR  bal_before=8215494  est=300c
  ↳ xarticles:author-baseline:OAK_Res_FR  bal_after=8215494  spent=0c ($0.0)  count=20
  ↳ xarticles:author-baseline:FalconXGlobal  bal_before=8215494  est=300c
  ↳ xarticles:author-baseline:FalconXGlobal  bal_after=8215494  spent=0c ($0.0)  count=20
  ↳ xarticles:author-baseline:aveai_info  bal_before=8215494  est=300c
  ↳ xarticles:author-baseline:aveai_info  bal_after=8215494  spent=0c ($0.0)  count=20
  ↳ xarticles:author-baseline:Crypto_Briefing  bal_before=8215494  est=300c
  ↳ xarticles:author-baseline:Crypto_Briefing  bal_after=8215494  spent=0c ($0.0)  count=20
  ↳ xarticles:author-baseline:ChainCatcher_  bal_before=8215494  est=300c
  ↳ xarticles:author-baseline:ChainCatcher_  bal_after=8215494  spent=0c ($0.0)  count=20
{
  "date": "2026-06-10",
  "niche": "hip4-30d",
  "out_dir": "/Users/maxguillabert/Downloads/index/docs/x-targeting/x_articles/2026-06-10/hip4-30d",
  "tweets": 1496,
  "native_x_articles": 24,
  "top": {
    "tweet_id": "2059092172348256441",
    "tweet_url": "https://x.com/XLayerOfficial/status/2059092172348256441",
    "article_url": "https://x.com/i/article/2059084741450895360",
    "title": "Introducing Exchange OS: Build Your Own Market",
    "preview_text": "Today, we are introducing Exchange OS, a major protocol upgrade built on X Layer that enables developers, institutions, and ecosystem participants to deploy spot, perpetuals, and outcome markets using",
    "cover_media_img_url": "https://pbs.twimg.com/media/HJNWy0lasAAclj7.png",
    "author": "XLayerOfficial",
    "author_name": "X Layer",
    "author_followers": 149971,
    "created_at": "Tue May 26 02:00:04 +0000 2026",
    "likes": 398,
    "retweets": 101,
    "replies": 75,
    "quotes": 154,
    "bookmarks": 90,
    "views": 668467,
    "query_label": "rt-gte-100-latest",
    "engagement": 818,
    "weighted_engagement": 1073,
    "engagement_per_1k_views": 1.224,
    "score": 1173,
    "author_avg_views_last10": 29208.1,
    "author_avg_views_min_age_hours": 4,
    "views_per_1k_followers": 4457.308,
    "views_vs_author_avg": 22.886,
    "outlier_score": 6747.132
  }
}
wrote /Users/maxguillabert/Downloads/index/docs/x-targeting/x_articles/2026-06-10/hip4-30d/by-likes.md (24 articles)
wrote /Users/maxguillabert/Downloads/index/docs/x-targeting/x_articles/2026-06-10/hip4-30d/by-views.md (24 articles)
date: illegal option -- -
usage: date [-jnRu] [-I[date|hours|minutes|seconds|ns]] [-f input_fmt]
            [ -z output_zone ] [-r filename|seconds] [-v[+|-]val[y|m|w|d|H|M|S]]
            [[[[mm]dd]HH]MM[[cc]yy][.SS] | new_date] [+output_fmt]
[] monthly fetch niche=hyperevm-30d date=2026-06-10 max=500

### rt-gte-500 [Top] x10p (HyperEVM OR "Hyper EVM" OR HyperCore OR CoreWriter OR Hyperbeat OR HyperSwap OR HyperLend OR Felix OR HypurrFi OR Kinetiq OR Hypernova) min_retweets:500 url:x.com/i/article since:2026-05-11 -is:retweet
  ↳ xarticles:rt-gte-500:p0  bal_before=8215494  est=300c
  ↳ xarticles:rt-gte-500:p0  bal_after=8215494  spent=0c ($0.0)  count=0

### rt-gte-500-latest [Latest] x50p (HyperEVM OR "Hyper EVM" OR HyperCore OR CoreWriter OR Hyperbeat OR HyperSwap OR HyperLend OR Felix OR HypurrFi OR Kinetiq OR Hypernova) min_retweets:500 url:x.com/i/article since:2026-05-11 -is:retweet
  ↳ xarticles:rt-gte-500-latest:p0  bal_before=8215494  est=300c
  ↳ xarticles:rt-gte-500-latest:p0  bal_after=8215494  spent=0c ($0.0)  count=0

### rt-gte-200 [Top] x10p (HyperEVM OR "Hyper EVM" OR HyperCore OR CoreWriter OR Hyperbeat OR HyperSwap OR HyperLend OR Felix OR HypurrFi OR Kinetiq OR Hypernova) min_retweets:200 url:x.com/i/article since:2026-05-11 -is:retweet
  ↳ xarticles:rt-gte-200:p0  bal_before=8215494  est=300c
  ↳ xarticles:rt-gte-200:p0  bal_after=8212794  spent=2700c ($0.027)  count=0

### rt-gte-200-latest [Latest] x50p (HyperEVM OR "Hyper EVM" OR HyperCore OR CoreWriter OR Hyperbeat OR HyperSwap OR HyperLend OR Felix OR HypurrFi OR Kinetiq OR Hypernova) min_retweets:200 url:x.com/i/article since:2026-05-11 -is:retweet
  ↳ xarticles:rt-gte-200-latest:p0  bal_before=8212794  est=300c
  ↳ xarticles:rt-gte-200-latest:p0  bal_after=8212794  spent=0c ($0.0)  count=0

### rt-gte-100 [Top] x10p (HyperEVM OR "Hyper EVM" OR HyperCore OR CoreWriter OR Hyperbeat OR HyperSwap OR HyperLend OR Felix OR HypurrFi OR Kinetiq OR Hypernova) min_retweets:100 url:x.com/i/article since:2026-05-11 -is:retweet
  ↳ xarticles:rt-gte-100:p0  bal_before=8212794  est=300c
  ↳ xarticles:rt-gte-100:p0  bal_after=8212794  spent=0c ($0.0)  count=2
  ↳ xarticles:rt-gte-100:p1  bal_before=8212794  est=300c
  ↳ xarticles:rt-gte-100:p1  bal_after=8212794  spent=0c ($0.0)  count=0

### rt-gte-100-latest [Latest] x50p (HyperEVM OR "Hyper EVM" OR HyperCore OR CoreWriter OR Hyperbeat OR HyperSwap OR HyperLend OR Felix OR HypurrFi OR Kinetiq OR Hypernova) min_retweets:100 url:x.com/i/article since:2026-05-11 -is:retweet
  ↳ xarticles:rt-gte-100-latest:p0  bal_before=8212794  est=300c
  ↳ xarticles:rt-gte-100-latest:p0  bal_after=8212794  spent=0c ($0.0)  count=2
  ↳ xarticles:rt-gte-100-latest:p1  bal_before=8212794  est=300c
  ↳ xarticles:rt-gte-100-latest:p1  bal_after=8212794  spent=0c ($0.0)  count=0

### likes-gte-5000 [Top] x10p (HyperEVM OR "Hyper EVM" OR HyperCore OR CoreWriter OR Hyperbeat OR HyperSwap OR HyperLend OR Felix OR HypurrFi OR Kinetiq OR Hypernova) min_faves:5000 url:x.com/i/article since:2026-05-11 -is:retweet
  ↳ xarticles:likes-gte-5000:p0  bal_before=8212794  est=300c
  ↳ xarticles:likes-gte-5000:p0  bal_after=8212794  spent=0c ($0.0)  count=0

### likes-gte-5000-latest [Latest] x50p (HyperEVM OR "Hyper EVM" OR HyperCore OR CoreWriter OR Hyperbeat OR HyperSwap OR HyperLend OR Felix OR HypurrFi OR Kinetiq OR Hypernova) min_faves:5000 url:x.com/i/article since:2026-05-11 -is:retweet
  ↳ xarticles:likes-gte-5000-latest:p0  bal_before=8212794  est=300c
  ↳ xarticles:likes-gte-5000-latest:p0  bal_after=8212794  spent=0c ($0.0)  count=0

### likes-gte-2000 [Top] x10p (HyperEVM OR "Hyper EVM" OR HyperCore OR CoreWriter OR Hyperbeat OR HyperSwap OR HyperLend OR Felix OR HypurrFi OR Kinetiq OR Hypernova) min_faves:2000 url:x.com/i/article since:2026-05-11 -is:retweet
  ↳ xarticles:likes-gte-2000:p0  bal_before=8212794  est=300c
  ↳ xarticles:likes-gte-2000:p0  bal_after=8212794  spent=0c ($0.0)  count=0

### likes-gte-2000-latest [Latest] x50p (HyperEVM OR "Hyper EVM" OR HyperCore OR CoreWriter OR Hyperbeat OR HyperSwap OR HyperLend OR Felix OR HypurrFi OR Kinetiq OR Hypernova) min_faves:2000 url:x.com/i/article since:2026-05-11 -is:retweet
  ↳ xarticles:likes-gte-2000-latest:p0  bal_before=8212794  est=300c
  ↳ xarticles:likes-gte-2000-latest:p0  bal_after=8212794  spent=0c ($0.0)  count=0

### likes-gte-1000 [Top] x10p (HyperEVM OR "Hyper EVM" OR HyperCore OR CoreWriter OR Hyperbeat OR HyperSwap OR HyperLend OR Felix OR HypurrFi OR Kinetiq OR Hypernova) min_faves:1000 url:x.com/i/article since:2026-05-11 -is:retweet
  ↳ xarticles:likes-gte-1000:p0  bal_before=8212794  est=300c
  ↳ xarticles:likes-gte-1000:p0  bal_after=8212794  spent=0c ($0.0)  count=0

### likes-gte-1000-latest [Latest] x50p (HyperEVM OR "Hyper EVM" OR HyperCore OR CoreWriter OR Hyperbeat OR HyperSwap OR HyperLend OR Felix OR HypurrFi OR Kinetiq OR Hypernova) min_faves:1000 url:x.com/i/article since:2026-05-11 -is:retweet
  ↳ xarticles:likes-gte-1000-latest:p0  bal_before=8212794  est=300c
  ↳ xarticles:likes-gte-1000-latest:p0  bal_after=8212794  spent=0c ($0.0)  count=0

### likes-gte-500 [Top] x10p (HyperEVM OR "Hyper EVM" OR HyperCore OR CoreWriter OR Hyperbeat OR HyperSwap OR HyperLend OR Felix OR HypurrFi OR Kinetiq OR Hypernova) min_faves:500 url:x.com/i/article since:2026-05-11 -is:retweet
  ↳ xarticles:likes-gte-500:p0  bal_before=8212794  est=300c
  ↳ xarticles:likes-gte-500:p0  bal_after=8212794  spent=0c ($0.0)  count=2
  ↳ xarticles:likes-gte-500:p1  bal_before=8212794  est=300c
  ↳ xarticles:likes-gte-500:p1  bal_after=8212794  spent=0c ($0.0)  count=0

### likes-gte-500-latest [Latest] x50p (HyperEVM OR "Hyper EVM" OR HyperCore OR CoreWriter OR Hyperbeat OR HyperSwap OR HyperLend OR Felix OR HypurrFi OR Kinetiq OR Hypernova) min_faves:500 url:x.com/i/article since:2026-05-11 -is:retweet
  ↳ xarticles:likes-gte-500-latest:p0  bal_before=8212794  est=300c
  ↳ xarticles:likes-gte-500-latest:p0  bal_after=8212794  spent=0c ($0.0)  count=2
  ↳ xarticles:likes-gte-500-latest:p1  bal_before=8212794  est=300c
  ↳ xarticles:likes-gte-500-latest:p1  bal_after=8212794  spent=0c ($0.0)  count=0

### likes-gte-250 [Top] x10p (HyperEVM OR "Hyper EVM" OR HyperCore OR CoreWriter OR Hyperbeat OR HyperSwap OR HyperLend OR Felix OR HypurrFi OR Kinetiq OR Hypernova) min_faves:250 url:x.com/i/article since:2026-05-11 -is:retweet
  ↳ xarticles:likes-gte-250:p0  bal_before=8212794  est=300c
  ↳ xarticles:likes-gte-250:p0  bal_after=8212524  spent=270c ($0.0027)  count=2
  ↳ xarticles:likes-gte-250:p1  bal_before=8212524  est=300c
  ↳ xarticles:likes-gte-250:p1  bal_after=8212524  spent=0c ($0.0)  count=0

### likes-gte-250-latest [Latest] x50p (HyperEVM OR "Hyper EVM" OR HyperCore OR CoreWriter OR Hyperbeat OR HyperSwap OR HyperLend OR Felix OR HypurrFi OR Kinetiq OR Hypernova) min_faves:250 url:x.com/i/article since:2026-05-11 -is:retweet
  ↳ xarticles:likes-gte-250-latest:p0  bal_before=8212524  est=300c
  ↳ xarticles:likes-gte-250-latest:p0  bal_after=8212524  spent=0c ($0.0)  count=8
  ↳ xarticles:likes-gte-250-latest:p1  bal_before=8212524  est=300c
  ↳ xarticles:likes-gte-250-latest:p1  bal_after=8212524  spent=0c ($0.0)  count=0

### likes-gte-100 [Top] x10p (HyperEVM OR "Hyper EVM" OR HyperCore OR CoreWriter OR Hyperbeat OR HyperSwap OR HyperLend OR Felix OR HypurrFi OR Kinetiq OR Hypernova) min_faves:100 url:x.com/i/article since:2026-05-11 -is:retweet
  ↳ xarticles:likes-gte-100:p0  bal_before=8212524  est=300c
  ↳ xarticles:likes-gte-100:p0  bal_after=8212524  spent=0c ($0.0)  count=20
  ↳ xarticles:likes-gte-100:p1  bal_before=8212524  est=300c
  ↳ xarticles:likes-gte-100:p1  bal_after=8212524  spent=0c ($0.0)  count=2
  ↳ xarticles:likes-gte-100:p2  bal_before=8212524  est=300c
  ↳ xarticles:likes-gte-100:p2  bal_after=8212524  spent=0c ($0.0)  count=0

### likes-gte-100-latest [Latest] x50p (HyperEVM OR "Hyper EVM" OR HyperCore OR CoreWriter OR Hyperbeat OR HyperSwap OR HyperLend OR Felix OR HypurrFi OR Kinetiq OR Hypernova) min_faves:100 url:x.com/i/article since:2026-05-11 -is:retweet
  ↳ xarticles:likes-gte-100-latest:p0  bal_before=8212524  est=300c
  ↳ xarticles:likes-gte-100-latest:p0  bal_after=8212524  spent=0c ($0.0)  count=20
  ↳ xarticles:likes-gte-100-latest:p1  bal_before=8212524  est=300c
  ↳ xarticles:likes-gte-100-latest:p1  bal_after=8212524  spent=0c ($0.0)  count=2
  ↳ xarticles:likes-gte-100-latest:p2  bal_before=8212524  est=300c
  ↳ xarticles:likes-gte-100-latest:p2  bal_after=8212524  spent=0c ($0.0)  count=0

### likes-gte-50 [Top] x10p (HyperEVM OR "Hyper EVM" OR HyperCore OR CoreWriter OR Hyperbeat OR HyperSwap OR HyperLend OR Felix OR HypurrFi OR Kinetiq OR Hypernova) min_faves:50 url:x.com/i/article since:2026-05-11 -is:retweet
  ↳ xarticles:likes-gte-50:p0  bal_before=8212524  est=300c
  ↳ xarticles:likes-gte-50:p0  bal_after=8212524  spent=0c ($0.0)  count=20
  ↳ xarticles:likes-gte-50:p1  bal_before=8212524  est=300c
  ↳ xarticles:likes-gte-50:p1  bal_after=8212524  spent=0c ($0.0)  count=20
  ↳ xarticles:likes-gte-50:p2  bal_before=8212524  est=300c
  ↳ xarticles:likes-gte-50:p2  bal_after=8211294  spent=1230c ($0.0123)  count=8
  ↳ xarticles:likes-gte-50:p3  bal_before=8211294  est=300c
  ↳ xarticles:likes-gte-50:p3  bal_after=8211294  spent=0c ($0.0)  count=14
  ↳ xarticles:likes-gte-50:p4  bal_before=8211294  est=300c
  ↳ xarticles:likes-gte-50:p4  bal_after=8211294  spent=0c ($0.0)  count=0

### likes-gte-25 [Top] x10p (HyperEVM OR "Hyper EVM" OR HyperCore OR CoreWriter OR Hyperbeat OR HyperSwap OR HyperLend OR Felix OR HypurrFi OR Kinetiq OR Hypernova) min_faves:25 url:x.com/i/article since:2026-05-11 -is:retweet
  ↳ xarticles:likes-gte-25:p0  bal_before=8211294  est=300c
  ↳ xarticles:likes-gte-25:p0  bal_after=8211294  spent=0c ($0.0)  count=20
  ↳ xarticles:likes-gte-25:p1  bal_before=8211294  est=300c
  ↳ xarticles:likes-gte-25:p1  bal_after=8211294  spent=0c ($0.0)  count=20
  ↳ xarticles:likes-gte-25:p2  bal_before=8211294  est=300c
  ↳ xarticles:likes-gte-25:p2  bal_after=8211294  spent=0c ($0.0)  count=20
  ↳ xarticles:likes-gte-25:p3  bal_before=8211294  est=300c
  ↳ xarticles:likes-gte-25:p3  bal_after=8211294  spent=0c ($0.0)  count=8
  ↳ xarticles:likes-gte-25:p4  bal_before=8211294  est=300c
  ↳ xarticles:likes-gte-25:p4  bal_after=8211294  spent=0c ($0.0)  count=20
  ↳ xarticles:likes-gte-25:p5  bal_before=8211294  est=300c
  ↳ xarticles:likes-gte-25:p5  bal_after=8211294  spent=0c ($0.0)  count=0

### likes-gte-10 [Top] x10p (HyperEVM OR "Hyper EVM" OR HyperCore OR CoreWriter OR Hyperbeat OR HyperSwap OR HyperLend OR Felix OR HypurrFi OR Kinetiq OR Hypernova) min_faves:10 url:x.com/i/article since:2026-05-11 -is:retweet
  ↳ xarticles:likes-gte-10:p0  bal_before=8211294  est=300c
  ↳ xarticles:likes-gte-10:p0  bal_after=8211294  spent=0c ($0.0)  count=20
  ↳ xarticles:likes-gte-10:p1  bal_before=8211294  est=300c
  ↳ xarticles:likes-gte-10:p1  bal_after=8211294  spent=0c ($0.0)  count=20
  ↳ xarticles:likes-gte-10:p2  bal_before=8211294  est=300c
  ↳ xarticles:likes-gte-10:p2  bal_after=8209314  spent=1980c ($0.0198)  count=20
  ↳ xarticles:likes-gte-10:p3  bal_before=8209314  est=300c
  ↳ xarticles:likes-gte-10:p3  bal_after=8209314  spent=0c ($0.0)  count=20
  ↳ xarticles:likes-gte-10:p4  bal_before=8209314  est=300c
  ↳ xarticles:likes-gte-10:p4  bal_after=8209314  spent=0c ($0.0)  count=20
  ↳ xarticles:likes-gte-10:p5  bal_before=8209314  est=300c
  ↳ xarticles:likes-gte-10:p5  bal_after=8209314  spent=0c ($0.0)  count=20
  ↳ xarticles:likes-gte-10:p6  bal_before=8209314  est=300c
  ↳ xarticles:likes-gte-10:p6  bal_after=8209314  spent=0c ($0.0)  count=4
  ↳ xarticles:likes-gte-10:p7  bal_before=8209314  est=300c
  ↳ xarticles:likes-gte-10:p7  bal_after=8209314  spent=0c ($0.0)  count=8
  ↳ xarticles:likes-gte-10:p8  bal_before=8209314  est=300c
  ↳ xarticles:likes-gte-10:p8  bal_after=8209314  spent=0c ($0.0)  count=0

### likes-gte-5 [Top] x10p (HyperEVM OR "Hyper EVM" OR HyperCore OR CoreWriter OR Hyperbeat OR HyperSwap OR HyperLend OR Felix OR HypurrFi OR Kinetiq OR Hypernova) min_faves:5 url:x.com/i/article since:2026-05-11 -is:retweet
  ↳ xarticles:likes-gte-5:p0  bal_before=8209314  est=300c
  ↳ xarticles:likes-gte-5:p0  bal_after=8209314  spent=0c ($0.0)  count=20
  ↳ xarticles:likes-gte-5:p1  bal_before=8209314  est=300c
  ↳ xarticles:likes-gte-5:p1  bal_after=8209314  spent=0c ($0.0)  count=20
  ↳ xarticles:likes-gte-5:p2  bal_before=8209314  est=300c
  ↳ xarticles:likes-gte-5:p2  bal_after=8209314  spent=0c ($0.0)  count=20
  ↳ xarticles:likes-gte-5:p3  bal_before=8209314  est=300c
  ↳ xarticles:likes-gte-5:p3  bal_after=8209314  spent=0c ($0.0)  count=20
  ↳ xarticles:likes-gte-5:p4  bal_before=8209314  est=300c
  ↳ xarticles:likes-gte-5:p4  bal_after=8206419  spent=2895c ($0.029)  count=20
  ↳ xarticles:likes-gte-5:p5  bal_before=8206419  est=300c
  ↳ xarticles:likes-gte-5:p5  bal_after=8206419  spent=0c ($0.0)  count=13
  ↳ xarticles:likes-gte-5:p6  bal_before=8206419  est=300c
  ↳ xarticles:likes-gte-5:p6  bal_after=8206419  spent=0c ($0.0)  count=6
  ↳ xarticles:likes-gte-5:p7  bal_before=8206419  est=300c
  ↳ xarticles:likes-gte-5:p7  bal_after=8206419  spent=0c ($0.0)  count=0

### likes-gte-2 [Top] x10p (HyperEVM OR "Hyper EVM" OR HyperCore OR CoreWriter OR Hyperbeat OR HyperSwap OR HyperLend OR Felix OR HypurrFi OR Kinetiq OR Hypernova) min_faves:2 url:x.com/i/article since:2026-05-11 -is:retweet
  ↳ xarticles:likes-gte-2:p0  bal_before=8206419  est=300c
  ↳ xarticles:likes-gte-2:p0  bal_after=8206419  spent=0c ($0.0)  count=20
  ↳ xarticles:likes-gte-2:p1  bal_before=8206419  est=300c
  ↳ xarticles:likes-gte-2:p1  bal_after=8206419  spent=0c ($0.0)  count=20
  ↳ xarticles:likes-gte-2:p2  bal_before=8206419  est=300c
  ↳ xarticles:likes-gte-2:p2  bal_after=8206419  spent=0c ($0.0)  count=20
  ↳ xarticles:likes-gte-2:p3  bal_before=8206419  est=300c
  ↳ xarticles:likes-gte-2:p3  bal_after=8206419  spent=0c ($0.0)  count=20
  ↳ xarticles:likes-gte-2:p4  bal_before=8206419  est=300c
  ↳ xarticles:likes-gte-2:p4  bal_after=8206419  spent=0c ($0.0)  count=20
  ↳ xarticles:likes-gte-2:p5  bal_before=8206419  est=300c
  ↳ xarticles:likes-gte-2:p5  bal_after=8206419  spent=0c ($0.0)  count=17
  ↳ xarticles:likes-gte-2:p6  bal_before=8206419  est=300c
  ↳ xarticles:likes-gte-2:p6  bal_after=8204319  spent=2100c ($0.021)  count=20
  ↳ xarticles:likes-gte-2:p7  bal_before=8204319  est=300c
  ↳ xarticles:likes-gte-2:p7  bal_after=8204319  spent=0c ($0.0)  count=20
  ↳ xarticles:likes-gte-2:p8  bal_before=8204319  est=300c
  ↳ xarticles:likes-gte-2:p8  bal_after=8204319  spent=0c ($0.0)  count=7
  ↳ xarticles:likes-gte-2:p9  bal_before=8204319  est=300c
  ↳ xarticles:likes-gte-2:p9  bal_after=8204319  spent=0c ($0.0)  count=0

### likes-gte-1 [Top] x10p (HyperEVM OR "Hyper EVM" OR HyperCore OR CoreWriter OR Hyperbeat OR HyperSwap OR HyperLend OR Felix OR HypurrFi OR Kinetiq OR Hypernova) min_faves:1 url:x.com/i/article since:2026-05-11 -is:retweet
  ↳ xarticles:likes-gte-1:p0  bal_before=8204319  est=300c
  ↳ xarticles:likes-gte-1:p0  bal_after=8204319  spent=0c ($0.0)  count=20
  ↳ xarticles:likes-gte-1:p1  bal_before=8204319  est=300c
  ↳ xarticles:likes-gte-1:p1  bal_after=8204319  spent=0c ($0.0)  count=20
  ↳ xarticles:likes-gte-1:p2  bal_before=8204319  est=300c
  ↳ xarticles:likes-gte-1:p2  bal_after=8204319  spent=0c ($0.0)  count=20
  ↳ xarticles:likes-gte-1:p3  bal_before=8204319  est=300c
  ↳ xarticles:likes-gte-1:p3  bal_after=8204319  spent=0c ($0.0)  count=20
  ↳ xarticles:likes-gte-1:p4  bal_before=8204319  est=300c
  ↳ xarticles:likes-gte-1:p4  bal_after=8204319  spent=0c ($0.0)  count=20
  ↳ xarticles:likes-gte-1:p5  bal_before=8204319  est=300c
  ↳ xarticles:likes-gte-1:p5  bal_after=8204319  spent=0c ($0.0)  count=20
  ↳ xarticles:likes-gte-1:p6  bal_before=8204319  est=300c
  ↳ xarticles:likes-gte-1:p6  bal_after=8201844  spent=2475c ($0.0248)  count=4
  ↳ xarticles:likes-gte-1:p7  bal_before=8201844  est=300c
  ↳ xarticles:likes-gte-1:p7  bal_after=8201844  spent=0c ($0.0)  count=0

### replies-gte-2000 [Top] x10p (HyperEVM OR "Hyper EVM" OR HyperCore OR CoreWriter OR Hyperbeat OR HyperSwap OR HyperLend OR Felix OR HypurrFi OR Kinetiq OR Hypernova) min_replies:2000 url:x.com/i/article since:2026-05-11 -is:retweet
  ↳ xarticles:replies-gte-2000:p0  bal_before=8201844  est=300c
  ↳ xarticles:replies-gte-2000:p0  bal_after=8201844  spent=0c ($0.0)  count=0

### replies-gte-500 [Top] x10p (HyperEVM OR "Hyper EVM" OR HyperCore OR CoreWriter OR Hyperbeat OR HyperSwap OR HyperLend OR Felix OR HypurrFi OR Kinetiq OR Hypernova) min_replies:500 url:x.com/i/article since:2026-05-11 -is:retweet
  ↳ xarticles:replies-gte-500:p0  bal_before=8201844  est=300c
  ↳ xarticles:replies-gte-500:p0  bal_after=8201844  spent=0c ($0.0)  count=0

### replies-gte-100 [Top] x10p (HyperEVM OR "Hyper EVM" OR HyperCore OR CoreWriter OR Hyperbeat OR HyperSwap OR HyperLend OR Felix OR HypurrFi OR Kinetiq OR Hypernova) min_replies:100 url:x.com/i/article since:2026-05-11 -is:retweet
  ↳ xarticles:replies-gte-100:p0  bal_before=8201844  est=300c
  ↳ xarticles:replies-gte-100:p0  bal_after=8201844  spent=0c ($0.0)  count=1
  ↳ xarticles:replies-gte-100:p1  bal_before=8201844  est=300c
  ↳ xarticles:replies-gte-100:p1  bal_after=8201844  spent=0c ($0.0)  count=0

### replies-gte-25 [Top] x10p (HyperEVM OR "Hyper EVM" OR HyperCore OR CoreWriter OR Hyperbeat OR HyperSwap OR HyperLend OR Felix OR HypurrFi OR Kinetiq OR Hypernova) min_replies:25 url:x.com/i/article since:2026-05-11 -is:retweet
  ↳ xarticles:replies-gte-25:p0  bal_before=8201844  est=300c
  ↳ xarticles:replies-gte-25:p0  bal_after=8201844  spent=0c ($0.0)  count=11
  ↳ xarticles:replies-gte-25:p1  bal_before=8201844  est=300c
  ↳ xarticles:replies-gte-25:p1  bal_after=8201844  spent=0c ($0.0)  count=19
  ↳ xarticles:replies-gte-25:p2  bal_before=8201844  est=300c
  ↳ xarticles:replies-gte-25:p2  bal_after=8201844  spent=0c ($0.0)  count=0

### broad-native-top [Top] x10p (HyperEVM OR "Hyper EVM" OR HyperCore OR CoreWriter OR precompile OR Hyperbeat OR HyperSwap OR HyperLend OR Felix OR HypurrFi OR Kinetiq OR Hypernova OR HyperBloom) url:x.com/i/article since:2026-05-11 -is:retweet
  ↳ xarticles:broad-native-top:p0  bal_before=8201844  est=300c
  ↳ xarticles:broad-native-top:p0  bal_after=8201844  spent=0c ($0.0)  count=20
  ↳ xarticles:broad-native-top:p1  bal_before=8201844  est=300c
  ↳ xarticles:broad-native-top:p1  bal_after=8201844  spent=0c ($0.0)  count=20
  ↳ xarticles:broad-native-top:p2  bal_before=8201844  est=300c
  ↳ xarticles:broad-native-top:p2  bal_after=8201844  spent=0c ($0.0)  count=20
  ↳ xarticles:broad-native-top:p3  bal_before=8201844  est=300c
  ↳ xarticles:broad-native-top:p3  bal_after=8201844  spent=0c ($0.0)  count=20
  ↳ xarticles:broad-native-top:p4  bal_before=8199744  est=300c
  ↳ xarticles:broad-native-top:p4  bal_after=8199744  spent=0c ($0.0)  count=20
  ↳ xarticles:broad-native-top:p5  bal_before=8199744  est=300c
  ↳ xarticles:broad-native-top:p5  bal_after=8199744  spent=0c ($0.0)  count=20
  ↳ xarticles:broad-native-top:p6  bal_before=8199744  est=300c
  ↳ xarticles:broad-native-top:p6  bal_after=8199744  spent=0c ($0.0)  count=20
  ↳ xarticles:broad-native-top:p7  bal_before=8199744  est=300c
  ↳ xarticles:broad-native-top:p7  bal_after=8199744  spent=0c ($0.0)  count=20
  ↳ xarticles:broad-native-top:p8  bal_before=8199744  est=300c
  ↳ xarticles:broad-native-top:p8  bal_after=8199744  spent=0c ($0.0)  count=20
  ↳ xarticles:broad-native-top:p9  bal_before=8199744  est=300c
  ↳ xarticles:broad-native-top:p9  bal_after=8199744  spent=0c ($0.0)  count=20

### keyword-native-top [Top] x10p (HyperEVM OR "Hyper EVM" OR HyperCore OR CoreWriter OR precompile OR Hyperbeat OR HyperSwap OR HyperLend OR Felix OR HypurrFi OR Kinetiq OR Hypernova OR HyperBloom) url:x.com/i/article since:2026-05-11 -is:retweet min_faves:5
  ↳ xarticles:keyword-native-top:p0  bal_before=8199744  est=300c
  ↳ xarticles:keyword-native-top:p0  bal_after=8199744  spent=0c ($0.0)  count=20
  ↳ xarticles:keyword-native-top:p1  bal_before=8199744  est=300c
  ↳ xarticles:keyword-native-top:p1  bal_after=8199744  spent=0c ($0.0)  count=20
  ↳ xarticles:keyword-native-top:p2  bal_before=8199744  est=300c
  ↳ xarticles:keyword-native-top:p2  bal_after=8199744  spent=0c ($0.0)  count=20
  ↳ xarticles:keyword-native-top:p3  bal_before=8199744  est=300c
  ↳ xarticles:keyword-native-top:p3  bal_after=8196744  spent=3000c ($0.03)  count=20
  ↳ xarticles:keyword-native-top:p4  bal_before=8196744  est=300c
  ↳ xarticles:keyword-native-top:p4  bal_after=8196744  spent=0c ($0.0)  count=16
  ↳ xarticles:keyword-native-top:p5  bal_before=8196744  est=300c
  ↳ xarticles:keyword-native-top:p5  bal_after=8196744  spent=0c ($0.0)  count=20
  ↳ xarticles:keyword-native-top:p6  bal_before=8196744  est=300c
  ↳ xarticles:keyword-native-top:p6  bal_after=8196744  spent=0c ($0.0)  count=0

### keyword-native-latest [Latest] x50p (HyperEVM OR "Hyper EVM" OR HyperCore OR CoreWriter OR precompile OR Hyperbeat OR HyperSwap OR HyperLend OR Felix OR HypurrFi OR Kinetiq OR Hypernova OR HyperBloom) url:x.com/i/article since:2026-05-11 -is:retweet
  ↳ xarticles:keyword-native-latest:p0  bal_before=8196744  est=300c
  ↳ xarticles:keyword-native-latest:p0  bal_after=8196744  spent=0c ($0.0)  count=20
  ↳ xarticles:keyword-native-latest:p1  bal_before=8196744  est=300c
  ↳ xarticles:keyword-native-latest:p1  bal_after=8196744  spent=0c ($0.0)  count=19
  ↳ xarticles:keyword-native-latest:p2  bal_before=8196744  est=300c
  ↳ xarticles:keyword-native-latest:p2  bal_after=8196744  spent=0c ($0.0)  count=20
  ↳ xarticles:keyword-native-latest:p3  bal_before=8196744  est=300c
  ↳ xarticles:keyword-native-latest:p3  bal_after=8196744  spent=0c ($0.0)  count=20
  ↳ xarticles:keyword-native-latest:p4  bal_before=8196744  est=300c
  ↳ xarticles:keyword-native-latest:p4  bal_after=8196744  spent=0c ($0.0)  count=20
  ↳ xarticles:keyword-native-latest:p5  bal_before=8196744  est=300c
  ↳ xarticles:keyword-native-latest:p5  bal_after=8196744  spent=0c ($0.0)  count=20
  ↳ xarticles:keyword-native-latest:p6  bal_before=8196744  est=300c
  ↳ xarticles:keyword-native-latest:p6  bal_after=8196744  spent=0c ($0.0)  count=20
  ↳ xarticles:keyword-native-latest:p7  bal_before=8196744  est=300c
  ↳ xarticles:keyword-native-latest:p7  bal_after=8196744  spent=0c ($0.0)  count=20
  ↳ xarticles:keyword-native-latest:p8  bal_before=8196744  est=300c
  ↳ xarticles:keyword-native-latest:p8  bal_after=8196744  spent=0c ($0.0)  count=20
  ↳ xarticles:keyword-native-latest:p9  bal_before=8196744  est=300c
  ↳ xarticles:keyword-native-latest:p9  bal_after=8196744  spent=0c ($0.0)  count=20
  ↳ xarticles:keyword-native-latest:p10  bal_before=8196744  est=300c
  ↳ xarticles:keyword-native-latest:p10  bal_after=8196744  spent=0c ($0.0)  count=20
  ↳ xarticles:keyword-native-latest:p11  bal_before=8196744  est=300c
  ↳ xarticles:keyword-native-latest:p11  bal_after=8196744  spent=0c ($0.0)  count=20
  ↳ xarticles:keyword-native-latest:p12  bal_before=8193504  est=300c
  ↳ xarticles:keyword-native-latest:p12  bal_after=8193504  spent=0c ($0.0)  count=20
  ↳ xarticles:keyword-native-latest:p13  bal_before=8193504  est=300c
  ↳ xarticles:keyword-native-latest:p13  bal_after=8193504  spent=0c ($0.0)  count=20
  ↳ xarticles:keyword-native-latest:p14  bal_before=8193504  est=300c
  ↳ xarticles:keyword-native-latest:p14  bal_after=8193504  spent=0c ($0.0)  count=20
  ↳ xarticles:keyword-native-latest:p15  bal_before=8193504  est=300c
  ↳ xarticles:keyword-native-latest:p15  bal_after=8193504  spent=0c ($0.0)  count=12
  ↳ xarticles:keyword-native-latest:p16  bal_before=8193504  est=300c
  ↳ xarticles:keyword-native-latest:p16  bal_after=8193504  spent=0c ($0.0)  count=0
  ↳ xarticles:author-baseline:Rekt_Zerker  bal_before=8193504  est=300c
  ↳ xarticles:author-baseline:Rekt_Zerker  bal_after=8193504  spent=0c ($0.0)  count=20
  ↳ xarticles:author-baseline:MixemaCrypto  bal_before=8193504  est=300c
  ↳ xarticles:author-baseline:MixemaCrypto  bal_after=8193504  spent=0c ($0.0)  count=20
  ↳ xarticles:author-baseline:HyperEVM_CN  bal_before=8193504  est=300c
  ↳ xarticles:author-baseline:HyperEVM_CN  bal_after=8193504  spent=0c ($0.0)  count=20
  ↳ xarticles:author-baseline:BrianRoemmele  bal_before=8193504  est=300c
  ↳ xarticles:author-baseline:BrianRoemmele  bal_after=8193504  spent=0c ($0.0)  count=20
  ↳ xarticles:author-baseline:VikingoDigital_  bal_before=8193504  est=300c
  ↳ xarticles:author-baseline:VikingoDigital_  bal_after=8193504  spent=0c ($0.0)  count=20
  ↳ xarticles:author-baseline:CryptoDinduz  bal_before=8193504  est=300c
  ↳ xarticles:author-baseline:CryptoDinduz  bal_after=8190609  spent=2895c ($0.029)  count=20
  ↳ xarticles:author-baseline:798_eth  bal_before=8190609  est=300c
  ↳ xarticles:author-baseline:798_eth  bal_after=8190609  spent=0c ($0.0)  count=20
  ↳ xarticles:author-baseline:EzBruv  bal_before=8190609  est=300c
  ↳ xarticles:author-baseline:EzBruv  bal_after=8190609  spent=0c ($0.0)  count=20
  ↳ xarticles:author-baseline:_Telaga_  bal_before=8190609  est=300c
  ↳ xarticles:author-baseline:_Telaga_  bal_after=8190609  spent=0c ($0.0)  count=20
  ↳ xarticles:author-baseline:Blockworks  bal_before=8190609  est=300c
  ↳ xarticles:author-baseline:Blockworks  bal_after=8190609  spent=0c ($0.0)  count=20
  ↳ xarticles:author-baseline:HyperEVM_CN  bal_before=8190609  est=300c
  ↳ xarticles:author-baseline:HyperEVM_CN  bal_after=8190609  spent=0c ($0.0)  count=20
  ↳ xarticles:author-baseline:HyperEVM_CN  bal_before=8190609  est=300c
  ↳ xarticles:author-baseline:HyperEVM_CN  bal_after=8190609  spent=0c ($0.0)  count=20
  ↳ xarticles:author-baseline:HyperEVM_CN  bal_before=8190609  est=300c
  ↳ xarticles:author-baseline:HyperEVM_CN  bal_after=8190609  spent=0c ($0.0)  count=20
  ↳ xarticles:author-baseline:PDmytriiev  bal_before=8190609  est=300c
  ↳ xarticles:author-baseline:PDmytriiev  bal_after=8190609  spent=0c ($0.0)  count=20
  ↳ xarticles:author-baseline:HyperEVM_CN  bal_before=8190609  est=300c
  ↳ xarticles:author-baseline:HyperEVM_CN  bal_after=8190609  spent=0c ($0.0)  count=20
  ↳ xarticles:author-baseline:eulerfinance  bal_before=8190609  est=300c
  ↳ xarticles:author-baseline:eulerfinance  bal_after=8190609  spent=0c ($0.0)  count=20
  ↳ xarticles:author-baseline:BitgetWallet  bal_before=8187009  est=300c
  ↳ xarticles:author-baseline:BitgetWallet  bal_after=8187009  spent=0c ($0.0)  count=20
  ↳ xarticles:author-baseline:HyperEVM_CN  bal_before=8187009  est=300c
  ↳ xarticles:author-baseline:HyperEVM_CN  bal_after=8187009  spent=0c ($0.0)  count=20
  ↳ xarticles:author-baseline:HyperEVM_CN  bal_before=8187009  est=300c
  ↳ xarticles:author-baseline:HyperEVM_CN  bal_after=8187009  spent=0c ($0.0)  count=20
  ↳ xarticles:author-baseline:Baheet_  bal_before=8187009  est=300c
  ↳ xarticles:author-baseline:Baheet_  bal_after=8187009  spent=0c ($0.0)  count=20
  ↳ xarticles:author-baseline:HyperEVM_CN  bal_before=8187009  est=300c
  ↳ xarticles:author-baseline:HyperEVM_CN  bal_after=8187009  spent=0c ($0.0)  count=20
  ↳ xarticles:author-baseline:IAmAlenSultanic  bal_before=8187009  est=300c
  ↳ xarticles:author-baseline:IAmAlenSultanic  bal_after=8187009  spent=0c ($0.0)  count=20
  ↳ xarticles:author-baseline:Kunallegendd  bal_before=8187009  est=300c
  ↳ xarticles:author-baseline:Kunallegendd  bal_after=8187009  spent=0c ($0.0)  count=20
  ↳ xarticles:author-baseline:Hyperliquid_ES  bal_before=8187009  est=300c
  ↳ xarticles:author-baseline:Hyperliquid_ES  bal_after=8187009  spent=0c ($0.0)  count=20
  ↳ xarticles:author-baseline:iQunix  bal_before=8187009  est=300c
  ↳ xarticles:author-baseline:iQunix  bal_after=8187009  spent=0c ($0.0)  count=20
  ↳ xarticles:author-baseline:goldonalt  bal_before=8187009  est=300c
  ↳ xarticles:author-baseline:goldonalt  bal_after=8187009  spent=0c ($0.0)  count=12
  ↳ xarticles:author-baseline:siriusxyzzz  bal_before=8187009  est=300c
  ↳ xarticles:author-baseline:siriusxyzzz  bal_after=8187009  spent=0c ($0.0)  count=20
  ↳ xarticles:author-baseline:zuoyeweb3  bal_before=8187009  est=300c
  ↳ xarticles:author-baseline:zuoyeweb3  bal_after=8187009  spent=0c ($0.0)  count=20
  ↳ xarticles:author-baseline:Hyperliquid_ES  bal_before=8183529  est=300c
  ↳ xarticles:author-baseline:Hyperliquid_ES  bal_after=8183529  spent=0c ($0.0)  count=20
  ↳ xarticles:author-baseline:EnsoBuild  bal_before=8183529  est=300c
  ↳ xarticles:author-baseline:EnsoBuild  bal_after=8183529  spent=0c ($0.0)  count=20
  ↳ xarticles:author-baseline:defiufo  bal_before=8183529  est=300c
  ↳ xarticles:author-baseline:defiufo  bal_after=8183529  spent=0c ($0.0)  count=20
  ↳ xarticles:author-baseline:TomCryptoDefi  bal_before=8183529  est=300c
  ↳ xarticles:author-baseline:TomCryptoDefi  bal_after=8183529  spent=0c ($0.0)  count=20
  ↳ xarticles:author-baseline:Stupifff  bal_before=8183529  est=300c
  ↳ xarticles:author-baseline:Stupifff  bal_after=8183529  spent=0c ($0.0)  count=18
  ↳ xarticles:author-baseline:Hyperliquid_ES  bal_before=8183529  est=300c
  ↳ xarticles:author-baseline:Hyperliquid_ES  bal_after=8183529  spent=0c ($0.0)  count=20
  ↳ xarticles:author-baseline:_Telaga_  bal_before=8183529  est=300c
  ↳ xarticles:author-baseline:_Telaga_  bal_after=8183529  spent=0c ($0.0)  count=20
  ↳ xarticles:author-baseline:iQunix  bal_before=8183529  est=300c
  ↳ xarticles:author-baseline:iQunix  bal_after=8183529  spent=0c ($0.0)  count=20
  ↳ xarticles:author-baseline:FourPillarsFP  bal_before=8183529  est=300c
  ↳ xarticles:author-baseline:FourPillarsFP  bal_after=8183529  spent=0c ($0.0)  count=20
  ↳ xarticles:author-baseline:Hyperliquid_ES  bal_before=8183529  est=300c
  ↳ xarticles:author-baseline:Hyperliquid_ES  bal_after=8183529  spent=0c ($0.0)  count=20
  ↳ xarticles:author-baseline:berachaindevs  bal_before=8183529  est=300c
  ↳ xarticles:author-baseline:berachaindevs  bal_after=8183529  spent=0c ($0.0)  count=20
  ↳ xarticles:author-baseline:Lemniscap  bal_before=8183529  est=300c
  ↳ xarticles:author-baseline:Lemniscap  bal_after=8183529  spent=0c ($0.0)  count=20
  ↳ xarticles:author-baseline:Hyperliquid_TUR  bal_before=8183529  est=300c
  ↳ xarticles:author-baseline:Hyperliquid_TUR  bal_after=8179659  spent=3870c ($0.0387)  count=20
  ↳ xarticles:author-baseline:KittenswapHype  bal_before=8179659  est=300c
  ↳ xarticles:author-baseline:KittenswapHype  bal_after=8179659  spent=0c ($0.0)  count=20
  ↳ xarticles:author-baseline:gosodax  bal_before=8179659  est=300c
  ↳ xarticles:author-baseline:gosodax  bal_after=8179659  spent=0c ($0.0)  count=20
  ↳ xarticles:author-baseline:nanguakk  bal_before=8179659  est=300c
  ↳ xarticles:author-baseline:nanguakk  bal_after=8179659  spent=0c ($0.0)  count=20
  ↳ xarticles:author-baseline:BitgetWalletCN  bal_before=8179659  est=300c
  ↳ xarticles:author-baseline:BitgetWalletCN  bal_after=8179659  spent=0c ($0.0)  count=20
  ↳ xarticles:author-baseline:PANewsCN  bal_before=8179659  est=300c
  ↳ xarticles:author-baseline:PANewsCN  bal_after=8179659  spent=0c ($0.0)  count=20
  ↳ xarticles:author-baseline:PANewsCN  bal_before=8179659  est=300c
  ↳ xarticles:author-baseline:PANewsCN  bal_after=8179659  spent=0c ($0.0)  count=20
  ↳ xarticles:author-baseline:StarkCrypto3  bal_before=8179659  est=300c
  ↳ xarticles:author-baseline:StarkCrypto3  bal_after=8179659  spent=0c ($0.0)  count=20
  ↳ xarticles:author-baseline:PANewsCN  bal_before=8179659  est=300c
  ↳ xarticles:author-baseline:PANewsCN  bal_after=8179659  spent=0c ($0.0)  count=20
  ↳ xarticles:author-baseline:PANewsCN  bal_before=8179659  est=300c
  ↳ xarticles:author-baseline:PANewsCN  bal_after=8179659  spent=0c ($0.0)  count=20
  ↳ xarticles:author-baseline:zzgg333999  bal_before=8179659  est=300c
  ↳ xarticles:author-baseline:zzgg333999  bal_after=8179659  spent=0c ($0.0)  count=20
  ↳ xarticles:author-baseline:sriramkri  bal_before=8179659  est=300c
  ↳ xarticles:author-baseline:sriramkri  bal_after=8179659  spent=0c ($0.0)  count=20
  ↳ xarticles:author-baseline:PANewsCN  bal_before=8179659  est=300c
  ↳ xarticles:author-baseline:PANewsCN  bal_after=8179659  spent=0c ($0.0)  count=20
  ↳ xarticles:author-baseline:PANewsCN  bal_before=8179659  est=300c
  ↳ xarticles:author-baseline:PANewsCN  bal_after=8174514  spent=5145c ($0.0515)  count=20
  ↳ xarticles:author-baseline:PANewsCN  bal_before=8174514  est=300c
  ↳ xarticles:author-baseline:PANewsCN  bal_after=8174514  spent=0c ($0.0)  count=20
  ↳ xarticles:author-baseline:PANewsCN  bal_before=8174514  est=300c
  ↳ xarticles:author-baseline:PANewsCN  bal_after=8174514  spent=0c ($0.0)  count=20
{
  "date": "2026-06-10",
  "niche": "hyperevm-30d",
  "out_dir": "/Users/maxguillabert/Downloads/index/docs/x-targeting/x_articles/2026-06-10/hyperevm-30d",
  "tweets": 1409,
  "native_x_articles": 56,
  "top": {
    "tweet_id": "2061134936606724187",
    "tweet_url": "https://x.com/MixemaCrypto/status/2061134936606724187",
    "article_url": "https://x.com/i/article/2059967422413570056",
    "title": "Introducing Hypurr World Cup Edition :  528 NFTs, 48 nations, $1,500+ in rewards  🏆",
    "preview_text": "528 NFTs.\n48 nations.\n1 World Cup game.\n20+ $HYPE  in minimum rewards.\nBuilt for the Hyperliquid community \nHypurr World Cup Edition is an ERC721 collection on HyperEVM built around the 2026 World",
    "cover_media_img_url": "https://pbs.twimg.com/media/HJZ-JfkXcAAOXux.jpg",
    "author": "MixemaCrypto",
    "author_name": "Maxime",
    "author_followers": 1431,
    "created_at": "Sun May 31 17:17:17 +0000 2026",
    "likes": 235,
    "retweets": 22,
    "replies": 25,
    "quotes": 4,
    "bookmarks": 95,
    "views": 45896,
    "query_label": "likes-gte-100",
    "engagement": 381,
    "weighted_engagement": 407,
    "engagement_per_1k_views": 8.301,
    "score": 422.2986666666667,
    "author_avg_views_last10": 2202.1,
    "author_avg_views_min_age_hours": 4,
    "views_per_1k_followers": 32072.676,
    "views_vs_author_avg": 20.842,
    "outlier_score": 34165.177
  }
}
wrote /Users/maxguillabert/Downloads/index/docs/x-targeting/x_articles/2026-06-10/hyperevm-30d/by-likes.md (56 articles)
wrote /Users/maxguillabert/Downloads/index/docs/x-targeting/x_articles/2026-06-10/hyperevm-30d/by-views.md (56 articles)
date: illegal option -- -
usage: date [-jnRu] [-I[date|hours|minutes|seconds|ns]] [-f input_fmt]
            [ -z output_zone ] [-r filename|seconds] [-v[+|-]val[y|m|w|d|H|M|S]]
            [[[[mm]dd]HH]MM[[cc]yy][.SS] | new_date] [+output_fmt]
[] monthly fetch niche=hl-defi-30d date=2026-06-10 max=500

### rt-gte-500 [Top] x10p ("HLP vault" OR stHYPE OR Felix OR HypurrFi OR HyperLend OR Hyperbeat OR Kinetiq OR Hyperdrive) min_retweets:500 url:x.com/i/article since:2026-05-11 -is:retweet
  ↳ xarticles:rt-gte-500:p0  bal_before=8174514  est=300c
  ↳ xarticles:rt-gte-500:p0  bal_after=8174514  spent=0c ($0.0)  count=0

### rt-gte-500-latest [Latest] x50p ("HLP vault" OR stHYPE OR Felix OR HypurrFi OR HyperLend OR Hyperbeat OR Kinetiq OR Hyperdrive) min_retweets:500 url:x.com/i/article since:2026-05-11 -is:retweet
  ↳ xarticles:rt-gte-500-latest:p0  bal_before=8174514  est=300c
  ↳ xarticles:rt-gte-500-latest:p0  bal_after=8174514  spent=0c ($0.0)  count=0

### rt-gte-200 [Top] x10p ("HLP vault" OR stHYPE OR Felix OR HypurrFi OR HyperLend OR Hyperbeat OR Kinetiq OR Hyperdrive) min_retweets:200 url:x.com/i/article since:2026-05-11 -is:retweet
  ↳ xarticles:rt-gte-200:p0  bal_before=8174514  est=300c
  ↳ xarticles:rt-gte-200:p0  bal_after=8174514  spent=0c ($0.0)  count=0

### rt-gte-200-latest [Latest] x50p ("HLP vault" OR stHYPE OR Felix OR HypurrFi OR HyperLend OR Hyperbeat OR Kinetiq OR Hyperdrive) min_retweets:200 url:x.com/i/article since:2026-05-11 -is:retweet
  ↳ xarticles:rt-gte-200-latest:p0  bal_before=8174514  est=300c
  ↳ xarticles:rt-gte-200-latest:p0  bal_after=8174514  spent=0c ($0.0)  count=0

### rt-gte-100 [Top] x10p ("HLP vault" OR stHYPE OR Felix OR HypurrFi OR HyperLend OR Hyperbeat OR Kinetiq OR Hyperdrive) min_retweets:100 url:x.com/i/article since:2026-05-11 -is:retweet
  ↳ xarticles:rt-gte-100:p0  bal_before=8174514  est=300c
  ↳ xarticles:rt-gte-100:p0  bal_after=8174514  spent=0c ($0.0)  count=0

### rt-gte-100-latest [Latest] x50p ("HLP vault" OR stHYPE OR Felix OR HypurrFi OR HyperLend OR Hyperbeat OR Kinetiq OR Hyperdrive) min_retweets:100 url:x.com/i/article since:2026-05-11 -is:retweet
  ↳ xarticles:rt-gte-100-latest:p0  bal_before=8174514  est=300c
  ↳ xarticles:rt-gte-100-latest:p0  bal_after=8174514  spent=0c ($0.0)  count=2
  ↳ xarticles:rt-gte-100-latest:p1  bal_before=8174514  est=300c
  ↳ xarticles:rt-gte-100-latest:p1  bal_after=8174514  spent=0c ($0.0)  count=0

### likes-gte-5000 [Top] x10p ("HLP vault" OR stHYPE OR Felix OR HypurrFi OR HyperLend OR Hyperbeat OR Kinetiq OR Hyperdrive) min_faves:5000 url:x.com/i/article since:2026-05-11 -is:retweet
  ↳ xarticles:likes-gte-5000:p0  bal_before=8174514  est=300c
  ↳ xarticles:likes-gte-5000:p0  bal_after=8174514  spent=0c ($0.0)  count=0

### likes-gte-5000-latest [Latest] x50p ("HLP vault" OR stHYPE OR Felix OR HypurrFi OR HyperLend OR Hyperbeat OR Kinetiq OR Hyperdrive) min_faves:5000 url:x.com/i/article since:2026-05-11 -is:retweet
  ↳ xarticles:likes-gte-5000-latest:p0  bal_before=8174514  est=300c
  ↳ xarticles:likes-gte-5000-latest:p0  bal_after=8174514  spent=0c ($0.0)  count=0

### likes-gte-2000 [Top] x10p ("HLP vault" OR stHYPE OR Felix OR HypurrFi OR HyperLend OR Hyperbeat OR Kinetiq OR Hyperdrive) min_faves:2000 url:x.com/i/article since:2026-05-11 -is:retweet
  ↳ xarticles:likes-gte-2000:p0  bal_before=8174514  est=300c
  ↳ xarticles:likes-gte-2000:p0  bal_after=8174514  spent=0c ($0.0)  count=0

### likes-gte-2000-latest [Latest] x50p ("HLP vault" OR stHYPE OR Felix OR HypurrFi OR HyperLend OR Hyperbeat OR Kinetiq OR Hyperdrive) min_faves:2000 url:x.com/i/article since:2026-05-11 -is:retweet
  ↳ xarticles:likes-gte-2000-latest:p0  bal_before=8174514  est=300c
  ↳ xarticles:likes-gte-2000-latest:p0  bal_after=8174514  spent=0c ($0.0)  count=0

### likes-gte-1000 [Top] x10p ("HLP vault" OR stHYPE OR Felix OR HypurrFi OR HyperLend OR Hyperbeat OR Kinetiq OR Hyperdrive) min_faves:1000 url:x.com/i/article since:2026-05-11 -is:retweet
  ↳ xarticles:likes-gte-1000:p0  bal_before=8174514  est=300c
  ↳ xarticles:likes-gte-1000:p0  bal_after=8174514  spent=0c ($0.0)  count=0

### likes-gte-1000-latest [Latest] x50p ("HLP vault" OR stHYPE OR Felix OR HypurrFi OR HyperLend OR Hyperbeat OR Kinetiq OR Hyperdrive) min_faves:1000 url:x.com/i/article since:2026-05-11 -is:retweet
  ↳ xarticles:likes-gte-1000-latest:p0  bal_before=8174514  est=300c
  ↳ xarticles:likes-gte-1000-latest:p0  bal_after=8174514  spent=0c ($0.0)  count=0

### likes-gte-500 [Top] x10p ("HLP vault" OR stHYPE OR Felix OR HypurrFi OR HyperLend OR Hyperbeat OR Kinetiq OR Hyperdrive) min_faves:500 url:x.com/i/article since:2026-05-11 -is:retweet
  ↳ xarticles:likes-gte-500:p0  bal_before=8174514  est=300c
  ↳ xarticles:likes-gte-500:p0  bal_after=8174514  spent=0c ($0.0)  count=1
  ↳ xarticles:likes-gte-500:p1  bal_before=8174514  est=300c
  ↳ xarticles:likes-gte-500:p1  bal_after=8171304  spent=3210c ($0.0321)  count=0

### likes-gte-500-latest [Latest] x50p ("HLP vault" OR stHYPE OR Felix OR HypurrFi OR HyperLend OR Hyperbeat OR Kinetiq OR Hyperdrive) min_faves:500 url:x.com/i/article since:2026-05-11 -is:retweet
  ↳ xarticles:likes-gte-500-latest:p0  bal_before=8171304  est=300c
  ↳ xarticles:likes-gte-500-latest:p0  bal_after=8171304  spent=0c ($0.0)  count=2
  ↳ xarticles:likes-gte-500-latest:p1  bal_before=8171304  est=300c
  ↳ xarticles:likes-gte-500-latest:p1  bal_after=8171304  spent=0c ($0.0)  count=0

### likes-gte-250 [Top] x10p ("HLP vault" OR stHYPE OR Felix OR HypurrFi OR HyperLend OR Hyperbeat OR Kinetiq OR Hyperdrive) min_faves:250 url:x.com/i/article since:2026-05-11 -is:retweet
  ↳ xarticles:likes-gte-250:p0  bal_before=8171304  est=300c
  ↳ xarticles:likes-gte-250:p0  bal_after=8171304  spent=0c ($0.0)  count=1
  ↳ xarticles:likes-gte-250:p1  bal_before=8171304  est=300c
  ↳ xarticles:likes-gte-250:p1  bal_after=8171304  spent=0c ($0.0)  count=0

### likes-gte-250-latest [Latest] x50p ("HLP vault" OR stHYPE OR Felix OR HypurrFi OR HyperLend OR Hyperbeat OR Kinetiq OR Hyperdrive) min_faves:250 url:x.com/i/article since:2026-05-11 -is:retweet
  ↳ xarticles:likes-gte-250-latest:p0  bal_before=8171304  est=300c
  ↳ xarticles:likes-gte-250-latest:p0  bal_after=8171304  spent=0c ($0.0)  count=4
  ↳ xarticles:likes-gte-250-latest:p1  bal_before=8171304  est=300c
  ↳ xarticles:likes-gte-250-latest:p1  bal_after=8171304  spent=0c ($0.0)  count=0

### likes-gte-100 [Top] x10p ("HLP vault" OR stHYPE OR Felix OR HypurrFi OR HyperLend OR Hyperbeat OR Kinetiq OR Hyperdrive) min_faves:100 url:x.com/i/article since:2026-05-11 -is:retweet
  ↳ xarticles:likes-gte-100:p0  bal_before=8171304  est=300c
  ↳ xarticles:likes-gte-100:p0  bal_after=8171304  spent=0c ($0.0)  count=11
  ↳ xarticles:likes-gte-100:p1  bal_before=8171304  est=300c
  ↳ xarticles:likes-gte-100:p1  bal_after=8171304  spent=0c ($0.0)  count=0

### likes-gte-100-latest [Latest] x50p ("HLP vault" OR stHYPE OR Felix OR HypurrFi OR HyperLend OR Hyperbeat OR Kinetiq OR Hyperdrive) min_faves:100 url:x.com/i/article since:2026-05-11 -is:retweet
  ↳ xarticles:likes-gte-100-latest:p0  bal_before=8171304  est=300c
  ↳ xarticles:likes-gte-100-latest:p0  bal_after=8171304  spent=0c ($0.0)  count=11
  ↳ xarticles:likes-gte-100-latest:p1  bal_before=8171304  est=300c
  ↳ xarticles:likes-gte-100-latest:p1  bal_after=8171304  spent=0c ($0.0)  count=0

### likes-gte-50 [Top] x10p ("HLP vault" OR stHYPE OR Felix OR HypurrFi OR HyperLend OR Hyperbeat OR Kinetiq OR Hyperdrive) min_faves:50 url:x.com/i/article since:2026-05-11 -is:retweet
  ↳ xarticles:likes-gte-50:p0  bal_before=8171304  est=300c
  ↳ xarticles:likes-gte-50:p0  bal_after=8171304  spent=0c ($0.0)  count=5
  ↳ xarticles:likes-gte-50:p1  bal_before=8171304  est=300c
  ↳ xarticles:likes-gte-50:p1  bal_after=8171304  spent=0c ($0.0)  count=0

### likes-gte-25 [Top] x10p ("HLP vault" OR stHYPE OR Felix OR HypurrFi OR HyperLend OR Hyperbeat OR Kinetiq OR Hyperdrive) min_faves:25 url:x.com/i/article since:2026-05-11 -is:retweet
  ↳ xarticles:likes-gte-25:p0  bal_before=8171304  est=300c
  ↳ xarticles:likes-gte-25:p0  bal_after=8171304  spent=0c ($0.0)  count=8
  ↳ xarticles:likes-gte-25:p1  bal_before=8171304  est=300c
  ↳ xarticles:likes-gte-25:p1  bal_after=8171304  spent=0c ($0.0)  count=0

### likes-gte-10 [Top] x10p ("HLP vault" OR stHYPE OR Felix OR HypurrFi OR HyperLend OR Hyperbeat OR Kinetiq OR Hyperdrive) min_faves:10 url:x.com/i/article since:2026-05-11 -is:retweet
  ↳ xarticles:likes-gte-10:p0  bal_before=8171304  est=300c
  ↳ xarticles:likes-gte-10:p0  bal_after=8171304  spent=0c ($0.0)  count=20
  ↳ xarticles:likes-gte-10:p1  bal_before=8171304  est=300c
  ↳ xarticles:likes-gte-10:p1  bal_after=8170539  spent=765c ($0.0076)  count=7
  ↳ xarticles:likes-gte-10:p2  bal_before=8170539  est=300c
  ↳ xarticles:likes-gte-10:p2  bal_after=8170539  spent=0c ($0.0)  count=0

### likes-gte-5 [Top] x10p ("HLP vault" OR stHYPE OR Felix OR HypurrFi OR HyperLend OR Hyperbeat OR Kinetiq OR Hyperdrive) min_faves:5 url:x.com/i/article since:2026-05-11 -is:retweet
  ↳ xarticles:likes-gte-5:p0  bal_before=8170539  est=300c
  ↳ xarticles:likes-gte-5:p0  bal_after=8170539  spent=0c ($0.0)  count=20
  ↳ xarticles:likes-gte-5:p1  bal_before=8170539  est=300c
  ↳ xarticles:likes-gte-5:p1  bal_after=8170539  spent=0c ($0.0)  count=20
  ↳ xarticles:likes-gte-5:p2  bal_before=8170539  est=300c
  ↳ xarticles:likes-gte-5:p2  bal_after=8170539  spent=0c ($0.0)  count=11
  ↳ xarticles:likes-gte-5:p3  bal_before=8170539  est=300c
  ↳ xarticles:likes-gte-5:p3  bal_after=8170539  spent=0c ($0.0)  count=20
  ↳ xarticles:likes-gte-5:p4  bal_before=8170539  est=300c
  ↳ xarticles:likes-gte-5:p4  bal_after=8170539  spent=0c ($0.0)  count=0

### likes-gte-2 [Top] x10p ("HLP vault" OR stHYPE OR Felix OR HypurrFi OR HyperLend OR Hyperbeat OR Kinetiq OR Hyperdrive) min_faves:2 url:x.com/i/article since:2026-05-11 -is:retweet
  ↳ xarticles:likes-gte-2:p0  bal_before=8170539  est=300c
  ↳ xarticles:likes-gte-2:p0  bal_after=8170539  spent=0c ($0.0)  count=20
  ↳ xarticles:likes-gte-2:p1  bal_before=8170539  est=300c
  ↳ xarticles:likes-gte-2:p1  bal_after=8170539  spent=0c ($0.0)  count=20
  ↳ xarticles:likes-gte-2:p2  bal_before=8170539  est=300c
  ↳ xarticles:likes-gte-2:p2  bal_after=8168724  spent=1815c ($0.0181)  count=14
  ↳ xarticles:likes-gte-2:p3  bal_before=8168724  est=300c
  ↳ xarticles:likes-gte-2:p3  bal_after=8168724  spent=0c ($0.0)  count=20
  ↳ xarticles:likes-gte-2:p4  bal_before=8168724  est=300c
  ↳ xarticles:likes-gte-2:p4  bal_after=8168724  spent=0c ($0.0)  count=0

### likes-gte-1 [Top] x10p ("HLP vault" OR stHYPE OR Felix OR HypurrFi OR HyperLend OR Hyperbeat OR Kinetiq OR Hyperdrive) min_faves:1 url:x.com/i/article since:2026-05-11 -is:retweet
  ↳ xarticles:likes-gte-1:p0  bal_before=8168724  est=300c
  ↳ xarticles:likes-gte-1:p0  bal_after=8168724  spent=0c ($0.0)  count=20
  ↳ xarticles:likes-gte-1:p1  bal_before=8168724  est=300c
  ↳ xarticles:likes-gte-1:p1  bal_after=8168724  spent=0c ($0.0)  count=20
  ↳ xarticles:likes-gte-1:p2  bal_before=8168724  est=300c
  ↳ xarticles:likes-gte-1:p2  bal_after=8168724  spent=0c ($0.0)  count=12
  ↳ xarticles:likes-gte-1:p3  bal_before=8168724  est=300c
  ↳ xarticles:likes-gte-1:p3  bal_after=8168724  spent=0c ($0.0)  count=0

### replies-gte-2000 [Top] x10p ("HLP vault" OR stHYPE OR Felix OR HypurrFi OR HyperLend OR Hyperbeat OR Kinetiq OR Hyperdrive) min_replies:2000 url:x.com/i/article since:2026-05-11 -is:retweet
  ↳ xarticles:replies-gte-2000:p0  bal_before=8168724  est=300c
  ↳ xarticles:replies-gte-2000:p0  bal_after=8168724  spent=0c ($0.0)  count=0

### replies-gte-500 [Top] x10p ("HLP vault" OR stHYPE OR Felix OR HypurrFi OR HyperLend OR Hyperbeat OR Kinetiq OR Hyperdrive) min_replies:500 url:x.com/i/article since:2026-05-11 -is:retweet
  ↳ xarticles:replies-gte-500:p0  bal_before=8168724  est=300c
  ↳ xarticles:replies-gte-500:p0  bal_after=8168724  spent=0c ($0.0)  count=0

### replies-gte-100 [Top] x10p ("HLP vault" OR stHYPE OR Felix OR HypurrFi OR HyperLend OR Hyperbeat OR Kinetiq OR Hyperdrive) min_replies:100 url:x.com/i/article since:2026-05-11 -is:retweet
  ↳ xarticles:replies-gte-100:p0  bal_before=8168724  est=300c
  ↳ xarticles:replies-gte-100:p0  bal_after=8168724  spent=0c ($0.0)  count=1
  ↳ xarticles:replies-gte-100:p1  bal_before=8168724  est=300c
  ↳ xarticles:replies-gte-100:p1  bal_after=8167089  spent=1635c ($0.0163)  count=0

### replies-gte-25 [Top] x10p ("HLP vault" OR stHYPE OR Felix OR HypurrFi OR HyperLend OR Hyperbeat OR Kinetiq OR Hyperdrive) min_replies:25 url:x.com/i/article since:2026-05-11 -is:retweet
  ↳ xarticles:replies-gte-25:p0  bal_before=8167089  est=300c
  ↳ xarticles:replies-gte-25:p0  bal_after=8167089  spent=0c ($0.0)  count=11
  ↳ xarticles:replies-gte-25:p1  bal_before=8167089  est=300c
  ↳ xarticles:replies-gte-25:p1  bal_after=8167089  spent=0c ($0.0)  count=0

### broad-native-top [Top] x10p (HLP OR "HLP vault" OR Hyperliquid OR HyperEVM) (vault OR lending OR looping OR staking OR LST OR stHYPE OR Felix OR HypurrFi OR HyperLend OR Hyperbeat OR Kinetiq) url:x.com/i/article since:2026-05-11 -is:retweet
  ↳ xarticles:broad-native-top:p0  bal_before=8167089  est=300c
  ↳ xarticles:broad-native-top:p0  bal_after=8167089  spent=0c ($0.0)  count=20
  ↳ xarticles:broad-native-top:p1  bal_before=8167089  est=300c
  ↳ xarticles:broad-native-top:p1  bal_after=8167089  spent=0c ($0.0)  count=20
  ↳ xarticles:broad-native-top:p2  bal_before=8167089  est=300c
  ↳ xarticles:broad-native-top:p2  bal_after=8167089  spent=0c ($0.0)  count=20
  ↳ xarticles:broad-native-top:p3  bal_before=8167089  est=300c
  ↳ xarticles:broad-native-top:p3  bal_after=8167089  spent=0c ($0.0)  count=20
  ↳ xarticles:broad-native-top:p4  bal_before=8167089  est=300c
  ↳ xarticles:broad-native-top:p4  bal_after=8167089  spent=0c ($0.0)  count=20
  ↳ xarticles:broad-native-top:p5  bal_before=8167089  est=300c
  ↳ xarticles:broad-native-top:p5  bal_after=8167089  spent=0c ($0.0)  count=20
  ↳ xarticles:broad-native-top:p6  bal_before=8167089  est=300c
  ↳ xarticles:broad-native-top:p6  bal_after=8167089  spent=0c ($0.0)  count=20
  ↳ xarticles:broad-native-top:p7  bal_before=8167089  est=300c
  ↳ xarticles:broad-native-top:p7  bal_after=8167089  spent=0c ($0.0)  count=20
  ↳ xarticles:broad-native-top:p8  bal_before=8167089  est=300c
  ↳ xarticles:broad-native-top:p8  bal_after=8167089  spent=0c ($0.0)  count=5
  ↳ xarticles:broad-native-top:p9  bal_before=8167089  est=300c
  ↳ xarticles:broad-native-top:p9  bal_after=8167089  spent=0c ($0.0)  count=0

### keyword-native-top [Top] x10p (HLP OR "HLP vault" OR Hyperliquid OR HyperEVM) (vault OR lending OR looping OR staking OR LST OR stHYPE OR Felix OR HypurrFi OR HyperLend OR Hyperbeat OR Kinetiq) url:x.com/i/article since:2026-05-11 -is:retweet min_faves:5
  ↳ xarticles:keyword-native-top:p0  bal_before=8167089  est=300c
  ↳ xarticles:keyword-native-top:p0  bal_after=8164389  spent=2700c ($0.027)  count=20
  ↳ xarticles:keyword-native-top:p1  bal_before=8164389  est=300c
  ↳ xarticles:keyword-native-top:p1  bal_after=8164389  spent=0c ($0.0)  count=20
  ↳ xarticles:keyword-native-top:p2  bal_before=8164389  est=300c
  ↳ xarticles:keyword-native-top:p2  bal_after=8164389  spent=0c ($0.0)  count=20
  ↳ xarticles:keyword-native-top:p3  bal_before=8164389  est=300c
  ↳ xarticles:keyword-native-top:p3  bal_after=8164389  spent=0c ($0.0)  count=20
  ↳ xarticles:keyword-native-top:p4  bal_before=8164389  est=300c
  ↳ xarticles:keyword-native-top:p4  bal_after=8164389  spent=0c ($0.0)  count=20
  ↳ xarticles:keyword-native-top:p5  bal_before=8164389  est=300c
  ↳ xarticles:keyword-native-top:p5  bal_after=8164389  spent=0c ($0.0)  count=13
  ↳ xarticles:keyword-native-top:p6  bal_before=8164389  est=300c
  ↳ xarticles:keyword-native-top:p6  bal_after=8164389  spent=0c ($0.0)  count=0

### keyword-native-latest [Latest] x50p (HLP OR "HLP vault" OR Hyperliquid OR HyperEVM) (vault OR lending OR looping OR staking OR LST OR stHYPE OR Felix OR HypurrFi OR HyperLend OR Hyperbeat OR Kinetiq) url:x.com/i/article since:2026-05-11 -is:retweet
  ↳ xarticles:keyword-native-latest:p0  bal_before=8164389  est=300c
  ↳ xarticles:keyword-native-latest:p0  bal_after=8164389  spent=0c ($0.0)  count=20
  ↳ xarticles:keyword-native-latest:p1  bal_before=8164389  est=300c
  ↳ xarticles:keyword-native-latest:p1  bal_after=8162664  spent=1725c ($0.0173)  count=20
  ↳ xarticles:keyword-native-latest:p2  bal_before=8162664  est=300c
  ↳ xarticles:keyword-native-latest:p2  bal_after=8162664  spent=0c ($0.0)  count=20
  ↳ xarticles:keyword-native-latest:p3  bal_before=8162664  est=300c
  ↳ xarticles:keyword-native-latest:p3  bal_after=8162664  spent=0c ($0.0)  count=20
  ↳ xarticles:keyword-native-latest:p4  bal_before=8162664  est=300c
  ↳ xarticles:keyword-native-latest:p4  bal_after=8162664  spent=0c ($0.0)  count=20
  ↳ xarticles:keyword-native-latest:p5  bal_before=8162664  est=300c
  ↳ xarticles:keyword-native-latest:p5  bal_after=8162664  spent=0c ($0.0)  count=20
  ↳ xarticles:keyword-native-latest:p6  bal_before=8162664  est=300c
  ↳ xarticles:keyword-native-latest:p6  bal_after=8162664  spent=0c ($0.0)  count=20
  ↳ xarticles:keyword-native-latest:p7  bal_before=8162664  est=300c
  ↳ xarticles:keyword-native-latest:p7  bal_after=8162664  spent=0c ($0.0)  count=20
  ↳ xarticles:keyword-native-latest:p8  bal_before=8162664  est=300c
  ↳ xarticles:keyword-native-latest:p8  bal_after=8162664  spent=0c ($0.0)  count=20
  ↳ xarticles:keyword-native-latest:p9  bal_before=8162664  est=300c
  ↳ xarticles:keyword-native-latest:p9  bal_after=8162664  spent=0c ($0.0)  count=20
  ↳ xarticles:keyword-native-latest:p10  bal_before=8162664  est=300c
  ↳ xarticles:keyword-native-latest:p10  bal_after=8162664  spent=0c ($0.0)  count=19
  ↳ xarticles:keyword-native-latest:p11  bal_before=8162664  est=300c
  ↳ xarticles:keyword-native-latest:p11  bal_after=8162664  spent=0c ($0.0)  count=20
  ↳ xarticles:keyword-native-latest:p12  bal_before=8162664  est=300c
  ↳ xarticles:keyword-native-latest:p12  bal_after=8162664  spent=0c ($0.0)  count=20
  ↳ xarticles:keyword-native-latest:p13  bal_before=8162664  est=300c
  ↳ xarticles:keyword-native-latest:p13  bal_after=8162664  spent=0c ($0.0)  count=20
  ↳ xarticles:keyword-native-latest:p14  bal_before=8162664  est=300c
  ↳ xarticles:keyword-native-latest:p14  bal_after=8162664  spent=0c ($0.0)  count=20
  ↳ xarticles:keyword-native-latest:p15  bal_before=8162664  est=300c
  ↳ xarticles:keyword-native-latest:p15  bal_after=8162664  spent=0c ($0.0)  count=20
  ↳ xarticles:keyword-native-latest:p16  bal_before=8162664  est=300c
  ↳ xarticles:keyword-native-latest:p16  bal_after=8162664  spent=0c ($0.0)  count=20
  ↳ xarticles:keyword-native-latest:p17  bal_before=8162664  est=300c
  ↳ xarticles:keyword-native-latest:p17  bal_after=8158179  spent=4485c ($0.0449)  count=20
  ↳ xarticles:keyword-native-latest:p18  bal_before=8158179  est=300c
  ↳ xarticles:keyword-native-latest:p18  bal_after=8158179  spent=0c ($0.0)  count=19
  ↳ xarticles:keyword-native-latest:p19  bal_before=8158179  est=300c
  ↳ xarticles:keyword-native-latest:p19  bal_after=8158179  spent=0c ($0.0)  count=0
  ↳ xarticles:author-baseline:HyperliquidPC  bal_before=8158179  est=300c
  ↳ xarticles:author-baseline:HyperliquidPC  bal_after=8158179  spent=0c ($0.0)  count=19
  ↳ xarticles:author-baseline:HyperliquidR  bal_before=8158179  est=300c
  ↳ xarticles:author-baseline:HyperliquidR  bal_after=8156979  spent=1200c ($0.012)  count=20
  ↳ xarticles:author-baseline:BrianRoemmele  bal_before=8156979  est=300c
  ↳ xarticles:author-baseline:BrianRoemmele  bal_after=8156979  spent=0c ($0.0)  count=20
  ↳ xarticles:author-baseline:VikingoDigital_  bal_before=8156979  est=300c
  ↳ xarticles:author-baseline:VikingoDigital_  bal_after=8156979  spent=0c ($0.0)  count=20
  ↳ xarticles:author-baseline:Dan1umma  bal_before=8156979  est=300c
  ↳ xarticles:author-baseline:Dan1umma  bal_after=8156979  spent=0c ($0.0)  count=20
  ↳ xarticles:author-baseline:NxtCypher  bal_before=8156979  est=300c
  ↳ xarticles:author-baseline:NxtCypher  bal_after=8156979  spent=0c ($0.0)  count=20
  ↳ xarticles:author-baseline:qlabsofficial  bal_before=8156979  est=300c
  ↳ xarticles:author-baseline:qlabsofficial  bal_after=8156979  spent=0c ($0.0)  count=20
  ↳ xarticles:author-baseline:Blockworks  bal_before=8156979  est=300c
  ↳ xarticles:author-baseline:Blockworks  bal_after=8156979  spent=0c ($0.0)  count=20
  ↳ xarticles:author-baseline:HyperEVM_CN  bal_before=8156979  est=300c
  ↳ xarticles:author-baseline:HyperEVM_CN  bal_after=8156979  spent=0c ($0.0)  count=20
  ↳ xarticles:author-baseline:HyperEVM_CN  bal_before=8156979  est=300c
  ↳ xarticles:author-baseline:HyperEVM_CN  bal_after=8156979  spent=0c ($0.0)  count=20
  ↳ xarticles:author-baseline:Moya_2025  bal_before=8156979  est=300c
  ↳ xarticles:author-baseline:Moya_2025  bal_after=8156979  spent=0c ($0.0)  count=20
  ↳ xarticles:author-baseline:PDmytriiev  bal_before=8156979  est=300c
  ↳ xarticles:author-baseline:PDmytriiev  bal_after=8156979  spent=0c ($0.0)  count=20
  ↳ xarticles:author-baseline:NestExchange  bal_before=8156979  est=300c
  ↳ xarticles:author-baseline:NestExchange  bal_after=8156979  spent=0c ($0.0)  count=20
  ↳ xarticles:author-baseline:eulerfinance  bal_before=8156979  est=300c
  ↳ xarticles:author-baseline:eulerfinance  bal_after=8156979  spent=0c ($0.0)  count=20
  ↳ xarticles:author-baseline:BitgetWallet  bal_before=8156979  est=300c
  ↳ xarticles:author-baseline:BitgetWallet  bal_after=8153094  spent=3885c ($0.0389)  count=20
  ↳ xarticles:author-baseline:HyperEVM_CN  bal_before=8153094  est=300c
  ↳ xarticles:author-baseline:HyperEVM_CN  bal_after=8153094  spent=0c ($0.0)  count=20
  ↳ xarticles:author-baseline:HyperEVM_CN  bal_before=8153094  est=300c
  ↳ xarticles:author-baseline:HyperEVM_CN  bal_after=8153094  spent=0c ($0.0)  count=20
  ↳ xarticles:author-baseline:Baheet_  bal_before=8153094  est=300c
  ↳ xarticles:author-baseline:Baheet_  bal_after=8153094  spent=0c ($0.0)  count=20
  ↳ xarticles:author-baseline:HyperEVM_CN  bal_before=8153094  est=300c
  ↳ xarticles:author-baseline:HyperEVM_CN  bal_after=8153094  spent=0c ($0.0)  count=20
  ↳ xarticles:author-baseline:IAmAlenSultanic  bal_before=8153094  est=300c
  ↳ xarticles:author-baseline:IAmAlenSultanic  bal_after=8153094  spent=0c ($0.0)  count=20
  ↳ xarticles:author-baseline:Hyperliquid_ES  bal_before=8153094  est=300c
  ↳ xarticles:author-baseline:Hyperliquid_ES  bal_after=8153094  spent=0c ($0.0)  count=20
  ↳ xarticles:author-baseline:R3st4rtY0urL1f3  bal_before=8153094  est=300c
  ↳ xarticles:author-baseline:R3st4rtY0urL1f3  bal_after=8153094  spent=0c ($0.0)  count=20
  ↳ xarticles:author-baseline:Hyperliquid_ES  bal_before=8153094  est=300c
  ↳ xarticles:author-baseline:Hyperliquid_ES  bal_after=8153094  spent=0c ($0.0)  count=20
  ↳ xarticles:author-baseline:EnsoBuild  bal_before=8153094  est=300c
  ↳ xarticles:author-baseline:EnsoBuild  bal_after=8153094  spent=0c ($0.0)  count=20
  ↳ xarticles:author-baseline:botblastcap  bal_before=8153094  est=300c
  ↳ xarticles:author-baseline:botblastcap  bal_after=8153094  spent=0c ($0.0)  count=20
  ↳ xarticles:author-baseline:TomCryptoDefi  bal_before=8153094  est=300c
  ↳ xarticles:author-baseline:TomCryptoDefi  bal_after=8153094  spent=0c ($0.0)  count=20
  ↳ xarticles:author-baseline:ModestusOkoye  bal_before=8153094  est=300c
  ↳ xarticles:author-baseline:ModestusOkoye  bal_after=8153094  spent=0c ($0.0)  count=20
  ↳ xarticles:author-baseline:FourPillarsFP  bal_before=8153094  est=300c
  ↳ xarticles:author-baseline:FourPillarsFP  bal_after=8149194  spent=3900c ($0.039)  count=20
  ↳ xarticles:author-baseline:charles__AI  bal_before=8149194  est=300c
  ↳ xarticles:author-baseline:charles__AI  bal_after=8149194  spent=0c ($0.0)  count=20
  ↳ xarticles:author-baseline:tiger_research_  bal_before=8149194  est=300c
  ↳ xarticles:author-baseline:tiger_research_  bal_after=8149194  spent=0c ($0.0)  count=20
  ↳ xarticles:author-baseline:quant_degen  bal_before=8149194  est=300c
  ↳ xarticles:author-baseline:quant_degen  bal_after=8149194  spent=0c ($0.0)  count=20
  ↳ xarticles:author-baseline:Uptodatenow  bal_before=8149194  est=300c
  ↳ xarticles:author-baseline:Uptodatenow  bal_after=8149194  spent=0c ($0.0)  count=20
  ↳ xarticles:author-baseline:gosodax  bal_before=8149194  est=300c
  ↳ xarticles:author-baseline:gosodax  bal_after=8149194  spent=0c ($0.0)  count=20
  ↳ xarticles:author-baseline:BitgetWalletCN  bal_before=8149194  est=300c
  ↳ xarticles:author-baseline:BitgetWalletCN  bal_after=8149194  spent=0c ($0.0)  count=20
  ↳ xarticles:author-baseline:PANewsCN  bal_before=8149194  est=300c
  ↳ xarticles:author-baseline:PANewsCN  bal_after=8149194  spent=0c ($0.0)  count=20
  ↳ xarticles:author-baseline:PANewsCN  bal_before=8149194  est=300c
  ↳ xarticles:author-baseline:PANewsCN  bal_after=8149194  spent=0c ($0.0)  count=20
  ↳ xarticles:author-baseline:PANewsCN  bal_before=8149194  est=300c
  ↳ xarticles:author-baseline:PANewsCN  bal_after=8149194  spent=0c ($0.0)  count=20
  ↳ xarticles:author-baseline:sriramkri  bal_before=8149194  est=300c
  ↳ xarticles:author-baseline:sriramkri  bal_after=8149194  spent=0c ($0.0)  count=20
  ↳ xarticles:author-baseline:PANewsCN  bal_before=8149194  est=300c
  ↳ xarticles:author-baseline:PANewsCN  bal_after=8149194  spent=0c ($0.0)  count=20
  ↳ xarticles:author-baseline:PANewsCN  bal_before=8149194  est=300c
  ↳ xarticles:author-baseline:PANewsCN  bal_after=8149194  spent=0c ($0.0)  count=20
  ↳ xarticles:author-baseline:PANewsCN  bal_before=8149194  est=300c
  ↳ xarticles:author-baseline:PANewsCN  bal_after=8145594  spent=3600c ($0.036)  count=20
  ↳ xarticles:author-baseline:Crypto_Briefing  bal_before=8145594  est=300c
  ↳ xarticles:author-baseline:Crypto_Briefing  bal_after=8145594  spent=0c ($0.0)  count=20
{
  "date": "2026-06-10",
  "niche": "hl-defi-30d",
  "out_dir": "/Users/maxguillabert/Downloads/index/docs/x-targeting/x_articles/2026-06-10/hl-defi-30d",
  "tweets": 937,
  "native_x_articles": 42,
  "top": {
    "tweet_id": "2054187866343846154",
    "tweet_url": "https://x.com/Moya_2025/status/2054187866343846154",
    "article_url": "https://x.com/i/article/2054176414601981952",
    "title": "Carry Trade is not in DeFi, it should",
    "preview_text": "Macro funds have done this for decades with JPY and AUD. DeFi has stablecoins in every major fiat denomination, composable lending protocols, and permissionless execution. Every ingredient for an",
    "cover_media_img_url": "https://pbs.twimg.com/media/HIHsD6TWEAAmV1b.jpg",
    "author": "Moya_2025",
    "author_name": "Moya",
    "author_followers": 349,
    "created_at": "Tue May 12 13:12:06 +0000 2026",
    "likes": 53,
    "retweets": 2,
    "replies": 1,
    "quotes": 1,
    "bookmarks": 16,
    "views": 181519,
    "query_label": "keyword-native-latest",
    "engagement": 73,
    "weighted_engagement": 76,
    "engagement_per_1k_views": 0.402,
    "score": 136.50633333333332,
    "author_avg_views_last10": 7130.4,
    "author_avg_views_min_age_hours": 4,
    "views_per_1k_followers": 520111.748,
    "views_vs_author_avg": 25.457,
    "outlier_score": 522657.85
  }
}
wrote /Users/maxguillabert/Downloads/index/docs/x-targeting/x_articles/2026-06-10/hl-defi-30d/by-likes.md (42 articles)
wrote /Users/maxguillabert/Downloads/index/docs/x-targeting/x_articles/2026-06-10/hl-defi-30d/by-views.md (42 articles)
date: illegal option -- -
usage: date [-jnRu] [-I[date|hours|minutes|seconds|ns]] [-f input_fmt]
            [ -z output_zone ] [-r filename|seconds] [-v[+|-]val[y|m|w|d|H|M|S]]
            [[[[mm]dd]HH]MM[[cc]yy][.SS] | new_date] [+output_fmt]
[] monthly fetch niche=ai-30d date=2026-06-10 max=500

### rt-gte-500 [Top] x10p min_retweets:500 url:x.com/i/article since:2026-05-11 -is:retweet
  ↳ xarticles:rt-gte-500:p0  bal_before=8145594  est=300c
  ↳ xarticles:rt-gte-500:p0  bal_after=8145594  spent=0c ($0.0)  count=20
  ↳ xarticles:rt-gte-500:p1  bal_before=8145594  est=300c
  ↳ xarticles:rt-gte-500:p1  bal_after=8145594  spent=0c ($0.0)  count=5
  ↳ xarticles:rt-gte-500:p2  bal_before=8145594  est=300c
  ↳ xarticles:rt-gte-500:p2  bal_after=8145594  spent=0c ($0.0)  count=9
  ↳ xarticles:rt-gte-500:p3  bal_before=8145594  est=300c
  ↳ xarticles:rt-gte-500:p3  bal_after=8145594  spent=0c ($0.0)  count=3
  ↳ xarticles:rt-gte-500:p4  bal_before=8145594  est=300c
  ↳ xarticles:rt-gte-500:p4  bal_after=8145594  spent=0c ($0.0)  count=2
  ↳ xarticles:rt-gte-500:p5  bal_before=8145594  est=300c
  ↳ xarticles:rt-gte-500:p5  bal_after=8145594  spent=0c ($0.0)  count=0

### rt-gte-500-latest [Latest] x50p min_retweets:500 url:x.com/i/article since:2026-05-11 -is:retweet
  ↳ xarticles:rt-gte-500-latest:p0  bal_before=8145594  est=300c
  ↳ xarticles:rt-gte-500-latest:p0  bal_after=8145594  spent=0c ($0.0)  count=16
  ↳ xarticles:rt-gte-500-latest:p1  bal_before=8145594  est=300c
  ↳ xarticles:rt-gte-500-latest:p1  bal_after=8145594  spent=0c ($0.0)  count=15
  ↳ xarticles:rt-gte-500-latest:p2  bal_before=8145594  est=300c
  ↳ xarticles:rt-gte-500-latest:p2  bal_after=8145594  spent=0c ($0.0)  count=18
  ↳ xarticles:rt-gte-500-latest:p3  bal_before=8145594  est=300c
  ↳ xarticles:rt-gte-500-latest:p3  bal_after=8145594  spent=0c ($0.0)  count=20
  ↳ xarticles:rt-gte-500-latest:p4  bal_before=8145594  est=300c
  ↳ xarticles:rt-gte-500-latest:p4  bal_after=8145594  spent=0c ($0.0)  count=20
  ↳ xarticles:rt-gte-500-latest:p5  bal_before=8145594  est=300c
  ↳ xarticles:rt-gte-500-latest:p5  bal_after=8145594  spent=0c ($0.0)  count=20
  ↳ xarticles:rt-gte-500-latest:p6  bal_before=8143059  est=300c
  ↳ xarticles:rt-gte-500-latest:p6  bal_after=8143059  spent=0c ($0.0)  count=20
  ↳ xarticles:rt-gte-500-latest:p7  bal_before=8143059  est=300c
  ↳ xarticles:rt-gte-500-latest:p7  bal_after=8143059  spent=0c ($0.0)  count=20
  ↳ xarticles:rt-gte-500-latest:p8  bal_before=8143059  est=300c
  ↳ xarticles:rt-gte-500-latest:p8  bal_after=8143059  spent=0c ($0.0)  count=12
  ↳ xarticles:rt-gte-500-latest:p9  bal_before=8143059  est=300c
  ↳ xarticles:rt-gte-500-latest:p9  bal_after=8143059  spent=0c ($0.0)  count=0

### rt-gte-200 [Top] x10p min_retweets:200 url:x.com/i/article since:2026-05-11 -is:retweet
  ↳ xarticles:rt-gte-200:p0  bal_before=8143059  est=300c
  ↳ xarticles:rt-gte-200:p0  bal_after=8143059  spent=0c ($0.0)  count=16
  ↳ xarticles:rt-gte-200:p1  bal_before=8143059  est=300c
  ↳ xarticles:rt-gte-200:p1  bal_after=8143059  spent=0c ($0.0)  count=16
  ↳ xarticles:rt-gte-200:p2  bal_before=8143059  est=300c
  ↳ xarticles:rt-gte-200:p2  bal_after=8143059  spent=0c ($0.0)  count=9
  ↳ xarticles:rt-gte-200:p3  bal_before=8143059  est=300c
  ↳ xarticles:rt-gte-200:p3  bal_after=8143059  spent=0c ($0.0)  count=5
  ↳ xarticles:rt-gte-200:p4  bal_before=8143059  est=300c
  ↳ xarticles:rt-gte-200:p4  bal_after=8143059  spent=0c ($0.0)  count=11
  ↳ xarticles:rt-gte-200:p5  bal_before=8143059  est=300c
  ↳ xarticles:rt-gte-200:p5  bal_after=8143059  spent=0c ($0.0)  count=14
  ↳ xarticles:rt-gte-200:p6  bal_before=8143059  est=300c
  ↳ xarticles:rt-gte-200:p6  bal_after=8143059  spent=0c ($0.0)  count=11
  ↳ xarticles:rt-gte-200:p7  bal_before=8143059  est=300c
  ↳ xarticles:rt-gte-200:p7  bal_after=8143059  spent=0c ($0.0)  count=2
  ↳ xarticles:rt-gte-200:p8  bal_before=8143059  est=300c
  ↳ xarticles:rt-gte-200:p8  bal_after=8140299  spent=2760c ($0.0276)  count=4
  ↳ xarticles:rt-gte-200:p9  bal_before=8140299  est=300c
  ↳ xarticles:rt-gte-200:p9  bal_after=8140299  spent=0c ($0.0)  count=5

### rt-gte-200-latest [Latest] x50p min_retweets:200 url:x.com/i/article since:2026-05-11 -is:retweet
  ↳ xarticles:rt-gte-200-latest:p0  bal_before=8140299  est=300c
  ↳ xarticles:rt-gte-200-latest:p0  bal_after=8140299  spent=0c ($0.0)  count=14
  ↳ xarticles:rt-gte-200-latest:p1  bal_before=8140299  est=300c
  ↳ xarticles:rt-gte-200-latest:p1  bal_after=8140299  spent=0c ($0.0)  count=18
  ↳ xarticles:rt-gte-200-latest:p2  bal_before=8140299  est=300c
  ↳ xarticles:rt-gte-200-latest:p2  bal_after=8140299  spent=0c ($0.0)  count=19
  ↳ xarticles:rt-gte-200-latest:p3  bal_before=8140299  est=300c
  ↳ xarticles:rt-gte-200-latest:p3  bal_after=8140299  spent=0c ($0.0)  count=18
  ↳ xarticles:rt-gte-200-latest:p4  bal_before=8140299  est=300c
  ↳ xarticles:rt-gte-200-latest:p4  bal_after=8140299  spent=0c ($0.0)  count=19
  ↳ xarticles:rt-gte-200-latest:p5  bal_before=8140299  est=300c
  ↳ xarticles:rt-gte-200-latest:p5  bal_after=8140299  spent=0c ($0.0)  count=18
  ↳ xarticles:rt-gte-200-latest:p6  bal_before=8140299  est=300c
  ↳ xarticles:rt-gte-200-latest:p6  bal_after=8140299  spent=0c ($0.0)  count=15
  ↳ xarticles:rt-gte-200-latest:p7  bal_before=8140299  est=300c
  ↳ xarticles:rt-gte-200-latest:p7  bal_after=8140299  spent=0c ($0.0)  count=19
  ↳ xarticles:rt-gte-200-latest:p8  bal_before=8140299  est=300c
  ↳ xarticles:rt-gte-200-latest:p8  bal_after=8140299  spent=0c ($0.0)  count=20
  ↳ xarticles:rt-gte-200-latest:p9  bal_before=8140299  est=300c
  ↳ xarticles:rt-gte-200-latest:p9  bal_after=8140299  spent=0c ($0.0)  count=20
  ↳ xarticles:rt-gte-200-latest:p10  bal_before=8140299  est=300c
  ↳ xarticles:rt-gte-200-latest:p10  bal_after=8140299  spent=0c ($0.0)  count=20
  ↳ xarticles:rt-gte-200-latest:p11  bal_before=8140299  est=300c
  ↳ xarticles:rt-gte-200-latest:p11  bal_after=8140299  spent=0c ($0.0)  count=20
  ↳ xarticles:rt-gte-200-latest:p12  bal_before=8140299  est=300c
  ↳ xarticles:rt-gte-200-latest:p12  bal_after=8140299  spent=0c ($0.0)  count=20
  ↳ xarticles:rt-gte-200-latest:p13  bal_before=8140299  est=300c
  ↳ xarticles:rt-gte-200-latest:p13  bal_after=8140299  spent=0c ($0.0)  count=19
  ↳ xarticles:rt-gte-200-latest:p14  bal_before=8140299  est=300c
  ↳ xarticles:rt-gte-200-latest:p14  bal_after=8140299  spent=0c ($0.0)  count=20
  ↳ xarticles:rt-gte-200-latest:p15  bal_before=8140299  est=300c
  ↳ xarticles:rt-gte-200-latest:p15  bal_after=8136369  spent=3930c ($0.0393)  count=20
  ↳ xarticles:rt-gte-200-latest:p16  bal_before=8136369  est=300c
  ↳ xarticles:rt-gte-200-latest:p16  bal_after=8136369  spent=0c ($0.0)  count=20
  ↳ xarticles:rt-gte-200-latest:p17  bal_before=8136369  est=300c
  ↳ xarticles:rt-gte-200-latest:p17  bal_after=8136369  spent=0c ($0.0)  count=20
  ↳ xarticles:rt-gte-200-latest:p18  bal_before=8136369  est=300c
  ↳ xarticles:rt-gte-200-latest:p18  bal_after=8136369  spent=0c ($0.0)  count=20
  ↳ xarticles:rt-gte-200-latest:p19  bal_before=8136369  est=300c
  ↳ xarticles:rt-gte-200-latest:p19  bal_after=8136369  spent=0c ($0.0)  count=20
  ↳ xarticles:rt-gte-200-latest:p20  bal_before=8136369  est=300c
  ↳ xarticles:rt-gte-200-latest:p20  bal_after=8136369  spent=0c ($0.0)  count=20
  ↳ xarticles:rt-gte-200-latest:p21  bal_before=8136369  est=300c
  ↳ xarticles:rt-gte-200-latest:p21  bal_after=8136369  spent=0c ($0.0)  count=20
  ↳ xarticles:rt-gte-200-latest:p22  bal_before=8136369  est=300c
  ↳ xarticles:rt-gte-200-latest:p22  bal_after=8136369  spent=0c ($0.0)  count=20
  ↳ xarticles:rt-gte-200-latest:p23  bal_before=8136369  est=300c
  ↳ xarticles:rt-gte-200-latest:p23  bal_after=8136369  spent=0c ($0.0)  count=20
  ↳ xarticles:rt-gte-200-latest:p24  bal_before=8136369  est=300c
  ↳ xarticles:rt-gte-200-latest:p24  bal_after=8136369  spent=0c ($0.0)  count=20
  ↳ xarticles:rt-gte-200-latest:p25  bal_before=8136369  est=300c
  ↳ xarticles:rt-gte-200-latest:p25  bal_after=8136369  spent=0c ($0.0)  count=20
  ↳ xarticles:rt-gte-200-latest:p26  bal_before=8136369  est=300c
  ↳ xarticles:rt-gte-200-latest:p26  bal_after=8136369  spent=0c ($0.0)  count=20
  ↳ xarticles:rt-gte-200-latest:p27  bal_before=8136369  est=300c
  ↳ xarticles:rt-gte-200-latest:p27  bal_after=8136369  spent=0c ($0.0)  count=2
  ↳ window exhausted at p27 (oldest page fully before cutoff)

### rt-gte-100 [Top] x10p min_retweets:100 url:x.com/i/article since:2026-05-11 -is:retweet
  ↳ xarticles:rt-gte-100:p0  bal_before=8136369  est=300c
  ↳ xarticles:rt-gte-100:p0  bal_after=8136369  spent=0c ($0.0)  count=20
  ↳ xarticles:rt-gte-100:p1  bal_before=8136369  est=300c
  ↳ xarticles:rt-gte-100:p1  bal_after=8136369  spent=0c ($0.0)  count=10
  ↳ xarticles:rt-gte-100:p2  bal_before=8136369  est=300c
  ↳ xarticles:rt-gte-100:p2  bal_after=8136369  spent=0c ($0.0)  count=16
  ↳ xarticles:rt-gte-100:p3  bal_before=8136369  est=300c
  ↳ xarticles:rt-gte-100:p3  bal_after=8136369  spent=0c ($0.0)  count=0

### rt-gte-100-latest [Latest] x50p min_retweets:100 url:x.com/i/article since:2026-05-11 -is:retweet
  ↳ xarticles:rt-gte-100-latest:p0  bal_before=8136369  est=300c
  ↳ xarticles:rt-gte-100-latest:p0  bal_after=8136369  spent=0c ($0.0)  count=18
  ↳ xarticles:rt-gte-100-latest:p1  bal_before=8136369  est=300c
  ↳ xarticles:rt-gte-100-latest:p1  bal_after=8136369  spent=0c ($0.0)  count=16
  ↳ xarticles:rt-gte-100-latest:p2  bal_before=8136369  est=300c
  ↳ xarticles:rt-gte-100-latest:p2  bal_after=8136369  spent=0c ($0.0)  count=20
  ↳ xarticles:rt-gte-100-latest:p3  bal_before=8136369  est=300c
  ↳ xarticles:rt-gte-100-latest:p3  bal_after=8136369  spent=0c ($0.0)  count=17
  ↳ xarticles:rt-gte-100-latest:p4  bal_before=8136369  est=300c
  ↳ xarticles:rt-gte-100-latest:p4  bal_after=8136369  spent=0c ($0.0)  count=20
  ↳ xarticles:rt-gte-100-latest:p5  bal_before=8136369  est=300c
  ↳ xarticles:rt-gte-100-latest:p5  bal_after=8136369  spent=0c ($0.0)  count=20
  ↳ xarticles:rt-gte-100-latest:p6  bal_before=8130384  est=300c
  ↳ xarticles:rt-gte-100-latest:p6  bal_after=8130384  spent=0c ($0.0)  count=20
  ↳ xarticles:rt-gte-100-latest:p7  bal_before=8130384  est=300c
  ↳ xarticles:rt-gte-100-latest:p7  bal_after=8130384  spent=0c ($0.0)  count=19
  ↳ xarticles:rt-gte-100-latest:p8  bal_before=8130384  est=300c
  ↳ xarticles:rt-gte-100-latest:p8  bal_after=8130384  spent=0c ($0.0)  count=17
  ↳ xarticles:rt-gte-100-latest:p9  bal_before=8130384  est=300c
  ↳ xarticles:rt-gte-100-latest:p9  bal_after=8130384  spent=0c ($0.0)  count=20
  ↳ xarticles:rt-gte-100-latest:p10  bal_before=8130384  est=300c
  ↳ xarticles:rt-gte-100-latest:p10  bal_after=8130384  spent=0c ($0.0)  count=18
  ↳ xarticles:rt-gte-100-latest:p11  bal_before=8130384  est=300c
  ↳ xarticles:rt-gte-100-latest:p11  bal_after=8130384  spent=0c ($0.0)  count=20
  ↳ xarticles:rt-gte-100-latest:p12  bal_before=8130384  est=300c
  ↳ xarticles:rt-gte-100-latest:p12  bal_after=8130384  spent=0c ($0.0)  count=18
  ↳ xarticles:rt-gte-100-latest:p13  bal_before=8130384  est=300c
  ↳ xarticles:rt-gte-100-latest:p13  bal_after=8130384  spent=0c ($0.0)  count=18
  ↳ xarticles:rt-gte-100-latest:p14  bal_before=8130384  est=300c
  ↳ xarticles:rt-gte-100-latest:p14  bal_after=8130384  spent=0c ($0.0)  count=17
  ↳ xarticles:rt-gte-100-latest:p15  bal_before=8130384  est=300c
  ↳ xarticles:rt-gte-100-latest:p15  bal_after=8130384  spent=0c ($0.0)  count=19
  ↳ xarticles:rt-gte-100-latest:p16  bal_before=8130384  est=300c
  ↳ xarticles:rt-gte-100-latest:p16  bal_after=8130384  spent=0c ($0.0)  count=0

### likes-gte-5000 [Top] x10p min_faves:5000 url:x.com/i/article since:2026-05-11 -is:retweet
  ↳ xarticles:likes-gte-5000:p0  bal_before=8130384  est=300c
  ↳ xarticles:likes-gte-5000:p0  bal_after=8130384  spent=0c ($0.0)  count=20
  ↳ xarticles:likes-gte-5000:p1  bal_before=8130384  est=300c
  ↳ xarticles:likes-gte-5000:p1  bal_after=8130384  spent=0c ($0.0)  count=20
  ↳ xarticles:likes-gte-5000:p2  bal_before=8130384  est=300c
  ↳ xarticles:likes-gte-5000:p2  bal_after=8130384  spent=0c ($0.0)  count=20
  ↳ xarticles:likes-gte-5000:p3  bal_before=8130384  est=300c
  ↳ xarticles:likes-gte-5000:p3  bal_after=8126679  spent=3705c ($0.037)  count=20
  ↳ xarticles:likes-gte-5000:p4  bal_before=8126679  est=300c
  ↳ xarticles:likes-gte-5000:p4  bal_after=8126679  spent=0c ($0.0)  count=19
  ↳ xarticles:likes-gte-5000:p5  bal_before=8126679  est=300c
  ↳ xarticles:likes-gte-5000:p5  bal_after=8126679  spent=0c ($0.0)  count=20
  ↳ xarticles:likes-gte-5000:p6  bal_before=8126679  est=300c
  ↳ xarticles:likes-gte-5000:p6  bal_after=8126679  spent=0c ($0.0)  count=20
  ↳ xarticles:likes-gte-5000:p7  bal_before=8126679  est=300c
  ↳ xarticles:likes-gte-5000:p7  bal_after=8126679  spent=0c ($0.0)  count=13
  ↳ xarticles:likes-gte-5000:p8  bal_before=8126679  est=300c
  ↳ xarticles:likes-gte-5000:p8  bal_after=8126679  spent=0c ($0.0)  count=20
  ↳ xarticles:likes-gte-5000:p9  bal_before=8126679  est=300c
  ↳ xarticles:likes-gte-5000:p9  bal_after=8126679  spent=0c ($0.0)  count=5

### likes-gte-5000-latest [Latest] x50p min_faves:5000 url:x.com/i/article since:2026-05-11 -is:retweet
  ↳ xarticles:likes-gte-5000-latest:p0  bal_before=8126679  est=300c
  ↳ xarticles:likes-gte-5000-latest:p0  bal_after=8126679  spent=0c ($0.0)  count=20
  ↳ xarticles:likes-gte-5000-latest:p1  bal_before=8126679  est=300c
  ↳ xarticles:likes-gte-5000-latest:p1  bal_after=8126679  spent=0c ($0.0)  count=20
  ↳ xarticles:likes-gte-5000-latest:p2  bal_before=8126679  est=300c
  ↳ xarticles:likes-gte-5000-latest:p2  bal_after=8126679  spent=0c ($0.0)  count=20
  ↳ xarticles:likes-gte-5000-latest:p3  bal_before=8126679  est=300c
  ↳ xarticles:likes-gte-5000-latest:p3  bal_after=8126679  spent=0c ($0.0)  count=0

### likes-gte-2000 [Top] x10p min_faves:2000 url:x.com/i/article since:2026-05-11 -is:retweet
  ↳ xarticles:likes-gte-2000:p0  bal_before=8126679  est=300c
  ↳ xarticles:likes-gte-2000:p0  bal_after=8126679  spent=0c ($0.0)  count=20
  ↳ xarticles:likes-gte-2000:p1  bal_before=8126679  est=300c
  ↳ xarticles:likes-gte-2000:p1  bal_after=8126679  spent=0c ($0.0)  count=20
  ↳ xarticles:likes-gte-2000:p2  bal_before=8126679  est=300c
  ↳ xarticles:likes-gte-2000:p2  bal_after=8123109  spent=3570c ($0.0357)  count=20
  ↳ xarticles:likes-gte-2000:p3  bal_before=8123109  est=300c
  ↳ xarticles:likes-gte-2000:p3  bal_after=8123109  spent=0c ($0.0)  count=20
  ↳ xarticles:likes-gte-2000:p4  bal_before=8123109  est=300c
  ↳ xarticles:likes-gte-2000:p4  bal_after=8123109  spent=0c ($0.0)  count=20
  ↳ xarticles:likes-gte-2000:p5  bal_before=8123109  est=300c
  ↳ xarticles:likes-gte-2000:p5  bal_after=8123109  spent=0c ($0.0)  count=20
  ↳ xarticles:likes-gte-2000:p6  bal_before=8123109  est=300c
  ↳ xarticles:likes-gte-2000:p6  bal_after=8123109  spent=0c ($0.0)  count=20
  ↳ xarticles:likes-gte-2000:p7  bal_before=8123109  est=300c
  ↳ xarticles:likes-gte-2000:p7  bal_after=8123109  spent=0c ($0.0)  count=20
  ↳ xarticles:likes-gte-2000:p8  bal_before=8123109  est=300c
  ↳ xarticles:likes-gte-2000:p8  bal_after=8123109  spent=0c ($0.0)  count=20
  ↳ xarticles:likes-gte-2000:p9  bal_before=8123109  est=300c
  ↳ xarticles:likes-gte-2000:p9  bal_after=8123109  spent=0c ($0.0)  count=20

### likes-gte-2000-latest [Latest] x50p min_faves:2000 url:x.com/i/article since:2026-05-11 -is:retweet
  ↳ xarticles:likes-gte-2000-latest:p0  bal_before=8123109  est=300c
  ↳ xarticles:likes-gte-2000-latest:p0  bal_after=8123109  spent=0c ($0.0)  count=20
  ↳ xarticles:likes-gte-2000-latest:p1  bal_before=8123109  est=300c
  ↳ xarticles:likes-gte-2000-latest:p1  bal_after=8123109  spent=0c ($0.0)  count=20
  ↳ xarticles:likes-gte-2000-latest:p2  bal_before=8123109  est=300c
  ↳ xarticles:likes-gte-2000-latest:p2  bal_after=8123109  spent=0c ($0.0)  count=20
  ↳ xarticles:likes-gte-2000-latest:p3  bal_before=8123109  est=300c
  ↳ xarticles:likes-gte-2000-latest:p3  bal_after=8123109  spent=0c ($0.0)  count=20
  ↳ xarticles:likes-gte-2000-latest:p4  bal_before=8123109  est=300c
  ↳ xarticles:likes-gte-2000-latest:p4  bal_after=8123109  spent=0c ($0.0)  count=20
  ↳ xarticles:likes-gte-2000-latest:p5  bal_before=8123109  est=300c
  ↳ xarticles:likes-gte-2000-latest:p5  bal_after=8120109  spent=3000c ($0.03)  count=19
  ↳ xarticles:likes-gte-2000-latest:p6  bal_before=8120109  est=300c
  ↳ xarticles:likes-gte-2000-latest:p6  bal_after=8120109  spent=0c ($0.0)  count=20
  ↳ xarticles:likes-gte-2000-latest:p7  bal_before=8120109  est=300c
  ↳ xarticles:likes-gte-2000-latest:p7  bal_after=8120109  spent=0c ($0.0)  count=20
  ↳ xarticles:likes-gte-2000-latest:p8  bal_before=8120109  est=300c
  ↳ xarticles:likes-gte-2000-latest:p8  bal_after=8120109  spent=0c ($0.0)  count=20
  ↳ xarticles:likes-gte-2000-latest:p9  bal_before=8120109  est=300c
  ↳ xarticles:likes-gte-2000-latest:p9  bal_after=8120109  spent=0c ($0.0)  count=20
  ↳ xarticles:likes-gte-2000-latest:p10  bal_before=8120109  est=300c
  ↳ xarticles:likes-gte-2000-latest:p10  bal_after=8120109  spent=0c ($0.0)  count=20
  ↳ xarticles:likes-gte-2000-latest:p11  bal_before=8120109  est=300c
  ↳ xarticles:likes-gte-2000-latest:p11  bal_after=8120109  spent=0c ($0.0)  count=0

### likes-gte-1000 [Top] x10p min_faves:1000 url:x.com/i/article since:2026-05-11 -is:retweet
  ↳ xarticles:likes-gte-1000:p0  bal_before=8120109  est=300c
  ↳ xarticles:likes-gte-1000:p0  bal_after=8120109  spent=0c ($0.0)  count=20
  ↳ xarticles:likes-gte-1000:p1  bal_before=8120109  est=300c
  ↳ xarticles:likes-gte-1000:p1  bal_after=8120109  spent=0c ($0.0)  count=19
  ↳ xarticles:likes-gte-1000:p2  bal_before=8120109  est=300c
  ↳ xarticles:likes-gte-1000:p2  bal_after=8120109  spent=0c ($0.0)  count=20
  ↳ xarticles:likes-gte-1000:p3  bal_before=8120109  est=300c
  ↳ xarticles:likes-gte-1000:p3  bal_after=8120109  spent=0c ($0.0)  count=15
  ↳ xarticles:likes-gte-1000:p4  bal_before=8120109  est=300c
  ↳ xarticles:likes-gte-1000:p4  bal_after=8120109  spent=0c ($0.0)  count=20
  ↳ xarticles:likes-gte-1000:p5  bal_before=8120109  est=300c
  ↳ xarticles:likes-gte-1000:p5  bal_after=8116224  spent=3885c ($0.0389)  count=20
  ↳ xarticles:likes-gte-1000:p6  bal_before=8116224  est=300c
  ↳ xarticles:likes-gte-1000:p6  bal_after=8116224  spent=0c ($0.0)  count=20
  ↳ xarticles:likes-gte-1000:p7  bal_before=8116224  est=300c
  ↳ xarticles:likes-gte-1000:p7  bal_after=8116224  spent=0c ($0.0)  count=20
  ↳ xarticles:likes-gte-1000:p8  bal_before=8116224  est=300c
  ↳ xarticles:likes-gte-1000:p8  bal_after=8116224  spent=0c ($0.0)  count=20
  ↳ xarticles:likes-gte-1000:p9  bal_before=8116224  est=300c
  ↳ xarticles:likes-gte-1000:p9  bal_after=8116224  spent=0c ($0.0)  count=20

### likes-gte-1000-latest [Latest] x50p min_faves:1000 url:x.com/i/article since:2026-05-11 -is:retweet
  ↳ xarticles:likes-gte-1000-latest:p0  bal_before=8116224  est=300c
  ↳ xarticles:likes-gte-1000-latest:p0  bal_after=8116224  spent=0c ($0.0)  count=20
  ↳ xarticles:likes-gte-1000-latest:p1  bal_before=8116224  est=300c
  ↳ xarticles:likes-gte-1000-latest:p1  bal_after=8116224  spent=0c ($0.0)  count=20
  ↳ xarticles:likes-gte-1000-latest:p2  bal_before=8116224  est=300c
  ↳ xarticles:likes-gte-1000-latest:p2  bal_after=8116224  spent=0c ($0.0)  count=20
  ↳ xarticles:likes-gte-1000-latest:p3  bal_before=8116224  est=300c
  ↳ xarticles:likes-gte-1000-latest:p3  bal_after=8116224  spent=0c ($0.0)  count=20
  ↳ xarticles:likes-gte-1000-latest:p4  bal_before=8116224  est=300c
  ↳ xarticles:likes-gte-1000-latest:p4  bal_after=8116224  spent=0c ($0.0)  count=20
  ↳ xarticles:likes-gte-1000-latest:p5  bal_before=8116224  est=300c
  ↳ xarticles:likes-gte-1000-latest:p5  bal_after=8116224  spent=0c ($0.0)  count=20
  ↳ xarticles:likes-gte-1000-latest:p6  bal_before=8116224  est=300c
  ↳ xarticles:likes-gte-1000-latest:p6  bal_after=8116224  spent=0c ($0.0)  count=20
  ↳ xarticles:likes-gte-1000-latest:p7  bal_before=8116224  est=300c
  ↳ xarticles:likes-gte-1000-latest:p7  bal_after=8112999  spent=3225c ($0.0323)  count=20
  ↳ xarticles:likes-gte-1000-latest:p8  bal_before=8112999  est=300c
  ↳ xarticles:likes-gte-1000-latest:p8  bal_after=8112999  spent=0c ($0.0)  count=20
  ↳ xarticles:likes-gte-1000-latest:p9  bal_before=8112999  est=300c
  ↳ xarticles:likes-gte-1000-latest:p9  bal_after=8112999  spent=0c ($0.0)  count=20
  ↳ xarticles:likes-gte-1000-latest:p10  bal_before=8112999  est=300c
  ↳ xarticles:likes-gte-1000-latest:p10  bal_after=8112999  spent=0c ($0.0)  count=20
  ↳ xarticles:likes-gte-1000-latest:p11  bal_before=8112999  est=300c
  ↳ xarticles:likes-gte-1000-latest:p11  bal_after=8112999  spent=0c ($0.0)  count=20
  ↳ xarticles:likes-gte-1000-latest:p12  bal_before=8112999  est=300c
  ↳ xarticles:likes-gte-1000-latest:p12  bal_after=8112999  spent=0c ($0.0)  count=20
  ↳ xarticles:likes-gte-1000-latest:p13  bal_before=8112999  est=300c
  ↳ xarticles:likes-gte-1000-latest:p13  bal_after=8112999  spent=0c ($0.0)  count=19
  ↳ xarticles:likes-gte-1000-latest:p14  bal_before=8112999  est=300c
  ↳ xarticles:likes-gte-1000-latest:p14  bal_after=8112999  spent=0c ($0.0)  count=20
  ↳ xarticles:likes-gte-1000-latest:p15  bal_before=8112999  est=300c
  ↳ xarticles:likes-gte-1000-latest:p15  bal_after=8112999  spent=0c ($0.0)  count=20
  ↳ xarticles:likes-gte-1000-latest:p16  bal_before=8112999  est=300c
  ↳ xarticles:likes-gte-1000-latest:p16  bal_after=8112999  spent=0c ($0.0)  count=20
  ↳ xarticles:likes-gte-1000-latest:p17  bal_before=8112999  est=300c
  ↳ xarticles:likes-gte-1000-latest:p17  bal_after=8112999  spent=0c ($0.0)  count=20
  ↳ xarticles:likes-gte-1000-latest:p18  bal_before=8112999  est=300c
  ↳ xarticles:likes-gte-1000-latest:p18  bal_after=8112999  spent=0c ($0.0)  count=20
  ↳ xarticles:likes-gte-1000-latest:p19  bal_before=8112999  est=300c
  ↳ xarticles:likes-gte-1000-latest:p19  bal_after=8112999  spent=0c ($0.0)  count=20
  ↳ xarticles:likes-gte-1000-latest:p20  bal_before=8112999  est=300c
  ↳ xarticles:likes-gte-1000-latest:p20  bal_after=8112999  spent=0c ($0.0)  count=20
  ↳ xarticles:likes-gte-1000-latest:p21  bal_before=8112999  est=300c
  ↳ xarticles:likes-gte-1000-latest:p21  bal_after=8112999  spent=0c ($0.0)  count=20
  ↳ xarticles:likes-gte-1000-latest:p22  bal_before=8112999  est=300c
  ↳ xarticles:likes-gte-1000-latest:p22  bal_after=8112999  spent=0c ($0.0)  count=20
  ↳ xarticles:likes-gte-1000-latest:p23  bal_before=8112999  est=300c
  ↳ xarticles:likes-gte-1000-latest:p23  bal_after=8112999  spent=0c ($0.0)  count=20
  ↳ xarticles:likes-gte-1000-latest:p24  bal_before=8112999  est=300c
  ↳ xarticles:likes-gte-1000-latest:p24  bal_after=8107614  spent=5385c ($0.0539)  count=20
  ↳ xarticles:likes-gte-1000-latest:p25  bal_before=8107614  est=300c
  ↳ xarticles:likes-gte-1000-latest:p25  bal_after=8107614  spent=0c ($0.0)  count=20
  ↳ xarticles:likes-gte-1000-latest:p26  bal_before=8107614  est=300c
  ↳ xarticles:likes-gte-1000-latest:p26  bal_after=8107614  spent=0c ($0.0)  count=20
  ↳ xarticles:likes-gte-1000-latest:p27  bal_before=8107614  est=300c
  ↳ xarticles:likes-gte-1000-latest:p27  bal_after=8107614  spent=0c ($0.0)  count=4
  ↳ window exhausted at p27 (oldest page fully before cutoff)

### likes-gte-500 [Top] x10p min_faves:500 url:x.com/i/article since:2026-05-11 -is:retweet
  ↳ xarticles:likes-gte-500:p0  bal_before=8107614  est=300c
  ↳ xarticles:likes-gte-500:p0  bal_after=8107614  spent=0c ($0.0)  count=20
  ↳ xarticles:likes-gte-500:p1  bal_before=8107614  est=300c
  ↳ xarticles:likes-gte-500:p1  bal_after=8107614  spent=0c ($0.0)  count=19
  ↳ xarticles:likes-gte-500:p2  bal_before=8107614  est=300c
  ↳ xarticles:likes-gte-500:p2  bal_after=8107614  spent=0c ($0.0)  count=20
  ↳ xarticles:likes-gte-500:p3  bal_before=8107614  est=300c
  ↳ xarticles:likes-gte-500:p3  bal_after=8107614  spent=0c ($0.0)  count=20
  ↳ xarticles:likes-gte-500:p4  bal_before=8107614  est=300c
  ↳ xarticles:likes-gte-500:p4  bal_after=8107614  spent=0c ($0.0)  count=19
  ↳ xarticles:likes-gte-500:p5  bal_before=8107614  est=300c
  ↳ xarticles:likes-gte-500:p5  bal_after=8107614  spent=0c ($0.0)  count=20
  ↳ xarticles:likes-gte-500:p6  bal_before=8107614  est=300c
  ↳ xarticles:likes-gte-500:p6  bal_after=8107614  spent=0c ($0.0)  count=20
  ↳ xarticles:likes-gte-500:p7  bal_before=8107614  est=300c
  ↳ xarticles:likes-gte-500:p7  bal_after=8107614  spent=0c ($0.0)  count=20
  ↳ xarticles:likes-gte-500:p8  bal_before=8107614  est=300c
  ↳ xarticles:likes-gte-500:p8  bal_after=8104284  spent=3330c ($0.0333)  count=20
  ↳ xarticles:likes-gte-500:p9  bal_before=8104284  est=300c
  ↳ xarticles:likes-gte-500:p9  bal_after=8104284  spent=0c ($0.0)  count=20

### likes-gte-500-latest [Latest] x50p min_faves:500 url:x.com/i/article since:2026-05-11 -is:retweet
  ↳ xarticles:likes-gte-500-latest:p0  bal_before=8104284  est=300c
  ↳ xarticles:likes-gte-500-latest:p0  bal_after=8104284  spent=0c ($0.0)  count=20
  ↳ xarticles:likes-gte-500-latest:p1  bal_before=8104284  est=300c
  ↳ xarticles:likes-gte-500-latest:p1  bal_after=8104284  spent=0c ($0.0)  count=20
  ↳ xarticles:likes-gte-500-latest:p2  bal_before=8104284  est=300c
  ↳ xarticles:likes-gte-500-latest:p2  bal_after=8104284  spent=0c ($0.0)  count=20
  ↳ xarticles:likes-gte-500-latest:p3  bal_before=8104284  est=300c
  ↳ xarticles:likes-gte-500-latest:p3  bal_after=8104284  spent=0c ($0.0)  count=20
  ↳ xarticles:likes-gte-500-latest:p4  bal_before=8104284  est=300c
  ↳ xarticles:likes-gte-500-latest:p4  bal_after=8104284  spent=0c ($0.0)  count=20
  ↳ xarticles:likes-gte-500-latest:p5  bal_before=8104284  est=300c
  ↳ xarticles:likes-gte-500-latest:p5  bal_after=8104284  spent=0c ($0.0)  count=20
  ↳ xarticles:likes-gte-500-latest:p6  bal_before=8104284  est=300c
  ↳ xarticles:likes-gte-500-latest:p6  bal_after=8104284  spent=0c ($0.0)  count=20
  ↳ xarticles:likes-gte-500-latest:p7  bal_before=8104284  est=300c
  ↳ xarticles:likes-gte-500-latest:p7  bal_after=8104284  spent=0c ($0.0)  count=20
  ↳ xarticles:likes-gte-500-latest:p8  bal_before=8104284  est=300c
  ↳ xarticles:likes-gte-500-latest:p8  bal_after=8101584  spent=2700c ($0.027)  count=20
  ↳ xarticles:likes-gte-500-latest:p9  bal_before=8101584  est=300c
  ↳ xarticles:likes-gte-500-latest:p9  bal_after=8101584  spent=0c ($0.0)  count=18
  ↳ xarticles:likes-gte-500-latest:p10  bal_before=8101584  est=300c
  ↳ xarticles:likes-gte-500-latest:p10  bal_after=8101584  spent=0c ($0.0)  count=20
  ↳ xarticles:likes-gte-500-latest:p11  bal_before=8101584  est=300c
  ↳ xarticles:likes-gte-500-latest:p11  bal_after=8101584  spent=0c ($0.0)  count=20
  ↳ xarticles:likes-gte-500-latest:p12  bal_before=8101584  est=300c
  ↳ xarticles:likes-gte-500-latest:p12  bal_after=8101584  spent=0c ($0.0)  count=20
  ↳ xarticles:likes-gte-500-latest:p13  bal_before=8101584  est=300c
  ↳ xarticles:likes-gte-500-latest:p13  bal_after=8101584  spent=0c ($0.0)  count=20
  ↳ xarticles:likes-gte-500-latest:p14  bal_before=8101584  est=300c
  ↳ xarticles:likes-gte-500-latest:p14  bal_after=8101584  spent=0c ($0.0)  count=20
  ↳ xarticles:likes-gte-500-latest:p15  bal_before=8101584  est=300c
  ↳ xarticles:likes-gte-500-latest:p15  bal_after=8101584  spent=0c ($0.0)  count=20
  ↳ xarticles:likes-gte-500-latest:p16  bal_before=8101584  est=300c
  ↳ xarticles:likes-gte-500-latest:p16  bal_after=8101584  spent=0c ($0.0)  count=20
  ↳ xarticles:likes-gte-500-latest:p17  bal_before=8101584  est=300c
  ↳ xarticles:likes-gte-500-latest:p17  bal_after=8101584  spent=0c ($0.0)  count=20
  ↳ xarticles:likes-gte-500-latest:p18  bal_before=8101584  est=300c
  ↳ xarticles:likes-gte-500-latest:p18  bal_after=8101584  spent=0c ($0.0)  count=20
  ↳ xarticles:likes-gte-500-latest:p19  bal_before=8101584  est=300c
  ↳ xarticles:likes-gte-500-latest:p19  bal_after=8101584  spent=0c ($0.0)  count=20
  ↳ xarticles:likes-gte-500-latest:p20  bal_before=8101584  est=300c
  ↳ xarticles:likes-gte-500-latest:p20  bal_after=8101584  spent=0c ($0.0)  count=20
  ↳ xarticles:likes-gte-500-latest:p21  bal_before=8101584  est=300c
  ↳ xarticles:likes-gte-500-latest:p21  bal_after=8101584  spent=0c ($0.0)  count=20
  ↳ xarticles:likes-gte-500-latest:p22  bal_before=8101584  est=300c
  ↳ xarticles:likes-gte-500-latest:p22  bal_after=8097114  spent=4470c ($0.0447)  count=20
  ↳ xarticles:likes-gte-500-latest:p23  bal_before=8097114  est=300c
  ↳ xarticles:likes-gte-500-latest:p23  bal_after=8097114  spent=0c ($0.0)  count=20
  ↳ xarticles:likes-gte-500-latest:p24  bal_before=8097114  est=300c
  ↳ xarticles:likes-gte-500-latest:p24  bal_after=8097114  spent=0c ($0.0)  count=20
  ↳ xarticles:likes-gte-500-latest:p25  bal_before=8097114  est=300c
  ↳ xarticles:likes-gte-500-latest:p25  bal_after=8097114  spent=0c ($0.0)  count=20
  ↳ xarticles:likes-gte-500-latest:p26  bal_before=8097114  est=300c
  ↳ xarticles:likes-gte-500-latest:p26  bal_after=8097114  spent=0c ($0.0)  count=20
  ↳ xarticles:likes-gte-500-latest:p27  bal_before=8097114  est=300c
  ↳ xarticles:likes-gte-500-latest:p27  bal_after=8097114  spent=0c ($0.0)  count=20
  ↳ xarticles:likes-gte-500-latest:p28  bal_before=8097114  est=300c
  ↳ xarticles:likes-gte-500-latest:p28  bal_after=8097114  spent=0c ($0.0)  count=20
  ↳ xarticles:likes-gte-500-latest:p29  bal_before=8097114  est=300c
  ↳ xarticles:likes-gte-500-latest:p29  bal_after=8097114  spent=0c ($0.0)  count=20
  ↳ xarticles:likes-gte-500-latest:p30  bal_before=8097114  est=300c
  ↳ xarticles:likes-gte-500-latest:p30  bal_after=8097114  spent=0c ($0.0)  count=20
  ↳ xarticles:likes-gte-500-latest:p31  bal_before=8097114  est=300c
  ↳ xarticles:likes-gte-500-latest:p31  bal_after=8097114  spent=0c ($0.0)  count=20
  ↳ xarticles:likes-gte-500-latest:p32  bal_before=8097114  est=300c
  ↳ xarticles:likes-gte-500-latest:p32  bal_after=8097114  spent=0c ($0.0)  count=19
  ↳ xarticles:likes-gte-500-latest:p33  bal_before=8097114  est=300c
  ↳ xarticles:likes-gte-500-latest:p33  bal_after=8097114  spent=0c ($0.0)  count=20
  ↳ xarticles:likes-gte-500-latest:p34  bal_before=8097114  est=300c
  ↳ xarticles:likes-gte-500-latest:p34  bal_after=8097114  spent=0c ($0.0)  count=20
  ↳ xarticles:likes-gte-500-latest:p35  bal_before=8097114  est=300c
  ↳ xarticles:likes-gte-500-latest:p35  bal_after=8097114  spent=0c ($0.0)  count=19
  ↳ xarticles:likes-gte-500-latest:p36  bal_before=8097114  est=300c
  ↳ xarticles:likes-gte-500-latest:p36  bal_after=8097114  spent=0c ($0.0)  count=20
  ↳ xarticles:likes-gte-500-latest:p37  bal_before=8097114  est=300c
  ↳ xarticles:likes-gte-500-latest:p37  bal_after=8092929  spent=4185c ($0.0418)  count=20
  ↳ xarticles:likes-gte-500-latest:p38  bal_before=8092929  est=300c
  ↳ xarticles:likes-gte-500-latest:p38  bal_after=8092929  spent=0c ($0.0)  count=20
  ↳ xarticles:likes-gte-500-latest:p39  bal_before=8092929  est=300c
  ↳ xarticles:likes-gte-500-latest:p39  bal_after=8092929  spent=0c ($0.0)  count=20
  ↳ xarticles:likes-gte-500-latest:p40  bal_before=8092929  est=300c
  ↳ xarticles:likes-gte-500-latest:p40  bal_after=8092929  spent=0c ($0.0)  count=20
  ↳ xarticles:likes-gte-500-latest:p41  bal_before=8092929  est=300c
  ↳ xarticles:likes-gte-500-latest:p41  bal_after=8092929  spent=0c ($0.0)  count=20
  ↳ xarticles:likes-gte-500-latest:p42  bal_before=8092929  est=300c
  ↳ xarticles:likes-gte-500-latest:p42  bal_after=8092929  spent=0c ($0.0)  count=20
  ↳ xarticles:likes-gte-500-latest:p43  bal_before=8092929  est=300c
  ↳ xarticles:likes-gte-500-latest:p43  bal_after=8092929  spent=0c ($0.0)  count=20
  ↳ xarticles:likes-gte-500-latest:p44  bal_before=8092929  est=300c
  ↳ xarticles:likes-gte-500-latest:p44  bal_after=8092929  spent=0c ($0.0)  count=20
  ↳ xarticles:likes-gte-500-latest:p45  bal_before=8092929  est=300c
  ↳ xarticles:likes-gte-500-latest:p45  bal_after=8092929  spent=0c ($0.0)  count=20
  ↳ xarticles:likes-gte-500-latest:p46  bal_before=8092929  est=300c
  ↳ xarticles:likes-gte-500-latest:p46  bal_after=8092929  spent=0c ($0.0)  count=20
  ↳ xarticles:likes-gte-500-latest:p47  bal_before=8092929  est=300c
  ↳ xarticles:likes-gte-500-latest:p47  bal_after=8092929  spent=0c ($0.0)  count=20
  ↳ xarticles:likes-gte-500-latest:p48  bal_before=8092929  est=300c
  ↳ xarticles:likes-gte-500-latest:p48  bal_after=8092929  spent=0c ($0.0)  count=19
  ↳ xarticles:likes-gte-500-latest:p49  bal_before=8092929  est=300c
  ↳ xarticles:likes-gte-500-latest:p49  bal_after=8092929  spent=0c ($0.0)  count=19

### likes-gte-250 [Top] x10p min_faves:250 url:x.com/i/article since:2026-05-11 -is:retweet
  ↳ xarticles:likes-gte-250:p0  bal_before=8092929  est=300c
  ↳ xarticles:likes-gte-250:p0  bal_after=8092929  spent=0c ($0.0)  count=20
  ↳ xarticles:likes-gte-250:p1  bal_before=8092929  est=300c
  ↳ xarticles:likes-gte-250:p1  bal_after=8088174  spent=4755c ($0.0476)  count=20
  ↳ xarticles:likes-gte-250:p2  bal_before=8088174  est=300c
  ↳ xarticles:likes-gte-250:p2  bal_after=8088174  spent=0c ($0.0)  count=20
  ↳ xarticles:likes-gte-250:p3  bal_before=8088174  est=300c
  ↳ xarticles:likes-gte-250:p3  bal_after=8088174  spent=0c ($0.0)  count=20
  ↳ xarticles:likes-gte-250:p4  bal_before=8088174  est=300c
  ↳ xarticles:likes-gte-250:p4  bal_after=8088174  spent=0c ($0.0)  count=20
  ↳ xarticles:likes-gte-250:p5  bal_before=8088174  est=300c
  ↳ xarticles:likes-gte-250:p5  bal_after=8088174  spent=0c ($0.0)  count=20
  ↳ xarticles:likes-gte-250:p6  bal_before=8088174  est=300c
  ↳ xarticles:likes-gte-250:p6  bal_after=8088174  spent=0c ($0.0)  count=17
  ↳ xarticles:likes-gte-250:p7  bal_before=8088174  est=300c
  ↳ xarticles:likes-gte-250:p7  bal_after=8088174  spent=0c ($0.0)  count=20
  ↳ xarticles:likes-gte-250:p8  bal_before=8088174  est=300c
  ↳ xarticles:likes-gte-250:p8  bal_after=8088174  spent=0c ($0.0)  count=20
  ↳ xarticles:likes-gte-250:p9  bal_before=8088174  est=300c
  ↳ xarticles:likes-gte-250:p9  bal_after=8085519  spent=2655c ($0.0266)  count=20

### likes-gte-250-latest [Latest] x50p min_faves:250 url:x.com/i/article since:2026-05-11 -is:retweet
  ↳ xarticles:likes-gte-250-latest:p0  bal_before=8085519  est=300c
  ↳ xarticles:likes-gte-250-latest:p0  bal_after=8085519  spent=0c ($0.0)  count=20
  ↳ xarticles:likes-gte-250-latest:p1  bal_before=8085519  est=300c
  ↳ xarticles:likes-gte-250-latest:p1  bal_after=8085519  spent=0c ($0.0)  count=20
  ↳ xarticles:likes-gte-250-latest:p2  bal_before=8085519  est=300c
  ↳ xarticles:likes-gte-250-latest:p2  bal_after=8085519  spent=0c ($0.0)  count=20
  ↳ xarticles:likes-gte-250-latest:p3  bal_before=8085519  est=300c
  ↳ xarticles:likes-gte-250-latest:p3  bal_after=8085519  spent=0c ($0.0)  count=20
  ↳ xarticles:likes-gte-250-latest:p4  bal_before=8085519  est=300c
  ↳ xarticles:likes-gte-250-latest:p4  bal_after=8085519  spent=0c ($0.0)  count=20
  ↳ xarticles:likes-gte-250-latest:p5  bal_before=8085519  est=300c
  ↳ xarticles:likes-gte-250-latest:p5  bal_after=8085519  spent=0c ($0.0)  count=20
  ↳ xarticles:likes-gte-250-latest:p6  bal_before=8085519  est=300c
  ↳ xarticles:likes-gte-250-latest:p6  bal_after=8085519  spent=0c ($0.0)  count=20
  ↳ xarticles:likes-gte-250-latest:p7  bal_before=8085519  est=300c
  ↳ xarticles:likes-gte-250-latest:p7  bal_after=8085519  spent=0c ($0.0)  count=20
  ↳ xarticles:likes-gte-250-latest:p8  bal_before=8085519  est=300c
  ↳ xarticles:likes-gte-250-latest:p8  bal_after=8085519  spent=0c ($0.0)  count=20
  ↳ xarticles:likes-gte-250-latest:p9  bal_before=8085519  est=300c
  ↳ xarticles:likes-gte-250-latest:p9  bal_after=8085519  spent=0c ($0.0)  count=20
  ↳ xarticles:likes-gte-250-latest:p10  bal_before=8085519  est=300c
  ↳ xarticles:likes-gte-250-latest:p10  bal_after=8085519  spent=0c ($0.0)  count=20
  ↳ xarticles:likes-gte-250-latest:p11  bal_before=8085519  est=300c
  ↳ xarticles:likes-gte-250-latest:p11  bal_after=8085519  spent=0c ($0.0)  count=20
  ↳ xarticles:likes-gte-250-latest:p12  bal_before=8085519  est=300c
  ↳ xarticles:likes-gte-250-latest:p12  bal_after=8085519  spent=0c ($0.0)  count=20
  ↳ xarticles:likes-gte-250-latest:p13  bal_before=8085519  est=300c
  ↳ xarticles:likes-gte-250-latest:p13  bal_after=8085519  spent=0c ($0.0)  count=20
  ↳ xarticles:likes-gte-250-latest:p14  bal_before=8085519  est=300c
  ↳ xarticles:likes-gte-250-latest:p14  bal_after=8085519  spent=0c ($0.0)  count=20
  ↳ xarticles:likes-gte-250-latest:p15  bal_before=8085519  est=300c
  ↳ xarticles:likes-gte-250-latest:p15  bal_after=8081319  spent=4200c ($0.042)  count=20
  ↳ xarticles:likes-gte-250-latest:p16  bal_before=8081319  est=300c
  ↳ xarticles:likes-gte-250-latest:p16  bal_after=8081319  spent=0c ($0.0)  count=19
  ↳ xarticles:likes-gte-250-latest:p17  bal_before=8081319  est=300c
  ↳ xarticles:likes-gte-250-latest:p17  bal_after=8081319  spent=0c ($0.0)  count=20
  ↳ xarticles:likes-gte-250-latest:p18  bal_before=8081319  est=300c
  ↳ xarticles:likes-gte-250-latest:p18  bal_after=8081319  spent=0c ($0.0)  count=20
  ↳ xarticles:likes-gte-250-latest:p19  bal_before=8081319  est=300c
  ↳ xarticles:likes-gte-250-latest:p19  bal_after=8081319  spent=0c ($0.0)  count=20
  ↳ xarticles:likes-gte-250-latest:p20  bal_before=8081319  est=300c
  ↳ xarticles:likes-gte-250-latest:p20  bal_after=8081319  spent=0c ($0.0)  count=20
  ↳ xarticles:likes-gte-250-latest:p21  bal_before=8081319  est=300c
  ↳ xarticles:likes-gte-250-latest:p21  bal_after=8081319  spent=0c ($0.0)  count=19
  ↳ xarticles:likes-gte-250-latest:p22  bal_before=8081319  est=300c
  ↳ xarticles:likes-gte-250-latest:p22  bal_after=8081319  spent=0c ($0.0)  count=19
  ↳ xarticles:likes-gte-250-latest:p23  bal_before=8081319  est=300c
  ↳ xarticles:likes-gte-250-latest:p23  bal_after=8081319  spent=0c ($0.0)  count=20
  ↳ xarticles:likes-gte-250-latest:p24  bal_before=8081319  est=300c
  ↳ xarticles:likes-gte-250-latest:p24  bal_after=8081319  spent=0c ($0.0)  count=20
  ↳ xarticles:likes-gte-250-latest:p25  bal_before=8081319  est=300c
  ↳ xarticles:likes-gte-250-latest:p25  bal_after=8081319  spent=0c ($0.0)  count=20
  ↳ xarticles:likes-gte-250-latest:p26  bal_before=8081319  est=300c
  ↳ xarticles:likes-gte-250-latest:p26  bal_after=8081319  spent=0c ($0.0)  count=20
  ↳ xarticles:likes-gte-250-latest:p27  bal_before=8081319  est=300c
  ↳ xarticles:likes-gte-250-latest:p27  bal_after=8081319  spent=0c ($0.0)  count=20
  ↳ xarticles:likes-gte-250-latest:p28  bal_before=8081319  est=300c
  ↳ xarticles:likes-gte-250-latest:p28  bal_after=8081319  spent=0c ($0.0)  count=20
  ↳ xarticles:likes-gte-250-latest:p29  bal_before=8081319  est=300c
  ↳ xarticles:likes-gte-250-latest:p29  bal_after=8081319  spent=0c ($0.0)  count=20
  ↳ xarticles:likes-gte-250-latest:p30  bal_before=8081319  est=300c
  ↳ xarticles:likes-gte-250-latest:p30  bal_after=8081319  spent=0c ($0.0)  count=20
  ↳ xarticles:likes-gte-250-latest:p31  bal_before=8081319  est=300c
  ↳ xarticles:likes-gte-250-latest:p31  bal_after=8076564  spent=4755c ($0.0476)  count=20
  ↳ xarticles:likes-gte-250-latest:p32  bal_before=8076564  est=300c
  ↳ xarticles:likes-gte-250-latest:p32  bal_after=8076564  spent=0c ($0.0)  count=20
  ↳ xarticles:likes-gte-250-latest:p33  bal_before=8076564  est=300c
  ↳ xarticles:likes-gte-250-latest:p33  bal_after=8076564  spent=0c ($0.0)  count=20
  ↳ xarticles:likes-gte-250-latest:p34  bal_before=8076564  est=300c
  ↳ xarticles:likes-gte-250-latest:p34  bal_after=8076564  spent=0c ($0.0)  count=20
  ↳ xarticles:likes-gte-250-latest:p35  bal_before=8076564  est=300c
  ↳ xarticles:likes-gte-250-latest:p35  bal_after=8076564  spent=0c ($0.0)  count=20
  ↳ xarticles:likes-gte-250-latest:p36  bal_before=8076564  est=300c
  ↳ xarticles:likes-gte-250-latest:p36  bal_after=8076564  spent=0c ($0.0)  count=19
  ↳ xarticles:likes-gte-250-latest:p37  bal_before=8076564  est=300c
  ↳ xarticles:likes-gte-250-latest:p37  bal_after=8076564  spent=0c ($0.0)  count=20
  ↳ xarticles:likes-gte-250-latest:p38  bal_before=8076564  est=300c
  ↳ xarticles:likes-gte-250-latest:p38  bal_after=8076564  spent=0c ($0.0)  count=19
  ↳ xarticles:likes-gte-250-latest:p39  bal_before=8076564  est=300c
  ↳ xarticles:likes-gte-250-latest:p39  bal_after=8076564  spent=0c ($0.0)  count=20
  ↳ xarticles:likes-gte-250-latest:p40  bal_before=8076564  est=300c
  ↳ xarticles:likes-gte-250-latest:p40  bal_after=8076564  spent=0c ($0.0)  count=19
  ↳ xarticles:likes-gte-250-latest:p41  bal_before=8076564  est=300c
  ↳ xarticles:likes-gte-250-latest:p41  bal_after=8076564  spent=0c ($0.0)  count=20
  ↳ xarticles:likes-gte-250-latest:p42  bal_before=8076564  est=300c
  ↳ xarticles:likes-gte-250-latest:p42  bal_after=8076564  spent=0c ($0.0)  count=20
  ↳ xarticles:likes-gte-250-latest:p43  bal_before=8076564  est=300c
  ↳ xarticles:likes-gte-250-latest:p43  bal_after=8076564  spent=0c ($0.0)  count=20
  ↳ xarticles:likes-gte-250-latest:p44  bal_before=8076564  est=300c
  ↳ xarticles:likes-gte-250-latest:p44  bal_after=8076564  spent=0c ($0.0)  count=20
  ↳ xarticles:likes-gte-250-latest:p45  bal_before=8076564  est=300c
  ↳ xarticles:likes-gte-250-latest:p45  bal_after=8076564  spent=0c ($0.0)  count=20
  ↳ xarticles:likes-gte-250-latest:p46  bal_before=8076564  est=300c
  ↳ xarticles:likes-gte-250-latest:p46  bal_after=8076564  spent=0c ($0.0)  count=20
  ↳ xarticles:likes-gte-250-latest:p47  bal_before=8076564  est=300c
  ↳ xarticles:likes-gte-250-latest:p47  bal_after=8076564  spent=0c ($0.0)  count=20
  ↳ xarticles:likes-gte-250-latest:p48  bal_before=8076564  est=300c
  ↳ xarticles:likes-gte-250-latest:p48  bal_after=8071509  spent=5055c ($0.0505)  count=20
  ↳ xarticles:likes-gte-250-latest:p49  bal_before=8071509  est=300c
  ↳ xarticles:likes-gte-250-latest:p49  bal_after=8071509  spent=0c ($0.0)  count=20

### likes-gte-100 [Top] x10p min_faves:100 url:x.com/i/article since:2026-05-11 -is:retweet
  ↳ xarticles:likes-gte-100:p0  bal_before=8071509  est=300c
  ↳ xarticles:likes-gte-100:p0  bal_after=8071509  spent=0c ($0.0)  count=20
  ↳ xarticles:likes-gte-100:p1  bal_before=8071509  est=300c
  ↳ xarticles:likes-gte-100:p1  bal_after=8071509  spent=0c ($0.0)  count=20
  ↳ xarticles:likes-gte-100:p2  bal_before=8071509  est=300c
  ↳ xarticles:likes-gte-100:p2  bal_after=8071509  spent=0c ($0.0)  count=20
  ↳ xarticles:likes-gte-100:p3  bal_before=8071509  est=300c
  ↳ xarticles:likes-gte-100:p3  bal_after=8071509  spent=0c ($0.0)  count=20
  ↳ xarticles:likes-gte-100:p4  bal_before=8071509  est=300c
  ↳ xarticles:likes-gte-100:p4  bal_after=8071509  spent=0c ($0.0)  count=15
  ↳ xarticles:likes-gte-100:p5  bal_before=8071509  est=300c
  ↳ xarticles:likes-gte-100:p5  bal_after=8071509  spent=0c ($0.0)  count=17
  ↳ xarticles:likes-gte-100:p6  bal_before=8071509  est=300c
  ↳ xarticles:likes-gte-100:p6  bal_after=8071509  spent=0c ($0.0)  count=16
  ↳ xarticles:likes-gte-100:p7  bal_before=8071509  est=300c
  ↳ xarticles:likes-gte-100:p7  bal_after=8068884  spent=2625c ($0.0262)  count=18
  ↳ xarticles:likes-gte-100:p8  bal_before=8068884  est=300c
  ↳ xarticles:likes-gte-100:p8  bal_after=8068884  spent=0c ($0.0)  count=14
  ↳ xarticles:likes-gte-100:p9  bal_before=8068884  est=300c
  ↳ xarticles:likes-gte-100:p9  bal_after=8068884  spent=0c ($0.0)  count=14

### likes-gte-100-latest [Latest] x50p min_faves:100 url:x.com/i/article since:2026-05-11 -is:retweet
  ↳ xarticles:likes-gte-100-latest:p0  bal_before=8068884  est=300c
  ↳ xarticles:likes-gte-100-latest:p0  bal_after=8068884  spent=0c ($0.0)  count=20
  ↳ xarticles:likes-gte-100-latest:p1  bal_before=8068884  est=300c
  ↳ xarticles:likes-gte-100-latest:p1  bal_after=8068884  spent=0c ($0.0)  count=20
  ↳ xarticles:likes-gte-100-latest:p2  bal_before=8068884  est=300c
  ↳ xarticles:likes-gte-100-latest:p2  bal_after=8068884  spent=0c ($0.0)  count=20
  ↳ xarticles:likes-gte-100-latest:p3  bal_before=8068884  est=300c
  ↳ xarticles:likes-gte-100-latest:p3  bal_after=8068884  spent=0c ($0.0)  count=20
  ↳ xarticles:likes-gte-100-latest:p4  bal_before=8068884  est=300c
  ↳ xarticles:likes-gte-100-latest:p4  bal_after=8068884  spent=0c ($0.0)  count=20
  ↳ xarticles:likes-gte-100-latest:p5  bal_before=8068884  est=300c
  ↳ xarticles:likes-gte-100-latest:p5  bal_after=8068884  spent=0c ($0.0)  count=19
  ↳ xarticles:likes-gte-100-latest:p6  bal_before=8068884  est=300c
  ↳ xarticles:likes-gte-100-latest:p6  bal_after=8068884  spent=0c ($0.0)  count=20
  ↳ xarticles:likes-gte-100-latest:p7  bal_before=8068884  est=300c
  ↳ xarticles:likes-gte-100-latest:p7  bal_after=8068884  spent=0c ($0.0)  count=20
  ↳ xarticles:likes-gte-100-latest:p8  bal_before=8068884  est=300c
  ↳ xarticles:likes-gte-100-latest:p8  bal_after=8068884  spent=0c ($0.0)  count=20
  ↳ xarticles:likes-gte-100-latest:p9  bal_before=8068884  est=300c
  ↳ xarticles:likes-gte-100-latest:p9  bal_after=8065314  spent=3570c ($0.0357)  count=20
  ↳ xarticles:likes-gte-100-latest:p10  bal_before=8065314  est=300c
  ↳ xarticles:likes-gte-100-latest:p10  bal_after=8065314  spent=0c ($0.0)  count=20
  ↳ xarticles:likes-gte-100-latest:p11  bal_before=8065314  est=300c
  ↳ xarticles:likes-gte-100-latest:p11  bal_after=8065314  spent=0c ($0.0)  count=20
  ↳ xarticles:likes-gte-100-latest:p12  bal_before=8065314  est=300c
  ↳ xarticles:likes-gte-100-latest:p12  bal_after=8065314  spent=0c ($0.0)  count=19
  ↳ xarticles:likes-gte-100-latest:p13  bal_before=8065314  est=300c
  ↳ xarticles:likes-gte-100-latest:p13  bal_after=8065314  spent=0c ($0.0)  count=20
  ↳ xarticles:likes-gte-100-latest:p14  bal_before=8065314  est=300c
  ↳ xarticles:likes-gte-100-latest:p14  bal_after=8065314  spent=0c ($0.0)  count=20
  ↳ xarticles:likes-gte-100-latest:p15  bal_before=8065314  est=300c
  ↳ xarticles:likes-gte-100-latest:p15  bal_after=8065314  spent=0c ($0.0)  count=20
  ↳ xarticles:likes-gte-100-latest:p16  bal_before=8065314  est=300c
  ↳ xarticles:likes-gte-100-latest:p16  bal_after=8065314  spent=0c ($0.0)  count=20
  ↳ xarticles:likes-gte-100-latest:p17  bal_before=8065314  est=300c
  ↳ xarticles:likes-gte-100-latest:p17  bal_after=8065314  spent=0c ($0.0)  count=20
  ↳ xarticles:likes-gte-100-latest:p18  bal_before=8065314  est=300c
  ↳ xarticles:likes-gte-100-latest:p18  bal_after=8065314  spent=0c ($0.0)  count=20
  ↳ xarticles:likes-gte-100-latest:p19  bal_before=8065314  est=300c
  ↳ xarticles:likes-gte-100-latest:p19  bal_after=8065314  spent=0c ($0.0)  count=20
  ↳ xarticles:likes-gte-100-latest:p20  bal_before=8065314  est=300c
  ↳ xarticles:likes-gte-100-latest:p20  bal_after=8065314  spent=0c ($0.0)  count=20
  ↳ xarticles:likes-gte-100-latest:p21  bal_before=8065314  est=300c
  ↳ xarticles:likes-gte-100-latest:p21  bal_after=8065314  spent=0c ($0.0)  count=20
  ↳ xarticles:likes-gte-100-latest:p22  bal_before=8065314  est=300c
  ↳ xarticles:likes-gte-100-latest:p22  bal_after=8065314  spent=0c ($0.0)  count=20
  ↳ xarticles:likes-gte-100-latest:p23  bal_before=8065314  est=300c
  ↳ xarticles:likes-gte-100-latest:p23  bal_after=8065314  spent=0c ($0.0)  count=18
  ↳ xarticles:likes-gte-100-latest:p24  bal_before=8065314  est=300c
  ↳ xarticles:likes-gte-100-latest:p24  bal_after=8065314  spent=0c ($0.0)  count=20
  ↳ xarticles:likes-gte-100-latest:p25  bal_before=8065314  est=300c
  ↳ xarticles:likes-gte-100-latest:p25  bal_after=8060559  spent=4755c ($0.0476)  count=20
  ↳ xarticles:likes-gte-100-latest:p26  bal_before=8060559  est=300c
  ↳ xarticles:likes-gte-100-latest:p26  bal_after=8060559  spent=0c ($0.0)  count=20
  ↳ xarticles:likes-gte-100-latest:p27  bal_before=8060559  est=300c
  ↳ xarticles:likes-gte-100-latest:p27  bal_after=8060559  spent=0c ($0.0)  count=20
  ↳ xarticles:likes-gte-100-latest:p28  bal_before=8060559  est=300c
  ↳ xarticles:likes-gte-100-latest:p28  bal_after=8060559  spent=0c ($0.0)  count=20
  ↳ xarticles:likes-gte-100-latest:p29  bal_before=8060559  est=300c
  ↳ xarticles:likes-gte-100-latest:p29  bal_after=8060559  spent=0c ($0.0)  count=20
  ↳ xarticles:likes-gte-100-latest:p30  bal_before=8060559  est=300c
  ↳ xarticles:likes-gte-100-latest:p30  bal_after=8060559  spent=0c ($0.0)  count=20
  ↳ xarticles:likes-gte-100-latest:p31  bal_before=8060559  est=300c
  ↳ xarticles:likes-gte-100-latest:p31  bal_after=8060559  spent=0c ($0.0)  count=20
  ↳ xarticles:likes-gte-100-latest:p32  bal_before=8060559  est=300c
  ↳ xarticles:likes-gte-100-latest:p32  bal_after=8060559  spent=0c ($0.0)  count=20
  ↳ xarticles:likes-gte-100-latest:p33  bal_before=8060559  est=300c
  ↳ xarticles:likes-gte-100-latest:p33  bal_after=8060559  spent=0c ($0.0)  count=20
  ↳ xarticles:likes-gte-100-latest:p34  bal_before=8060559  est=300c
  ↳ xarticles:likes-gte-100-latest:p34  bal_after=8060559  spent=0c ($0.0)  count=20
  ↳ xarticles:likes-gte-100-latest:p35  bal_before=8060559  est=300c
  ↳ xarticles:likes-gte-100-latest:p35  bal_after=8060559  spent=0c ($0.0)  count=20
  ↳ xarticles:likes-gte-100-latest:p36  bal_before=8060559  est=300c
  ↳ xarticles:likes-gte-100-latest:p36  bal_after=8060559  spent=0c ($0.0)  count=20
  ↳ xarticles:likes-gte-100-latest:p37  bal_before=8060559  est=300c
  ↳ xarticles:likes-gte-100-latest:p37  bal_after=8060559  spent=0c ($0.0)  count=20
  ↳ xarticles:likes-gte-100-latest:p38  bal_before=8060559  est=300c
  ↳ xarticles:likes-gte-100-latest:p38  bal_after=8060559  spent=0c ($0.0)  count=20
  ↳ xarticles:likes-gte-100-latest:p39  bal_before=8060559  est=300c
  ↳ xarticles:likes-gte-100-latest:p39  bal_after=8060559  spent=0c ($0.0)  count=20
  ↳ xarticles:likes-gte-100-latest:p40  bal_before=8060559  est=300c
  ↳ xarticles:likes-gte-100-latest:p40  bal_after=8060559  spent=0c ($0.0)  count=20
  ↳ xarticles:likes-gte-100-latest:p41  bal_before=8060559  est=300c
  ↳ xarticles:likes-gte-100-latest:p41  bal_after=8056359  spent=4200c ($0.042)  count=20
  ↳ xarticles:likes-gte-100-latest:p42  bal_before=8056359  est=300c
  ↳ xarticles:likes-gte-100-latest:p42  bal_after=8056359  spent=0c ($0.0)  count=20
  ↳ xarticles:likes-gte-100-latest:p43  bal_before=8056359  est=300c
  ↳ xarticles:likes-gte-100-latest:p43  bal_after=8056359  spent=0c ($0.0)  count=19
  ↳ xarticles:likes-gte-100-latest:p44  bal_before=8056359  est=300c
  ↳ xarticles:likes-gte-100-latest:p44  bal_after=8056359  spent=0c ($0.0)  count=20
  ↳ xarticles:likes-gte-100-latest:p45  bal_before=8056359  est=300c
  ↳ xarticles:likes-gte-100-latest:p45  bal_after=8056359  spent=0c ($0.0)  count=20
  ↳ xarticles:likes-gte-100-latest:p46  bal_before=8056359  est=300c
  ↳ xarticles:likes-gte-100-latest:p46  bal_after=8056359  spent=0c ($0.0)  count=20
  ↳ xarticles:likes-gte-100-latest:p47  bal_before=8056359  est=300c
  ↳ xarticles:likes-gte-100-latest:p47  bal_after=8056359  spent=0c ($0.0)  count=20
  ↳ xarticles:likes-gte-100-latest:p48  bal_before=8056359  est=300c
  ↳ xarticles:likes-gte-100-latest:p48  bal_after=8056359  spent=0c ($0.0)  count=20
  ↳ xarticles:likes-gte-100-latest:p49  bal_before=8056359  est=300c
  ↳ xarticles:likes-gte-100-latest:p49  bal_after=8056359  spent=0c ($0.0)  count=20

### likes-gte-50 [Top] x10p min_faves:50 url:x.com/i/article since:2026-05-11 -is:retweet
  ↳ xarticles:likes-gte-50:p0  bal_before=8056359  est=300c
  ↳ xarticles:likes-gte-50:p0  bal_after=8056359  spent=0c ($0.0)  count=19
  ↳ xarticles:likes-gte-50:p1  bal_before=8056359  est=300c
  ↳ xarticles:likes-gte-50:p1  bal_after=8056359  spent=0c ($0.0)  count=16
  ↳ xarticles:likes-gte-50:p2  bal_before=8056359  est=300c
  ↳ xarticles:likes-gte-50:p2  bal_after=8052774  spent=3585c ($0.0358)  count=20
  ↳ xarticles:likes-gte-50:p3  bal_before=8052774  est=300c
  ↳ xarticles:likes-gte-50:p3  bal_after=8052774  spent=0c ($0.0)  count=17
  ↳ xarticles:likes-gte-50:p4  bal_before=8052774  est=300c
  ↳ xarticles:likes-gte-50:p4  bal_after=8052774  spent=0c ($0.0)  count=18
  ↳ xarticles:likes-gte-50:p5  bal_before=8052774  est=300c
  ↳ xarticles:likes-gte-50:p5  bal_after=8052774  spent=0c ($0.0)  count=15
  ↳ xarticles:likes-gte-50:p6  bal_before=8052774  est=300c
  ↳ xarticles:likes-gte-50:p6  bal_after=8052774  spent=0c ($0.0)  count=16
  ↳ xarticles:likes-gte-50:p7  bal_before=8052774  est=300c
  ↳ xarticles:likes-gte-50:p7  bal_after=8052774  spent=0c ($0.0)  count=19
  ↳ xarticles:likes-gte-50:p8  bal_before=8052774  est=300c
  ↳ xarticles:likes-gte-50:p8  bal_after=8052774  spent=0c ($0.0)  count=20
  ↳ xarticles:likes-gte-50:p9  bal_before=8052774  est=300c
  ↳ xarticles:likes-gte-50:p9  bal_after=8052774  spent=0c ($0.0)  count=20

### likes-gte-25 [Top] x10p min_faves:25 url:x.com/i/article since:2026-05-11 -is:retweet
  ↳ xarticles:likes-gte-25:p0  bal_before=8052774  est=300c
  ↳ xarticles:likes-gte-25:p0  bal_after=8052774  spent=0c ($0.0)  count=20
  ↳ xarticles:likes-gte-25:p1  bal_before=8052774  est=300c
  ↳ xarticles:likes-gte-25:p1  bal_after=8052774  spent=0c ($0.0)  count=20
  ↳ xarticles:likes-gte-25:p2  bal_before=8050074  est=300c
  ↳ xarticles:likes-gte-25:p2  bal_after=8050074  spent=0c ($0.0)  count=20
  ↳ xarticles:likes-gte-25:p3  bal_before=8050074  est=300c
  ↳ xarticles:likes-gte-25:p3  bal_after=8050074  spent=0c ($0.0)  count=17
  ↳ xarticles:likes-gte-25:p4  bal_before=8050074  est=300c
  ↳ xarticles:likes-gte-25:p4  bal_after=8050074  spent=0c ($0.0)  count=17
  ↳ xarticles:likes-gte-25:p5  bal_before=8050074  est=300c
  ↳ xarticles:likes-gte-25:p5  bal_after=8050074  spent=0c ($0.0)  count=20
  ↳ xarticles:likes-gte-25:p6  bal_before=8050074  est=300c
  ↳ xarticles:likes-gte-25:p6  bal_after=8050074  spent=0c ($0.0)  count=17
  ↳ xarticles:likes-gte-25:p7  bal_before=8050074  est=300c
  ↳ xarticles:likes-gte-25:p7  bal_after=8050074  spent=0c ($0.0)  count=19
  ↳ xarticles:likes-gte-25:p8  bal_before=8050074  est=300c
  ↳ xarticles:likes-gte-25:p8  bal_after=8050074  spent=0c ($0.0)  count=12
  ↳ xarticles:likes-gte-25:p9  bal_before=8050074  est=300c
  ↳ xarticles:likes-gte-25:p9  bal_after=8050074  spent=0c ($0.0)  count=7

### likes-gte-10 [Top] x10p min_faves:10 url:x.com/i/article since:2026-05-11 -is:retweet
  ↳ xarticles:likes-gte-10:p0  bal_before=8048109  est=300c
  ↳ xarticles:likes-gte-10:p0  bal_after=8048109  spent=0c ($0.0)  count=20
  ↳ xarticles:likes-gte-10:p1  bal_before=8048109  est=300c
  ↳ xarticles:likes-gte-10:p1  bal_after=8048109  spent=0c ($0.0)  count=20
  ↳ xarticles:likes-gte-10:p2  bal_before=8048109  est=300c
  ↳ xarticles:likes-gte-10:p2  bal_after=8048109  spent=0c ($0.0)  count=17
  ↳ xarticles:likes-gte-10:p3  bal_before=8048109  est=300c
  ↳ xarticles:likes-gte-10:p3  bal_after=8048109  spent=0c ($0.0)  count=16
  ↳ xarticles:likes-gte-10:p4  bal_before=8048109  est=300c
  ↳ xarticles:likes-gte-10:p4  bal_after=8048109  spent=0c ($0.0)  count=16
  ↳ xarticles:likes-gte-10:p5  bal_before=8048109  est=300c
  ↳ xarticles:likes-gte-10:p5  bal_after=8048109  spent=0c ($0.0)  count=20
  ↳ xarticles:likes-gte-10:p6  bal_before=8048109  est=300c
  ↳ xarticles:likes-gte-10:p6  bal_after=8048109  spent=0c ($0.0)  count=20
  ↳ xarticles:likes-gte-10:p7  bal_before=8048109  est=300c
  ↳ xarticles:likes-gte-10:p7  bal_after=8048109  spent=0c ($0.0)  count=20
  ↳ xarticles:likes-gte-10:p8  bal_before=8048109  est=300c
  ↳ xarticles:likes-gte-10:p8  bal_after=8045304  spent=2805c ($0.028)  count=19
  ↳ xarticles:likes-gte-10:p9  bal_before=8045304  est=300c
  ↳ xarticles:likes-gte-10:p9  bal_after=8045304  spent=0c ($0.0)  count=16

### likes-gte-5 [Top] x10p min_faves:5 url:x.com/i/article since:2026-05-11 -is:retweet
  ↳ xarticles:likes-gte-5:p0  bal_before=8045304  est=300c
  ↳ xarticles:likes-gte-5:p0  bal_after=8045304  spent=0c ($0.0)  count=20
  ↳ xarticles:likes-gte-5:p1  bal_before=8045304  est=300c
  ↳ xarticles:likes-gte-5:p1  bal_after=8045304  spent=0c ($0.0)  count=20
  ↳ xarticles:likes-gte-5:p2  bal_before=8045304  est=300c
  ↳ xarticles:likes-gte-5:p2  bal_after=8045304  spent=0c ($0.0)  count=20
  ↳ xarticles:likes-gte-5:p3  bal_before=8045304  est=300c
  ↳ xarticles:likes-gte-5:p3  bal_after=8045304  spent=0c ($0.0)  count=18
  ↳ xarticles:likes-gte-5:p4  bal_before=8045304  est=300c
  ↳ xarticles:likes-gte-5:p4  bal_after=8045304  spent=0c ($0.0)  count=20
  ↳ xarticles:likes-gte-5:p5  bal_before=8045304  est=300c
  ↳ xarticles:likes-gte-5:p5  bal_after=8045304  spent=0c ($0.0)  count=18
  ↳ xarticles:likes-gte-5:p6  bal_before=8045304  est=300c
  ↳ xarticles:likes-gte-5:p6  bal_after=8045304  spent=0c ($0.0)  count=20
  ↳ xarticles:likes-gte-5:p7  bal_before=8045304  est=300c
  ↳ xarticles:likes-gte-5:p7  bal_after=8043309  spent=1995c ($0.0199)  count=18
  ↳ xarticles:likes-gte-5:p8  bal_before=8043309  est=300c
  ↳ xarticles:likes-gte-5:p8  bal_after=8043309  spent=0c ($0.0)  count=17
  ↳ xarticles:likes-gte-5:p9  bal_before=8043309  est=300c
  ↳ xarticles:likes-gte-5:p9  bal_after=8043309  spent=0c ($0.0)  count=20

### likes-gte-2 [Top] x10p min_faves:2 url:x.com/i/article since:2026-05-11 -is:retweet
  ↳ xarticles:likes-gte-2:p0  bal_before=8043309  est=300c
  ↳ xarticles:likes-gte-2:p0  bal_after=8043309  spent=0c ($0.0)  count=20
  ↳ xarticles:likes-gte-2:p1  bal_before=8043309  est=300c
  ↳ xarticles:likes-gte-2:p1  bal_after=8043309  spent=0c ($0.0)  count=20
  ↳ xarticles:likes-gte-2:p2  bal_before=8043309  est=300c
  ↳ xarticles:likes-gte-2:p2  bal_after=8043309  spent=0c ($0.0)  count=20
  ↳ xarticles:likes-gte-2:p3  bal_before=8043309  est=300c
  ↳ xarticles:likes-gte-2:p3  bal_after=8043309  spent=0c ($0.0)  count=20
  ↳ xarticles:likes-gte-2:p4  bal_before=8043309  est=300c
  ↳ xarticles:likes-gte-2:p4  bal_after=8043309  spent=0c ($0.0)  count=16
  ↳ xarticles:likes-gte-2:p5  bal_before=8043309  est=300c
  ↳ xarticles:likes-gte-2:p5  bal_after=8043309  spent=0c ($0.0)  count=17
  ↳ xarticles:likes-gte-2:p6  bal_before=8043309  est=300c
  ↳ xarticles:likes-gte-2:p6  bal_after=8043309  spent=0c ($0.0)  count=20
  ↳ xarticles:likes-gte-2:p7  bal_before=8043309  est=300c
  ↳ xarticles:likes-gte-2:p7  bal_after=8040219  spent=3090c ($0.0309)  count=20
  ↳ xarticles:likes-gte-2:p8  bal_before=8040219  est=300c
  ↳ xarticles:likes-gte-2:p8  bal_after=8040219  spent=0c ($0.0)  count=20
  ↳ xarticles:likes-gte-2:p9  bal_before=8040219  est=300c
  ↳ xarticles:likes-gte-2:p9  bal_after=8040219  spent=0c ($0.0)  count=13

### likes-gte-1 [Top] x10p min_faves:1 url:x.com/i/article since:2026-05-11 -is:retweet
  ↳ xarticles:likes-gte-1:p0  bal_before=8040219  est=300c
  ↳ xarticles:likes-gte-1:p0  bal_after=8040219  spent=0c ($0.0)  count=20
  ↳ xarticles:likes-gte-1:p1  bal_before=8040219  est=300c
  ↳ xarticles:likes-gte-1:p1  bal_after=8040219  spent=0c ($0.0)  count=20
  ↳ xarticles:likes-gte-1:p2  bal_before=8040219  est=300c
  ↳ xarticles:likes-gte-1:p2  bal_after=8040219  spent=0c ($0.0)  count=20
  ↳ xarticles:likes-gte-1:p3  bal_before=8040219  est=300c
  ↳ xarticles:likes-gte-1:p3  bal_after=8040219  spent=0c ($0.0)  count=20
  ↳ xarticles:likes-gte-1:p4  bal_before=8040219  est=300c
  ↳ xarticles:likes-gte-1:p4  bal_after=8038224  spent=1995c ($0.0199)  count=19
  ↳ xarticles:likes-gte-1:p5  bal_before=8038224  est=300c
  ↳ xarticles:likes-gte-1:p5  bal_after=8038224  spent=0c ($0.0)  count=20
  ↳ xarticles:likes-gte-1:p6  bal_before=8038224  est=300c
  ↳ xarticles:likes-gte-1:p6  bal_after=8038224  spent=0c ($0.0)  count=20
  ↳ xarticles:likes-gte-1:p7  bal_before=8038224  est=300c
  ↳ xarticles:likes-gte-1:p7  bal_after=8038224  spent=0c ($0.0)  count=20
  ↳ xarticles:likes-gte-1:p8  bal_before=8038224  est=300c
  ↳ xarticles:likes-gte-1:p8  bal_after=8038224  spent=0c ($0.0)  count=20
  ↳ xarticles:likes-gte-1:p9  bal_before=8038224  est=300c
  ↳ xarticles:likes-gte-1:p9  bal_after=8038224  spent=0c ($0.0)  count=20

### replies-gte-2000 [Top] x10p min_replies:2000 url:x.com/i/article since:2026-05-11 -is:retweet
  ↳ xarticles:replies-gte-2000:p0  bal_before=8038224  est=300c
  ↳ xarticles:replies-gte-2000:p0  bal_after=8038224  spent=0c ($0.0)  count=20
  ↳ xarticles:replies-gte-2000:p1  bal_before=8038224  est=300c
  ↳ xarticles:replies-gte-2000:p1  bal_after=8038224  spent=0c ($0.0)  count=20
  ↳ xarticles:replies-gte-2000:p2  bal_before=8038224  est=300c
  ↳ xarticles:replies-gte-2000:p2  bal_after=8038224  spent=0c ($0.0)  count=20
  ↳ xarticles:replies-gte-2000:p3  bal_before=8038224  est=300c
  ↳ xarticles:replies-gte-2000:p3  bal_after=8038224  spent=0c ($0.0)  count=20
  ↳ xarticles:replies-gte-2000:p4  bal_before=8038224  est=300c
  ↳ xarticles:replies-gte-2000:p4  bal_after=8038224  spent=0c ($0.0)  count=20
  ↳ xarticles:replies-gte-2000:p5  bal_before=8038224  est=300c
  ↳ xarticles:replies-gte-2000:p5  bal_after=8038224  spent=0c ($0.0)  count=15
  ↳ xarticles:replies-gte-2000:p6  bal_before=8038224  est=300c
  ↳ xarticles:replies-gte-2000:p6  bal_after=8034939  spent=3285c ($0.0328)  count=1
  ↳ xarticles:replies-gte-2000:p7  bal_before=8034939  est=300c
  ↳ xarticles:replies-gte-2000:p7  bal_after=8034939  spent=0c ($0.0)  count=1
  ↳ xarticles:replies-gte-2000:p8  bal_before=8034939  est=300c
  ↳ xarticles:replies-gte-2000:p8  bal_after=8034939  spent=0c ($0.0)  count=0

### replies-gte-500 [Top] x10p min_replies:500 url:x.com/i/article since:2026-05-11 -is:retweet
  ↳ xarticles:replies-gte-500:p0  bal_before=8034939  est=300c
  ↳ xarticles:replies-gte-500:p0  bal_after=8034939  spent=0c ($0.0)  count=20
  ↳ xarticles:replies-gte-500:p1  bal_before=8034939  est=300c
  ↳ xarticles:replies-gte-500:p1  bal_after=8034939  spent=0c ($0.0)  count=20
  ↳ xarticles:replies-gte-500:p2  bal_before=8034939  est=300c
  ↳ xarticles:replies-gte-500:p2  bal_after=8034939  spent=0c ($0.0)  count=20
  ↳ xarticles:replies-gte-500:p3  bal_before=8034939  est=300c
  ↳ xarticles:replies-gte-500:p3  bal_after=8034939  spent=0c ($0.0)  count=20
  ↳ xarticles:replies-gte-500:p4  bal_before=8034939  est=300c
  ↳ xarticles:replies-gte-500:p4  bal_after=8034939  spent=0c ($0.0)  count=20
  ↳ xarticles:replies-gte-500:p5  bal_before=8034939  est=300c
  ↳ xarticles:replies-gte-500:p5  bal_after=8034939  spent=0c ($0.0)  count=20
  ↳ xarticles:replies-gte-500:p6  bal_before=8034939  est=300c
  ↳ xarticles:replies-gte-500:p6  bal_after=8033169  spent=1770c ($0.0177)  count=20
  ↳ xarticles:replies-gte-500:p7  bal_before=8033169  est=300c
  ↳ xarticles:replies-gte-500:p7  bal_after=8033169  spent=0c ($0.0)  count=10
  ↳ xarticles:replies-gte-500:p8  bal_before=8033169  est=300c
  ↳ xarticles:replies-gte-500:p8  bal_after=8033169  spent=0c ($0.0)  count=0

### replies-gte-100 [Top] x10p min_replies:100 url:x.com/i/article since:2026-05-11 -is:retweet
  ↳ xarticles:replies-gte-100:p0  bal_before=8033169  est=300c
  ↳ xarticles:replies-gte-100:p0  bal_after=8033169  spent=0c ($0.0)  count=20
  ↳ xarticles:replies-gte-100:p1  bal_before=8033169  est=300c
  ↳ xarticles:replies-gte-100:p1  bal_after=8033169  spent=0c ($0.0)  count=20
  ↳ xarticles:replies-gte-100:p2  bal_before=8033169  est=300c
  ↳ xarticles:replies-gte-100:p2  bal_after=8033169  spent=0c ($0.0)  count=20
  ↳ xarticles:replies-gte-100:p3  bal_before=8033169  est=300c
  ↳ xarticles:replies-gte-100:p3  bal_after=8033169  spent=0c ($0.0)  count=20
  ↳ xarticles:replies-gte-100:p4  bal_before=8033169  est=300c
  ↳ xarticles:replies-gte-100:p4  bal_after=8033169  spent=0c ($0.0)  count=20
  ↳ xarticles:replies-gte-100:p5  bal_before=8033169  est=300c
  ↳ xarticles:replies-gte-100:p5  bal_after=8033169  spent=0c ($0.0)  count=20
  ↳ xarticles:replies-gte-100:p6  bal_before=8033169  est=300c
  ↳ xarticles:replies-gte-100:p6  bal_after=8033169  spent=0c ($0.0)  count=20
  ↳ xarticles:replies-gte-100:p7  bal_before=8033169  est=300c
  ↳ xarticles:replies-gte-100:p7  bal_after=8033169  spent=0c ($0.0)  count=20
  ↳ xarticles:replies-gte-100:p8  bal_before=8033169  est=300c
  ↳ xarticles:replies-gte-100:p8  bal_after=8033169  spent=0c ($0.0)  count=15
  ↳ xarticles:replies-gte-100:p9  bal_before=8029704  est=300c
  ↳ xarticles:replies-gte-100:p9  bal_after=8029704  spent=0c ($0.0)  count=20

### replies-gte-25 [Top] x10p min_replies:25 url:x.com/i/article since:2026-05-11 -is:retweet
  ↳ xarticles:replies-gte-25:p0  bal_before=8029704  est=300c
  ↳ xarticles:replies-gte-25:p0  bal_after=8029704  spent=0c ($0.0)  count=20
  ↳ xarticles:replies-gte-25:p1  bal_before=8029704  est=300c
  ↳ xarticles:replies-gte-25:p1  bal_after=8029704  spent=0c ($0.0)  count=20
  ↳ xarticles:replies-gte-25:p2  bal_before=8029704  est=300c
  ↳ xarticles:replies-gte-25:p2  bal_after=8028879  spent=825c ($0.0083)  count=20
  ↳ xarticles:replies-gte-25:p3  bal_before=8028879  est=300c
  ↳ xarticles:replies-gte-25:p3  bal_after=8028879  spent=0c ($0.0)  count=19
  ↳ xarticles:replies-gte-25:p4  bal_before=8028879  est=300c
  ↳ xarticles:replies-gte-25:p4  bal_after=8027994  spent=885c ($0.0089)  count=20
  ↳ xarticles:replies-gte-25:p5  bal_before=8027994  est=300c
  ↳ xarticles:replies-gte-25:p5  bal_after=8027994  spent=0c ($0.0)  count=20
  ↳ xarticles:replies-gte-25:p6  bal_before=8027994  est=300c
  ↳ xarticles:replies-gte-25:p6  bal_after=8027694  spent=300c ($0.003)  count=20
  ↳ xarticles:replies-gte-25:p7  bal_before=8027694  est=300c
  ↳ xarticles:replies-gte-25:p7  bal_after=8027694  spent=0c ($0.0)  count=20
  ↳ xarticles:replies-gte-25:p8  bal_before=8027694  est=300c
  ↳ xarticles:replies-gte-25:p8  bal_after=8026794  spent=900c ($0.009)  count=20
  ↳ xarticles:replies-gte-25:p9  bal_before=8026794  est=300c
  ↳ xarticles:replies-gte-25:p9  bal_after=8026794  spent=0c ($0.0)  count=20

### broad-native-top [Top] x10p (AI OR agent OR agents OR agentic OR LLM OR Claude OR GPT OR autonomous) url:x.com/i/article since:2026-05-11 -is:retweet
  ↳ xarticles:broad-native-top:p0  bal_before=8026794  est=300c
  ↳ xarticles:broad-native-top:p0  bal_after=8026794  spent=0c ($0.0)  count=20
  ↳ xarticles:broad-native-top:p1  bal_before=8026794  est=300c
  ↳ xarticles:broad-native-top:p1  bal_after=8026794  spent=0c ($0.0)  count=20
  ↳ xarticles:broad-native-top:p2  bal_before=8026794  est=300c
  ↳ xarticles:broad-native-top:p2  bal_after=8026194  spent=600c ($0.006)  count=20
  ↳ xarticles:broad-native-top:p3  bal_before=8026194  est=300c
  ↳ xarticles:broad-native-top:p3  bal_after=8026194  spent=0c ($0.0)  count=20
  ↳ xarticles:broad-native-top:p4  bal_before=8026194  est=300c
  ↳ xarticles:broad-native-top:p4  bal_after=8024694  spent=1500c ($0.015)  count=20
  ↳ xarticles:broad-native-top:p5  bal_before=8024694  est=300c
  ↳ xarticles:broad-native-top:p5  bal_after=8024694  spent=0c ($0.0)  count=20
  ↳ xarticles:broad-native-top:p6  bal_before=8024694  est=300c
  ↳ xarticles:broad-native-top:p6  bal_after=8024694  spent=0c ($0.0)  count=20
  ↳ xarticles:broad-native-top:p7  bal_before=8024694  est=300c
  ↳ xarticles:broad-native-top:p7  bal_after=8024694  spent=0c ($0.0)  count=20
  ↳ xarticles:broad-native-top:p8  bal_before=8024694  est=300c
  ↳ xarticles:broad-native-top:p8  bal_after=8024694  spent=0c ($0.0)  count=20
  ↳ xarticles:broad-native-top:p9  bal_before=8024694  est=300c
  ↳ xarticles:broad-native-top:p9  bal_after=8024694  spent=0c ($0.0)  count=20
  ↳ STOP ladder: 524 distinct qualified articles >= max 500
  ↳ xarticles:author-baseline:AnatoliKopadze  bal_before=8024694  est=300c
  ↳ xarticles:author-baseline:AnatoliKopadze  bal_after=8024694  spent=0c ($0.0)  count=20
  ↳ xarticles:author-baseline:trq212  bal_before=8024694  est=300c
  ↳ xarticles:author-baseline:trq212  bal_after=8024694  spent=0c ($0.0)  count=20
  ↳ xarticles:author-baseline:SoSoValueCrypto  bal_before=8024694  est=300c
  ↳ xarticles:author-baseline:SoSoValueCrypto  bal_after=8023194  spent=1500c ($0.015)  count=20
  ↳ xarticles:author-baseline:akshay_pachaar  bal_before=8023194  est=300c
  ↳ xarticles:author-baseline:akshay_pachaar  bal_after=8023194  spent=0c ($0.0)  count=20
  ↳ xarticles:author-baseline:addyosmani  bal_before=8023194  est=300c
  ↳ xarticles:author-baseline:addyosmani  bal_after=8023194  spent=0c ($0.0)  count=20
  ↳ xarticles:author-baseline:mvanhorn  bal_before=8023194  est=300c
  ↳ xarticles:author-baseline:mvanhorn  bal_after=8023194  spent=0c ($0.0)  count=20
  ↳ xarticles:author-baseline:OneBiz_Levela  bal_before=8023194  est=300c
  ↳ xarticles:author-baseline:OneBiz_Levela  bal_after=8023194  spent=0c ($0.0)  count=20
  ↳ xarticles:author-baseline:RLanceMartin  bal_before=8023194  est=300c
  ↳ xarticles:author-baseline:RLanceMartin  bal_after=8023194  spent=0c ($0.0)  count=20
  ↳ xarticles:author-baseline:sairahul1  bal_before=8023194  est=300c
  ↳ xarticles:author-baseline:sairahul1  bal_after=8023194  spent=0c ($0.0)  count=20
  ↳ xarticles:author-baseline:mvanhorn  bal_before=8023194  est=300c
  ↳ xarticles:author-baseline:mvanhorn  bal_after=8023194  spent=0c ($0.0)  count=20
  ↳ xarticles:author-baseline:uchita_success  bal_before=8023194  est=300c
  ↳ xarticles:author-baseline:uchita_success  bal_after=8023194  spent=0c ($0.0)  count=20
  ↳ xarticles:author-baseline:ai_xiaomu  bal_before=8023194  est=300c
  ↳ xarticles:author-baseline:ai_xiaomu  bal_after=8023194  spent=0c ($0.0)  count=20
  ↳ xarticles:author-baseline:drfeifei  bal_before=8023194  est=300c
  ↳ xarticles:author-baseline:drfeifei  bal_after=8023194  spent=0c ($0.0)  count=20
  ↳ xarticles:author-baseline:canghe  bal_before=8023194  est=300c
  ↳ xarticles:author-baseline:canghe  bal_after=8019594  spent=3600c ($0.036)  count=20
  ↳ xarticles:author-baseline:VadimStrizheus  bal_before=8019594  est=300c
  ↳ xarticles:author-baseline:VadimStrizheus  bal_after=8019594  spent=0c ($0.0)  count=20
  ↳ xarticles:author-baseline:addyosmani  bal_before=8019594  est=300c
  ↳ xarticles:author-baseline:addyosmani  bal_after=8019594  spent=0c ($0.0)  count=20
  ↳ xarticles:author-baseline:dotey  bal_before=8019594  est=300c
  ↳ xarticles:author-baseline:dotey  bal_after=8019594  spent=0c ($0.0)  count=20
  ↳ xarticles:author-baseline:sairahul1  bal_before=8019594  est=300c
  ↳ xarticles:author-baseline:sairahul1  bal_after=8019594  spent=0c ($0.0)  count=20
  ↳ xarticles:author-baseline:fta7  bal_before=8019594  est=300c
  ↳ xarticles:author-baseline:fta7  bal_after=8019594  spent=0c ($0.0)  count=20
  ↳ xarticles:author-baseline:arceyul  bal_before=8019594  est=300c
  ↳ xarticles:author-baseline:arceyul  bal_after=8019594  spent=0c ($0.0)  count=20
  ↳ xarticles:author-baseline:addyosmani  bal_before=8019594  est=300c
  ↳ xarticles:author-baseline:addyosmani  bal_after=8019594  spent=0c ($0.0)  count=20
  ↳ xarticles:author-baseline:sairahul1  bal_before=8019594  est=300c
  ↳ xarticles:author-baseline:sairahul1  bal_after=8019594  spent=0c ($0.0)  count=20
  ↳ xarticles:author-baseline:jxnlco  bal_before=8019594  est=300c
  ↳ xarticles:author-baseline:jxnlco  bal_after=8019594  spent=0c ($0.0)  count=20
  ↳ xarticles:author-baseline:vasuman  bal_before=8019594  est=300c
  ↳ xarticles:author-baseline:vasuman  bal_after=8019594  spent=0c ($0.0)  count=20
  ↳ xarticles:author-baseline:mfpiccolo  bal_before=8019594  est=300c
  ↳ xarticles:author-baseline:mfpiccolo  bal_after=8019594  spent=0c ($0.0)  count=20
  ↳ xarticles:author-baseline:Ecom_Linus  bal_before=8019594  est=300c
  ↳ xarticles:author-baseline:Ecom_Linus  bal_after=8019594  spent=0c ($0.0)  count=20
  ↳ xarticles:author-baseline:fujita_mika_ai  bal_before=8015994  est=300c
  ↳ xarticles:author-baseline:fujita_mika_ai  bal_after=8015994  spent=0c ($0.0)  count=20
  ↳ xarticles:author-baseline:joeschmidtiv  bal_before=8015994  est=300c
  ↳ xarticles:author-baseline:joeschmidtiv  bal_after=8015994  spent=0c ($0.0)  count=20
  ↳ xarticles:author-baseline:168X_Fortune  bal_before=8015994  est=300c
  ↳ xarticles:author-baseline:168X_Fortune  bal_after=8015994  spent=0c ($0.0)  count=20
  ↳ xarticles:author-baseline:0xCodez  bal_before=8015994  est=300c
  ↳ xarticles:author-baseline:0xCodez  bal_after=8015994  spent=0c ($0.0)  count=20
  ↳ xarticles:author-baseline:liyue_ai  bal_before=8015994  est=300c
  ↳ xarticles:author-baseline:liyue_ai  bal_after=8015994  spent=0c ($0.0)  count=20
  ↳ xarticles:author-baseline:dickiebush  bal_before=8015994  est=300c
  ↳ xarticles:author-baseline:dickiebush  bal_after=8015994  spent=0c ($0.0)  count=20
  ↳ xarticles:author-baseline:MAMAAAAU  bal_before=8015994  est=300c
  ↳ xarticles:author-baseline:MAMAAAAU  bal_after=8015994  spent=0c ($0.0)  count=20
  ↳ xarticles:author-baseline:ActionModelAI  bal_before=8015994  est=300c
  ↳ xarticles:author-baseline:ActionModelAI  bal_after=8015994  spent=0c ($0.0)  count=20
  ↳ xarticles:author-baseline:AInokuhaku  bal_before=8015994  est=300c
  ↳ xarticles:author-baseline:AInokuhaku  bal_after=8015994  spent=0c ($0.0)  count=20
  ↳ xarticles:author-baseline:chrisbarber  bal_before=8015994  est=300c
  ↳ xarticles:author-baseline:chrisbarber  bal_after=8015994  spent=0c ($0.0)  count=20
  ↳ xarticles:author-baseline:ch402  bal_before=8015994  est=300c
  ↳ xarticles:author-baseline:ch402  bal_after=8012994  spent=3000c ($0.03)  count=20
  ↳ xarticles:author-baseline:bookwormengr  bal_before=8012994  est=300c
  ↳ xarticles:author-baseline:bookwormengr  bal_after=8012994  spent=0c ($0.0)  count=20
  ↳ xarticles:author-baseline:0xEcho99  bal_before=8012994  est=300c
  ↳ xarticles:author-baseline:0xEcho99  bal_after=8012994  spent=0c ($0.0)  count=20
  ↳ xarticles:author-baseline:hnshah  bal_before=8012994  est=300c
  ↳ xarticles:author-baseline:hnshah  bal_after=8012994  spent=0c ($0.0)  count=20
  ↳ xarticles:author-baseline:ActionModelAI  bal_before=8012994  est=300c
  ↳ xarticles:author-baseline:ActionModelAI  bal_after=8012994  spent=0c ($0.0)  count=20
  ↳ xarticles:author-baseline:eng_khairallah1  bal_before=8012994  est=300c
  ↳ xarticles:author-baseline:eng_khairallah1  bal_after=8012994  spent=0c ($0.0)  count=20
  ↳ xarticles:author-baseline:ai_xiaomu  bal_before=8012994  est=300c
  ↳ xarticles:author-baseline:ai_xiaomu  bal_after=8012994  spent=0c ($0.0)  count=20
  ↳ xarticles:author-baseline:0xCodez  bal_before=8012994  est=300c
  ↳ xarticles:author-baseline:0xCodez  bal_after=8012994  spent=0c ($0.0)  count=20
  ↳ xarticles:author-baseline:Saboo_Shubham_  bal_before=8012994  est=300c
  ↳ xarticles:author-baseline:Saboo_Shubham_  bal_after=8012994  spent=0c ($0.0)  count=20
  ↳ xarticles:author-baseline:Mnilax  bal_before=8012994  est=300c
  ↳ xarticles:author-baseline:Mnilax  bal_after=8010594  spent=2400c ($0.024)  count=20
  ↳ xarticles:author-baseline:uchita_success  bal_before=8010594  est=300c
  ↳ xarticles:author-baseline:uchita_success  bal_after=8010594  spent=0c ($0.0)  count=20
  ↳ xarticles:author-baseline:zodchiii  bal_before=8010594  est=300c
  ↳ xarticles:author-baseline:zodchiii  bal_after=8010594  spent=0c ($0.0)  count=20
  ↳ xarticles:author-baseline:99JKBADjOv14711  bal_before=8010594  est=300c
  ↳ xarticles:author-baseline:99JKBADjOv14711  bal_after=8010594  spent=0c ($0.0)  count=20
  ↳ xarticles:author-baseline:MakeAI_CEO  bal_before=8010594  est=300c
  ↳ xarticles:author-baseline:MakeAI_CEO  bal_after=8010594  spent=0c ($0.0)  count=20
  ↳ xarticles:author-baseline:adityaag  bal_before=8010594  est=300c
  ↳ xarticles:author-baseline:adityaag  bal_after=8010594  spent=0c ($0.0)  count=20
  ↳ xarticles:author-baseline:XDevelopers  bal_before=8010594  est=300c
  ↳ xarticles:author-baseline:XDevelopers  bal_after=8010594  spent=0c ($0.0)  count=20
  ↳ xarticles:author-baseline:GoogleAI  bal_before=8010594  est=300c
  ↳ xarticles:author-baseline:GoogleAI  bal_after=8010594  spent=0c ($0.0)  count=20
  ↳ xarticles:author-baseline:Huawei  bal_before=8010594  est=300c
  ↳ xarticles:author-baseline:Huawei  bal_after=8010594  spent=0c ($0.0)  count=20
  ↳ xarticles:author-baseline:weiyux2021  bal_before=8010594  est=300c
  ↳ xarticles:author-baseline:weiyux2021  bal_after=8010594  spent=0c ($0.0)  count=20
  ↳ xarticles:author-baseline:eng_khairallah1  bal_before=8010594  est=300c
  ↳ xarticles:author-baseline:eng_khairallah1  bal_after=8010594  spent=0c ($0.0)  count=20
  ↳ xarticles:author-baseline:DamiDefi  bal_before=8010594  est=300c
  ↳ xarticles:author-baseline:DamiDefi  bal_after=8010594  spent=0c ($0.0)  count=20
  ↳ xarticles:author-baseline:nicbstme  bal_before=8010594  est=300c
  ↳ xarticles:author-baseline:nicbstme  bal_after=8010594  spent=0c ($0.0)  count=20
  ↳ xarticles:author-baseline:MushtaqBilalPhD  bal_before=8010594  est=300c
  ↳ xarticles:author-baseline:MushtaqBilalPhD  bal_after=8006394  spent=4200c ($0.042)  count=20
  ↳ xarticles:author-baseline:chamath  bal_before=8006394  est=300c
  ↳ xarticles:author-baseline:chamath  bal_after=8006394  spent=0c ($0.0)  count=20
  ↳ xarticles:author-baseline:Russell3402  bal_before=8006394  est=300c
  ↳ xarticles:author-baseline:Russell3402  bal_after=8006394  spent=0c ($0.0)  count=20
  ↳ xarticles:author-baseline:saranormous  bal_before=8006394  est=300c
  ↳ xarticles:author-baseline:saranormous  bal_after=8006394  spent=0c ($0.0)  count=20
  ↳ xarticles:author-baseline:sairahul1  bal_before=8006394  est=300c
  ↳ xarticles:author-baseline:sairahul1  bal_after=8006394  spent=0c ($0.0)  count=20
  ↳ xarticles:author-baseline:polydao  bal_before=8006394  est=300c
  ↳ xarticles:author-baseline:polydao  bal_after=8006394  spent=0c ($0.0)  count=20
  ↳ xarticles:author-baseline:eng_khairallah1  bal_before=8006394  est=300c
  ↳ xarticles:author-baseline:eng_khairallah1  bal_after=8006394  spent=0c ($0.0)  count=20
  ↳ xarticles:author-baseline:DeRonin_  bal_before=8006394  est=300c
  ↳ xarticles:author-baseline:DeRonin_  bal_after=8006394  spent=0c ($0.0)  count=20
  ↳ xarticles:author-baseline:OptimaiNetwork  bal_before=8006394  est=300c
  ↳ xarticles:author-baseline:OptimaiNetwork  bal_after=8006394  spent=0c ($0.0)  count=20
  ↳ xarticles:author-baseline:sairahul1  bal_before=8006394  est=300c
  ↳ xarticles:author-baseline:sairahul1  bal_after=8006394  spent=0c ($0.0)  count=20
  ↳ xarticles:author-baseline:rwayne  bal_before=8006394  est=300c
  ↳ xarticles:author-baseline:rwayne  bal_after=8006394  spent=0c ($0.0)  count=20
  ↳ xarticles:author-baseline:AdrianPunk115  bal_before=8006394  est=300c
  ↳ xarticles:author-baseline:AdrianPunk115  bal_after=8006394  spent=0c ($0.0)  count=20
  ↳ xarticles:author-baseline:wadezone  bal_before=8006394  est=300c
  ↳ xarticles:author-baseline:wadezone  bal_after=8006394  spent=0c ($0.0)  count=20
  ↳ xarticles:author-baseline:gregisenberg  bal_before=8006394  est=300c
  ↳ xarticles:author-baseline:gregisenberg  bal_after=8002194  spent=4200c ($0.042)  count=20
  ↳ xarticles:author-baseline:AYi_AInotes  bal_before=8002194  est=300c
  ↳ xarticles:author-baseline:AYi_AInotes  bal_after=8002194  spent=0c ($0.0)  count=20
  ↳ xarticles:author-baseline:zodchiii  bal_before=8002194  est=300c
  ↳ xarticles:author-baseline:zodchiii  bal_after=8002194  spent=0c ($0.0)  count=20
  ↳ xarticles:author-baseline:168X_Fortune  bal_before=8002194  est=300c
  ↳ xarticles:author-baseline:168X_Fortune  bal_after=8002194  spent=0c ($0.0)  count=20
  ↳ xarticles:author-baseline:cyrilXBT  bal_before=8002194  est=300c
  ↳ xarticles:author-baseline:cyrilXBT  bal_after=8002194  spent=0c ($0.0)  count=20
  ↳ xarticles:author-baseline:EXM7777  bal_before=8002194  est=300c
  ↳ xarticles:author-baseline:EXM7777  bal_after=8002194  spent=0c ($0.0)  count=20
  ↳ xarticles:author-baseline:servasyy_ai  bal_before=8002194  est=300c
  ↳ xarticles:author-baseline:servasyy_ai  bal_after=8002194  spent=0c ($0.0)  count=20
  ↳ xarticles:author-baseline:canghe  bal_before=8002194  est=300c
  ↳ xarticles:author-baseline:canghe  bal_after=8002194  spent=0c ($0.0)  count=20
  ↳ xarticles:author-baseline:Alaya_AI  bal_before=8002194  est=300c
  ↳ xarticles:author-baseline:Alaya_AI  bal_after=8002194  spent=0c ($0.0)  count=20
  ↳ xarticles:author-baseline:delba_oliveira  bal_before=8002194  est=300c
  ↳ xarticles:author-baseline:delba_oliveira  bal_after=8002194  spent=0c ($0.0)  count=20
  ↳ xarticles:author-baseline:eng_khairallah1  bal_before=8002194  est=300c
  ↳ xarticles:author-baseline:eng_khairallah1  bal_after=8002194  spent=0c ($0.0)  count=20
  ↳ xarticles:author-baseline:iluciddreaming  bal_before=8002194  est=300c
  ↳ xarticles:author-baseline:iluciddreaming  bal_after=8002194  spent=0c ($0.0)  count=20
  ↳ xarticles:author-baseline:dkundel  bal_before=8002194  est=300c
  ↳ xarticles:author-baseline:dkundel  bal_after=7998894  spent=3300c ($0.033)  count=20
  ↳ xarticles:author-baseline:ak0_0me  bal_before=7998894  est=300c
  ↳ xarticles:author-baseline:ak0_0me  bal_after=7998894  spent=0c ($0.0)  count=20
  ↳ xarticles:author-baseline:poteto  bal_before=7998894  est=300c
  ↳ xarticles:author-baseline:poteto  bal_after=7998894  spent=0c ($0.0)  count=20
  ↳ xarticles:author-baseline:TheAhmadOsman  bal_before=7998894  est=300c
  ↳ xarticles:author-baseline:TheAhmadOsman  bal_after=7998894  spent=0c ($0.0)  count=20
  ↳ xarticles:author-baseline:VadimStrizheus  bal_before=7998894  est=300c
  ↳ xarticles:author-baseline:VadimStrizheus  bal_after=7998894  spent=0c ($0.0)  count=20
  ↳ xarticles:author-baseline:beku_AI  bal_before=7998894  est=300c
  ↳ xarticles:author-baseline:beku_AI  bal_after=7998894  spent=0c ($0.0)  count=20
  ↳ xarticles:author-baseline:wei_wang  bal_before=7998894  est=300c
  ↳ xarticles:author-baseline:wei_wang  bal_after=7998894  spent=0c ($0.0)  count=20
  ↳ xarticles:author-baseline:garrytan  bal_before=7998894  est=300c
  ↳ xarticles:author-baseline:garrytan  bal_after=7998894  spent=0c ($0.0)  count=20
  ↳ xarticles:author-baseline:IBuzovskyi  bal_before=7998894  est=300c
  ↳ xarticles:author-baseline:IBuzovskyi  bal_after=7998894  spent=0c ($0.0)  count=20
  ↳ xarticles:author-baseline:SebastienBubeck  bal_before=7998894  est=300c
  ↳ xarticles:author-baseline:SebastienBubeck  bal_after=7998894  spent=0c ($0.0)  count=20
  ↳ xarticles:author-baseline:anduriltech  bal_before=7998894  est=300c
  ↳ xarticles:author-baseline:anduriltech  bal_after=7998894  spent=0c ($0.0)  count=20
  ↳ xarticles:author-baseline:Khazix0918  bal_before=7998894  est=300c
  ↳ xarticles:author-baseline:Khazix0918  bal_after=7994994  spent=3900c ($0.039)  count=20
  ↳ xarticles:author-baseline:agi_aibusi  bal_before=7994994  est=300c
  ↳ xarticles:author-baseline:agi_aibusi  bal_after=7994994  spent=0c ($0.0)  count=20
  ↳ xarticles:author-baseline:GeekCatX  bal_before=7994994  est=300c
  ↳ xarticles:author-baseline:GeekCatX  bal_after=7994994  spent=0c ($0.0)  count=20
  ↳ xarticles:author-baseline:varickagents  bal_before=7994994  est=300c
  ↳ xarticles:author-baseline:varickagents  bal_after=7994994  spent=0c ($0.0)  count=2
  ↳ xarticles:author-baseline:minicoohei  bal_before=7994994  est=300c
  ↳ xarticles:author-baseline:minicoohei  bal_after=7994994  spent=0c ($0.0)  count=20
  ↳ xarticles:author-baseline:aiedge_  bal_before=7994994  est=300c
  ↳ xarticles:author-baseline:aiedge_  bal_after=7994994  spent=0c ($0.0)  count=20
  ↳ xarticles:author-baseline:BeamManP  bal_before=7994994  est=300c
  ↳ xarticles:author-baseline:BeamManP  bal_after=7994994  spent=0c ($0.0)  count=20
  ↳ xarticles:author-baseline:intuitiveml  bal_before=7994994  est=300c
  ↳ xarticles:author-baseline:intuitiveml  bal_after=7994994  spent=0c ($0.0)  count=20
  ↳ xarticles:author-baseline:monokern  bal_before=7994994  est=300c
  ↳ xarticles:author-baseline:monokern  bal_after=7994994  spent=0c ($0.0)  count=20
  ↳ xarticles:author-baseline:AYi_AInotes  bal_before=7994994  est=300c
  ↳ xarticles:author-baseline:AYi_AInotes  bal_after=7994994  spent=0c ($0.0)  count=20
  ↳ xarticles:author-baseline:TheAhmadOsman  bal_before=7994994  est=300c
  ↳ xarticles:author-baseline:TheAhmadOsman  bal_after=7993164  spent=1830c ($0.0183)  count=20
  ↳ xarticles:author-baseline:0xwhrrari  bal_before=7993164  est=300c
  ↳ xarticles:author-baseline:0xwhrrari  bal_after=7993164  spent=0c ($0.0)  count=20
  ↳ xarticles:author-baseline:Hoshino_Sokichi  bal_before=7993164  est=300c
  ↳ xarticles:author-baseline:Hoshino_Sokichi  bal_after=7993164  spent=0c ($0.0)  count=20
  ↳ xarticles:author-baseline:alokbishoyi97  bal_before=7993164  est=300c
  ↳ xarticles:author-baseline:alokbishoyi97  bal_after=7993164  spent=0c ($0.0)  count=20
  ↳ xarticles:author-baseline:XBusiness  bal_before=7993164  est=300c
  ↳ xarticles:author-baseline:XBusiness  bal_after=7993164  spent=0c ($0.0)  count=20
  ↳ xarticles:author-baseline:rockey2799m  bal_before=7993164  est=300c
  ↳ xarticles:author-baseline:rockey2799m  bal_after=7993164  spent=0c ($0.0)  count=20
  ↳ xarticles:author-baseline:wangyinrec  bal_before=7993164  est=300c
  ↳ xarticles:author-baseline:wangyinrec  bal_after=7993164  spent=0c ($0.0)  count=20
  ↳ xarticles:author-baseline:starmexxx  bal_before=7993164  est=300c
  ↳ xarticles:author-baseline:starmexxx  bal_after=7993164  spent=0c ($0.0)  count=20
  ↳ xarticles:author-baseline:yidabuilds  bal_before=7993164  est=300c
  ↳ xarticles:author-baseline:yidabuilds  bal_after=7993164  spent=0c ($0.0)  count=20
  ↳ xarticles:author-baseline:base  bal_before=7993164  est=300c
  ↳ xarticles:author-baseline:base  bal_after=7993164  spent=0c ($0.0)  count=20
  ↳ xarticles:author-baseline:InduTripat82427  bal_before=7993164  est=300c
  ↳ xarticles:author-baseline:InduTripat82427  bal_after=7993164  spent=0c ($0.0)  count=20
  ↳ xarticles:author-baseline:RaoulGMI  bal_before=7993164  est=300c
  ↳ xarticles:author-baseline:RaoulGMI  bal_after=7989264  spent=3900c ($0.039)  count=20
  ↳ xarticles:author-baseline:0xJeff  bal_before=7989264  est=300c
  ↳ xarticles:author-baseline:0xJeff  bal_after=7989264  spent=0c ($0.0)  count=20
  ↳ xarticles:author-baseline:riba2534  bal_before=7989264  est=300c
  ↳ xarticles:author-baseline:riba2534  bal_after=7989264  spent=0c ($0.0)  count=20
  ↳ xarticles:author-baseline:IBuzovskyi  bal_before=7989264  est=300c
  ↳ xarticles:author-baseline:IBuzovskyi  bal_after=7989264  spent=0c ($0.0)  count=20
  ↳ xarticles:author-baseline:itsreallyvivek  bal_before=7989264  est=300c
  ↳ xarticles:author-baseline:itsreallyvivek  bal_after=7989264  spent=0c ($0.0)  count=20
  ↳ xarticles:author-baseline:0xileri  bal_before=7989264  est=300c
  ↳ xarticles:author-baseline:0xileri  bal_after=7989264  spent=0c ($0.0)  count=20
  ↳ xarticles:author-baseline:ByteMohit  bal_before=7989264  est=300c
  ↳ xarticles:author-baseline:ByteMohit  bal_after=7989264  spent=0c ($0.0)  count=20
  ↳ xarticles:author-baseline:rasbt  bal_before=7989264  est=300c
  ↳ xarticles:author-baseline:rasbt  bal_after=7989264  spent=0c ($0.0)  count=20
  ↳ xarticles:author-baseline:undefinedKi  bal_before=7989264  est=300c
  ↳ xarticles:author-baseline:undefinedKi  bal_after=7989264  spent=0c ($0.0)  count=20
  ↳ xarticles:author-baseline:anduriltech  bal_before=7989264  est=300c
  ↳ xarticles:author-baseline:anduriltech  bal_after=7989264  spent=0c ($0.0)  count=20
  ↳ xarticles:author-baseline:akshay_pachaar  bal_before=7989264  est=300c
  ↳ xarticles:author-baseline:akshay_pachaar  bal_after=7986564  spent=2700c ($0.027)  count=20
  ↳ xarticles:author-baseline:DimitrisPapail  bal_before=7986564  est=300c
  ↳ xarticles:author-baseline:DimitrisPapail  bal_after=7986564  spent=0c ($0.0)  count=20
  ↳ xarticles:author-baseline:eng_khairallah1  bal_before=7986564  est=300c
  ↳ xarticles:author-baseline:eng_khairallah1  bal_after=7986564  spent=0c ($0.0)  count=20
  ↳ xarticles:author-baseline:ai_xiaomu  bal_before=7986564  est=300c
  ↳ xarticles:author-baseline:ai_xiaomu  bal_after=7986564  spent=0c ($0.0)  count=20
  ↳ xarticles:author-baseline:Hoshino_Sokichi  bal_before=7986564  est=300c
  ↳ xarticles:author-baseline:Hoshino_Sokichi  bal_after=7986564  spent=0c ($0.0)  count=20
  ↳ xarticles:author-baseline:369Serena  bal_before=7986564  est=300c
  ↳ xarticles:author-baseline:369Serena  bal_after=7986564  spent=0c ($0.0)  count=20
  ↳ xarticles:author-baseline:Jason_Young1231  bal_before=7986564  est=300c
  ↳ xarticles:author-baseline:Jason_Young1231  bal_after=7986564  spent=0c ($0.0)  count=20
  ↳ xarticles:author-baseline:0xJeff  bal_before=7986564  est=300c
  ↳ xarticles:author-baseline:0xJeff  bal_after=7986564  spent=0c ($0.0)  count=20
  ↳ xarticles:author-baseline:AmberTreelet  bal_before=7986564  est=300c
  ↳ xarticles:author-baseline:AmberTreelet  bal_after=7986564  spent=0c ($0.0)  count=20
  ↳ xarticles:author-baseline:KSimback  bal_before=7986564  est=300c
  ↳ xarticles:author-baseline:KSimback  bal_after=7986564  spent=0c ($0.0)  count=20
  ↳ xarticles:author-baseline:luoyonghao  bal_before=7986564  est=300c
  ↳ xarticles:author-baseline:luoyonghao  bal_after=7986564  spent=0c ($0.0)  count=20
  ↳ xarticles:author-baseline:0xCodez  bal_before=7986564  est=300c
  ↳ xarticles:author-baseline:0xCodez  bal_after=7986564  spent=0c ($0.0)  count=20
  ↳ xarticles:author-baseline:xiaohu  bal_before=7986564  est=300c
  ↳ xarticles:author-baseline:xiaohu  bal_after=7986564  spent=0c ($0.0)  count=20
  ↳ xarticles:author-baseline:mercarioji  bal_before=7986564  est=300c
  ↳ xarticles:author-baseline:mercarioji  bal_after=7986564  spent=0c ($0.0)  count=20
  ↳ xarticles:author-baseline:yanhua1010  bal_before=7986564  est=300c
  ↳ xarticles:author-baseline:yanhua1010  bal_after=7982064  spent=4500c ($0.045)  count=20
  ↳ xarticles:author-baseline:gregisenberg  bal_before=7982064  est=300c
  ↳ xarticles:author-baseline:gregisenberg  bal_after=7982064  spent=0c ($0.0)  count=20
  ↳ xarticles:author-baseline:mem0ai  bal_before=7982064  est=300c
  ↳ xarticles:author-baseline:mem0ai  bal_after=7982064  spent=0c ($0.0)  count=20
  ↳ xarticles:author-baseline:Xuhuicai888  bal_before=7982064  est=300c
  ↳ xarticles:author-baseline:Xuhuicai888  bal_after=7982064  spent=0c ($0.0)  count=20
  ↳ xarticles:author-baseline:base  bal_before=7982064  est=300c
  ↳ xarticles:author-baseline:base  bal_after=7982064  spent=0c ($0.0)  count=20
  ↳ xarticles:author-baseline:Russell3402  bal_before=7982064  est=300c
  ↳ xarticles:author-baseline:Russell3402  bal_after=7982064  spent=0c ($0.0)  count=20
  ↳ xarticles:author-baseline:168X_Fortune  bal_before=7982064  est=300c
  ↳ xarticles:author-baseline:168X_Fortune  bal_after=7982064  spent=0c ($0.0)  count=20
  ↳ xarticles:author-baseline:ErnestoSOFTWARE  bal_before=7982064  est=300c
  ↳ xarticles:author-baseline:ErnestoSOFTWARE  bal_after=7982064  spent=0c ($0.0)  count=20
  ↳ xarticles:author-baseline:dair_ai  bal_before=7982064  est=300c
  ↳ xarticles:author-baseline:dair_ai  bal_after=7982064  spent=0c ($0.0)  count=20
  ↳ xarticles:author-baseline:MossAI_CN  bal_before=7982064  est=300c
  ↳ xarticles:author-baseline:MossAI_CN  bal_after=7982064  spent=0c ($0.0)  count=20
  ↳ xarticles:author-baseline:AYi_AInotes  bal_before=7982064  est=300c
  ↳ xarticles:author-baseline:AYi_AInotes  bal_after=7982064  spent=0c ($0.0)  count=20
  ↳ xarticles:author-baseline:DamiDefi  bal_before=7982064  est=300c
  ↳ xarticles:author-baseline:DamiDefi  bal_after=7982064  spent=0c ($0.0)  count=20
  ↳ xarticles:author-baseline:HiCagr  bal_before=7982064  est=300c
  ↳ xarticles:author-baseline:HiCagr  bal_after=7982064  spent=0c ($0.0)  count=20
  ↳ xarticles:author-baseline:Buusk3  bal_before=7982064  est=300c
  ↳ xarticles:author-baseline:Buusk3  bal_after=7978464  spent=3600c ($0.036)  count=20
  ↳ xarticles:author-baseline:0x_rody  bal_before=7978464  est=300c
  ↳ xarticles:author-baseline:0x_rody  bal_after=7978464  spent=0c ($0.0)  count=20
  ↳ xarticles:author-baseline:xiaogaifun  bal_before=7978464  est=300c
  ↳ xarticles:author-baseline:xiaogaifun  bal_after=7978464  spent=0c ($0.0)  count=16
  ↳ xarticles:author-baseline:GoogleAIStudio  bal_before=7978464  est=300c
  ↳ xarticles:author-baseline:GoogleAIStudio  bal_after=7978464  spent=0c ($0.0)  count=20
  ↳ xarticles:author-baseline:skcd42  bal_before=7978464  est=300c
  ↳ xarticles:author-baseline:skcd42  bal_after=7978464  spent=0c ($0.0)  count=20
  ↳ xarticles:author-baseline:ichiaimarketer  bal_before=7978464  est=300c
  ↳ xarticles:author-baseline:ichiaimarketer  bal_after=7978464  spent=0c ($0.0)  count=20
  ↳ xarticles:author-baseline:cyrilXBT  bal_before=7978464  est=300c
  ↳ xarticles:author-baseline:cyrilXBT  bal_after=7978464  spent=0c ($0.0)  count=20
  ↳ xarticles:author-baseline:madogiwacowork  bal_before=7978464  est=300c
  ↳ xarticles:author-baseline:madogiwacowork  bal_after=7978464  spent=0c ($0.0)  count=20
  ↳ xarticles:author-baseline:kfk_ai  bal_before=7978464  est=300c
  ↳ xarticles:author-baseline:kfk_ai  bal_after=7978464  spent=0c ($0.0)  count=20
  ↳ xarticles:author-baseline:tropicalvalue  bal_before=7978464  est=300c
  ↳ xarticles:author-baseline:tropicalvalue  bal_after=7978464  spent=0c ($0.0)  count=20
  ↳ xarticles:author-baseline:luoyonghao  bal_before=7978464  est=300c
  ↳ xarticles:author-baseline:luoyonghao  bal_after=7978464  spent=0c ($0.0)  count=20
  ↳ xarticles:author-baseline:sairahul1  bal_before=7978464  est=300c
  ↳ xarticles:author-baseline:sairahul1  bal_after=7978464  spent=0c ($0.0)  count=20
  ↳ xarticles:author-baseline:leopardracer  bal_before=7974924  est=300c
  ↳ xarticles:author-baseline:leopardracer  bal_after=7974924  spent=0c ($0.0)  count=20
  ↳ xarticles:author-baseline:dontbesilent  bal_before=7974924  est=300c
  ↳ xarticles:author-baseline:dontbesilent  bal_after=7974924  spent=0c ($0.0)  count=20
  ↳ xarticles:author-baseline:AInokuhaku  bal_before=7974924  est=300c
  ↳ xarticles:author-baseline:AInokuhaku  bal_after=7974924  spent=0c ($0.0)  count=20
  ↳ xarticles:author-baseline:sairahul1  bal_before=7974924  est=300c
  ↳ xarticles:author-baseline:sairahul1  bal_after=7974924  spent=0c ($0.0)  count=20
  ↳ xarticles:author-baseline:OptimaiNetwork  bal_before=7974924  est=300c
  ↳ xarticles:author-baseline:OptimaiNetwork  bal_after=7974924  spent=0c ($0.0)  count=20
  ↳ xarticles:author-baseline:nifinet  bal_before=7974924  est=300c
  ↳ xarticles:author-baseline:nifinet  bal_after=7974924  spent=0c ($0.0)  count=20
  ↳ xarticles:author-baseline:pejmanjohn  bal_before=7974924  est=300c
  ↳ xarticles:author-baseline:pejmanjohn  bal_after=7974924  spent=0c ($0.0)  count=20
  ↳ xarticles:author-baseline:naiyue777  bal_before=7974924  est=300c
  ↳ xarticles:author-baseline:naiyue777  bal_after=7974924  spent=0c ($0.0)  count=7
  ↳ xarticles:author-baseline:Travix_fi  bal_before=7974924  est=300c
  ↳ xarticles:author-baseline:Travix_fi  bal_after=7974924  spent=0c ($0.0)  count=20
  ↳ xarticles:author-baseline:mugi_AI_Art  bal_before=7974924  est=300c
  ↳ xarticles:author-baseline:mugi_AI_Art  bal_after=7974924  spent=0c ($0.0)  count=20
  ↳ xarticles:author-baseline:athleticKoder  bal_before=7974924  est=300c
  ↳ xarticles:author-baseline:athleticKoder  bal_after=7974924  spent=0c ($0.0)  count=20
  ↳ xarticles:author-baseline:adiix_official  bal_before=7974924  est=300c
  ↳ xarticles:author-baseline:adiix_official  bal_after=7974924  spent=0c ($0.0)  count=20
  ↳ xarticles:author-baseline:sydneyrunkle  bal_before=7974924  est=300c
  ↳ xarticles:author-baseline:sydneyrunkle  bal_after=7974924  spent=0c ($0.0)  count=20
  ↳ xarticles:author-baseline:miyagawadaisuke  bal_before=7974924  est=300c
  ↳ xarticles:author-baseline:miyagawadaisuke  bal_after=7971219  spent=3705c ($0.037)  count=20
  ↳ xarticles:author-baseline:evelyn_mawuli  bal_before=7971219  est=300c
  ↳ xarticles:author-baseline:evelyn_mawuli  bal_after=7971219  spent=0c ($0.0)  count=20
  ↳ xarticles:author-baseline:eng_khairallah1  bal_before=7971219  est=300c
  ↳ xarticles:author-baseline:eng_khairallah1  bal_after=7971219  spent=0c ($0.0)  count=20
  ↳ xarticles:author-baseline:kawai_design  bal_before=7971219  est=300c
  ↳ xarticles:author-baseline:kawai_design  bal_after=7971219  spent=0c ($0.0)  count=20
  ↳ xarticles:author-baseline:DamiDefi  bal_before=7971219  est=300c
  ↳ xarticles:author-baseline:DamiDefi  bal_after=7971219  spent=0c ($0.0)  count=20
  ↳ xarticles:author-baseline:ElevenLabsDevs  bal_before=7971219  est=300c
  ↳ xarticles:author-baseline:ElevenLabsDevs  bal_after=7971219  spent=0c ($0.0)  count=20
  ↳ xarticles:author-baseline:ericzakariasson  bal_before=7971219  est=300c
  ↳ xarticles:author-baseline:ericzakariasson  bal_after=7971219  spent=0c ($0.0)  count=20
  ↳ xarticles:author-baseline:cyrilXBT  bal_before=7971219  est=300c
  ↳ xarticles:author-baseline:cyrilXBT  bal_after=7971219  spent=0c ($0.0)  count=20
  ↳ xarticles:author-baseline:TimJayas  bal_before=7971219  est=300c
  ↳ xarticles:author-baseline:TimJayas  bal_after=7971219  spent=0c ($0.0)  count=20
  ↳ xarticles:author-baseline:qc777qc  bal_before=7971219  est=300c
  ↳ xarticles:author-baseline:qc777qc  bal_after=7971219  spent=0c ($0.0)  count=20
  ↳ xarticles:author-baseline:GeekCatX  bal_before=7971219  est=300c
  ↳ xarticles:author-baseline:GeekCatX  bal_after=7971219  spent=0c ($0.0)  count=20
  ↳ xarticles:author-baseline:MtkN1XBt  bal_before=7971219  est=300c
  ↳ xarticles:author-baseline:MtkN1XBt  bal_after=7967619  spent=3600c ($0.036)  count=20
  ↳ xarticles:author-baseline:aiedge_  bal_before=7967619  est=300c
  ↳ xarticles:author-baseline:aiedge_  bal_after=7967619  spent=0c ($0.0)  count=20
  ↳ xarticles:author-baseline:Zai_org  bal_before=7967619  est=300c
  ↳ xarticles:author-baseline:Zai_org  bal_after=7967619  spent=0c ($0.0)  count=20
  ↳ xarticles:author-baseline:sairahul1  bal_before=7967619  est=300c
  ↳ xarticles:author-baseline:sairahul1  bal_after=7967619  spent=0c ($0.0)  count=20
  ↳ xarticles:author-baseline:0x_fokki  bal_before=7967619  est=300c
  ↳ xarticles:author-baseline:0x_fokki  bal_after=7967619  spent=0c ($0.0)  count=20
  ↳ xarticles:author-baseline:jainarvind  bal_before=7967619  est=300c
  ↳ xarticles:author-baseline:jainarvind  bal_after=7967619  spent=0c ($0.0)  count=20
  ↳ xarticles:author-baseline:aronhouyu  bal_before=7967619  est=300c
  ↳ xarticles:author-baseline:aronhouyu  bal_after=7967619  spent=0c ($0.0)  count=20
  ↳ xarticles:author-baseline:fukkyy  bal_before=7967619  est=300c
  ↳ xarticles:author-baseline:fukkyy  bal_after=7967619  spent=0c ($0.0)  count=20
  ↳ xarticles:author-baseline:qumaiu  bal_before=7967619  est=300c
  ↳ xarticles:author-baseline:qumaiu  bal_after=7967619  spent=0c ($0.0)  count=20
  ↳ xarticles:author-baseline:VadimStrizheus  bal_before=7967619  est=300c
  ↳ xarticles:author-baseline:VadimStrizheus  bal_after=7967619  spent=0c ($0.0)  count=20
  ↳ xarticles:author-baseline:GeminiApp  bal_before=7967619  est=300c
  ↳ xarticles:author-baseline:GeminiApp  bal_after=7967619  spent=0c ($0.0)  count=20
  ↳ xarticles:author-baseline:cyrilXBT  bal_before=7967619  est=300c
  ↳ xarticles:author-baseline:cyrilXBT  bal_after=7967619  spent=0c ($0.0)  count=20
  ↳ xarticles:author-baseline:alexcooldev  bal_before=7967619  est=300c
  ↳ xarticles:author-baseline:alexcooldev  bal_after=7967619  spent=0c ($0.0)  count=20
  ↳ xarticles:author-baseline:cyrilXBT  bal_before=7967619  est=300c
  ↳ xarticles:author-baseline:cyrilXBT  bal_after=7964019  spent=3600c ($0.036)  count=20
  ↳ xarticles:author-baseline:satyaXBT  bal_before=7964019  est=300c
  ↳ xarticles:author-baseline:satyaXBT  bal_after=7964019  spent=0c ($0.0)  count=20
  ↳ xarticles:author-baseline:ryuji_affiliate  bal_before=7964019  est=300c
  ↳ xarticles:author-baseline:ryuji_affiliate  bal_after=7964019  spent=0c ($0.0)  count=20
  ↳ xarticles:author-baseline:eng_khairallah1  bal_before=7964019  est=300c
  ↳ xarticles:author-baseline:eng_khairallah1  bal_after=7964019  spent=0c ($0.0)  count=20
  ↳ xarticles:author-baseline:xiaohu  bal_before=7964019  est=300c
  ↳ xarticles:author-baseline:xiaohu  bal_after=7964019  spent=0c ($0.0)  count=20
  ↳ xarticles:author-baseline:qumaiu  bal_before=7964019  est=300c
  ↳ xarticles:author-baseline:qumaiu  bal_after=7964019  spent=0c ($0.0)  count=20
  ↳ xarticles:author-baseline:AnatoliKopadze  bal_before=7964019  est=300c
  ↳ xarticles:author-baseline:AnatoliKopadze  bal_after=7964019  spent=0c ($0.0)  count=20
  ↳ xarticles:author-baseline:0x_rody  bal_before=7964019  est=300c
  ↳ xarticles:author-baseline:0x_rody  bal_after=7964019  spent=0c ($0.0)  count=20
  ↳ xarticles:author-baseline:claudecode_lab  bal_before=7964019  est=300c
  ↳ xarticles:author-baseline:claudecode_lab  bal_after=7964019  spent=0c ($0.0)  count=20
  ↳ xarticles:author-baseline:mirroraoaoao  bal_before=7964019  est=300c
  ↳ xarticles:author-baseline:mirroraoaoao  bal_after=7964019  spent=0c ($0.0)  count=20
  ↳ xarticles:author-baseline:amapel  bal_before=7964019  est=300c
  ↳ xarticles:author-baseline:amapel  bal_after=7964019  spent=0c ($0.0)  count=20
  ↳ xarticles:author-baseline:bridge_surf  bal_before=7964019  est=300c
  ↳ xarticles:author-baseline:bridge_surf  bal_after=7960419  spent=3600c ($0.036)  count=20
  ↳ xarticles:author-baseline:noisyb0y1  bal_before=7960419  est=300c
  ↳ xarticles:author-baseline:noisyb0y1  bal_after=7960419  spent=0c ($0.0)  count=20
  ↳ xarticles:author-baseline:ParadisLabs  bal_before=7960419  est=300c
  ↳ xarticles:author-baseline:ParadisLabs  bal_after=7960419  spent=0c ($0.0)  count=20
  ↳ xarticles:author-baseline:ai_yorozuya  bal_before=7960419  est=300c
  ↳ xarticles:author-baseline:ai_yorozuya  bal_after=7960419  spent=0c ($0.0)  count=20
  ↳ xarticles:author-baseline:AskVenice  bal_before=7960419  est=300c
  ↳ xarticles:author-baseline:AskVenice  bal_after=7960419  spent=0c ($0.0)  count=20
  ↳ xarticles:author-baseline:banana_ai_club1  bal_before=7960419  est=300c
  ↳ xarticles:author-baseline:banana_ai_club1  bal_after=7960419  spent=0c ($0.0)  count=20
  ↳ xarticles:author-baseline:MyWestLord  bal_before=7960419  est=300c
  ↳ xarticles:author-baseline:MyWestLord  bal_after=7960419  spent=0c ($0.0)  count=20
  ↳ xarticles:author-baseline:0xwhrrari  bal_before=7960419  est=300c
  ↳ xarticles:author-baseline:0xwhrrari  bal_after=7960419  spent=0c ($0.0)  count=20
  ↳ xarticles:author-baseline:hansolar21  bal_before=7960419  est=300c
  ↳ xarticles:author-baseline:hansolar21  bal_after=7960419  spent=0c ($0.0)  count=19
  ↳ xarticles:author-baseline:tonbistudio  bal_before=7960419  est=300c
  ↳ xarticles:author-baseline:tonbistudio  bal_after=7960419  spent=0c ($0.0)  count=20
  ↳ xarticles:author-baseline:nobel_824  bal_before=7960419  est=300c
  ↳ xarticles:author-baseline:nobel_824  bal_after=7960419  spent=0c ($0.0)  count=20
  ↳ xarticles:author-baseline:0xshimei  bal_before=7960419  est=300c
  ↳ xarticles:author-baseline:0xshimei  bal_after=7960419  spent=0c ($0.0)  count=20
  ↳ xarticles:author-baseline:gingakogenbeer  bal_before=7960419  est=300c
  ↳ xarticles:author-baseline:gingakogenbeer  bal_after=7960419  spent=0c ($0.0)  count=20
  ↳ xarticles:author-baseline:eng_khairallah1  bal_before=7960419  est=300c
  ↳ xarticles:author-baseline:eng_khairallah1  bal_after=7956534  spent=3885c ($0.0389)  count=20
  ↳ xarticles:author-baseline:OptimaiNetwork  bal_before=7956534  est=300c
  ↳ xarticles:author-baseline:OptimaiNetwork  bal_after=7956534  spent=0c ($0.0)  count=20
  ↳ xarticles:author-baseline:Av1dlive  bal_before=7956534  est=300c
  ↳ xarticles:author-baseline:Av1dlive  bal_after=7956534  spent=0c ($0.0)  count=20
  ↳ xarticles:author-baseline:syukatuhack  bal_before=7956534  est=300c
  ↳ xarticles:author-baseline:syukatuhack  bal_after=7956534  spent=0c ($0.0)  count=20
  ↳ xarticles:author-baseline:cyrilXBT  bal_before=7956534  est=300c
  ↳ xarticles:author-baseline:cyrilXBT  bal_after=7956534  spent=0c ($0.0)  count=20
  ↳ xarticles:author-baseline:0xRicker  bal_before=7956534  est=300c
  ↳ xarticles:author-baseline:0xRicker  bal_after=7956534  spent=0c ($0.0)  count=20
  ↳ xarticles:author-baseline:kylejeong  bal_before=7956534  est=300c
  ↳ xarticles:author-baseline:kylejeong  bal_after=7956534  spent=0c ($0.0)  count=20
  ↳ xarticles:author-baseline:tousika1  bal_before=7956534  est=300c
  ↳ xarticles:author-baseline:tousika1  bal_after=7956534  spent=0c ($0.0)  count=20
  ↳ xarticles:author-baseline:GoogleAIStudio  bal_before=7956534  est=300c
  ↳ xarticles:author-baseline:GoogleAIStudio  bal_after=7956534  spent=0c ($0.0)  count=20
  ↳ xarticles:author-baseline:ChadNauseam  bal_before=7956534  est=300c
  ↳ xarticles:author-baseline:ChadNauseam  bal_after=7956534  spent=0c ($0.0)  count=20
  ↳ xarticles:author-baseline:cellinlab  bal_before=7956534  est=300c
  ↳ xarticles:author-baseline:cellinlab  bal_after=7953234  spent=3300c ($0.033)  count=20
  ↳ xarticles:author-baseline:kawai_design  bal_before=7953234  est=300c
  ↳ xarticles:author-baseline:kawai_design  bal_after=7953234  spent=0c ($0.0)  count=20
  ↳ xarticles:author-baseline:saso_capital  bal_before=7953234  est=300c
  ↳ xarticles:author-baseline:saso_capital  bal_after=7953234  spent=0c ($0.0)  count=20
  ↳ xarticles:author-baseline:WallStreet0Name  bal_before=7953234  est=300c
  ↳ xarticles:author-baseline:WallStreet0Name  bal_after=7953234  spent=0c ($0.0)  count=20
  ↳ xarticles:author-baseline:HayattiQ  bal_before=7953234  est=300c
  ↳ xarticles:author-baseline:HayattiQ  bal_after=7953234  spent=0c ($0.0)  count=20
  ↳ xarticles:author-baseline:DamiDefi  bal_before=7953234  est=300c
  ↳ xarticles:author-baseline:DamiDefi  bal_after=7953234  spent=0c ($0.0)  count=20
  ↳ xarticles:author-baseline:ClaudeCode_love  bal_before=7953234  est=300c
  ↳ xarticles:author-baseline:ClaudeCode_love  bal_after=7953234  spent=0c ($0.0)  count=20
  ↳ xarticles:author-baseline:mikenevermiss  bal_before=7953234  est=300c
  ↳ xarticles:author-baseline:mikenevermiss  bal_after=7953234  spent=0c ($0.0)  count=20
  ↳ xarticles:author-baseline:uchita_success  bal_before=7953234  est=300c
  ↳ xarticles:author-baseline:uchita_success  bal_after=7953234  spent=0c ($0.0)  count=20
  ↳ xarticles:author-baseline:sairahul1  bal_before=7953234  est=300c
  ↳ xarticles:author-baseline:sairahul1  bal_after=7953234  spent=0c ($0.0)  count=20
  ↳ xarticles:author-baseline:KSimback  bal_before=7953234  est=300c
  ↳ xarticles:author-baseline:KSimback  bal_after=7953234  spent=0c ($0.0)  count=20
  ↳ xarticles:author-baseline:Xudong07452910  bal_before=7953234  est=300c
  ↳ xarticles:author-baseline:Xudong07452910  bal_after=7953234  spent=0c ($0.0)  count=20
  ↳ xarticles:author-baseline:neural_avb  bal_before=7953234  est=300c
  ↳ xarticles:author-baseline:neural_avb  bal_after=7953234  spent=0c ($0.0)  count=20
  ↳ xarticles:author-baseline:IBuzovskyi  bal_before=7953234  est=300c
  ↳ xarticles:author-baseline:IBuzovskyi  bal_after=7949934  spent=3300c ($0.033)  count=20
  ↳ xarticles:author-baseline:techNmak  bal_before=7949934  est=300c
  ↳ xarticles:author-baseline:techNmak  bal_after=7949934  spent=0c ($0.0)  count=19
  ↳ xarticles:author-baseline:ninthbit_ai  bal_before=7949934  est=300c
  ↳ xarticles:author-baseline:ninthbit_ai  bal_after=7949934  spent=0c ($0.0)  count=20
  ↳ xarticles:author-baseline:Coco2Poppin  bal_before=7949934  est=300c
  ↳ xarticles:author-baseline:Coco2Poppin  bal_after=7949934  spent=0c ($0.0)  count=18
  ↳ xarticles:author-baseline:eng_khairallah1  bal_before=7949934  est=300c
  ↳ xarticles:author-baseline:eng_khairallah1  bal_after=7949934  spent=0c ($0.0)  count=20
  ↳ xarticles:author-baseline:idontexistTore  bal_before=7949934  est=300c
  ↳ xarticles:author-baseline:idontexistTore  bal_after=7949934  spent=0c ($0.0)  count=20
  ↳ xarticles:author-baseline:hooeem  bal_before=7949934  est=300c
  ↳ xarticles:author-baseline:hooeem  bal_after=7949934  spent=0c ($0.0)  count=20
  ↳ xarticles:author-baseline:0x_rody  bal_before=7949934  est=300c
  ↳ xarticles:author-baseline:0x_rody  bal_after=7949934  spent=0c ($0.0)  count=20
  ↳ xarticles:author-baseline:leopardracer  bal_before=7949934  est=300c
  ↳ xarticles:author-baseline:leopardracer  bal_after=7949934  spent=0c ($0.0)  count=20
  ↳ xarticles:author-baseline:reichi_aiillust  bal_before=7949934  est=300c
  ↳ xarticles:author-baseline:reichi_aiillust  bal_after=7949934  spent=0c ($0.0)  count=19
  ↳ xarticles:author-baseline:alokbishoyi97  bal_before=7949934  est=300c
  ↳ xarticles:author-baseline:alokbishoyi97  bal_after=7949934  spent=0c ($0.0)  count=20
  ↳ xarticles:author-baseline:pumpspotlight  bal_before=7949934  est=300c
  ↳ xarticles:author-baseline:pumpspotlight  bal_after=7946679  spent=3255c ($0.0326)  count=20
  ↳ xarticles:author-baseline:dashen_wang  bal_before=7946679  est=300c
  ↳ xarticles:author-baseline:dashen_wang  bal_after=7946679  spent=0c ($0.0)  count=20
  ↳ xarticles:author-baseline:amitiitbhu  bal_before=7946679  est=300c
  ↳ xarticles:author-baseline:amitiitbhu  bal_after=7946679  spent=0c ($0.0)  count=20
  ↳ xarticles:author-baseline:queenpresh_x  bal_before=7946679  est=300c
  ↳ xarticles:author-baseline:queenpresh_x  bal_after=7946679  spent=0c ($0.0)  count=20
  ↳ xarticles:author-baseline:FlowbyGoogle  bal_before=7946679  est=300c
  ↳ xarticles:author-baseline:FlowbyGoogle  bal_after=7946679  spent=0c ($0.0)  count=20
  ↳ xarticles:author-baseline:mvanhorn  bal_before=7946679  est=300c
  ↳ xarticles:author-baseline:mvanhorn  bal_after=7946679  spent=0c ($0.0)  count=20
  ↳ xarticles:author-baseline:tengyanAI  bal_before=7946679  est=300c
  ↳ xarticles:author-baseline:tengyanAI  bal_after=7946679  spent=0c ($0.0)  count=20
  ↳ xarticles:author-baseline:azukiazusa9  bal_before=7946679  est=300c
  ↳ xarticles:author-baseline:azukiazusa9  bal_after=7946679  spent=0c ($0.0)  count=20
  ↳ xarticles:author-baseline:muku_sns  bal_before=7946679  est=300c
  ↳ xarticles:author-baseline:muku_sns  bal_after=7946679  spent=0c ($0.0)  count=20
  ↳ xarticles:author-baseline:masaki_lipple  bal_before=7946679  est=300c
  ↳ xarticles:author-baseline:masaki_lipple  bal_after=7946679  spent=0c ($0.0)  count=20
  ↳ xarticles:author-baseline:mert  bal_before=7946679  est=300c
  ↳ xarticles:author-baseline:mert  bal_after=7946679  spent=0c ($0.0)  count=20
  ↳ xarticles:author-baseline:thecryptoskanda  bal_before=7943094  est=300c
  ↳ xarticles:author-baseline:thecryptoskanda  bal_after=7943094  spent=0c ($0.0)  count=20
  ↳ xarticles:author-baseline:magicsilicon  bal_before=7943094  est=300c
  ↳ xarticles:author-baseline:magicsilicon  bal_after=7943094  spent=0c ($0.0)  count=20
  ↳ xarticles:author-baseline:elpresidank  bal_before=7943094  est=300c
  ↳ xarticles:author-baseline:elpresidank  bal_after=7943094  spent=0c ($0.0)  count=20
  ↳ xarticles:author-baseline:1salman  bal_before=7943094  est=300c
  ↳ xarticles:author-baseline:1salman  bal_after=7943094  spent=0c ($0.0)  count=20
  ↳ xarticles:author-baseline:0xluffy_eth  bal_before=7943094  est=300c
  ↳ xarticles:author-baseline:0xluffy_eth  bal_after=7943094  spent=0c ($0.0)  count=20
  ↳ xarticles:author-baseline:_nikhilsheoran  bal_before=7943094  est=300c
  ↳ xarticles:author-baseline:_nikhilsheoran  bal_after=7943094  spent=0c ($0.0)  count=20
  ↳ xarticles:author-baseline:0xenderzcx  bal_before=7943094  est=300c
  ↳ xarticles:author-baseline:0xenderzcx  bal_after=7943094  spent=0c ($0.0)  count=20
  ↳ xarticles:author-baseline:ashwingop  bal_before=7943094  est=300c
  ↳ xarticles:author-baseline:ashwingop  bal_after=7943094  spent=0c ($0.0)  count=20
  ↳ xarticles:author-baseline:crux_capital_  bal_before=7943094  est=300c
  ↳ xarticles:author-baseline:crux_capital_  bal_after=7943094  spent=0c ($0.0)  count=20
  ↳ xarticles:author-baseline:AdrianPunk115  bal_before=7943094  est=300c
  ↳ xarticles:author-baseline:AdrianPunk115  bal_after=7943094  spent=0c ($0.0)  count=20
  ↳ xarticles:author-baseline:0xSammy  bal_before=7943094  est=300c
  ↳ xarticles:author-baseline:0xSammy  bal_after=7943094  spent=0c ($0.0)  count=20
  ↳ xarticles:author-baseline:kenn  bal_before=7943094  est=300c
  ↳ xarticles:author-baseline:kenn  bal_after=7939794  spent=3300c ($0.033)  count=20
  ↳ xarticles:author-baseline:AlchainHust  bal_before=7939794  est=300c
  ↳ xarticles:author-baseline:AlchainHust  bal_after=7939794  spent=0c ($0.0)  count=20
  ↳ xarticles:author-baseline:posthog  bal_before=7939794  est=300c
  ↳ xarticles:author-baseline:posthog  bal_after=7939794  spent=0c ($0.0)  count=20
  ↳ xarticles:author-baseline:beku_AI  bal_before=7939794  est=300c
  ↳ xarticles:author-baseline:beku_AI  bal_after=7939794  spent=0c ($0.0)  count=20
  ↳ xarticles:author-baseline:DonutAI  bal_before=7939794  est=300c
  ↳ xarticles:author-baseline:DonutAI  bal_after=7939794  spent=0c ($0.0)  count=20
  ↳ xarticles:author-baseline:WorldSaboten  bal_before=7939794  est=300c
  ↳ xarticles:author-baseline:WorldSaboten  bal_after=7939794  spent=0c ($0.0)  count=20
  ↳ xarticles:author-baseline:joshsimenhoff  bal_before=7939794  est=300c
  ↳ xarticles:author-baseline:joshsimenhoff  bal_after=7939794  spent=0c ($0.0)  count=20
  ↳ xarticles:author-baseline:thegreatest_sv  bal_before=7939794  est=300c
  ↳ xarticles:author-baseline:thegreatest_sv  bal_after=7939794  spent=0c ($0.0)  count=20
  ↳ xarticles:author-baseline:initc3org  bal_before=7939794  est=300c
  ↳ xarticles:author-baseline:initc3org  bal_after=7939794  spent=0c ($0.0)  count=20
  ↳ xarticles:author-baseline:usekernel  bal_before=7939794  est=300c
  ↳ xarticles:author-baseline:usekernel  bal_after=7939794  spent=0c ($0.0)  count=20
  ↳ xarticles:author-baseline:noirinvestor  bal_before=7939794  est=300c
  ↳ xarticles:author-baseline:noirinvestor  bal_after=7939794  spent=0c ($0.0)  count=20
  ↳ xarticles:author-baseline:DamiDefi  bal_before=7939794  est=300c
  ↳ xarticles:author-baseline:DamiDefi  bal_after=7939794  spent=0c ($0.0)  count=20
  ↳ xarticles:author-baseline:jhleath  bal_before=7939794  est=300c
  ↳ xarticles:author-baseline:jhleath  bal_after=7939794  spent=0c ($0.0)  count=20
  ↳ xarticles:author-baseline:nateherk  bal_before=7939794  est=300c
  ↳ xarticles:author-baseline:nateherk  bal_after=7936194  spent=3600c ($0.036)  count=20
  ↳ xarticles:author-baseline:BB8ad8  bal_before=7936194  est=300c
  ↳ xarticles:author-baseline:BB8ad8  bal_after=7936194  spent=0c ($0.0)  count=20
  ↳ xarticles:author-baseline:_mayumayu13  bal_before=7936194  est=300c
  ↳ xarticles:author-baseline:_mayumayu13  bal_after=7936194  spent=0c ($0.0)  count=20
  ↳ xarticles:author-baseline:AITECHio  bal_before=7936194  est=300c
  ↳ xarticles:author-baseline:AITECHio  bal_after=7936194  spent=0c ($0.0)  count=20
  ↳ xarticles:author-baseline:Buusk3  bal_before=7936194  est=300c
  ↳ xarticles:author-baseline:Buusk3  bal_after=7936194  spent=0c ($0.0)  count=20
  ↳ xarticles:author-baseline:Mnilax  bal_before=7936194  est=300c
  ↳ xarticles:author-baseline:Mnilax  bal_after=7936194  spent=0c ($0.0)  count=20
  ↳ xarticles:author-baseline:S_BatMan  bal_before=7936194  est=300c
  ↳ xarticles:author-baseline:S_BatMan  bal_after=7936194  spent=0c ($0.0)  count=20
  ↳ xarticles:author-baseline:laowangbabababa  bal_before=7936194  est=300c
  ↳ xarticles:author-baseline:laowangbabababa  bal_after=7936194  spent=0c ($0.0)  count=20
  ↳ xarticles:author-baseline:lance012210  bal_before=7936194  est=300c
  ↳ xarticles:author-baseline:lance012210  bal_after=7936194  spent=0c ($0.0)  count=20
  ↳ xarticles:author-baseline:MossAI_Official  bal_before=7936194  est=300c
  ↳ xarticles:author-baseline:MossAI_Official  bal_after=7936194  spent=0c ($0.0)  count=20
  ↳ xarticles:author-baseline:_rohit_tiwari_  bal_before=7936194  est=300c
  ↳ xarticles:author-baseline:_rohit_tiwari_  bal_after=7936194  spent=0c ($0.0)  count=20
  ↳ xarticles:author-baseline:ParadisLabs  bal_before=7936194  est=300c
  ↳ xarticles:author-baseline:ParadisLabs  bal_after=7936194  spent=0c ($0.0)  count=20
  ↳ xarticles:author-baseline:Acupoftii___  bal_before=7936194  est=300c
  ↳ xarticles:author-baseline:Acupoftii___  bal_after=7932594  spent=3600c ($0.036)  count=20
  ↳ xarticles:author-baseline:PawelHuryn  bal_before=7932594  est=300c
  ↳ xarticles:author-baseline:PawelHuryn  bal_after=7932594  spent=0c ($0.0)  count=20
  ↳ xarticles:author-baseline:base  bal_before=7932594  est=300c
  ↳ xarticles:author-baseline:base  bal_after=7932594  spent=0c ($0.0)  count=20
  ↳ xarticles:author-baseline:MakeAI_CEO  bal_before=7932594  est=300c
  ↳ xarticles:author-baseline:MakeAI_CEO  bal_after=7932594  spent=0c ($0.0)  count=20
  ↳ xarticles:author-baseline:haruruuun0405  bal_before=7932594  est=300c
  ↳ xarticles:author-baseline:haruruuun0405  bal_after=7932594  spent=0c ($0.0)  count=20
  ↳ xarticles:author-baseline:AI_masaou  bal_before=7932594  est=300c
  ↳ xarticles:author-baseline:AI_masaou  bal_after=7932594  spent=0c ($0.0)  count=20
  ↳ xarticles:author-baseline:mfpiccolo  bal_before=7932594  est=300c
  ↳ xarticles:author-baseline:mfpiccolo  bal_after=7932594  spent=0c ($0.0)  count=20
  ↳ xarticles:author-baseline:0x_beni_  bal_before=7932594  est=300c
  ↳ xarticles:author-baseline:0x_beni_  bal_after=7932594  spent=0c ($0.0)  count=20
  ↳ xarticles:author-baseline:MindOS_Lisa  bal_before=7932594  est=300c
  ↳ xarticles:author-baseline:MindOS_Lisa  bal_after=7932594  spent=0c ($0.0)  count=20
  ↳ xarticles:author-baseline:geoffreylitt  bal_before=7932594  est=300c
  ↳ xarticles:author-baseline:geoffreylitt  bal_after=7932594  spent=0c ($0.0)  count=20
  ↳ xarticles:author-baseline:Agent0ai  bal_before=7932594  est=300c
  ↳ xarticles:author-baseline:Agent0ai  bal_after=7932594  spent=0c ($0.0)  count=20
  ↳ xarticles:author-baseline:masa_okamura108  bal_before=7932594  est=300c
  ↳ xarticles:author-baseline:masa_okamura108  bal_after=7932594  spent=0c ($0.0)  count=20
  ↳ xarticles:author-baseline:shinkaron  bal_before=7932594  est=300c
  ↳ xarticles:author-baseline:shinkaron  bal_after=7928994  spent=3600c ($0.036)  count=20
  ↳ xarticles:author-baseline:tilderesearch  bal_before=7928994  est=300c
  ↳ xarticles:author-baseline:tilderesearch  bal_after=7928994  spent=0c ($0.0)  count=20
  ↳ xarticles:author-baseline:nowlovepan  bal_before=7928994  est=300c
  ↳ xarticles:author-baseline:nowlovepan  bal_after=7928994  spent=0c ($0.0)  count=20
  ↳ xarticles:author-baseline:berryxia  bal_before=7928994  est=300c
  ↳ xarticles:author-baseline:berryxia  bal_after=7928994  spent=0c ($0.0)  count=20
  ↳ xarticles:author-baseline:Yash25571056  bal_before=7928994  est=300c
  ↳ xarticles:author-baseline:Yash25571056  bal_after=7928994  spent=0c ($0.0)  count=20
  ↳ xarticles:author-baseline:taiyo_ai_gakuse  bal_before=7928994  est=300c
  ↳ xarticles:author-baseline:taiyo_ai_gakuse  bal_after=7928994  spent=0c ($0.0)  count=20
  ↳ xarticles:author-baseline:hata_AI_master  bal_before=7928994  est=300c
  ↳ xarticles:author-baseline:hata_AI_master  bal_after=7928994  spent=0c ($0.0)  count=20
  ↳ xarticles:author-baseline:nateherk  bal_before=7928994  est=300c
  ↳ xarticles:author-baseline:nateherk  bal_after=7928994  spent=0c ($0.0)  count=20
  ↳ xarticles:author-baseline:Av1dlive  bal_before=7928994  est=300c
  ↳ xarticles:author-baseline:Av1dlive  bal_after=7928994  spent=0c ($0.0)  count=20
  ↳ xarticles:author-baseline:humzaakhalid  bal_before=7928994  est=300c
  ↳ xarticles:author-baseline:humzaakhalid  bal_after=7928994  spent=0c ($0.0)  count=20
  ↳ xarticles:author-baseline:AdrianPunk115  bal_before=7928994  est=300c
  ↳ xarticles:author-baseline:AdrianPunk115  bal_after=7928994  spent=0c ($0.0)  count=20
  ↳ xarticles:author-baseline:inference_labs  bal_before=7928994  est=300c
  ↳ xarticles:author-baseline:inference_labs  bal_after=7928994  spent=0c ($0.0)  count=20
  ↳ xarticles:author-baseline:syukatuhack  bal_before=7928994  est=300c
  ↳ xarticles:author-baseline:syukatuhack  bal_after=7928994  spent=0c ($0.0)  count=20
  ↳ xarticles:author-baseline:damnang2  bal_before=7928994  est=300c
  ↳ xarticles:author-baseline:damnang2  bal_after=7924794  spent=4200c ($0.042)  count=20
  ↳ xarticles:author-baseline:ai_yorozuya  bal_before=7924794  est=300c
  ↳ xarticles:author-baseline:ai_yorozuya  bal_after=7924794  spent=0c ($0.0)  count=20
  ↳ xarticles:author-baseline:kilocode  bal_before=7924794  est=300c
  ↳ xarticles:author-baseline:kilocode  bal_after=7924794  spent=0c ($0.0)  count=20
  ↳ xarticles:author-baseline:zodchiii  bal_before=7924794  est=300c
  ↳ xarticles:author-baseline:zodchiii  bal_after=7924794  spent=0c ($0.0)  count=20
  ↳ xarticles:author-baseline:Ambani_Wessley  bal_before=7924794  est=300c
  ↳ xarticles:author-baseline:Ambani_Wessley  bal_after=7924794  spent=0c ($0.0)  count=20
  ↳ xarticles:author-baseline:HYPERPEPS  bal_before=7924794  est=300c
  ↳ xarticles:author-baseline:HYPERPEPS  bal_after=7924794  spent=0c ($0.0)  count=1
  ↳ xarticles:author-baseline:MakeAI_CEO  bal_before=7924794  est=300c
  ↳ xarticles:author-baseline:MakeAI_CEO  bal_after=7924794  spent=0c ($0.0)  count=20
  ↳ xarticles:author-baseline:everestchris6  bal_before=7924794  est=300c
  ↳ xarticles:author-baseline:everestchris6  bal_after=7924794  spent=0c ($0.0)  count=20
  ↳ xarticles:author-baseline:xiaoluv12o  bal_before=7924794  est=300c
  ↳ xarticles:author-baseline:xiaoluv12o  bal_after=7924794  spent=0c ($0.0)  count=20
  ↳ xarticles:author-baseline:cyrilXBT  bal_before=7924794  est=300c
  ↳ xarticles:author-baseline:cyrilXBT  bal_after=7924794  spent=0c ($0.0)  count=20
  ↳ xarticles:author-baseline:x402  bal_before=7924794  est=300c
  ↳ xarticles:author-baseline:x402  bal_after=7924794  spent=0c ($0.0)  count=20
  ↳ xarticles:author-baseline:exploraX_  bal_before=7924794  est=300c
  ↳ xarticles:author-baseline:exploraX_  bal_after=7924794  spent=0c ($0.0)  count=20
  ↳ xarticles:author-baseline:bibryam  bal_before=7924794  est=300c
  ↳ xarticles:author-baseline:bibryam  bal_after=7921779  spent=3015c ($0.0301)  count=20
  ↳ xarticles:author-baseline:Ai_Tech_tool  bal_before=7921779  est=300c
  ↳ xarticles:author-baseline:Ai_Tech_tool  bal_after=7921779  spent=0c ($0.0)  count=20
  ↳ xarticles:author-baseline:TheValueist  bal_before=7921779  est=300c
  ↳ xarticles:author-baseline:TheValueist  bal_after=7921779  spent=0c ($0.0)  count=20
  ↳ xarticles:author-baseline:OpenAIDevs  bal_before=7921779  est=300c
  ↳ xarticles:author-baseline:OpenAIDevs  bal_after=7921779  spent=0c ($0.0)  count=20
  ↳ xarticles:author-baseline:zaimiri  bal_before=7921779  est=300c
  ↳ xarticles:author-baseline:zaimiri  bal_after=7921779  spent=0c ($0.0)  count=20
  ↳ xarticles:author-baseline:aronhouyu  bal_before=7921779  est=300c
  ↳ xarticles:author-baseline:aronhouyu  bal_after=7921779  spent=0c ($0.0)  count=20
  ↳ xarticles:author-baseline:meta_alchemist  bal_before=7921779  est=300c
  ↳ xarticles:author-baseline:meta_alchemist  bal_after=7921779  spent=0c ($0.0)  count=20
  ↳ xarticles:author-baseline:dons_korea  bal_before=7921779  est=300c
  ↳ xarticles:author-baseline:dons_korea  bal_after=7921779  spent=0c ($0.0)  count=20
  ↳ xarticles:author-baseline:kwindla  bal_before=7921779  est=300c
  ↳ xarticles:author-baseline:kwindla  bal_after=7921779  spent=0c ($0.0)  count=20
  ↳ xarticles:author-baseline:S_BatMan  bal_before=7921779  est=300c
  ↳ xarticles:author-baseline:S_BatMan  bal_after=7921779  spent=0c ($0.0)  count=20
  ↳ xarticles:author-baseline:MakeAI_CEO  bal_before=7921779  est=300c
  ↳ xarticles:author-baseline:MakeAI_CEO  bal_after=7921779  spent=0c ($0.0)  count=20
  ↳ xarticles:author-baseline:Suryanshti777  bal_before=7918779  est=300c
  ↳ xarticles:author-baseline:Suryanshti777  bal_after=7918779  spent=0c ($0.0)  count=20
  ↳ xarticles:author-baseline:syukatuhack  bal_before=7918779  est=300c
  ↳ xarticles:author-baseline:syukatuhack  bal_after=7918779  spent=0c ($0.0)  count=20
  ↳ xarticles:author-baseline:nook_ethereum  bal_before=7918779  est=300c
  ↳ xarticles:author-baseline:nook_ethereum  bal_after=7918779  spent=0c ($0.0)  count=20
  ↳ xarticles:author-baseline:aubonheurdeja  bal_before=7918779  est=300c
  ↳ xarticles:author-baseline:aubonheurdeja  bal_after=7918779  spent=0c ($0.0)  count=20
  ↳ xarticles:author-baseline:PrajwalTomar_  bal_before=7918779  est=300c
  ↳ xarticles:author-baseline:PrajwalTomar_  bal_after=7918779  spent=0c ($0.0)  count=20
  ↳ xarticles:author-baseline:ZuiJiu61637  bal_before=7918779  est=300c
  ↳ xarticles:author-baseline:ZuiJiu61637  bal_after=7918779  spent=0c ($0.0)  count=20
  ↳ xarticles:author-baseline:_avichawla  bal_before=7918779  est=300c
  ↳ xarticles:author-baseline:_avichawla  bal_after=7918779  spent=0c ($0.0)  count=20
  ↳ xarticles:author-baseline:ohmahahm  bal_before=7918779  est=300c
  ↳ xarticles:author-baseline:ohmahahm  bal_after=7918779  spent=0c ($0.0)  count=20
  ↳ xarticles:author-baseline:Smartpigai  bal_before=7918779  est=300c
  ↳ xarticles:author-baseline:Smartpigai  bal_after=7918779  spent=0c ($0.0)  count=20
  ↳ xarticles:author-baseline:DamiDefi  bal_before=7918779  est=300c
  ↳ xarticles:author-baseline:DamiDefi  bal_after=7918779  spent=0c ($0.0)  count=20
  ↳ xarticles:author-baseline:TheSandboxGame  bal_before=7918779  est=300c
  ↳ xarticles:author-baseline:TheSandboxGame  bal_after=7918779  spent=0c ($0.0)  count=20
  ↳ xarticles:author-baseline:0x_rody  bal_before=7918779  est=300c
  ↳ xarticles:author-baseline:0x_rody  bal_after=7918779  spent=0c ($0.0)  count=20
  ↳ xarticles:author-baseline:dongxi_nlp  bal_before=7914579  est=300c
  ↳ xarticles:author-baseline:dongxi_nlp  bal_after=7914579  spent=0c ($0.0)  count=20
  ↳ xarticles:author-baseline:aiedge_  bal_before=7914579  est=300c
  ↳ xarticles:author-baseline:aiedge_  bal_after=7914579  spent=0c ($0.0)  count=20
  ↳ xarticles:author-baseline:bozhou_ai  bal_before=7914579  est=300c
  ↳ xarticles:author-baseline:bozhou_ai  bal_after=7914579  spent=0c ($0.0)  count=20
  ↳ xarticles:author-baseline:zaimiri  bal_before=7914579  est=300c
  ↳ xarticles:author-baseline:zaimiri  bal_after=7914579  spent=0c ($0.0)  count=20
  ↳ xarticles:author-baseline:chesny  bal_before=7914579  est=300c
  ↳ xarticles:author-baseline:chesny  bal_after=7914579  spent=0c ($0.0)  count=20
  ↳ xarticles:author-baseline:NeoSoulAI  bal_before=7914579  est=300c
  ↳ xarticles:author-baseline:NeoSoulAI  bal_after=7914579  spent=0c ($0.0)  count=20
  ↳ xarticles:author-baseline:AlphaSignalAI  bal_before=7914579  est=300c
  ↳ xarticles:author-baseline:AlphaSignalAI  bal_after=7914579  spent=0c ($0.0)  count=20
  ↳ xarticles:author-baseline:levithefirst  bal_before=7914579  est=300c
  ↳ xarticles:author-baseline:levithefirst  bal_after=7914579  spent=0c ($0.0)  count=20
  ↳ xarticles:author-baseline:kawai_design  bal_before=7914579  est=300c
  ↳ xarticles:author-baseline:kawai_design  bal_after=7914579  spent=0c ($0.0)  count=20
  ↳ xarticles:author-baseline:yupi996  bal_before=7914579  est=300c
  ↳ xarticles:author-baseline:yupi996  bal_after=7914579  spent=0c ($0.0)  count=20
  ↳ xarticles:author-baseline:voluntas  bal_before=7914579  est=300c
  ↳ xarticles:author-baseline:voluntas  bal_after=7911579  spent=3000c ($0.03)  count=20
  ↳ xarticles:author-baseline:variational_io  bal_before=7911579  est=300c
  ↳ xarticles:author-baseline:variational_io  bal_after=7911579  spent=0c ($0.0)  count=20
  ↳ xarticles:author-baseline:aschapmann  bal_before=7911579  est=300c
  ↳ xarticles:author-baseline:aschapmann  bal_after=7911579  spent=0c ($0.0)  count=20
  ↳ xarticles:author-baseline:koumei_ai5566  bal_before=7911579  est=300c
  ↳ xarticles:author-baseline:koumei_ai5566  bal_after=7911579  spent=0c ($0.0)  count=20
  ↳ xarticles:author-baseline:_stephenbishop_  bal_before=7911579  est=300c
  ↳ xarticles:author-baseline:_stephenbishop_  bal_after=7911579  spent=0c ($0.0)  count=20
  ↳ xarticles:author-baseline:ainotes_KK  bal_before=7911579  est=300c
  ↳ xarticles:author-baseline:ainotes_KK  bal_after=7911579  spent=0c ($0.0)  count=18
  ↳ xarticles:author-baseline:Ambani_Wessley  bal_before=7911579  est=300c
  ↳ xarticles:author-baseline:Ambani_Wessley  bal_after=7911579  spent=0c ($0.0)  count=20
  ↳ xarticles:author-baseline:fytnas  bal_before=7911579  est=300c
  ↳ xarticles:author-baseline:fytnas  bal_after=7911579  spent=0c ($0.0)  count=20
  ↳ xarticles:author-baseline:berryxia  bal_before=7911579  est=300c
  ↳ xarticles:author-baseline:berryxia  bal_after=7911579  spent=0c ($0.0)  count=20
  ↳ xarticles:author-baseline:pieverse_io  bal_before=7911579  est=300c
  ↳ xarticles:author-baseline:pieverse_io  bal_after=7911579  spent=0c ($0.0)  count=20
  ↳ xarticles:author-baseline:GOATNetwork  bal_before=7911579  est=300c
  ↳ xarticles:author-baseline:GOATNetwork  bal_after=7911579  spent=0c ($0.0)  count=20
  ↳ xarticles:author-baseline:alexwg  bal_before=7911579  est=300c
  ↳ xarticles:author-baseline:alexwg  bal_after=7911579  spent=0c ($0.0)  count=20
  ↳ xarticles:author-baseline:dani_avila7  bal_before=7911579  est=300c
  ↳ xarticles:author-baseline:dani_avila7  bal_after=7911579  spent=0c ($0.0)  count=20
  ↳ xarticles:author-baseline:0x_rody  bal_before=7911579  est=300c
  ↳ xarticles:author-baseline:0x_rody  bal_after=7911579  spent=0c ($0.0)  count=20
  ↳ xarticles:author-baseline:Lummox_eth  bal_before=7907409  est=300c
  ↳ xarticles:author-baseline:Lummox_eth  bal_after=7907409  spent=0c ($0.0)  count=20
  ↳ xarticles:author-baseline:_annakulina  bal_before=7907409  est=300c
  ↳ xarticles:author-baseline:_annakulina  bal_after=7907409  spent=0c ($0.0)  count=20
  ↳ xarticles:author-baseline:0xluffy_eth  bal_before=7907409  est=300c
  ↳ xarticles:author-baseline:0xluffy_eth  bal_after=7907409  spent=0c ($0.0)  count=20
  ↳ xarticles:author-baseline:openservai  bal_before=7907409  est=300c
  ↳ xarticles:author-baseline:openservai  bal_after=7907409  spent=0c ($0.0)  count=20
  ↳ xarticles:author-baseline:alexwg  bal_before=7907409  est=300c
  ↳ xarticles:author-baseline:alexwg  bal_after=7907409  spent=0c ($0.0)  count=20
  ↳ xarticles:author-baseline:neural_avb  bal_before=7907409  est=300c
  ↳ xarticles:author-baseline:neural_avb  bal_after=7907409  spent=0c ($0.0)  count=20
  ↳ xarticles:author-baseline:NEARProtocol  bal_before=7907409  est=300c
  ↳ xarticles:author-baseline:NEARProtocol  bal_after=7905609  spent=1800c ($0.018)  count=20
  ↳ xarticles:author-baseline:nick_onchain  bal_before=7905609  est=300c
  ↳ xarticles:author-baseline:nick_onchain  bal_after=7905609  spent=0c ($0.0)  count=20
  ↳ xarticles:author-baseline:Grummz  bal_before=7905609  est=300c
  ↳ xarticles:author-baseline:Grummz  bal_after=7905609  spent=0c ($0.0)  count=20
  ↳ xarticles:author-baseline:EnoReyes  bal_before=7905609  est=300c
  ↳ xarticles:author-baseline:EnoReyes  bal_after=7905609  spent=0c ($0.0)  count=20
  ↳ xarticles:author-baseline:mugi_AI_Art  bal_before=7905609  est=300c
  ↳ xarticles:author-baseline:mugi_AI_Art  bal_after=7905609  spent=0c ($0.0)  count=20
  ↳ xarticles:author-baseline:Fetch_ai  bal_before=7905609  est=300c
  ↳ xarticles:author-baseline:Fetch_ai  bal_after=7905609  spent=0c ($0.0)  count=20
  ↳ xarticles:author-baseline:AITECHio  bal_before=7905609  est=300c
  ↳ xarticles:author-baseline:AITECHio  bal_after=7905609  spent=0c ($0.0)  count=20
  ↳ xarticles:author-baseline:minicoohei  bal_before=7905609  est=300c
  ↳ xarticles:author-baseline:minicoohei  bal_after=7905609  spent=0c ($0.0)  count=20
  ↳ xarticles:author-baseline:alexwg  bal_before=7905609  est=300c
  ↳ xarticles:author-baseline:alexwg  bal_after=7905609  spent=0c ($0.0)  count=20
  ↳ xarticles:author-baseline:VaibhavSisinty  bal_before=7905609  est=300c
  ↳ xarticles:author-baseline:VaibhavSisinty  bal_after=7905609  spent=0c ($0.0)  count=20
  ↳ xarticles:author-baseline:robertcourson  bal_before=7905609  est=300c
  ↳ xarticles:author-baseline:robertcourson  bal_after=7905609  spent=0c ($0.0)  count=20
  ↳ xarticles:author-baseline:ShamiWeb3  bal_before=7905609  est=300c
  ↳ xarticles:author-baseline:ShamiWeb3  bal_after=7905609  spent=0c ($0.0)  count=20
  ↳ xarticles:author-baseline:madogiwacowork  bal_before=7905609  est=300c
  ↳ xarticles:author-baseline:madogiwacowork  bal_after=7905609  spent=0c ($0.0)  count=20
  ↳ xarticles:author-baseline:MakeAI_CEO  bal_before=7905609  est=300c
  ↳ xarticles:author-baseline:MakeAI_CEO  bal_after=7905609  spent=0c ($0.0)  count=20
  ↳ xarticles:author-baseline:itsreallyvivek  bal_before=7905609  est=300c
  ↳ xarticles:author-baseline:itsreallyvivek  bal_after=7901709  spent=3900c ($0.039)  count=20
  ↳ xarticles:author-baseline:alexwg  bal_before=7901709  est=300c
  ↳ xarticles:author-baseline:alexwg  bal_after=7901709  spent=0c ($0.0)  count=20
  ↳ xarticles:author-baseline:agent_wrapper  bal_before=7901709  est=300c
  ↳ xarticles:author-baseline:agent_wrapper  bal_after=7901709  spent=0c ($0.0)  count=20
  ↳ xarticles:author-baseline:Voxyz_ai  bal_before=7901709  est=300c
  ↳ xarticles:author-baseline:Voxyz_ai  bal_after=7901709  spent=0c ($0.0)  count=20
  ↳ xarticles:author-baseline:dikibagast  bal_before=7901709  est=300c
  ↳ xarticles:author-baseline:dikibagast  bal_after=7901709  spent=0c ($0.0)  count=20
  ↳ xarticles:author-baseline:AdelDeveloperX  bal_before=7901709  est=300c
  ↳ xarticles:author-baseline:AdelDeveloperX  bal_after=7901709  spent=0c ($0.0)  count=20
  ↳ xarticles:author-baseline:techyoutbe  bal_before=7901709  est=300c
  ↳ xarticles:author-baseline:techyoutbe  bal_after=7901709  spent=0c ($0.0)  count=20
  ↳ xarticles:author-baseline:mem0ai  bal_before=7901709  est=300c
  ↳ xarticles:author-baseline:mem0ai  bal_after=7901709  spent=0c ($0.0)  count=20
  ↳ xarticles:author-baseline:vercel  bal_before=7901709  est=300c
  ↳ xarticles:author-baseline:vercel  bal_after=7898709  spent=3000c ($0.03)  count=20
  ↳ xarticles:author-baseline:aashatwt  bal_before=7898709  est=300c
  ↳ xarticles:author-baseline:aashatwt  bal_after=7898709  spent=0c ($0.0)  count=20
  ↳ xarticles:author-baseline:alexwg  bal_before=7898709  est=300c
  ↳ xarticles:author-baseline:alexwg  bal_after=7898709  spent=0c ($0.0)  count=20
  ↳ xarticles:author-baseline:andreysuperior  bal_before=7898709  est=300c
  ↳ xarticles:author-baseline:andreysuperior  bal_after=7898709  spent=0c ($0.0)  count=20
  ↳ xarticles:author-baseline:Ema_WayToFire  bal_before=7898709  est=300c
  ↳ xarticles:author-baseline:Ema_WayToFire  bal_after=7898709  spent=0c ($0.0)  count=20
  ↳ xarticles:author-baseline:techwith_ram  bal_before=7898709  est=300c
  ↳ xarticles:author-baseline:techwith_ram  bal_after=7898709  spent=0c ($0.0)  count=20
  ↳ xarticles:author-baseline:MMMusol  bal_before=7898709  est=300c
  ↳ xarticles:author-baseline:MMMusol  bal_after=7898709  spent=0c ($0.0)  count=20
  ↳ xarticles:author-baseline:banana_ai_club1  bal_before=7898709  est=300c
  ↳ xarticles:author-baseline:banana_ai_club1  bal_after=7898709  spent=0c ($0.0)  count=20
  ↳ xarticles:author-baseline:virtuals_io  bal_before=7898709  est=300c
  ↳ xarticles:author-baseline:virtuals_io  bal_after=7898709  spent=0c ($0.0)  count=20
  ↳ xarticles:author-baseline:TopYFT  bal_before=7898709  est=300c
  ↳ xarticles:author-baseline:TopYFT  bal_after=7898709  spent=0c ($0.0)  count=20
  ↳ xarticles:author-baseline:Suryanshti777  bal_before=7898709  est=300c
  ↳ xarticles:author-baseline:Suryanshti777  bal_after=7896309  spent=2400c ($0.024)  count=20
  ↳ xarticles:author-baseline:Fetch_ai  bal_before=7896309  est=300c
  ↳ xarticles:author-baseline:Fetch_ai  bal_after=7896309  spent=0c ($0.0)  count=20
  ↳ xarticles:author-baseline:zhufengme  bal_before=7896309  est=300c
  ↳ xarticles:author-baseline:zhufengme  bal_after=7896309  spent=0c ($0.0)  count=20
  ↳ xarticles:author-baseline:Chain_GPT  bal_before=7896309  est=300c
  ↳ xarticles:author-baseline:Chain_GPT  bal_after=7896309  spent=0c ($0.0)  count=20
  ↳ xarticles:author-baseline:Asteri_eth  bal_before=7896309  est=300c
  ↳ xarticles:author-baseline:Asteri_eth  bal_after=7896309  spent=0c ($0.0)  count=20
  ↳ xarticles:author-baseline:qumaiu  bal_before=7896309  est=300c
  ↳ xarticles:author-baseline:qumaiu  bal_after=7896309  spent=0c ($0.0)  count=20
  ↳ xarticles:author-baseline:shmidtqq  bal_before=7896309  est=300c
  ↳ xarticles:author-baseline:shmidtqq  bal_after=7896309  spent=0c ($0.0)  count=20
  ↳ xarticles:author-baseline:Formulasearch  bal_before=7896309  est=300c
  ↳ xarticles:author-baseline:Formulasearch  bal_after=7896309  spent=0c ($0.0)  count=20
  ↳ xarticles:author-baseline:thegreatest_sv  bal_before=7896309  est=300c
  ↳ xarticles:author-baseline:thegreatest_sv  bal_after=7896309  spent=0c ($0.0)  count=20
  ↳ xarticles:author-baseline:Akasheth_  bal_before=7896309  est=300c
  ↳ xarticles:author-baseline:Akasheth_  bal_after=7896309  spent=0c ($0.0)  count=20
  ↳ xarticles:author-baseline:MOLTS_2030  bal_before=7896309  est=300c
  ↳ xarticles:author-baseline:MOLTS_2030  bal_after=7893009  spent=3300c ($0.033)  count=20
  ↳ xarticles:author-baseline:Investanswers  bal_before=7893009  est=300c
  ↳ xarticles:author-baseline:Investanswers  bal_after=7893009  spent=0c ($0.0)  count=20
  ↳ xarticles:author-baseline:DAIEvolutionHub  bal_before=7893009  est=300c
  ↳ xarticles:author-baseline:DAIEvolutionHub  bal_after=7893009  spent=0c ($0.0)  count=20
  ↳ xarticles:author-baseline:DamiDefi  bal_before=7893009  est=300c
  ↳ xarticles:author-baseline:DamiDefi  bal_after=7893009  spent=0c ($0.0)  count=20
  ↳ xarticles:author-baseline:jayseeonsol  bal_before=7893009  est=300c
  ↳ xarticles:author-baseline:jayseeonsol  bal_after=7893009  spent=0c ($0.0)  count=20
  ↳ xarticles:author-baseline:nuits_jp  bal_before=7893009  est=300c
  ↳ xarticles:author-baseline:nuits_jp  bal_after=7893009  spent=0c ($0.0)  count=20
  ↳ xarticles:author-baseline:bit2swaz  bal_before=7893009  est=300c
  ↳ xarticles:author-baseline:bit2swaz  bal_after=7893009  spent=0c ($0.0)  count=20
  ↳ xarticles:author-baseline:hide2951889  bal_before=7893009  est=300c
  ↳ xarticles:author-baseline:hide2951889  bal_after=7893009  spent=0c ($0.0)  count=20
  ↳ xarticles:author-baseline:DamiDefi  bal_before=7893009  est=300c
  ↳ xarticles:author-baseline:DamiDefi  bal_after=7893009  spent=0c ($0.0)  count=20
  ↳ xarticles:author-baseline:MMMusol  bal_before=7893009  est=300c
  ↳ xarticles:author-baseline:MMMusol  bal_after=7893009  spent=0c ($0.0)  count=20
  ↳ xarticles:author-baseline:Defi_Warhol  bal_before=7893009  est=300c
  ↳ xarticles:author-baseline:Defi_Warhol  bal_after=7893009  spent=0c ($0.0)  count=20
  ↳ xarticles:author-baseline:ProprXYZ  bal_before=7893009  est=300c
  ↳ xarticles:author-baseline:ProprXYZ  bal_after=7889409  spent=3600c ($0.036)  count=20
  ↳ xarticles:author-baseline:ozaken_AI  bal_before=7889409  est=300c
  ↳ xarticles:author-baseline:ozaken_AI  bal_after=7889409  spent=0c ($0.0)  count=20
  ↳ xarticles:author-baseline:ChainGPT_Pad  bal_before=7889409  est=300c
  ↳ xarticles:author-baseline:ChainGPT_Pad  bal_after=7889409  spent=0c ($0.0)  count=20
  ↳ xarticles:author-baseline:xiaohu  bal_before=7889409  est=300c
  ↳ xarticles:author-baseline:xiaohu  bal_after=7889409  spent=0c ($0.0)  count=20
  ↳ xarticles:author-baseline:zaimiri  bal_before=7889409  est=300c
  ↳ xarticles:author-baseline:zaimiri  bal_after=7889409  spent=0c ($0.0)  count=20
  ↳ xarticles:author-baseline:ozaken_AI  bal_before=7889409  est=300c
  ↳ xarticles:author-baseline:ozaken_AI  bal_after=7889409  spent=0c ($0.0)  count=20
  ↳ xarticles:author-baseline:winsznx  bal_before=7889409  est=300c
  ↳ xarticles:author-baseline:winsznx  bal_after=7889409  spent=0c ($0.0)  count=20
  ↳ xarticles:author-baseline:DamiDefi  bal_before=7889409  est=300c
  ↳ xarticles:author-baseline:DamiDefi  bal_after=7889409  spent=0c ($0.0)  count=20
  ↳ xarticles:author-baseline:MangoLabs_  bal_before=7889409  est=300c
  ↳ xarticles:author-baseline:MangoLabs_  bal_after=7889409  spent=0c ($0.0)  count=2
  ↳ xarticles:author-baseline:IBuzovskyi  bal_before=7889409  est=300c
  ↳ xarticles:author-baseline:IBuzovskyi  bal_after=7889409  spent=0c ($0.0)  count=20
  ↳ xarticles:author-baseline:EMEBOK_  bal_before=7889409  est=300c
  ↳ xarticles:author-baseline:EMEBOK_  bal_after=7889409  spent=0c ($0.0)  count=20
  ↳ xarticles:author-baseline:berryxia  bal_before=7889409  est=300c
  ↳ xarticles:author-baseline:berryxia  bal_after=7889409  spent=0c ($0.0)  count=20
  ↳ xarticles:author-baseline:FarokhNotes  bal_before=7889409  est=300c
  ↳ xarticles:author-baseline:FarokhNotes  bal_after=7889409  spent=0c ($0.0)  count=20
  ↳ xarticles:author-baseline:PrimeLineAI  bal_before=7889409  est=300c
  ↳ xarticles:author-baseline:PrimeLineAI  bal_after=7889409  spent=0c ($0.0)  count=7
  ↳ xarticles:author-baseline:pavaardzzz  bal_before=7889409  est=300c
  ↳ xarticles:author-baseline:pavaardzzz  bal_after=7886079  spent=3330c ($0.0333)  count=20
  ↳ xarticles:author-baseline:startupideaspod  bal_before=7886079  est=300c
  ↳ xarticles:author-baseline:startupideaspod  bal_after=7886079  spent=0c ($0.0)  count=20
  ↳ xarticles:author-baseline:danveloper  bal_before=7886079  est=300c
  ↳ xarticles:author-baseline:danveloper  bal_after=7886079  spent=0c ($0.0)  count=20
  ↳ xarticles:author-baseline:AYi_AInotes  bal_before=7886079  est=300c
  ↳ xarticles:author-baseline:AYi_AInotes  bal_after=7886079  spent=0c ($0.0)  count=20
  ↳ xarticles:author-baseline:ShamiWeb3  bal_before=7886079  est=300c
  ↳ xarticles:author-baseline:ShamiWeb3  bal_after=7886079  spent=0c ($0.0)  count=20
  ↳ xarticles:author-baseline:chichipuijaian  bal_before=7886079  est=300c
  ↳ xarticles:author-baseline:chichipuijaian  bal_after=7886079  spent=0c ($0.0)  count=20
  ↳ xarticles:author-baseline:hanifproduktif  bal_before=7886079  est=300c
  ↳ xarticles:author-baseline:hanifproduktif  bal_after=7886079  spent=0c ($0.0)  count=20
  ↳ xarticles:author-baseline:moonpay  bal_before=7886079  est=300c
  ↳ xarticles:author-baseline:moonpay  bal_after=7886079  spent=0c ($0.0)  count=20
  ↳ xarticles:author-baseline:zaimiri  bal_before=7886079  est=300c
  ↳ xarticles:author-baseline:zaimiri  bal_after=7886079  spent=0c ($0.0)  count=20
  ↳ xarticles:author-baseline:ZayvenKnox  bal_before=7886079  est=300c
  ↳ xarticles:author-baseline:ZayvenKnox  bal_after=7886079  spent=0c ($0.0)  count=20
  ↳ xarticles:author-baseline:lotte_verheyden  bal_before=7886079  est=300c
  ↳ xarticles:author-baseline:lotte_verheyden  bal_after=7882974  spent=3105c ($0.0311)  count=20
  ↳ xarticles:author-baseline:ghumare64  bal_before=7882974  est=300c
  ↳ xarticles:author-baseline:ghumare64  bal_after=7882974  spent=0c ($0.0)  count=20
  ↳ xarticles:author-baseline:Velvet_Capital  bal_before=7882974  est=300c
  ↳ xarticles:author-baseline:Velvet_Capital  bal_after=7882974  spent=0c ($0.0)  count=20
  ↳ xarticles:author-baseline:mugi_AI_Art  bal_before=7882974  est=300c
  ↳ xarticles:author-baseline:mugi_AI_Art  bal_after=7882974  spent=0c ($0.0)  count=20
  ↳ xarticles:author-baseline:floriandarroman  bal_before=7882974  est=300c
  ↳ xarticles:author-baseline:floriandarroman  bal_after=7882974  spent=0c ($0.0)  count=20
  ↳ xarticles:author-baseline:mikenevermiss  bal_before=7882974  est=300c
  ↳ xarticles:author-baseline:mikenevermiss  bal_after=7882974  spent=0c ($0.0)  count=20
  ↳ xarticles:author-baseline:sakusak_3939  bal_before=7882974  est=300c
  ↳ xarticles:author-baseline:sakusak_3939  bal_after=7882974  spent=0c ($0.0)  count=19
  ↳ xarticles:author-baseline:oreno_musume  bal_before=7882974  est=300c
  ↳ xarticles:author-baseline:oreno_musume  bal_after=7882974  spent=0c ($0.0)  count=20
  ↳ xarticles:author-baseline:Suryanshti777  bal_before=7882974  est=300c
  ↳ xarticles:author-baseline:Suryanshti777  bal_after=7882974  spent=0c ($0.0)  count=20
  ↳ xarticles:author-baseline:startupideaspod  bal_before=7882974  est=300c
  ↳ xarticles:author-baseline:startupideaspod  bal_after=7882974  spent=0c ($0.0)  count=20
  ↳ xarticles:author-baseline:koopatroopwa  bal_before=7882974  est=300c
  ↳ xarticles:author-baseline:koopatroopwa  bal_after=7882974  spent=0c ($0.0)  count=20
  ↳ xarticles:author-baseline:termix_ai  bal_before=7882974  est=300c
  ↳ xarticles:author-baseline:termix_ai  bal_after=7882974  spent=0c ($0.0)  count=20
  ↳ xarticles:author-baseline:Counselor_Ayo  bal_before=7882974  est=300c
  ↳ xarticles:author-baseline:Counselor_Ayo  bal_after=7882974  spent=0c ($0.0)  count=20
  ↳ xarticles:author-baseline:moonpay  bal_before=7882974  est=300c
  ↳ xarticles:author-baseline:moonpay  bal_after=7882974  spent=0c ($0.0)  count=20
  ↳ xarticles:author-baseline:ASI_Alliance  bal_before=7882974  est=300c
  ↳ xarticles:author-baseline:ASI_Alliance  bal_after=7879089  spent=3885c ($0.0389)  count=20
  ↳ xarticles:author-baseline:BUZZHPC  bal_before=7879089  est=300c
  ↳ xarticles:author-baseline:BUZZHPC  bal_after=7879089  spent=0c ($0.0)  count=20
  ↳ xarticles:author-baseline:ozaken_AI  bal_before=7879089  est=300c
  ↳ xarticles:author-baseline:ozaken_AI  bal_after=7879089  spent=0c ($0.0)  count=20
  ↳ xarticles:author-baseline:2913281chihalu  bal_before=7879089  est=300c
  ↳ xarticles:author-baseline:2913281chihalu  bal_after=7879089  spent=0c ($0.0)  count=20
  ↳ xarticles:author-baseline:Suu766  bal_before=7879089  est=300c
  ↳ xarticles:author-baseline:Suu766  bal_after=7879089  spent=0c ($0.0)  count=20
  ↳ xarticles:author-baseline:kaiynne  bal_before=7879089  est=300c
  ↳ xarticles:author-baseline:kaiynne  bal_after=7879089  spent=0c ($0.0)  count=20
  ↳ xarticles:author-baseline:AI_in_LEO  bal_before=7879089  est=300c
  ↳ xarticles:author-baseline:AI_in_LEO  bal_after=7879089  spent=0c ($0.0)  count=20
  ↳ xarticles:author-baseline:mvanhorn  bal_before=7879089  est=300c
  ↳ xarticles:author-baseline:mvanhorn  bal_after=7879089  spent=0c ($0.0)  count=20
  ↳ xarticles:author-baseline:ongestalte  bal_before=7879089  est=300c
  ↳ xarticles:author-baseline:ongestalte  bal_after=7879089  spent=0c ($0.0)  count=20
  ↳ xarticles:author-baseline:stacy_muur  bal_before=7879089  est=300c
  ↳ xarticles:author-baseline:stacy_muur  bal_after=7879089  spent=0c ($0.0)  count=20
  ↳ xarticles:author-baseline:PeterDiamandis  bal_before=7879089  est=300c
  ↳ xarticles:author-baseline:PeterDiamandis  bal_after=7879089  spent=0c ($0.0)  count=20
  ↳ xarticles:author-baseline:DamiDefi  bal_before=7879089  est=300c
  ↳ xarticles:author-baseline:DamiDefi  bal_after=7879089  spent=0c ($0.0)  count=20
  ↳ xarticles:author-baseline:vechainofficial  bal_before=7879089  est=300c
  ↳ xarticles:author-baseline:vechainofficial  bal_after=7879089  spent=0c ($0.0)  count=20
{
  "date": "2026-06-10",
  "niche": "ai-30d",
  "out_dir": "/Users/maxguillabert/Downloads/index/docs/x-targeting/x_articles/2026-06-10/ai-30d",
  "tweets": 8072,
  "native_x_articles": 500,
  "top": {
    "tweet_id": "2061262920244412880",
    "tweet_url": "https://x.com/1salman/status/2061262920244412880",
    "article_url": "https://x.com/i/article/2061258915246161920",
    "title": "Range and Depth on Demand ",
    "preview_text": "Everyone keeps asking whether AI favors specialists or generalists.\nI think that is the wrong question.\nAI does not pick a side. It changes the tradeoff.\nThe old world forced a choice. You could go",
    "cover_media_img_url": "https://pbs.twimg.com/media/HJsS0yVasAAt-x4.jpg",
    "author": "1salman",
    "author_name": "Salman Mian",
    "author_followers": 378,
    "created_at": "Mon Jun 01 01:45:51 +0000 2026",
    "likes": 694,
    "retweets": 46,
    "replies": 21,
    "quotes": 2,
    "bookmarks": 88,
    "views": 2020418,
    "query_label": "likes-gte-500-latest",
    "engagement": 851,
    "weighted_engagement": 899,
    "engagement_per_1k_views": 0.421,
    "score": 999,
    "author_avg_views_last10": 155.4,
    "author_avg_views_min_age_hours": 4,
    "views_per_1k_followers": 5345021.164,
    "views_vs_author_avg": 13001.403,
    "outlier_score": 6645161.885
  }
}
wrote /Users/maxguillabert/Downloads/index/docs/x-targeting/x_articles/2026-06-10/ai-30d/by-likes.md (500 articles)
wrote /Users/maxguillabert/Downloads/index/docs/x-targeting/x_articles/2026-06-10/ai-30d/by-views.md (500 articles)
date: illegal option -- -
usage: date [-jnRu] [-I[date|hours|minutes|seconds|ns]] [-f input_fmt]
            [ -z output_zone ] [-r filename|seconds] [-v[+|-]val[y|m|w|d|H|M|S]]
            [[[[mm]dd]HH]MM[[cc]yy][.SS] | new_date] [+output_fmt]
[] monthly fetch niche=trading-30d date=2026-06-10 max=500

### rt-gte-500 [Top] x10p min_retweets:500 url:x.com/i/article since:2026-05-11 -is:retweet
  ↳ xarticles:rt-gte-500:p0  bal_before=7879089  est=300c
  ↳ xarticles:rt-gte-500:p0  bal_after=7875189  spent=3900c ($0.039)  count=20
  ↳ xarticles:rt-gte-500:p1  bal_before=7875189  est=300c
  ↳ xarticles:rt-gte-500:p1  bal_after=7875189  spent=0c ($0.0)  count=11
  ↳ xarticles:rt-gte-500:p2  bal_before=7875189  est=300c
  ↳ xarticles:rt-gte-500:p2  bal_after=7875189  spent=0c ($0.0)  count=6
  ↳ xarticles:rt-gte-500:p3  bal_before=7875189  est=300c
  ↳ xarticles:rt-gte-500:p3  bal_after=7875189  spent=0c ($0.0)  count=17
  ↳ xarticles:rt-gte-500:p4  bal_before=7875189  est=300c
  ↳ xarticles:rt-gte-500:p4  bal_after=7875189  spent=0c ($0.0)  count=2
  ↳ xarticles:rt-gte-500:p5  bal_before=7875189  est=300c
  ↳ xarticles:rt-gte-500:p5  bal_after=7875189  spent=0c ($0.0)  count=18
  ↳ xarticles:rt-gte-500:p6  bal_before=7875189  est=300c
  ↳ xarticles:rt-gte-500:p6  bal_after=7875189  spent=0c ($0.0)  count=19
  ↳ xarticles:rt-gte-500:p7  bal_before=7875189  est=300c
  ↳ xarticles:rt-gte-500:p7  bal_after=7875189  spent=0c ($0.0)  count=7
  ↳ xarticles:rt-gte-500:p8  bal_before=7875189  est=300c
  ↳ xarticles:rt-gte-500:p8  bal_after=7875189  spent=0c ($0.0)  count=0

### rt-gte-500-latest [Latest] x50p min_retweets:500 url:x.com/i/article since:2026-05-11 -is:retweet
  ↳ xarticles:rt-gte-500-latest:p0  bal_before=7875189  est=300c
  ↳ xarticles:rt-gte-500-latest:p0  bal_after=7873479  spent=1710c ($0.0171)  count=16
  ↳ xarticles:rt-gte-500-latest:p1  bal_before=7873479  est=300c
  ↳ xarticles:rt-gte-500-latest:p1  bal_after=7873479  spent=0c ($0.0)  count=15
  ↳ xarticles:rt-gte-500-latest:p2  bal_before=7873479  est=300c
  ↳ xarticles:rt-gte-500-latest:p2  bal_after=7873479  spent=0c ($0.0)  count=18
  ↳ xarticles:rt-gte-500-latest:p3  bal_before=7873479  est=300c
  ↳ xarticles:rt-gte-500-latest:p3  bal_after=7873479  spent=0c ($0.0)  count=20
  ↳ xarticles:rt-gte-500-latest:p4  bal_before=7873479  est=300c
  ↳ xarticles:rt-gte-500-latest:p4  bal_after=7873479  spent=0c ($0.0)  count=20
  ↳ xarticles:rt-gte-500-latest:p5  bal_before=7873479  est=300c
  ↳ xarticles:rt-gte-500-latest:p5  bal_after=7873479  spent=0c ($0.0)  count=20
  ↳ xarticles:rt-gte-500-latest:p6  bal_before=7873479  est=300c
  ↳ xarticles:rt-gte-500-latest:p6  bal_after=7873479  spent=0c ($0.0)  count=20
  ↳ xarticles:rt-gte-500-latest:p7  bal_before=7873479  est=300c
  ↳ xarticles:rt-gte-500-latest:p7  bal_after=7873479  spent=0c ($0.0)  count=20
  ↳ xarticles:rt-gte-500-latest:p8  bal_before=7873479  est=300c
  ↳ xarticles:rt-gte-500-latest:p8  bal_after=7873479  spent=0c ($0.0)  count=12
  ↳ xarticles:rt-gte-500-latest:p9  bal_before=7873479  est=300c
  ↳ xarticles:rt-gte-500-latest:p9  bal_after=7873479  spent=0c ($0.0)  count=0

### rt-gte-200 [Top] x10p min_retweets:200 url:x.com/i/article since:2026-05-11 -is:retweet
  ↳ xarticles:rt-gte-200:p0  bal_before=7873479  est=300c
  ↳ xarticles:rt-gte-200:p0  bal_after=7873479  spent=0c ($0.0)  count=20
  ↳ xarticles:rt-gte-200:p1  bal_before=7873479  est=300c
  ↳ xarticles:rt-gte-200:p1  bal_after=7873479  spent=0c ($0.0)  count=17
  ↳ xarticles:rt-gte-200:p2  bal_before=7873479  est=300c
  ↳ xarticles:rt-gte-200:p2  bal_after=7873479  spent=0c ($0.0)  count=16
  ↳ xarticles:rt-gte-200:p3  bal_before=7873479  est=300c
  ↳ xarticles:rt-gte-200:p3  bal_after=7873479  spent=0c ($0.0)  count=9
  ↳ xarticles:rt-gte-200:p4  bal_before=7873479  est=300c
  ↳ xarticles:rt-gte-200:p4  bal_after=7873479  spent=0c ($0.0)  count=9
  ↳ xarticles:rt-gte-200:p5  bal_before=7873479  est=300c
  ↳ xarticles:rt-gte-200:p5  bal_after=7869849  spent=3630c ($0.0363)  count=4
  ↳ xarticles:rt-gte-200:p6  bal_before=7869849  est=300c
  ↳ xarticles:rt-gte-200:p6  bal_after=7869849  spent=0c ($0.0)  count=8
  ↳ xarticles:rt-gte-200:p7  bal_before=7869849  est=300c
  ↳ xarticles:rt-gte-200:p7  bal_after=7869849  spent=0c ($0.0)  count=2
  ↳ xarticles:rt-gte-200:p8  bal_before=7869849  est=300c
  ↳ xarticles:rt-gte-200:p8  bal_after=7869849  spent=0c ($0.0)  count=13
  ↳ xarticles:rt-gte-200:p9  bal_before=7869849  est=300c
  ↳ xarticles:rt-gte-200:p9  bal_after=7869849  spent=0c ($0.0)  count=14

### rt-gte-200-latest [Latest] x50p min_retweets:200 url:x.com/i/article since:2026-05-11 -is:retweet
  ↳ xarticles:rt-gte-200-latest:p0  bal_before=7869849  est=300c
  ↳ xarticles:rt-gte-200-latest:p0  bal_after=7869849  spent=0c ($0.0)  count=14
  ↳ xarticles:rt-gte-200-latest:p1  bal_before=7869849  est=300c
  ↳ xarticles:rt-gte-200-latest:p1  bal_after=7869849  spent=0c ($0.0)  count=18
  ↳ xarticles:rt-gte-200-latest:p2  bal_before=7869849  est=300c
  ↳ xarticles:rt-gte-200-latest:p2  bal_after=7869849  spent=0c ($0.0)  count=19
  ↳ xarticles:rt-gte-200-latest:p3  bal_before=7869849  est=300c
  ↳ xarticles:rt-gte-200-latest:p3  bal_after=7869849  spent=0c ($0.0)  count=18
  ↳ xarticles:rt-gte-200-latest:p4  bal_before=7869849  est=300c
  ↳ xarticles:rt-gte-200-latest:p4  bal_after=7869849  spent=0c ($0.0)  count=19
  ↳ xarticles:rt-gte-200-latest:p5  bal_before=7869849  est=300c
  ↳ xarticles:rt-gte-200-latest:p5  bal_after=7869849  spent=0c ($0.0)  count=18
  ↳ xarticles:rt-gte-200-latest:p6  bal_before=7869849  est=300c
  ↳ xarticles:rt-gte-200-latest:p6  bal_after=7869849  spent=0c ($0.0)  count=15
  ↳ xarticles:rt-gte-200-latest:p7  bal_before=7869849  est=300c
  ↳ xarticles:rt-gte-200-latest:p7  bal_after=7869849  spent=0c ($0.0)  count=19
  ↳ xarticles:rt-gte-200-latest:p8  bal_before=7869849  est=300c
  ↳ xarticles:rt-gte-200-latest:p8  bal_after=7869849  spent=0c ($0.0)  count=20
  ↳ xarticles:rt-gte-200-latest:p9  bal_before=7867374  est=300c
  ↳ xarticles:rt-gte-200-latest:p9  bal_after=7867374  spent=0c ($0.0)  count=20
  ↳ xarticles:rt-gte-200-latest:p10  bal_before=7867374  est=300c
  ↳ xarticles:rt-gte-200-latest:p10  bal_after=7867374  spent=0c ($0.0)  count=20
  ↳ xarticles:rt-gte-200-latest:p11  bal_before=7867374  est=300c
  ↳ xarticles:rt-gte-200-latest:p11  bal_after=7867374  spent=0c ($0.0)  count=20
  ↳ xarticles:rt-gte-200-latest:p12  bal_before=7867374  est=300c
  ↳ xarticles:rt-gte-200-latest:p12  bal_after=7867374  spent=0c ($0.0)  count=20
  ↳ xarticles:rt-gte-200-latest:p13  bal_before=7867374  est=300c
  ↳ xarticles:rt-gte-200-latest:p13  bal_after=7867374  spent=0c ($0.0)  count=19
  ↳ xarticles:rt-gte-200-latest:p14  bal_before=7867374  est=300c
  ↳ xarticles:rt-gte-200-latest:p14  bal_after=7867374  spent=0c ($0.0)  count=20
  ↳ xarticles:rt-gte-200-latest:p15  bal_before=7867374  est=300c
  ↳ xarticles:rt-gte-200-latest:p15  bal_after=7867374  spent=0c ($0.0)  count=20
  ↳ xarticles:rt-gte-200-latest:p16  bal_before=7867374  est=300c
  ↳ xarticles:rt-gte-200-latest:p16  bal_after=7867374  spent=0c ($0.0)  count=20
  ↳ xarticles:rt-gte-200-latest:p17  bal_before=7867374  est=300c
  ↳ xarticles:rt-gte-200-latest:p17  bal_after=7867374  spent=0c ($0.0)  count=20
  ↳ xarticles:rt-gte-200-latest:p18  bal_before=7867374  est=300c
  ↳ xarticles:rt-gte-200-latest:p18  bal_after=7867374  spent=0c ($0.0)  count=20
  ↳ xarticles:rt-gte-200-latest:p19  bal_before=7867374  est=300c
  ↳ xarticles:rt-gte-200-latest:p19  bal_after=7867374  spent=0c ($0.0)  count=20
  ↳ xarticles:rt-gte-200-latest:p20  bal_before=7867374  est=300c
  ↳ xarticles:rt-gte-200-latest:p20  bal_after=7867374  spent=0c ($0.0)  count=20
  ↳ xarticles:rt-gte-200-latest:p21  bal_before=7867374  est=300c
  ↳ xarticles:rt-gte-200-latest:p21  bal_after=7867374  spent=0c ($0.0)  count=20
  ↳ xarticles:rt-gte-200-latest:p22  bal_before=7867374  est=300c
  ↳ xarticles:rt-gte-200-latest:p22  bal_after=7867374  spent=0c ($0.0)  count=20
  ↳ xarticles:rt-gte-200-latest:p23  bal_before=7867374  est=300c
  ↳ xarticles:rt-gte-200-latest:p23  bal_after=7867374  spent=0c ($0.0)  count=20
  ↳ xarticles:rt-gte-200-latest:p24  bal_before=7867374  est=300c
  ↳ xarticles:rt-gte-200-latest:p24  bal_after=7867374  spent=0c ($0.0)  count=20
  ↳ xarticles:rt-gte-200-latest:p25  bal_before=7867374  est=300c
  ↳ xarticles:rt-gte-200-latest:p25  bal_after=7867374  spent=0c ($0.0)  count=20
  ↳ xarticles:rt-gte-200-latest:p26  bal_before=7867374  est=300c
  ↳ xarticles:rt-gte-200-latest:p26  bal_after=7862379  spent=4995c ($0.05)  count=20
  ↳ xarticles:rt-gte-200-latest:p27  bal_before=7862379  est=300c
  ↳ xarticles:rt-gte-200-latest:p27  bal_after=7862379  spent=0c ($0.0)  count=2
  ↳ window exhausted at p27 (oldest page fully before cutoff)

### rt-gte-100 [Top] x10p min_retweets:100 url:x.com/i/article since:2026-05-11 -is:retweet
  ↳ xarticles:rt-gte-100:p0  bal_before=7862379  est=300c
  ↳ xarticles:rt-gte-100:p0  bal_after=7862379  spent=0c ($0.0)  count=20
  ↳ xarticles:rt-gte-100:p1  bal_before=7862379  est=300c
  ↳ xarticles:rt-gte-100:p1  bal_after=7862379  spent=0c ($0.0)  count=7
  ↳ xarticles:rt-gte-100:p2  bal_before=7862379  est=300c
  ↳ xarticles:rt-gte-100:p2  bal_after=7862379  spent=0c ($0.0)  count=19
  ↳ xarticles:rt-gte-100:p3  bal_before=7862379  est=300c
  ↳ xarticles:rt-gte-100:p3  bal_after=7862379  spent=0c ($0.0)  count=10
  ↳ xarticles:rt-gte-100:p4  bal_before=7862379  est=300c
  ↳ xarticles:rt-gte-100:p4  bal_after=7862379  spent=0c ($0.0)  count=20
  ↳ xarticles:rt-gte-100:p5  bal_before=7862379  est=300c
  ↳ xarticles:rt-gte-100:p5  bal_after=7862379  spent=0c ($0.0)  count=7
  ↳ xarticles:rt-gte-100:p6  bal_before=7862379  est=300c
  ↳ xarticles:rt-gte-100:p6  bal_after=7862379  spent=0c ($0.0)  count=8
  ↳ xarticles:rt-gte-100:p7  bal_before=7862379  est=300c
  ↳ xarticles:rt-gte-100:p7  bal_after=7859904  spent=2475c ($0.0248)  count=7
  ↳ xarticles:rt-gte-100:p8  bal_before=7859904  est=300c
  ↳ xarticles:rt-gte-100:p8  bal_after=7859904  spent=0c ($0.0)  count=3
  ↳ xarticles:rt-gte-100:p9  bal_before=7859904  est=300c
  ↳ xarticles:rt-gte-100:p9  bal_after=7859904  spent=0c ($0.0)  count=5

### rt-gte-100-latest [Latest] x50p min_retweets:100 url:x.com/i/article since:2026-05-11 -is:retweet
  ↳ xarticles:rt-gte-100-latest:p0  bal_before=7859904  est=300c
  ↳ xarticles:rt-gte-100-latest:p0  bal_after=7859904  spent=0c ($0.0)  count=18
  ↳ xarticles:rt-gte-100-latest:p1  bal_before=7859904  est=300c
  ↳ xarticles:rt-gte-100-latest:p1  bal_after=7859904  spent=0c ($0.0)  count=20
  ↳ xarticles:rt-gte-100-latest:p2  bal_before=7859904  est=300c
  ↳ xarticles:rt-gte-100-latest:p2  bal_after=7859904  spent=0c ($0.0)  count=20
  ↳ xarticles:rt-gte-100-latest:p3  bal_before=7859904  est=300c
  ↳ xarticles:rt-gte-100-latest:p3  bal_after=7859904  spent=0c ($0.0)  count=17
  ↳ xarticles:rt-gte-100-latest:p4  bal_before=7859904  est=300c
  ↳ xarticles:rt-gte-100-latest:p4  bal_after=7859904  spent=0c ($0.0)  count=20
  ↳ xarticles:rt-gte-100-latest:p5  bal_before=7859904  est=300c
  ↳ xarticles:rt-gte-100-latest:p5  bal_after=7858689  spent=1215c ($0.0121)  count=20
  ↳ xarticles:rt-gte-100-latest:p6  bal_before=7858689  est=300c
  ↳ xarticles:rt-gte-100-latest:p6  bal_after=7858689  spent=0c ($0.0)  count=20
  ↳ xarticles:rt-gte-100-latest:p7  bal_before=7858689  est=300c
  ↳ xarticles:rt-gte-100-latest:p7  bal_after=7858689  spent=0c ($0.0)  count=19
  ↳ xarticles:rt-gte-100-latest:p8  bal_before=7858689  est=300c
  ↳ xarticles:rt-gte-100-latest:p8  bal_after=7858689  spent=0c ($0.0)  count=17
  ↳ xarticles:rt-gte-100-latest:p9  bal_before=7858689  est=300c
  ↳ xarticles:rt-gte-100-latest:p9  bal_after=7858689  spent=0c ($0.0)  count=20
  ↳ xarticles:rt-gte-100-latest:p10  bal_before=7858689  est=300c
  ↳ xarticles:rt-gte-100-latest:p10  bal_after=7858689  spent=0c ($0.0)  count=18
  ↳ xarticles:rt-gte-100-latest:p11  bal_before=7858689  est=300c
  ↳ xarticles:rt-gte-100-latest:p11  bal_after=7858689  spent=0c ($0.0)  count=20
  ↳ xarticles:rt-gte-100-latest:p12  bal_before=7858689  est=300c
  ↳ xarticles:rt-gte-100-latest:p12  bal_after=7858689  spent=0c ($0.0)  count=18
  ↳ xarticles:rt-gte-100-latest:p13  bal_before=7858689  est=300c
  ↳ xarticles:rt-gte-100-latest:p13  bal_after=7858689  spent=0c ($0.0)  count=19
  ↳ xarticles:rt-gte-100-latest:p14  bal_before=7858689  est=300c
  ↳ xarticles:rt-gte-100-latest:p14  bal_after=7858689  spent=0c ($0.0)  count=16
  ↳ xarticles:rt-gte-100-latest:p15  bal_before=7858689  est=300c
  ↳ xarticles:rt-gte-100-latest:p15  bal_after=7858689  spent=0c ($0.0)  count=19
  ↳ xarticles:rt-gte-100-latest:p16  bal_before=7858689  est=300c
  ↳ xarticles:rt-gte-100-latest:p16  bal_after=7858689  spent=0c ($0.0)  count=20
  ↳ xarticles:rt-gte-100-latest:p17  bal_before=7858689  est=300c
  ↳ xarticles:rt-gte-100-latest:p17  bal_after=7858689  spent=0c ($0.0)  count=20
  ↳ xarticles:rt-gte-100-latest:p18  bal_before=7858689  est=300c
  ↳ xarticles:rt-gte-100-latest:p18  bal_after=7858689  spent=0c ($0.0)  count=20
  ↳ xarticles:rt-gte-100-latest:p19  bal_before=7858689  est=300c
  ↳ xarticles:rt-gte-100-latest:p19  bal_after=7858689  spent=0c ($0.0)  count=20
  ↳ xarticles:rt-gte-100-latest:p20  bal_before=7858689  est=300c
  ↳ xarticles:rt-gte-100-latest:p20  bal_after=7858689  spent=0c ($0.0)  count=20
  ↳ xarticles:rt-gte-100-latest:p21  bal_before=7858689  est=300c
  ↳ xarticles:rt-gte-100-latest:p21  bal_after=7858689  spent=0c ($0.0)  count=20
  ↳ xarticles:rt-gte-100-latest:p22  bal_before=7853844  est=300c
  ↳ xarticles:rt-gte-100-latest:p22  bal_after=7853844  spent=0c ($0.0)  count=20
  ↳ xarticles:rt-gte-100-latest:p23  bal_before=7853844  est=300c
  ↳ xarticles:rt-gte-100-latest:p23  bal_after=7853844  spent=0c ($0.0)  count=20
  ↳ xarticles:rt-gte-100-latest:p24  bal_before=7853844  est=300c
  ↳ xarticles:rt-gte-100-latest:p24  bal_after=7853844  spent=0c ($0.0)  count=20
  ↳ xarticles:rt-gte-100-latest:p25  bal_before=7853844  est=300c
  ↳ xarticles:rt-gte-100-latest:p25  bal_after=7853844  spent=0c ($0.0)  count=20
  ↳ xarticles:rt-gte-100-latest:p26  bal_before=7853844  est=300c
  ↳ xarticles:rt-gte-100-latest:p26  bal_after=7853844  spent=0c ($0.0)  count=20
  ↳ xarticles:rt-gte-100-latest:p27  bal_before=7853844  est=300c
  ↳ xarticles:rt-gte-100-latest:p27  bal_after=7853844  spent=0c ($0.0)  count=20
  ↳ xarticles:rt-gte-100-latest:p28  bal_before=7853844  est=300c
  ↳ xarticles:rt-gte-100-latest:p28  bal_after=7853844  spent=0c ($0.0)  count=20
  ↳ xarticles:rt-gte-100-latest:p29  bal_before=7853844  est=300c
  ↳ xarticles:rt-gte-100-latest:p29  bal_after=7853844  spent=0c ($0.0)  count=20
  ↳ xarticles:rt-gte-100-latest:p30  bal_before=7853844  est=300c
  ↳ xarticles:rt-gte-100-latest:p30  bal_after=7853844  spent=0c ($0.0)  count=20
  ↳ xarticles:rt-gte-100-latest:p31  bal_before=7853844  est=300c
  ↳ xarticles:rt-gte-100-latest:p31  bal_after=7853844  spent=0c ($0.0)  count=20
  ↳ xarticles:rt-gte-100-latest:p32  bal_before=7853844  est=300c
  ↳ xarticles:rt-gte-100-latest:p32  bal_after=7853844  spent=0c ($0.0)  count=20
  ↳ xarticles:rt-gte-100-latest:p33  bal_before=7853844  est=300c
  ↳ xarticles:rt-gte-100-latest:p33  bal_after=7853844  spent=0c ($0.0)  count=19
  ↳ xarticles:rt-gte-100-latest:p34  bal_before=7853844  est=300c
  ↳ xarticles:rt-gte-100-latest:p34  bal_after=7853844  spent=0c ($0.0)  count=20
  ↳ xarticles:rt-gte-100-latest:p35  bal_before=7853844  est=300c
  ↳ xarticles:rt-gte-100-latest:p35  bal_after=7853844  spent=0c ($0.0)  count=20
  ↳ xarticles:rt-gte-100-latest:p36  bal_before=7853844  est=300c
  ↳ xarticles:rt-gte-100-latest:p36  bal_after=7853844  spent=0c ($0.0)  count=20
  ↳ xarticles:rt-gte-100-latest:p37  bal_before=7853844  est=300c
  ↳ xarticles:rt-gte-100-latest:p37  bal_after=7849659  spent=4185c ($0.0418)  count=20
  ↳ xarticles:rt-gte-100-latest:p38  bal_before=7849659  est=300c
  ↳ xarticles:rt-gte-100-latest:p38  bal_after=7849659  spent=0c ($0.0)  count=20
  ↳ xarticles:rt-gte-100-latest:p39  bal_before=7849659  est=300c
  ↳ xarticles:rt-gte-100-latest:p39  bal_after=7849659  spent=0c ($0.0)  count=20
  ↳ xarticles:rt-gte-100-latest:p40  bal_before=7849659  est=300c
  ↳ xarticles:rt-gte-100-latest:p40  bal_after=7849659  spent=0c ($0.0)  count=20
  ↳ xarticles:rt-gte-100-latest:p41  bal_before=7849659  est=300c
  ↳ xarticles:rt-gte-100-latest:p41  bal_after=7849659  spent=0c ($0.0)  count=20
  ↳ xarticles:rt-gte-100-latest:p42  bal_before=7849659  est=300c
  ↳ xarticles:rt-gte-100-latest:p42  bal_after=7849659  spent=0c ($0.0)  count=20
  ↳ xarticles:rt-gte-100-latest:p43  bal_before=7849659  est=300c
  ↳ xarticles:rt-gte-100-latest:p43  bal_after=7849659  spent=0c ($0.0)  count=20
  ↳ xarticles:rt-gte-100-latest:p44  bal_before=7849659  est=300c
  ↳ xarticles:rt-gte-100-latest:p44  bal_after=7849659  spent=0c ($0.0)  count=20
  ↳ xarticles:rt-gte-100-latest:p45  bal_before=7849659  est=300c
  ↳ xarticles:rt-gte-100-latest:p45  bal_after=7849659  spent=0c ($0.0)  count=20
  ↳ xarticles:rt-gte-100-latest:p46  bal_before=7849659  est=300c
  ↳ xarticles:rt-gte-100-latest:p46  bal_after=7849659  spent=0c ($0.0)  count=20
  ↳ xarticles:rt-gte-100-latest:p47  bal_before=7849659  est=300c
  ↳ xarticles:rt-gte-100-latest:p47  bal_after=7849659  spent=0c ($0.0)  count=20
  ↳ xarticles:rt-gte-100-latest:p48  bal_before=7849659  est=300c
  ↳ xarticles:rt-gte-100-latest:p48  bal_after=7849659  spent=0c ($0.0)  count=20
  ↳ xarticles:rt-gte-100-latest:p49  bal_before=7849659  est=300c
  ↳ xarticles:rt-gte-100-latest:p49  bal_after=7845459  spent=4200c ($0.042)  count=20

### likes-gte-5000 [Top] x10p min_faves:5000 url:x.com/i/article since:2026-05-11 -is:retweet
  ↳ xarticles:likes-gte-5000:p0  bal_before=7845459  est=300c
  ↳ xarticles:likes-gte-5000:p0  bal_after=7845459  spent=0c ($0.0)  count=20
  ↳ xarticles:likes-gte-5000:p1  bal_before=7845459  est=300c
  ↳ xarticles:likes-gte-5000:p1  bal_after=7845459  spent=0c ($0.0)  count=20
  ↳ xarticles:likes-gte-5000:p2  bal_before=7845459  est=300c
  ↳ xarticles:likes-gte-5000:p2  bal_after=7845459  spent=0c ($0.0)  count=20
  ↳ xarticles:likes-gte-5000:p3  bal_before=7845459  est=300c
  ↳ xarticles:likes-gte-5000:p3  bal_after=7845459  spent=0c ($0.0)  count=20
  ↳ xarticles:likes-gte-5000:p4  bal_before=7845459  est=300c
  ↳ xarticles:likes-gte-5000:p4  bal_after=7845459  spent=0c ($0.0)  count=20
  ↳ xarticles:likes-gte-5000:p5  bal_before=7845459  est=300c
  ↳ xarticles:likes-gte-5000:p5  bal_after=7845459  spent=0c ($0.0)  count=20
  ↳ xarticles:likes-gte-5000:p6  bal_before=7845459  est=300c
  ↳ xarticles:likes-gte-5000:p6  bal_after=7845459  spent=0c ($0.0)  count=20
  ↳ xarticles:likes-gte-5000:p7  bal_before=7845459  est=300c
  ↳ xarticles:likes-gte-5000:p7  bal_after=7845459  spent=0c ($0.0)  count=11
  ↳ xarticles:likes-gte-5000:p8  bal_before=7845459  est=300c
  ↳ xarticles:likes-gte-5000:p8  bal_after=7843059  spent=2400c ($0.024)  count=17
  ↳ xarticles:likes-gte-5000:p9  bal_before=7843059  est=300c
  ↳ xarticles:likes-gte-5000:p9  bal_after=7843059  spent=0c ($0.0)  count=5

### likes-gte-5000-latest [Latest] x50p min_faves:5000 url:x.com/i/article since:2026-05-11 -is:retweet
  ↳ xarticles:likes-gte-5000-latest:p0  bal_before=7843059  est=300c
  ↳ xarticles:likes-gte-5000-latest:p0  bal_after=7843059  spent=0c ($0.0)  count=20
  ↳ xarticles:likes-gte-5000-latest:p1  bal_before=7843059  est=300c
  ↳ xarticles:likes-gte-5000-latest:p1  bal_after=7843059  spent=0c ($0.0)  count=20
  ↳ xarticles:likes-gte-5000-latest:p2  bal_before=7843059  est=300c
  ↳ xarticles:likes-gte-5000-latest:p2  bal_after=7843059  spent=0c ($0.0)  count=19
  ↳ xarticles:likes-gte-5000-latest:p3  bal_before=7843059  est=300c
  ↳ xarticles:likes-gte-5000-latest:p3  bal_after=7843059  spent=0c ($0.0)  count=0

### likes-gte-2000 [Top] x10p min_faves:2000 url:x.com/i/article since:2026-05-11 -is:retweet
  ↳ xarticles:likes-gte-2000:p0  bal_before=7843059  est=300c
  ↳ xarticles:likes-gte-2000:p0  bal_after=7843059  spent=0c ($0.0)  count=20
  ↳ xarticles:likes-gte-2000:p1  bal_before=7843059  est=300c
  ↳ xarticles:likes-gte-2000:p1  bal_after=7843059  spent=0c ($0.0)  count=20
  ↳ xarticles:likes-gte-2000:p2  bal_before=7843059  est=300c
  ↳ xarticles:likes-gte-2000:p2  bal_after=7843059  spent=0c ($0.0)  count=20
  ↳ xarticles:likes-gte-2000:p3  bal_before=7843059  est=300c
  ↳ xarticles:likes-gte-2000:p3  bal_after=7843059  spent=0c ($0.0)  count=20
  ↳ xarticles:likes-gte-2000:p4  bal_before=7843059  est=300c
  ↳ xarticles:likes-gte-2000:p4  bal_after=7843059  spent=0c ($0.0)  count=18
  ↳ xarticles:likes-gte-2000:p5  bal_before=7843059  est=300c
  ↳ xarticles:likes-gte-2000:p5  bal_after=7843059  spent=0c ($0.0)  count=17
  ↳ xarticles:likes-gte-2000:p6  bal_before=7843059  est=300c
  ↳ xarticles:likes-gte-2000:p6  bal_after=7840164  spent=2895c ($0.029)  count=20
  ↳ xarticles:likes-gte-2000:p7  bal_before=7840164  est=300c
  ↳ xarticles:likes-gte-2000:p7  bal_after=7840164  spent=0c ($0.0)  count=20
  ↳ xarticles:likes-gte-2000:p8  bal_before=7840164  est=300c
  ↳ xarticles:likes-gte-2000:p8  bal_after=7840164  spent=0c ($0.0)  count=20
  ↳ xarticles:likes-gte-2000:p9  bal_before=7840164  est=300c
  ↳ xarticles:likes-gte-2000:p9  bal_after=7840164  spent=0c ($0.0)  count=20

### likes-gte-2000-latest [Latest] x50p min_faves:2000 url:x.com/i/article since:2026-05-11 -is:retweet
  ↳ xarticles:likes-gte-2000-latest:p0  bal_before=7840164  est=300c
  ↳ xarticles:likes-gte-2000-latest:p0  bal_after=7840164  spent=0c ($0.0)  count=20
  ↳ xarticles:likes-gte-2000-latest:p1  bal_before=7840164  est=300c
  ↳ xarticles:likes-gte-2000-latest:p1  bal_after=7840164  spent=0c ($0.0)  count=20
  ↳ xarticles:likes-gte-2000-latest:p2  bal_before=7840164  est=300c
  ↳ xarticles:likes-gte-2000-latest:p2  bal_after=7840164  spent=0c ($0.0)  count=20
  ↳ xarticles:likes-gte-2000-latest:p3  bal_before=7840164  est=300c
  ↳ xarticles:likes-gte-2000-latest:p3  bal_after=7840164  spent=0c ($0.0)  count=20
  ↳ xarticles:likes-gte-2000-latest:p4  bal_before=7840164  est=300c
  ↳ xarticles:likes-gte-2000-latest:p4  bal_after=7840164  spent=0c ($0.0)  count=20
  ↳ xarticles:likes-gte-2000-latest:p5  bal_before=7840164  est=300c
  ↳ xarticles:likes-gte-2000-latest:p5  bal_after=7840164  spent=0c ($0.0)  count=19
  ↳ xarticles:likes-gte-2000-latest:p6  bal_before=7840164  est=300c
  ↳ xarticles:likes-gte-2000-latest:p6  bal_after=7836939  spent=3225c ($0.0323)  count=20
  ↳ xarticles:likes-gte-2000-latest:p7  bal_before=7836939  est=300c
  ↳ xarticles:likes-gte-2000-latest:p7  bal_after=7836939  spent=0c ($0.0)  count=20
  ↳ xarticles:likes-gte-2000-latest:p8  bal_before=7836939  est=300c
  ↳ xarticles:likes-gte-2000-latest:p8  bal_after=7836939  spent=0c ($0.0)  count=20
  ↳ xarticles:likes-gte-2000-latest:p9  bal_before=7836939  est=300c
  ↳ xarticles:likes-gte-2000-latest:p9  bal_after=7836939  spent=0c ($0.0)  count=20
  ↳ xarticles:likes-gte-2000-latest:p10  bal_before=7836939  est=300c
  ↳ xarticles:likes-gte-2000-latest:p10  bal_after=7836939  spent=0c ($0.0)  count=20
  ↳ xarticles:likes-gte-2000-latest:p11  bal_before=7836939  est=300c
  ↳ xarticles:likes-gte-2000-latest:p11  bal_after=7836939  spent=0c ($0.0)  count=0

### likes-gte-1000 [Top] x10p min_faves:1000 url:x.com/i/article since:2026-05-11 -is:retweet
  ↳ xarticles:likes-gte-1000:p0  bal_before=7836939  est=300c
  ↳ xarticles:likes-gte-1000:p0  bal_after=7836939  spent=0c ($0.0)  count=20
  ↳ xarticles:likes-gte-1000:p1  bal_before=7836939  est=300c
  ↳ xarticles:likes-gte-1000:p1  bal_after=7836939  spent=0c ($0.0)  count=17
  ↳ xarticles:likes-gte-1000:p2  bal_before=7836939  est=300c
  ↳ xarticles:likes-gte-1000:p2  bal_after=7836939  spent=0c ($0.0)  count=20
  ↳ xarticles:likes-gte-1000:p3  bal_before=7836939  est=300c
  ↳ xarticles:likes-gte-1000:p3  bal_after=7836939  spent=0c ($0.0)  count=20
  ↳ xarticles:likes-gte-1000:p4  bal_before=7836939  est=300c
  ↳ xarticles:likes-gte-1000:p4  bal_after=7836939  spent=0c ($0.0)  count=20
  ↳ xarticles:likes-gte-1000:p5  bal_before=7836939  est=300c
  ↳ xarticles:likes-gte-1000:p5  bal_after=7836939  spent=0c ($0.0)  count=20
  ↳ xarticles:likes-gte-1000:p6  bal_before=7836939  est=300c
  ↳ xarticles:likes-gte-1000:p6  bal_after=7836939  spent=0c ($0.0)  count=20
  ↳ xarticles:likes-gte-1000:p7  bal_before=7836939  est=300c
  ↳ xarticles:likes-gte-1000:p7  bal_after=7836939  spent=0c ($0.0)  count=20
  ↳ xarticles:likes-gte-1000:p8  bal_before=7836939  est=300c
  ↳ xarticles:likes-gte-1000:p8  bal_after=7833384  spent=3555c ($0.0355)  count=20
  ↳ xarticles:likes-gte-1000:p9  bal_before=7833384  est=300c
  ↳ xarticles:likes-gte-1000:p9  bal_after=7833384  spent=0c ($0.0)  count=20

### likes-gte-1000-latest [Latest] x50p min_faves:1000 url:x.com/i/article since:2026-05-11 -is:retweet
  ↳ xarticles:likes-gte-1000-latest:p0  bal_before=7833384  est=300c
  ↳ xarticles:likes-gte-1000-latest:p0  bal_after=7833384  spent=0c ($0.0)  count=20
  ↳ xarticles:likes-gte-1000-latest:p1  bal_before=7833384  est=300c
  ↳ xarticles:likes-gte-1000-latest:p1  bal_after=7833384  spent=0c ($0.0)  count=20
  ↳ xarticles:likes-gte-1000-latest:p2  bal_before=7833384  est=300c
  ↳ xarticles:likes-gte-1000-latest:p2  bal_after=7833384  spent=0c ($0.0)  count=20
  ↳ xarticles:likes-gte-1000-latest:p3  bal_before=7833384  est=300c
  ↳ xarticles:likes-gte-1000-latest:p3  bal_after=7833384  spent=0c ($0.0)  count=20
  ↳ xarticles:likes-gte-1000-latest:p4  bal_before=7833384  est=300c
  ↳ xarticles:likes-gte-1000-latest:p4  bal_after=7833384  spent=0c ($0.0)  count=20
  ↳ xarticles:likes-gte-1000-latest:p5  bal_before=7833384  est=300c
  ↳ xarticles:likes-gte-1000-latest:p5  bal_after=7833384  spent=0c ($0.0)  count=20
  ↳ xarticles:likes-gte-1000-latest:p6  bal_before=7833384  est=300c
  ↳ xarticles:likes-gte-1000-latest:p6  bal_after=7833384  spent=0c ($0.0)  count=20
  ↳ xarticles:likes-gte-1000-latest:p7  bal_before=7833384  est=300c
  ↳ xarticles:likes-gte-1000-latest:p7  bal_after=7833384  spent=0c ($0.0)  count=20
  ↳ xarticles:likes-gte-1000-latest:p8  bal_before=7833384  est=300c
  ↳ xarticles:likes-gte-1000-latest:p8  bal_after=7833384  spent=0c ($0.0)  count=20
  ↳ xarticles:likes-gte-1000-latest:p9  bal_before=7833384  est=300c
  ↳ xarticles:likes-gte-1000-latest:p9  bal_after=7833384  spent=0c ($0.0)  count=20
  ↳ xarticles:likes-gte-1000-latest:p10  bal_before=7833384  est=300c
  ↳ xarticles:likes-gte-1000-latest:p10  bal_after=7833384  spent=0c ($0.0)  count=20
  ↳ xarticles:likes-gte-1000-latest:p11  bal_before=7833384  est=300c
  ↳ xarticles:likes-gte-1000-latest:p11  bal_after=7833384  spent=0c ($0.0)  count=20
  ↳ xarticles:likes-gte-1000-latest:p12  bal_before=7833384  est=300c
  ↳ xarticles:likes-gte-1000-latest:p12  bal_after=7833384  spent=0c ($0.0)  count=20
  ↳ xarticles:likes-gte-1000-latest:p13  bal_before=7833384  est=300c
  ↳ xarticles:likes-gte-1000-latest:p13  bal_after=7828584  spent=4800c ($0.048)  count=19
  ↳ xarticles:likes-gte-1000-latest:p14  bal_before=7828584  est=300c
  ↳ xarticles:likes-gte-1000-latest:p14  bal_after=7828584  spent=0c ($0.0)  count=20
  ↳ xarticles:likes-gte-1000-latest:p15  bal_before=7828584  est=300c
  ↳ xarticles:likes-gte-1000-latest:p15  bal_after=7828584  spent=0c ($0.0)  count=20
  ↳ xarticles:likes-gte-1000-latest:p16  bal_before=7828584  est=300c
  ↳ xarticles:likes-gte-1000-latest:p16  bal_after=7828584  spent=0c ($0.0)  count=20
  ↳ xarticles:likes-gte-1000-latest:p17  bal_before=7828584  est=300c
  ↳ xarticles:likes-gte-1000-latest:p17  bal_after=7828584  spent=0c ($0.0)  count=20
  ↳ xarticles:likes-gte-1000-latest:p18  bal_before=7828584  est=300c
  ↳ xarticles:likes-gte-1000-latest:p18  bal_after=7828584  spent=0c ($0.0)  count=20
  ↳ xarticles:likes-gte-1000-latest:p19  bal_before=7828584  est=300c
  ↳ xarticles:likes-gte-1000-latest:p19  bal_after=7828584  spent=0c ($0.0)  count=20
  ↳ xarticles:likes-gte-1000-latest:p20  bal_before=7828584  est=300c
  ↳ xarticles:likes-gte-1000-latest:p20  bal_after=7828584  spent=0c ($0.0)  count=20
  ↳ xarticles:likes-gte-1000-latest:p21  bal_before=7828584  est=300c
  ↳ xarticles:likes-gte-1000-latest:p21  bal_after=7828584  spent=0c ($0.0)  count=20
  ↳ xarticles:likes-gte-1000-latest:p22  bal_before=7828584  est=300c
  ↳ xarticles:likes-gte-1000-latest:p22  bal_after=7828584  spent=0c ($0.0)  count=20
  ↳ xarticles:likes-gte-1000-latest:p23  bal_before=7828584  est=300c
  ↳ xarticles:likes-gte-1000-latest:p23  bal_after=7828584  spent=0c ($0.0)  count=20
  ↳ xarticles:likes-gte-1000-latest:p24  bal_before=7828584  est=300c
  ↳ xarticles:likes-gte-1000-latest:p24  bal_after=7828584  spent=0c ($0.0)  count=20
  ↳ xarticles:likes-gte-1000-latest:p25  bal_before=7828584  est=300c
  ↳ xarticles:likes-gte-1000-latest:p25  bal_after=7828584  spent=0c ($0.0)  count=20
  ↳ xarticles:likes-gte-1000-latest:p26  bal_before=7828584  est=300c
  ↳ xarticles:likes-gte-1000-latest:p26  bal_after=7828584  spent=0c ($0.0)  count=20
  ↳ xarticles:likes-gte-1000-latest:p27  bal_before=7828584  est=300c
  ↳ xarticles:likes-gte-1000-latest:p27  bal_after=7828584  spent=0c ($0.0)  count=6
  ↳ window exhausted at p27 (oldest page fully before cutoff)

### likes-gte-500 [Top] x10p min_faves:500 url:x.com/i/article since:2026-05-11 -is:retweet
  ↳ xarticles:likes-gte-500:p0  bal_before=7828584  est=300c
  ↳ xarticles:likes-gte-500:p0  bal_after=7828584  spent=0c ($0.0)  count=20
  ↳ xarticles:likes-gte-500:p1  bal_before=7828584  est=300c
  ↳ xarticles:likes-gte-500:p1  bal_after=7828584  spent=0c ($0.0)  count=19
  ↳ xarticles:likes-gte-500:p2  bal_before=7828584  est=300c
  ↳ xarticles:likes-gte-500:p2  bal_after=7828584  spent=0c ($0.0)  count=20
  ↳ xarticles:likes-gte-500:p3  bal_before=7824009  est=300c
  ↳ xarticles:likes-gte-500:p3  bal_after=7824009  spent=0c ($0.0)  count=20
  ↳ xarticles:likes-gte-500:p4  bal_before=7824009  est=300c
  ↳ xarticles:likes-gte-500:p4  bal_after=7824009  spent=0c ($0.0)  count=20
  ↳ xarticles:likes-gte-500:p5  bal_before=7824009  est=300c
  ↳ xarticles:likes-gte-500:p5  bal_after=7824009  spent=0c ($0.0)  count=20
  ↳ xarticles:likes-gte-500:p6  bal_before=7824009  est=300c
  ↳ xarticles:likes-gte-500:p6  bal_after=7824009  spent=0c ($0.0)  count=20
  ↳ xarticles:likes-gte-500:p7  bal_before=7824009  est=300c
  ↳ xarticles:likes-gte-500:p7  bal_after=7821924  spent=2085c ($0.0209)  count=20
  ↳ xarticles:likes-gte-500:p8  bal_before=7821924  est=300c
  ↳ xarticles:likes-gte-500:p8  bal_after=7821924  spent=0c ($0.0)  count=20
  ↳ xarticles:likes-gte-500:p9  bal_before=7821924  est=300c
  ↳ xarticles:likes-gte-500:p9  bal_after=7821924  spent=0c ($0.0)  count=20

### likes-gte-500-latest [Latest] x50p min_faves:500 url:x.com/i/article since:2026-05-11 -is:retweet
  ↳ xarticles:likes-gte-500-latest:p0  bal_before=7821924  est=300c
  ↳ xarticles:likes-gte-500-latest:p0  bal_after=7821924  spent=0c ($0.0)  count=20
  ↳ xarticles:likes-gte-500-latest:p1  bal_before=7821924  est=300c
  ↳ xarticles:likes-gte-500-latest:p1  bal_after=7821924  spent=0c ($0.0)  count=20
  ↳ xarticles:likes-gte-500-latest:p2  bal_before=7821924  est=300c
  ↳ xarticles:likes-gte-500-latest:p2  bal_after=7821924  spent=0c ($0.0)  count=20
  ↳ xarticles:likes-gte-500-latest:p3  bal_before=7821924  est=300c
  ↳ xarticles:likes-gte-500-latest:p3  bal_after=7821924  spent=0c ($0.0)  count=20
  ↳ xarticles:likes-gte-500-latest:p4  bal_before=7821924  est=300c
  ↳ xarticles:likes-gte-500-latest:p4  bal_after=7821924  spent=0c ($0.0)  count=20
  ↳ xarticles:likes-gte-500-latest:p5  bal_before=7821924  est=300c
  ↳ xarticles:likes-gte-500-latest:p5  bal_after=7821924  spent=0c ($0.0)  count=20
  ↳ xarticles:likes-gte-500-latest:p6  bal_before=7821924  est=300c
  ↳ xarticles:likes-gte-500-latest:p6  bal_after=7821924  spent=0c ($0.0)  count=20
  ↳ xarticles:likes-gte-500-latest:p7  bal_before=7821924  est=300c
  ↳ xarticles:likes-gte-500-latest:p7  bal_after=7821924  spent=0c ($0.0)  count=20
  ↳ xarticles:likes-gte-500-latest:p8  bal_before=7821924  est=300c
  ↳ xarticles:likes-gte-500-latest:p8  bal_after=7821924  spent=0c ($0.0)  count=20
  ↳ xarticles:likes-gte-500-latest:p9  bal_before=7821924  est=300c
  ↳ xarticles:likes-gte-500-latest:p9  bal_after=7821924  spent=0c ($0.0)  count=18
  ↳ xarticles:likes-gte-500-latest:p10  bal_before=7821924  est=300c
  ↳ xarticles:likes-gte-500-latest:p10  bal_after=7821924  spent=0c ($0.0)  count=20
  ↳ xarticles:likes-gte-500-latest:p11  bal_before=7821924  est=300c
  ↳ xarticles:likes-gte-500-latest:p11  bal_after=7818324  spent=3600c ($0.036)  count=20
  ↳ xarticles:likes-gte-500-latest:p12  bal_before=7818324  est=300c
  ↳ xarticles:likes-gte-500-latest:p12  bal_after=7818324  spent=0c ($0.0)  count=20
  ↳ xarticles:likes-gte-500-latest:p13  bal_before=7818324  est=300c
  ↳ xarticles:likes-gte-500-latest:p13  bal_after=7818324  spent=0c ($0.0)  count=20
  ↳ xarticles:likes-gte-500-latest:p14  bal_before=7818324  est=300c
  ↳ xarticles:likes-gte-500-latest:p14  bal_after=7818324  spent=0c ($0.0)  count=20
  ↳ xarticles:likes-gte-500-latest:p15  bal_before=7818324  est=300c
  ↳ xarticles:likes-gte-500-latest:p15  bal_after=7818324  spent=0c ($0.0)  count=20
  ↳ xarticles:likes-gte-500-latest:p16  bal_before=7818324  est=300c
  ↳ xarticles:likes-gte-500-latest:p16  bal_after=7818324  spent=0c ($0.0)  count=20
  ↳ xarticles:likes-gte-500-latest:p17  bal_before=7818324  est=300c
  ↳ xarticles:likes-gte-500-latest:p17  bal_after=7818324  spent=0c ($0.0)  count=20
  ↳ xarticles:likes-gte-500-latest:p18  bal_before=7818324  est=300c
  ↳ xarticles:likes-gte-500-latest:p18  bal_after=7818324  spent=0c ($0.0)  count=20
  ↳ xarticles:likes-gte-500-latest:p19  bal_before=7818324  est=300c
  ↳ xarticles:likes-gte-500-latest:p19  bal_after=7818324  spent=0c ($0.0)  count=20
  ↳ xarticles:likes-gte-500-latest:p20  bal_before=7818324  est=300c
  ↳ xarticles:likes-gte-500-latest:p20  bal_after=7818324  spent=0c ($0.0)  count=20
  ↳ xarticles:likes-gte-500-latest:p21  bal_before=7818324  est=300c
  ↳ xarticles:likes-gte-500-latest:p21  bal_after=7818324  spent=0c ($0.0)  count=20
  ↳ xarticles:likes-gte-500-latest:p22  bal_before=7818324  est=300c
  ↳ xarticles:likes-gte-500-latest:p22  bal_after=7818324  spent=0c ($0.0)  count=20
  ↳ xarticles:likes-gte-500-latest:p23  bal_before=7818324  est=300c
  ↳ xarticles:likes-gte-500-latest:p23  bal_after=7818324  spent=0c ($0.0)  count=20
  ↳ xarticles:likes-gte-500-latest:p24  bal_before=7818324  est=300c
  ↳ xarticles:likes-gte-500-latest:p24  bal_after=7818324  spent=0c ($0.0)  count=20
  ↳ xarticles:likes-gte-500-latest:p25  bal_before=7818324  est=300c
  ↳ xarticles:likes-gte-500-latest:p25  bal_after=7818324  spent=0c ($0.0)  count=20
  ↳ xarticles:likes-gte-500-latest:p26  bal_before=7818324  est=300c
  ↳ xarticles:likes-gte-500-latest:p26  bal_after=7818324  spent=0c ($0.0)  count=20
  ↳ xarticles:likes-gte-500-latest:p27  bal_before=7818324  est=300c
  ↳ xarticles:likes-gte-500-latest:p27  bal_after=7818324  spent=0c ($0.0)  count=20
  ↳ xarticles:likes-gte-500-latest:p28  bal_before=7818324  est=300c
  ↳ xarticles:likes-gte-500-latest:p28  bal_after=7813554  spent=4770c ($0.0477)  count=20
  ↳ xarticles:likes-gte-500-latest:p29  bal_before=7813554  est=300c
  ↳ xarticles:likes-gte-500-latest:p29  bal_after=7813554  spent=0c ($0.0)  count=20
  ↳ xarticles:likes-gte-500-latest:p30  bal_before=7813554  est=300c
  ↳ xarticles:likes-gte-500-latest:p30  bal_after=7813554  spent=0c ($0.0)  count=20
  ↳ xarticles:likes-gte-500-latest:p31  bal_before=7813554  est=300c
  ↳ xarticles:likes-gte-500-latest:p31  bal_after=7813554  spent=0c ($0.0)  count=20
  ↳ xarticles:likes-gte-500-latest:p32  bal_before=7813554  est=300c
  ↳ xarticles:likes-gte-500-latest:p32  bal_after=7813554  spent=0c ($0.0)  count=19
  ↳ xarticles:likes-gte-500-latest:p33  bal_before=7813554  est=300c
  ↳ xarticles:likes-gte-500-latest:p33  bal_after=7813554  spent=0c ($0.0)  count=20
  ↳ xarticles:likes-gte-500-latest:p34  bal_before=7813554  est=300c
  ↳ xarticles:likes-gte-500-latest:p34  bal_after=7813554  spent=0c ($0.0)  count=20
  ↳ xarticles:likes-gte-500-latest:p35  bal_before=7813554  est=300c
  ↳ xarticles:likes-gte-500-latest:p35  bal_after=7813554  spent=0c ($0.0)  count=19
  ↳ xarticles:likes-gte-500-latest:p36  bal_before=7813554  est=300c
  ↳ xarticles:likes-gte-500-latest:p36  bal_after=7813554  spent=0c ($0.0)  count=20
  ↳ xarticles:likes-gte-500-latest:p37  bal_before=7813554  est=300c
  ↳ xarticles:likes-gte-500-latest:p37  bal_after=7813554  spent=0c ($0.0)  count=20
  ↳ xarticles:likes-gte-500-latest:p38  bal_before=7813554  est=300c
  ↳ xarticles:likes-gte-500-latest:p38  bal_after=7813554  spent=0c ($0.0)  count=20
  ↳ xarticles:likes-gte-500-latest:p39  bal_before=7813554  est=300c
  ↳ xarticles:likes-gte-500-latest:p39  bal_after=7813554  spent=0c ($0.0)  count=20
  ↳ xarticles:likes-gte-500-latest:p40  bal_before=7813554  est=300c
  ↳ xarticles:likes-gte-500-latest:p40  bal_after=7813554  spent=0c ($0.0)  count=20
  ↳ xarticles:likes-gte-500-latest:p41  bal_before=7813554  est=300c
  ↳ xarticles:likes-gte-500-latest:p41  bal_after=7813554  spent=0c ($0.0)  count=20
  ↳ xarticles:likes-gte-500-latest:p42  bal_before=7813554  est=300c
  ↳ xarticles:likes-gte-500-latest:p42  bal_after=7813554  spent=0c ($0.0)  count=20
  ↳ xarticles:likes-gte-500-latest:p43  bal_before=7813554  est=300c
  ↳ xarticles:likes-gte-500-latest:p43  bal_after=7813554  spent=0c ($0.0)  count=20
  ↳ xarticles:likes-gte-500-latest:p44  bal_before=7813554  est=300c
  ↳ xarticles:likes-gte-500-latest:p44  bal_after=7813554  spent=0c ($0.0)  count=20
  ↳ xarticles:likes-gte-500-latest:p45  bal_before=7813554  est=300c
  ↳ xarticles:likes-gte-500-latest:p45  bal_after=7813554  spent=0c ($0.0)  count=20
  ↳ xarticles:likes-gte-500-latest:p46  bal_before=7807884  est=300c
  ↳ xarticles:likes-gte-500-latest:p46  bal_after=7807884  spent=0c ($0.0)  count=20
  ↳ xarticles:likes-gte-500-latest:p47  bal_before=7807884  est=300c
  ↳ xarticles:likes-gte-500-latest:p47  bal_after=7807884  spent=0c ($0.0)  count=20
  ↳ xarticles:likes-gte-500-latest:p48  bal_before=7807884  est=300c
  ↳ xarticles:likes-gte-500-latest:p48  bal_after=7807884  spent=0c ($0.0)  count=19
  ↳ xarticles:likes-gte-500-latest:p49  bal_before=7807884  est=300c
  ↳ xarticles:likes-gte-500-latest:p49  bal_after=7807884  spent=0c ($0.0)  count=19

### likes-gte-250 [Top] x10p min_faves:250 url:x.com/i/article since:2026-05-11 -is:retweet
  ↳ xarticles:likes-gte-250:p0  bal_before=7807884  est=300c
  ↳ xarticles:likes-gte-250:p0  bal_after=7807884  spent=0c ($0.0)  count=20
  ↳ xarticles:likes-gte-250:p1  bal_before=7807884  est=300c
  ↳ xarticles:likes-gte-250:p1  bal_after=7807884  spent=0c ($0.0)  count=20
  ↳ xarticles:likes-gte-250:p2  bal_before=7807884  est=300c
  ↳ xarticles:likes-gte-250:p2  bal_after=7807884  spent=0c ($0.0)  count=20
  ↳ xarticles:likes-gte-250:p3  bal_before=7807884  est=300c
  ↳ xarticles:likes-gte-250:p3  bal_after=7807884  spent=0c ($0.0)  count=20
  ↳ xarticles:likes-gte-250:p4  bal_before=7807884  est=300c
  ↳ xarticles:likes-gte-250:p4  bal_after=7807884  spent=0c ($0.0)  count=20
  ↳ xarticles:likes-gte-250:p5  bal_before=7807884  est=300c
  ↳ xarticles:likes-gte-250:p5  bal_after=7807884  spent=0c ($0.0)  count=20
  ↳ xarticles:likes-gte-250:p6  bal_before=7807884  est=300c
  ↳ xarticles:likes-gte-250:p6  bal_after=7804614  spent=3270c ($0.0327)  count=20
  ↳ xarticles:likes-gte-250:p7  bal_before=7804614  est=300c
  ↳ xarticles:likes-gte-250:p7  bal_after=7804614  spent=0c ($0.0)  count=20
  ↳ xarticles:likes-gte-250:p8  bal_before=7804614  est=300c
  ↳ xarticles:likes-gte-250:p8  bal_after=7803714  spent=900c ($0.009)  count=20
  ↳ xarticles:likes-gte-250:p9  bal_before=7803714  est=300c
  ↳ xarticles:likes-gte-250:p9  bal_after=7803714  spent=0c ($0.0)  count=20

### likes-gte-250-latest [Latest] x50p min_faves:250 url:x.com/i/article since:2026-05-11 -is:retweet
  ↳ xarticles:likes-gte-250-latest:p0  bal_before=7803714  est=300c
  ↳ xarticles:likes-gte-250-latest:p0  bal_after=7803714  spent=0c ($0.0)  count=20
  ↳ xarticles:likes-gte-250-latest:p1  bal_before=7803714  est=300c
  ↳ xarticles:likes-gte-250-latest:p1  bal_after=7803714  spent=0c ($0.0)  count=20
  ↳ xarticles:likes-gte-250-latest:p2  bal_before=7803714  est=300c
  ↳ xarticles:likes-gte-250-latest:p2  bal_after=7803714  spent=0c ($0.0)  count=20
  ↳ xarticles:likes-gte-250-latest:p3  bal_before=7803714  est=300c
  ↳ xarticles:likes-gte-250-latest:p3  bal_after=7803714  spent=0c ($0.0)  count=20
  ↳ xarticles:likes-gte-250-latest:p4  bal_before=7803714  est=300c
  ↳ xarticles:likes-gte-250-latest:p4  bal_after=7803714  spent=0c ($0.0)  count=20
  ↳ xarticles:likes-gte-250-latest:p5  bal_before=7803714  est=300c
  ↳ xarticles:likes-gte-250-latest:p5  bal_after=7803714  spent=0c ($0.0)  count=20
  ↳ xarticles:likes-gte-250-latest:p6  bal_before=7803714  est=300c
  ↳ xarticles:likes-gte-250-latest:p6  bal_after=7803714  spent=0c ($0.0)  count=20
  ↳ xarticles:likes-gte-250-latest:p7  bal_before=7803714  est=300c
  ↳ xarticles:likes-gte-250-latest:p7  bal_after=7803714  spent=0c ($0.0)  count=20
  ↳ xarticles:likes-gte-250-latest:p8  bal_before=7803714  est=300c
  ↳ xarticles:likes-gte-250-latest:p8  bal_after=7803714  spent=0c ($0.0)  count=20
  ↳ xarticles:likes-gte-250-latest:p9  bal_before=7803714  est=300c
  ↳ xarticles:likes-gte-250-latest:p9  bal_after=7803714  spent=0c ($0.0)  count=20
  ↳ xarticles:likes-gte-250-latest:p10  bal_before=7803714  est=300c
  ↳ xarticles:likes-gte-250-latest:p10  bal_after=7803714  spent=0c ($0.0)  count=20
  ↳ xarticles:likes-gte-250-latest:p11  bal_before=7803714  est=300c
  ↳ xarticles:likes-gte-250-latest:p11  bal_after=7803714  spent=0c ($0.0)  count=20
  ↳ xarticles:likes-gte-250-latest:p12  bal_before=7803714  est=300c
  ↳ xarticles:likes-gte-250-latest:p12  bal_after=7803714  spent=0c ($0.0)  count=20
  ↳ xarticles:likes-gte-250-latest:p13  bal_before=7803714  est=300c
  ↳ xarticles:likes-gte-250-latest:p13  bal_after=7803714  spent=0c ($0.0)  count=20
  ↳ xarticles:likes-gte-250-latest:p14  bal_before=7803714  est=300c
  ↳ xarticles:likes-gte-250-latest:p14  bal_after=7799814  spent=3900c ($0.039)  count=20
  ↳ xarticles:likes-gte-250-latest:p15  bal_before=7799814  est=300c
  ↳ xarticles:likes-gte-250-latest:p15  bal_after=7799814  spent=0c ($0.0)  count=20
  ↳ xarticles:likes-gte-250-latest:p16  bal_before=7799814  est=300c
  ↳ xarticles:likes-gte-250-latest:p16  bal_after=7799814  spent=0c ($0.0)  count=19
  ↳ xarticles:likes-gte-250-latest:p17  bal_before=7799814  est=300c
  ↳ xarticles:likes-gte-250-latest:p17  bal_after=7799814  spent=0c ($0.0)  count=20
  ↳ xarticles:likes-gte-250-latest:p18  bal_before=7799814  est=300c
  ↳ xarticles:likes-gte-250-latest:p18  bal_after=7799814  spent=0c ($0.0)  count=20
  ↳ xarticles:likes-gte-250-latest:p19  bal_before=7799814  est=300c
  ↳ xarticles:likes-gte-250-latest:p19  bal_after=7799814  spent=0c ($0.0)  count=20
  ↳ xarticles:likes-gte-250-latest:p20  bal_before=7799814  est=300c
  ↳ xarticles:likes-gte-250-latest:p20  bal_after=7799814  spent=0c ($0.0)  count=20
  ↳ xarticles:likes-gte-250-latest:p21  bal_before=7799814  est=300c
  ↳ xarticles:likes-gte-250-latest:p21  bal_after=7799814  spent=0c ($0.0)  count=20
  ↳ xarticles:likes-gte-250-latest:p22  bal_before=7799814  est=300c
  ↳ xarticles:likes-gte-250-latest:p22  bal_after=7799814  spent=0c ($0.0)  count=19
  ↳ xarticles:likes-gte-250-latest:p23  bal_before=7799814  est=300c
  ↳ xarticles:likes-gte-250-latest:p23  bal_after=7799814  spent=0c ($0.0)  count=20
  ↳ xarticles:likes-gte-250-latest:p24  bal_before=7799814  est=300c
  ↳ xarticles:likes-gte-250-latest:p24  bal_after=7799814  spent=0c ($0.0)  count=20
  ↳ xarticles:likes-gte-250-latest:p25  bal_before=7799814  est=300c
  ↳ xarticles:likes-gte-250-latest:p25  bal_after=7799814  spent=0c ($0.0)  count=20
  ↳ xarticles:likes-gte-250-latest:p26  bal_before=7799814  est=300c
  ↳ xarticles:likes-gte-250-latest:p26  bal_after=7799814  spent=0c ($0.0)  count=20
  ↳ xarticles:likes-gte-250-latest:p27  bal_before=7799814  est=300c
  ↳ xarticles:likes-gte-250-latest:p27  bal_after=7799814  spent=0c ($0.0)  count=20
  ↳ xarticles:likes-gte-250-latest:p28  bal_before=7799814  est=300c
  ↳ xarticles:likes-gte-250-latest:p28  bal_after=7795644  spent=4170c ($0.0417)  count=20
  ↳ xarticles:likes-gte-250-latest:p29  bal_before=7795644  est=300c
  ↳ xarticles:likes-gte-250-latest:p29  bal_after=7795644  spent=0c ($0.0)  count=20
  ↳ xarticles:likes-gte-250-latest:p30  bal_before=7795644  est=300c
  ↳ xarticles:likes-gte-250-latest:p30  bal_after=7795644  spent=0c ($0.0)  count=20
  ↳ xarticles:likes-gte-250-latest:p31  bal_before=7795644  est=300c
  ↳ xarticles:likes-gte-250-latest:p31  bal_after=7795644  spent=0c ($0.0)  count=20
  ↳ xarticles:likes-gte-250-latest:p32  bal_before=7795644  est=300c
  ↳ xarticles:likes-gte-250-latest:p32  bal_after=7795644  spent=0c ($0.0)  count=20
  ↳ xarticles:likes-gte-250-latest:p33  bal_before=7795644  est=300c
  ↳ xarticles:likes-gte-250-latest:p33  bal_after=7795644  spent=0c ($0.0)  count=20
  ↳ xarticles:likes-gte-250-latest:p34  bal_before=7795644  est=300c
  ↳ xarticles:likes-gte-250-latest:p34  bal_after=7795644  spent=0c ($0.0)  count=20
  ↳ xarticles:likes-gte-250-latest:p35  bal_before=7795644  est=300c
  ↳ xarticles:likes-gte-250-latest:p35  bal_after=7795644  spent=0c ($0.0)  count=20
  ↳ xarticles:likes-gte-250-latest:p36  bal_before=7795644  est=300c
  ↳ xarticles:likes-gte-250-latest:p36  bal_after=7795644  spent=0c ($0.0)  count=19
  ↳ xarticles:likes-gte-250-latest:p37  bal_before=7795644  est=300c
  ↳ xarticles:likes-gte-250-latest:p37  bal_after=7795644  spent=0c ($0.0)  count=20
  ↳ xarticles:likes-gte-250-latest:p38  bal_before=7795644  est=300c
  ↳ xarticles:likes-gte-250-latest:p38  bal_after=7795644  spent=0c ($0.0)  count=19
  ↳ xarticles:likes-gte-250-latest:p39  bal_before=7795644  est=300c
  ↳ xarticles:likes-gte-250-latest:p39  bal_after=7795644  spent=0c ($0.0)  count=20
  ↳ xarticles:likes-gte-250-latest:p40  bal_before=7795644  est=300c
  ↳ xarticles:likes-gte-250-latest:p40  bal_after=7795644  spent=0c ($0.0)  count=19
  ↳ xarticles:likes-gte-250-latest:p41  bal_before=7795644  est=300c
  ↳ xarticles:likes-gte-250-latest:p41  bal_after=7795644  spent=0c ($0.0)  count=20
  ↳ xarticles:likes-gte-250-latest:p42  bal_before=7795644  est=300c
  ↳ xarticles:likes-gte-250-latest:p42  bal_after=7795644  spent=0c ($0.0)  count=20
  ↳ xarticles:likes-gte-250-latest:p43  bal_before=7790889  est=300c
  ↳ xarticles:likes-gte-250-latest:p43  bal_after=7790889  spent=0c ($0.0)  count=20
  ↳ xarticles:likes-gte-250-latest:p44  bal_before=7790889  est=300c
  ↳ xarticles:likes-gte-250-latest:p44  bal_after=7790889  spent=0c ($0.0)  count=20
  ↳ xarticles:likes-gte-250-latest:p45  bal_before=7790889  est=300c
  ↳ xarticles:likes-gte-250-latest:p45  bal_after=7790889  spent=0c ($0.0)  count=20
  ↳ xarticles:likes-gte-250-latest:p46  bal_before=7790889  est=300c
  ↳ xarticles:likes-gte-250-latest:p46  bal_after=7790889  spent=0c ($0.0)  count=20
  ↳ xarticles:likes-gte-250-latest:p47  bal_before=7790889  est=300c
  ↳ xarticles:likes-gte-250-latest:p47  bal_after=7790889  spent=0c ($0.0)  count=20
  ↳ xarticles:likes-gte-250-latest:p48  bal_before=7790889  est=300c
  ↳ xarticles:likes-gte-250-latest:p48  bal_after=7790889  spent=0c ($0.0)  count=20
  ↳ xarticles:likes-gte-250-latest:p49  bal_before=7790889  est=300c
  ↳ xarticles:likes-gte-250-latest:p49  bal_after=7790889  spent=0c ($0.0)  count=20

### likes-gte-100 [Top] x10p min_faves:100 url:x.com/i/article since:2026-05-11 -is:retweet
  ↳ xarticles:likes-gte-100:p0  bal_before=7790889  est=300c
  ↳ xarticles:likes-gte-100:p0  bal_after=7790889  spent=0c ($0.0)  count=20
  ↳ xarticles:likes-gte-100:p1  bal_before=7790889  est=300c
  ↳ xarticles:likes-gte-100:p1  bal_after=7790889  spent=0c ($0.0)  count=20
  ↳ xarticles:likes-gte-100:p2  bal_before=7790889  est=300c
  ↳ xarticles:likes-gte-100:p2  bal_after=7790889  spent=0c ($0.0)  count=20
  ↳ xarticles:likes-gte-100:p3  bal_before=7790889  est=300c
  ↳ xarticles:likes-gte-100:p3  bal_after=7790889  spent=0c ($0.0)  count=20
  ↳ xarticles:likes-gte-100:p4  bal_before=7790889  est=300c
  ↳ xarticles:likes-gte-100:p4  bal_after=7790889  spent=0c ($0.0)  count=17
  ↳ xarticles:likes-gte-100:p5  bal_before=7790889  est=300c
  ↳ xarticles:likes-gte-100:p5  bal_after=7786989  spent=3900c ($0.039)  count=19
  ↳ xarticles:likes-gte-100:p6  bal_before=7786989  est=300c
  ↳ xarticles:likes-gte-100:p6  bal_after=7786989  spent=0c ($0.0)  count=20
  ↳ xarticles:likes-gte-100:p7  bal_before=7786989  est=300c
  ↳ xarticles:likes-gte-100:p7  bal_after=7786989  spent=0c ($0.0)  count=20
  ↳ xarticles:likes-gte-100:p8  bal_before=7786989  est=300c
  ↳ xarticles:likes-gte-100:p8  bal_after=7786989  spent=0c ($0.0)  count=14
  ↳ xarticles:likes-gte-100:p9  bal_before=7786989  est=300c
  ↳ xarticles:likes-gte-100:p9  bal_after=7786989  spent=0c ($0.0)  count=14

### likes-gte-100-latest [Latest] x50p min_faves:100 url:x.com/i/article since:2026-05-11 -is:retweet
  ↳ xarticles:likes-gte-100-latest:p0  bal_before=7786989  est=300c
  ↳ xarticles:likes-gte-100-latest:p0  bal_after=7786989  spent=0c ($0.0)  count=20
  ↳ xarticles:likes-gte-100-latest:p1  bal_before=7786989  est=300c
  ↳ xarticles:likes-gte-100-latest:p1  bal_after=7786989  spent=0c ($0.0)  count=20
  ↳ xarticles:likes-gte-100-latest:p2  bal_before=7786989  est=300c
  ↳ xarticles:likes-gte-100-latest:p2  bal_after=7786989  spent=0c ($0.0)  count=20
  ↳ xarticles:likes-gte-100-latest:p3  bal_before=7786989  est=300c
  ↳ xarticles:likes-gte-100-latest:p3  bal_after=7786989  spent=0c ($0.0)  count=20
  ↳ xarticles:likes-gte-100-latest:p4  bal_before=7786989  est=300c
  ↳ xarticles:likes-gte-100-latest:p4  bal_after=7784829  spent=2160c ($0.0216)  count=20
  ↳ xarticles:likes-gte-100-latest:p5  bal_before=7784829  est=300c
  ↳ xarticles:likes-gte-100-latest:p5  bal_after=7784829  spent=0c ($0.0)  count=19
  ↳ xarticles:likes-gte-100-latest:p6  bal_before=7784829  est=300c
  ↳ xarticles:likes-gte-100-latest:p6  bal_after=7784829  spent=0c ($0.0)  count=20
  ↳ xarticles:likes-gte-100-latest:p7  bal_before=7784829  est=300c
  ↳ xarticles:likes-gte-100-latest:p7  bal_after=7784829  spent=0c ($0.0)  count=19
  ↳ xarticles:likes-gte-100-latest:p8  bal_before=7784829  est=300c
  ↳ xarticles:likes-gte-100-latest:p8  bal_after=7784829  spent=0c ($0.0)  count=20
  ↳ xarticles:likes-gte-100-latest:p9  bal_before=7784829  est=300c
  ↳ xarticles:likes-gte-100-latest:p9  bal_after=7784829  spent=0c ($0.0)  count=20
  ↳ xarticles:likes-gte-100-latest:p10  bal_before=7784829  est=300c
  ↳ xarticles:likes-gte-100-latest:p10  bal_after=7784829  spent=0c ($0.0)  count=20
  ↳ xarticles:likes-gte-100-latest:p11  bal_before=7784829  est=300c
  ↳ xarticles:likes-gte-100-latest:p11  bal_after=7784829  spent=0c ($0.0)  count=20
  ↳ xarticles:likes-gte-100-latest:p12  bal_before=7784829  est=300c
  ↳ xarticles:likes-gte-100-latest:p12  bal_after=7784829  spent=0c ($0.0)  count=20
  ↳ xarticles:likes-gte-100-latest:p13  bal_before=7784829  est=300c
  ↳ xarticles:likes-gte-100-latest:p13  bal_after=7784829  spent=0c ($0.0)  count=19
  ↳ xarticles:likes-gte-100-latest:p14  bal_before=7784829  est=300c
  ↳ xarticles:likes-gte-100-latest:p14  bal_after=7784829  spent=0c ($0.0)  count=20
  ↳ xarticles:likes-gte-100-latest:p15  bal_before=7784829  est=300c
  ↳ xarticles:likes-gte-100-latest:p15  bal_after=7784829  spent=0c ($0.0)  count=20
  ↳ xarticles:likes-gte-100-latest:p16  bal_before=7784829  est=300c
  ↳ xarticles:likes-gte-100-latest:p16  bal_after=7784829  spent=0c ($0.0)  count=20
  ↳ xarticles:likes-gte-100-latest:p17  bal_before=7784829  est=300c
  ↳ xarticles:likes-gte-100-latest:p17  bal_after=7784829  spent=0c ($0.0)  count=20
  ↳ xarticles:likes-gte-100-latest:p18  bal_before=7784829  est=300c
  ↳ xarticles:likes-gte-100-latest:p18  bal_after=7784829  spent=0c ($0.0)  count=20
  ↳ xarticles:likes-gte-100-latest:p19  bal_before=7780374  est=300c
  ↳ xarticles:likes-gte-100-latest:p19  bal_after=7780374  spent=0c ($0.0)  count=20
  ↳ xarticles:likes-gte-100-latest:p20  bal_before=7780374  est=300c
  ↳ xarticles:likes-gte-100-latest:p20  bal_after=7780374  spent=0c ($0.0)  count=20
  ↳ xarticles:likes-gte-100-latest:p21  bal_before=7780374  est=300c
  ↳ xarticles:likes-gte-100-latest:p21  bal_after=7780374  spent=0c ($0.0)  count=20
  ↳ xarticles:likes-gte-100-latest:p22  bal_before=7780374  est=300c
  ↳ xarticles:likes-gte-100-latest:p22  bal_after=7780374  spent=0c ($0.0)  count=20
  ↳ xarticles:likes-gte-100-latest:p23  bal_before=7780374  est=300c
  ↳ xarticles:likes-gte-100-latest:p23  bal_after=7780374  spent=0c ($0.0)  count=18
  ↳ xarticles:likes-gte-100-latest:p24  bal_before=7780374  est=300c
  ↳ xarticles:likes-gte-100-latest:p24  bal_after=7780374  spent=0c ($0.0)  count=20
  ↳ xarticles:likes-gte-100-latest:p25  bal_before=7780374  est=300c
  ↳ xarticles:likes-gte-100-latest:p25  bal_after=7780374  spent=0c ($0.0)  count=20
  ↳ xarticles:likes-gte-100-latest:p26  bal_before=7780374  est=300c
  ↳ xarticles:likes-gte-100-latest:p26  bal_after=7780374  spent=0c ($0.0)  count=20
  ↳ xarticles:likes-gte-100-latest:p27  bal_before=7780374  est=300c
  ↳ xarticles:likes-gte-100-latest:p27  bal_after=7780374  spent=0c ($0.0)  count=20
  ↳ xarticles:likes-gte-100-latest:p28  bal_before=7780374  est=300c
  ↳ xarticles:likes-gte-100-latest:p28  bal_after=7780374  spent=0c ($0.0)  count=20
  ↳ xarticles:likes-gte-100-latest:p29  bal_before=7780374  est=300c
  ↳ xarticles:likes-gte-100-latest:p29  bal_after=7780374  spent=0c ($0.0)  count=20
  ↳ xarticles:likes-gte-100-latest:p30  bal_before=7780374  est=300c
  ↳ xarticles:likes-gte-100-latest:p30  bal_after=7780374  spent=0c ($0.0)  count=20
  ↳ xarticles:likes-gte-100-latest:p31  bal_before=7780374  est=300c
  ↳ xarticles:likes-gte-100-latest:p31  bal_after=7780374  spent=0c ($0.0)  count=20
  ↳ xarticles:likes-gte-100-latest:p32  bal_before=7780374  est=300c
  ↳ xarticles:likes-gte-100-latest:p32  bal_after=7780374  spent=0c ($0.0)  count=20
  ↳ xarticles:likes-gte-100-latest:p33  bal_before=7780374  est=300c
  ↳ xarticles:likes-gte-100-latest:p33  bal_after=7780374  spent=0c ($0.0)  count=20
  ↳ xarticles:likes-gte-100-latest:p34  bal_before=7780374  est=300c
  ↳ xarticles:likes-gte-100-latest:p34  bal_after=7775904  spent=4470c ($0.0447)  count=20
  ↳ xarticles:likes-gte-100-latest:p35  bal_before=7775904  est=300c
  ↳ xarticles:likes-gte-100-latest:p35  bal_after=7775904  spent=0c ($0.0)  count=20
  ↳ xarticles:likes-gte-100-latest:p36  bal_before=7775904  est=300c
  ↳ xarticles:likes-gte-100-latest:p36  bal_after=7775904  spent=0c ($0.0)  count=20
  ↳ xarticles:likes-gte-100-latest:p37  bal_before=7775904  est=300c
  ↳ xarticles:likes-gte-100-latest:p37  bal_after=7775904  spent=0c ($0.0)  count=20
  ↳ xarticles:likes-gte-100-latest:p38  bal_before=7775904  est=300c
  ↳ xarticles:likes-gte-100-latest:p38  bal_after=7775904  spent=0c ($0.0)  count=20
  ↳ xarticles:likes-gte-100-latest:p39  bal_before=7775904  est=300c
  ↳ xarticles:likes-gte-100-latest:p39  bal_after=7775904  spent=0c ($0.0)  count=20
  ↳ xarticles:likes-gte-100-latest:p40  bal_before=7775904  est=300c
  ↳ xarticles:likes-gte-100-latest:p40  bal_after=7775904  spent=0c ($0.0)  count=20
  ↳ xarticles:likes-gte-100-latest:p41  bal_before=7775904  est=300c
  ↳ xarticles:likes-gte-100-latest:p41  bal_after=7775904  spent=0c ($0.0)  count=20
  ↳ xarticles:likes-gte-100-latest:p42  bal_before=7775904  est=300c
  ↳ xarticles:likes-gte-100-latest:p42  bal_after=7775904  spent=0c ($0.0)  count=20
  ↳ xarticles:likes-gte-100-latest:p43  bal_before=7775904  est=300c
  ↳ xarticles:likes-gte-100-latest:p43  bal_after=7775904  spent=0c ($0.0)  count=20
  ↳ xarticles:likes-gte-100-latest:p44  bal_before=7775904  est=300c
  ↳ xarticles:likes-gte-100-latest:p44  bal_after=7775904  spent=0c ($0.0)  count=19
  ↳ xarticles:likes-gte-100-latest:p45  bal_before=7775904  est=300c
  ↳ xarticles:likes-gte-100-latest:p45  bal_after=7775904  spent=0c ($0.0)  count=20
  ↳ xarticles:likes-gte-100-latest:p46  bal_before=7775904  est=300c
  ↳ xarticles:likes-gte-100-latest:p46  bal_after=7775904  spent=0c ($0.0)  count=20
  ↳ xarticles:likes-gte-100-latest:p47  bal_before=7775904  est=300c
  ↳ xarticles:likes-gte-100-latest:p47  bal_after=7775904  spent=0c ($0.0)  count=20
  ↳ xarticles:likes-gte-100-latest:p48  bal_before=7775904  est=300c
  ↳ xarticles:likes-gte-100-latest:p48  bal_after=7775904  spent=0c ($0.0)  count=20
  ↳ xarticles:likes-gte-100-latest:p49  bal_before=7775904  est=300c
  ↳ xarticles:likes-gte-100-latest:p49  bal_after=7775904  spent=0c ($0.0)  count=20

### likes-gte-50 [Top] x10p min_faves:50 url:x.com/i/article since:2026-05-11 -is:retweet
  ↳ xarticles:likes-gte-50:p0  bal_before=7775904  est=300c
  ↳ xarticles:likes-gte-50:p0  bal_after=7770519  spent=5385c ($0.0539)  count=20
  ↳ xarticles:likes-gte-50:p1  bal_before=7770519  est=300c
  ↳ xarticles:likes-gte-50:p1  bal_after=7770519  spent=0c ($0.0)  count=20
  ↳ xarticles:likes-gte-50:p2  bal_before=7770519  est=300c
  ↳ xarticles:likes-gte-50:p2  bal_after=7770519  spent=0c ($0.0)  count=20
  ↳ xarticles:likes-gte-50:p3  bal_before=7770519  est=300c
  ↳ xarticles:likes-gte-50:p3  bal_after=7770519  spent=0c ($0.0)  count=20
  ↳ xarticles:likes-gte-50:p4  bal_before=7770519  est=300c
  ↳ xarticles:likes-gte-50:p4  bal_after=7770519  spent=0c ($0.0)  count=20
  ↳ xarticles:likes-gte-50:p5  bal_before=7770519  est=300c
  ↳ xarticles:likes-gte-50:p5  bal_after=7770519  spent=0c ($0.0)  count=20
  ↳ xarticles:likes-gte-50:p6  bal_before=7770519  est=300c
  ↳ xarticles:likes-gte-50:p6  bal_after=7770519  spent=0c ($0.0)  count=18
  ↳ xarticles:likes-gte-50:p7  bal_before=7770519  est=300c
  ↳ xarticles:likes-gte-50:p7  bal_after=7768719  spent=1800c ($0.018)  count=16
  ↳ xarticles:likes-gte-50:p8  bal_before=7768719  est=300c
  ↳ xarticles:likes-gte-50:p8  bal_after=7768719  spent=0c ($0.0)  count=15
  ↳ xarticles:likes-gte-50:p9  bal_before=7768719  est=300c
  ↳ xarticles:likes-gte-50:p9  bal_after=7768719  spent=0c ($0.0)  count=16

### likes-gte-25 [Top] x10p min_faves:25 url:x.com/i/article since:2026-05-11 -is:retweet
  ↳ xarticles:likes-gte-25:p0  bal_before=7768719  est=300c
  ↳ xarticles:likes-gte-25:p0  bal_after=7768719  spent=0c ($0.0)  count=20
  ↳ xarticles:likes-gte-25:p1  bal_before=7768719  est=300c
  ↳ xarticles:likes-gte-25:p1  bal_after=7768719  spent=0c ($0.0)  count=20
  ↳ xarticles:likes-gte-25:p2  bal_before=7768719  est=300c
  ↳ xarticles:likes-gte-25:p2  bal_after=7768719  spent=0c ($0.0)  count=20
  ↳ xarticles:likes-gte-25:p3  bal_before=7767144  est=300c
  ↳ xarticles:likes-gte-25:p3  bal_after=7767144  spent=0c ($0.0)  count=20
  ↳ xarticles:likes-gte-25:p4  bal_before=7767144  est=300c
  ↳ xarticles:likes-gte-25:p4  bal_after=7767144  spent=0c ($0.0)  count=20
  ↳ xarticles:likes-gte-25:p5  bal_before=7767144  est=300c
  ↳ xarticles:likes-gte-25:p5  bal_after=7767144  spent=0c ($0.0)  count=20
  ↳ xarticles:likes-gte-25:p6  bal_before=7767144  est=300c
  ↳ xarticles:likes-gte-25:p6  bal_after=7767144  spent=0c ($0.0)  count=20
  ↳ xarticles:likes-gte-25:p7  bal_before=7767144  est=300c
  ↳ xarticles:likes-gte-25:p7  bal_after=7767144  spent=0c ($0.0)  count=15
  ↳ xarticles:likes-gte-25:p8  bal_before=7767144  est=300c
  ↳ xarticles:likes-gte-25:p8  bal_after=7767144  spent=0c ($0.0)  count=15
  ↳ xarticles:likes-gte-25:p9  bal_before=7767144  est=300c
  ↳ xarticles:likes-gte-25:p9  bal_after=7767144  spent=0c ($0.0)  count=12

### likes-gte-10 [Top] x10p min_faves:10 url:x.com/i/article since:2026-05-11 -is:retweet
  ↳ xarticles:likes-gte-10:p0  bal_before=7767144  est=300c
  ↳ xarticles:likes-gte-10:p0  bal_after=7765014  spent=2130c ($0.0213)  count=20
  ↳ xarticles:likes-gte-10:p1  bal_before=7765014  est=300c
  ↳ xarticles:likes-gte-10:p1  bal_after=7765014  spent=0c ($0.0)  count=20
  ↳ xarticles:likes-gte-10:p2  bal_before=7765014  est=300c
  ↳ xarticles:likes-gte-10:p2  bal_after=7765014  spent=0c ($0.0)  count=20
  ↳ xarticles:likes-gte-10:p3  bal_before=7765014  est=300c
  ↳ xarticles:likes-gte-10:p3  bal_after=7765014  spent=0c ($0.0)  count=20
  ↳ xarticles:likes-gte-10:p4  bal_before=7765014  est=300c
  ↳ xarticles:likes-gte-10:p4  bal_after=7765014  spent=0c ($0.0)  count=20
  ↳ xarticles:likes-gte-10:p5  bal_before=7765014  est=300c
  ↳ xarticles:likes-gte-10:p5  bal_after=7765014  spent=0c ($0.0)  count=20
  ↳ xarticles:likes-gte-10:p6  bal_before=7765014  est=300c
  ↳ xarticles:likes-gte-10:p6  bal_after=7765014  spent=0c ($0.0)  count=20
  ↳ xarticles:likes-gte-10:p7  bal_before=7765014  est=300c
  ↳ xarticles:likes-gte-10:p7  bal_after=7763514  spent=1500c ($0.015)  count=15
  ↳ xarticles:likes-gte-10:p8  bal_before=7763514  est=300c
  ↳ xarticles:likes-gte-10:p8  bal_after=7763514  spent=0c ($0.0)  count=17
  ↳ xarticles:likes-gte-10:p9  bal_before=7763514  est=300c
  ↳ xarticles:likes-gte-10:p9  bal_after=7763514  spent=0c ($0.0)  count=20

### likes-gte-5 [Top] x10p min_faves:5 url:x.com/i/article since:2026-05-11 -is:retweet
  ↳ xarticles:likes-gte-5:p0  bal_before=7763514  est=300c
  ↳ xarticles:likes-gte-5:p0  bal_after=7763514  spent=0c ($0.0)  count=20
  ↳ xarticles:likes-gte-5:p1  bal_before=7763514  est=300c
  ↳ xarticles:likes-gte-5:p1  bal_after=7763514  spent=0c ($0.0)  count=20
  ↳ xarticles:likes-gte-5:p2  bal_before=7763514  est=300c
  ↳ xarticles:likes-gte-5:p2  bal_after=7763514  spent=0c ($0.0)  count=20
  ↳ xarticles:likes-gte-5:p3  bal_before=7763514  est=300c
  ↳ xarticles:likes-gte-5:p3  bal_after=7763514  spent=0c ($0.0)  count=20
  ↳ xarticles:likes-gte-5:p4  bal_before=7763514  est=300c
  ↳ xarticles:likes-gte-5:p4  bal_after=7763514  spent=0c ($0.0)  count=19
  ↳ xarticles:likes-gte-5:p5  bal_before=7763514  est=300c
  ↳ xarticles:likes-gte-5:p5  bal_after=7760649  spent=2865c ($0.0286)  count=20
  ↳ xarticles:likes-gte-5:p6  bal_before=7760649  est=300c
  ↳ xarticles:likes-gte-5:p6  bal_after=7760649  spent=0c ($0.0)  count=20
  ↳ xarticles:likes-gte-5:p7  bal_before=7760649  est=300c
  ↳ xarticles:likes-gte-5:p7  bal_after=7760649  spent=0c ($0.0)  count=20
  ↳ xarticles:likes-gte-5:p8  bal_before=7760649  est=300c
  ↳ xarticles:likes-gte-5:p8  bal_after=7760649  spent=0c ($0.0)  count=20
  ↳ xarticles:likes-gte-5:p9  bal_before=7760649  est=300c
  ↳ xarticles:likes-gte-5:p9  bal_after=7760649  spent=0c ($0.0)  count=20

### likes-gte-2 [Top] x10p min_faves:2 url:x.com/i/article since:2026-05-11 -is:retweet
  ↳ xarticles:likes-gte-2:p0  bal_before=7760649  est=300c
  ↳ xarticles:likes-gte-2:p0  bal_after=7759149  spent=1500c ($0.015)  count=20
  ↳ xarticles:likes-gte-2:p1  bal_before=7759149  est=300c
  ↳ xarticles:likes-gte-2:p1  bal_after=7759149  spent=0c ($0.0)  count=20
  ↳ xarticles:likes-gte-2:p2  bal_before=7759149  est=300c
  ↳ xarticles:likes-gte-2:p2  bal_after=7759149  spent=0c ($0.0)  count=20
  ↳ xarticles:likes-gte-2:p3  bal_before=7759149  est=300c
  ↳ xarticles:likes-gte-2:p3  bal_after=7759149  spent=0c ($0.0)  count=20
  ↳ xarticles:likes-gte-2:p4  bal_before=7759149  est=300c
  ↳ xarticles:likes-gte-2:p4  bal_after=7759149  spent=0c ($0.0)  count=20
  ↳ xarticles:likes-gte-2:p5  bal_before=7759149  est=300c
  ↳ xarticles:likes-gte-2:p5  bal_after=7759149  spent=0c ($0.0)  count=20
  ↳ xarticles:likes-gte-2:p6  bal_before=7759149  est=300c
  ↳ xarticles:likes-gte-2:p6  bal_after=7759149  spent=0c ($0.0)  count=19
  ↳ xarticles:likes-gte-2:p7  bal_before=7759149  est=300c
  ↳ xarticles:likes-gte-2:p7  bal_after=7759149  spent=0c ($0.0)  count=15
  ↳ xarticles:likes-gte-2:p8  bal_before=7759149  est=300c
  ↳ xarticles:likes-gte-2:p8  bal_after=7759149  spent=0c ($0.0)  count=20
  ↳ xarticles:likes-gte-2:p9  bal_before=7759149  est=300c
  ↳ xarticles:likes-gte-2:p9  bal_after=7757349  spent=1800c ($0.018)  count=20

### likes-gte-1 [Top] x10p min_faves:1 url:x.com/i/article since:2026-05-11 -is:retweet
  ↳ xarticles:likes-gte-1:p0  bal_before=7757349  est=300c
  ↳ xarticles:likes-gte-1:p0  bal_after=7757349  spent=0c ($0.0)  count=20
  ↳ xarticles:likes-gte-1:p1  bal_before=7757349  est=300c
  ↳ xarticles:likes-gte-1:p1  bal_after=7757349  spent=0c ($0.0)  count=20
  ↳ xarticles:likes-gte-1:p2  bal_before=7757349  est=300c
  ↳ xarticles:likes-gte-1:p2  bal_after=7757349  spent=0c ($0.0)  count=20
  ↳ xarticles:likes-gte-1:p3  bal_before=7757349  est=300c
  ↳ xarticles:likes-gte-1:p3  bal_after=7757349  spent=0c ($0.0)  count=20
  ↳ xarticles:likes-gte-1:p4  bal_before=7757349  est=300c
  ↳ xarticles:likes-gte-1:p4  bal_after=7757349  spent=0c ($0.0)  count=20
  ↳ xarticles:likes-gte-1:p5  bal_before=7757349  est=300c
  ↳ xarticles:likes-gte-1:p5  bal_after=7757349  spent=0c ($0.0)  count=20
  ↳ xarticles:likes-gte-1:p6  bal_before=7757349  est=300c
  ↳ xarticles:likes-gte-1:p6  bal_after=7757349  spent=0c ($0.0)  count=20
  ↳ xarticles:likes-gte-1:p7  bal_before=7757349  est=300c
  ↳ xarticles:likes-gte-1:p7  bal_after=7757349  spent=0c ($0.0)  count=20
  ↳ xarticles:likes-gte-1:p8  bal_before=7757349  est=300c
  ↳ xarticles:likes-gte-1:p8  bal_after=7753839  spent=3510c ($0.0351)  count=19
  ↳ xarticles:likes-gte-1:p9  bal_before=7753839  est=300c
  ↳ xarticles:likes-gte-1:p9  bal_after=7753839  spent=0c ($0.0)  count=18

### replies-gte-2000 [Top] x10p min_replies:2000 url:x.com/i/article since:2026-05-11 -is:retweet
  ↳ xarticles:replies-gte-2000:p0  bal_before=7753839  est=300c
  ↳ xarticles:replies-gte-2000:p0  bal_after=7753839  spent=0c ($0.0)  count=20
  ↳ xarticles:replies-gte-2000:p1  bal_before=7753839  est=300c
  ↳ xarticles:replies-gte-2000:p1  bal_after=7753839  spent=0c ($0.0)  count=20
  ↳ xarticles:replies-gte-2000:p2  bal_before=7753839  est=300c
  ↳ xarticles:replies-gte-2000:p2  bal_after=7753839  spent=0c ($0.0)  count=20
  ↳ xarticles:replies-gte-2000:p3  bal_before=7753839  est=300c
  ↳ xarticles:replies-gte-2000:p3  bal_after=7753839  spent=0c ($0.0)  count=20
  ↳ xarticles:replies-gte-2000:p4  bal_before=7753839  est=300c
  ↳ xarticles:replies-gte-2000:p4  bal_after=7753839  spent=0c ($0.0)  count=20
  ↳ xarticles:replies-gte-2000:p5  bal_before=7753839  est=300c
  ↳ xarticles:replies-gte-2000:p5  bal_after=7753839  spent=0c ($0.0)  count=20
  ↳ xarticles:replies-gte-2000:p6  bal_before=7753839  est=300c
  ↳ xarticles:replies-gte-2000:p6  bal_after=7753839  spent=0c ($0.0)  count=10
  ↳ xarticles:replies-gte-2000:p7  bal_before=7753839  est=300c
  ↳ xarticles:replies-gte-2000:p7  bal_after=7751784  spent=2055c ($0.0205)  count=0

### replies-gte-500 [Top] x10p min_replies:500 url:x.com/i/article since:2026-05-11 -is:retweet
  ↳ xarticles:replies-gte-500:p0  bal_before=7751784  est=300c
  ↳ xarticles:replies-gte-500:p0  bal_after=7751784  spent=0c ($0.0)  count=20
  ↳ xarticles:replies-gte-500:p1  bal_before=7751784  est=300c
  ↳ xarticles:replies-gte-500:p1  bal_after=7751784  spent=0c ($0.0)  count=20
  ↳ xarticles:replies-gte-500:p2  bal_before=7751784  est=300c
  ↳ xarticles:replies-gte-500:p2  bal_after=7751784  spent=0c ($0.0)  count=14
  ↳ xarticles:replies-gte-500:p3  bal_before=7751784  est=300c
  ↳ xarticles:replies-gte-500:p3  bal_after=7751784  spent=0c ($0.0)  count=13
  ↳ xarticles:replies-gte-500:p4  bal_before=7751784  est=300c
  ↳ xarticles:replies-gte-500:p4  bal_after=7751784  spent=0c ($0.0)  count=20
  ↳ xarticles:replies-gte-500:p5  bal_before=7751784  est=300c
  ↳ xarticles:replies-gte-500:p5  bal_after=7751784  spent=0c ($0.0)  count=16
  ↳ xarticles:replies-gte-500:p6  bal_before=7751784  est=300c
  ↳ xarticles:replies-gte-500:p6  bal_after=7751784  spent=0c ($0.0)  count=20
  ↳ xarticles:replies-gte-500:p7  bal_before=7751784  est=300c
  ↳ xarticles:replies-gte-500:p7  bal_after=7751784  spent=0c ($0.0)  count=13
  ↳ xarticles:replies-gte-500:p8  bal_before=7751784  est=300c
  ↳ xarticles:replies-gte-500:p8  bal_after=7751784  spent=0c ($0.0)  count=1
  ↳ xarticles:replies-gte-500:p9  bal_before=7751784  est=300c
  ↳ xarticles:replies-gte-500:p9  bal_after=7751784  spent=0c ($0.0)  count=0

### replies-gte-100 [Top] x10p min_replies:100 url:x.com/i/article since:2026-05-11 -is:retweet
  ↳ xarticles:replies-gte-100:p0  bal_before=7751784  est=300c
  ↳ xarticles:replies-gte-100:p0  bal_after=7751784  spent=0c ($0.0)  count=20
  ↳ xarticles:replies-gte-100:p1  bal_before=7751784  est=300c
  ↳ xarticles:replies-gte-100:p1  bal_after=7749264  spent=2520c ($0.0252)  count=20
  ↳ xarticles:replies-gte-100:p2  bal_before=7749264  est=300c
  ↳ xarticles:replies-gte-100:p2  bal_after=7749264  spent=0c ($0.0)  count=20
  ↳ xarticles:replies-gte-100:p3  bal_before=7749264  est=300c
  ↳ xarticles:replies-gte-100:p3  bal_after=7749264  spent=0c ($0.0)  count=20
  ↳ xarticles:replies-gte-100:p4  bal_before=7749264  est=300c
  ↳ xarticles:replies-gte-100:p4  bal_after=7749264  spent=0c ($0.0)  count=20
  ↳ xarticles:replies-gte-100:p5  bal_before=7749264  est=300c
  ↳ xarticles:replies-gte-100:p5  bal_after=7749264  spent=0c ($0.0)  count=20
  ↳ xarticles:replies-gte-100:p6  bal_before=7749264  est=300c
  ↳ xarticles:replies-gte-100:p6  bal_after=7749264  spent=0c ($0.0)  count=20
  ↳ xarticles:replies-gte-100:p7  bal_before=7749264  est=300c
  ↳ xarticles:replies-gte-100:p7  bal_after=7749264  spent=0c ($0.0)  count=20
  ↳ xarticles:replies-gte-100:p8  bal_before=7749264  est=300c
  ↳ xarticles:replies-gte-100:p8  bal_after=7749264  spent=0c ($0.0)  count=20
  ↳ xarticles:replies-gte-100:p9  bal_before=7749264  est=300c
  ↳ xarticles:replies-gte-100:p9  bal_after=7749264  spent=0c ($0.0)  count=15

### replies-gte-25 [Top] x10p min_replies:25 url:x.com/i/article since:2026-05-11 -is:retweet
  ↳ xarticles:replies-gte-25:p0  bal_before=7749264  est=300c
  ↳ xarticles:replies-gte-25:p0  bal_after=7749264  spent=0c ($0.0)  count=20
  ↳ xarticles:replies-gte-25:p1  bal_before=7749264  est=300c
  ↳ xarticles:replies-gte-25:p1  bal_after=7746324  spent=2940c ($0.0294)  count=20
  ↳ xarticles:replies-gte-25:p2  bal_before=7746324  est=300c
  ↳ xarticles:replies-gte-25:p2  bal_after=7746324  spent=0c ($0.0)  count=20
  ↳ xarticles:replies-gte-25:p3  bal_before=7746324  est=300c
  ↳ xarticles:replies-gte-25:p3  bal_after=7746324  spent=0c ($0.0)  count=20
  ↳ xarticles:replies-gte-25:p4  bal_before=7746324  est=300c
  ↳ xarticles:replies-gte-25:p4  bal_after=7745424  spent=900c ($0.009)  count=20
  ↳ xarticles:replies-gte-25:p5  bal_before=7745424  est=300c
  ↳ xarticles:replies-gte-25:p5  bal_after=7745424  spent=0c ($0.0)  count=17
  ↳ xarticles:replies-gte-25:p6  bal_before=7745424  est=300c
  ↳ xarticles:replies-gte-25:p6  bal_after=7745424  spent=0c ($0.0)  count=20
  ↳ xarticles:replies-gte-25:p7  bal_before=7745424  est=300c
  ↳ xarticles:replies-gte-25:p7  bal_after=7744569  spent=855c ($0.0086)  count=20
  ↳ xarticles:replies-gte-25:p8  bal_before=7744569  est=300c
  ↳ xarticles:replies-gte-25:p8  bal_after=7744569  spent=0c ($0.0)  count=20
  ↳ xarticles:replies-gte-25:p9  bal_before=7744569  est=300c
  ↳ xarticles:replies-gte-25:p9  bal_after=7743669  spent=900c ($0.009)  count=20

### broad-native-top [Top] x10p (trading OR trader OR market OR markets OR portfolio OR quant OR stock OR stocks OR finance OR liquidity) url:x.com/i/article since:2026-05-11 -is:retweet
  ↳ xarticles:broad-native-top:p0  bal_before=7743669  est=300c
  ↳ xarticles:broad-native-top:p0  bal_after=7743669  spent=0c ($0.0)  count=20
  ↳ xarticles:broad-native-top:p1  bal_before=7743669  est=300c
  ↳ xarticles:broad-native-top:p1  bal_after=7743669  spent=0c ($0.0)  count=20
  ↳ xarticles:broad-native-top:p2  bal_before=7743669  est=300c
  ↳ xarticles:broad-native-top:p2  bal_after=7743669  spent=0c ($0.0)  count=20
  ↳ xarticles:broad-native-top:p3  bal_before=7743669  est=300c
  ↳ xarticles:broad-native-top:p3  bal_after=7743669  spent=0c ($0.0)  count=20
  ↳ xarticles:broad-native-top:p4  bal_before=7743669  est=300c
  ↳ xarticles:broad-native-top:p4  bal_after=7743669  spent=0c ($0.0)  count=20
  ↳ xarticles:broad-native-top:p5  bal_before=7743669  est=300c
  ↳ xarticles:broad-native-top:p5  bal_after=7743669  spent=0c ($0.0)  count=20
  ↳ xarticles:broad-native-top:p6  bal_before=7743669  est=300c
  ↳ xarticles:broad-native-top:p6  bal_after=7743669  spent=0c ($0.0)  count=20
  ↳ xarticles:broad-native-top:p7  bal_before=7743669  est=300c
  ↳ xarticles:broad-native-top:p7  bal_after=7743669  spent=0c ($0.0)  count=20
  ↳ xarticles:broad-native-top:p8  bal_before=7743669  est=300c
  ↳ xarticles:broad-native-top:p8  bal_after=7741269  spent=2400c ($0.024)  count=20
  ↳ xarticles:broad-native-top:p9  bal_before=7741269  est=300c
  ↳ xarticles:broad-native-top:p9  bal_after=7741269  spent=0c ($0.0)  count=20

### keyword-native-top [Top] x10p (trading OR trader OR market OR markets OR portfolio OR quant OR stock OR stocks OR finance OR liquidity) url:x.com/i/article since:2026-05-11 -is:retweet min_faves:5
  ↳ xarticles:keyword-native-top:p0  bal_before=7741269  est=300c
  ↳ xarticles:keyword-native-top:p0  bal_after=7741269  spent=0c ($0.0)  count=20
  ↳ xarticles:keyword-native-top:p1  bal_before=7741269  est=300c
  ↳ xarticles:keyword-native-top:p1  bal_after=7741269  spent=0c ($0.0)  count=20
  ↳ xarticles:keyword-native-top:p2  bal_before=7741269  est=300c
  ↳ xarticles:keyword-native-top:p2  bal_after=7741269  spent=0c ($0.0)  count=20
  ↳ xarticles:keyword-native-top:p3  bal_before=7741269  est=300c
  ↳ xarticles:keyword-native-top:p3  bal_after=7739769  spent=1500c ($0.015)  count=20
  ↳ xarticles:keyword-native-top:p4  bal_before=7739769  est=300c
  ↳ xarticles:keyword-native-top:p4  bal_after=7739769  spent=0c ($0.0)  count=20
  ↳ xarticles:keyword-native-top:p5  bal_before=7739769  est=300c
  ↳ xarticles:keyword-native-top:p5  bal_after=7739769  spent=0c ($0.0)  count=19
  ↳ xarticles:keyword-native-top:p6  bal_before=7739769  est=300c
  ↳ xarticles:keyword-native-top:p6  bal_after=7739769  spent=0c ($0.0)  count=20
  ↳ xarticles:keyword-native-top:p7  bal_before=7739769  est=300c
  ↳ xarticles:keyword-native-top:p7  bal_after=7739769  spent=0c ($0.0)  count=20
  ↳ xarticles:keyword-native-top:p8  bal_before=7739769  est=300c
  ↳ xarticles:keyword-native-top:p8  bal_after=7738284  spent=1485c ($0.0149)  count=20
  ↳ xarticles:keyword-native-top:p9  bal_before=7738284  est=300c
  ↳ xarticles:keyword-native-top:p9  bal_after=7738284  spent=0c ($0.0)  count=20

### keyword-native-latest [Latest] x50p (trading OR trader OR market OR markets OR portfolio OR quant OR stock OR stocks OR finance OR liquidity) url:x.com/i/article since:2026-05-11 -is:retweet
  ↳ xarticles:keyword-native-latest:p0  bal_before=7738284  est=300c
  ↳ xarticles:keyword-native-latest:p0  bal_after=7738284  spent=0c ($0.0)  count=20
  ↳ xarticles:keyword-native-latest:p1  bal_before=7738284  est=300c
  ↳ xarticles:keyword-native-latest:p1  bal_after=7738284  spent=0c ($0.0)  count=20
  ↳ xarticles:keyword-native-latest:p2  bal_before=7738284  est=300c
  ↳ xarticles:keyword-native-latest:p2  bal_after=7738284  spent=0c ($0.0)  count=20
  ↳ xarticles:keyword-native-latest:p3  bal_before=7738284  est=300c
  ↳ xarticles:keyword-native-latest:p3  bal_after=7738284  spent=0c ($0.0)  count=20
  ↳ xarticles:keyword-native-latest:p4  bal_before=7738284  est=300c
  ↳ xarticles:keyword-native-latest:p4  bal_after=7738284  spent=0c ($0.0)  count=20
  ↳ xarticles:keyword-native-latest:p5  bal_before=7738284  est=300c
  ↳ xarticles:keyword-native-latest:p5  bal_after=7738284  spent=0c ($0.0)  count=20
  ↳ xarticles:keyword-native-latest:p6  bal_before=7738284  est=300c
  ↳ xarticles:keyword-native-latest:p6  bal_after=7738284  spent=0c ($0.0)  count=20
  ↳ xarticles:keyword-native-latest:p7  bal_before=7738284  est=300c
  ↳ xarticles:keyword-native-latest:p7  bal_after=7738284  spent=0c ($0.0)  count=20
  ↳ xarticles:keyword-native-latest:p8  bal_before=7738284  est=300c
  ↳ xarticles:keyword-native-latest:p8  bal_after=7738284  spent=0c ($0.0)  count=19
  ↳ xarticles:keyword-native-latest:p9  bal_before=7738284  est=300c
  ↳ xarticles:keyword-native-latest:p9  bal_after=7738284  spent=0c ($0.0)  count=20
  ↳ xarticles:keyword-native-latest:p10  bal_before=7738284  est=300c
  ↳ xarticles:keyword-native-latest:p10  bal_after=7738284  spent=0c ($0.0)  count=20
  ↳ xarticles:keyword-native-latest:p11  bal_before=7738284  est=300c
  ↳ xarticles:keyword-native-latest:p11  bal_after=7738284  spent=0c ($0.0)  count=20
  ↳ xarticles:keyword-native-latest:p12  bal_before=7738284  est=300c
  ↳ xarticles:keyword-native-latest:p12  bal_after=7738284  spent=0c ($0.0)  count=19
  ↳ xarticles:keyword-native-latest:p13  bal_before=7738284  est=300c
  ↳ xarticles:keyword-native-latest:p13  bal_after=7734399  spent=3885c ($0.0389)  count=20
  ↳ xarticles:keyword-native-latest:p14  bal_before=7734399  est=300c
  ↳ xarticles:keyword-native-latest:p14  bal_after=7734399  spent=0c ($0.0)  count=20
  ↳ xarticles:keyword-native-latest:p15  bal_before=7734399  est=300c
  ↳ xarticles:keyword-native-latest:p15  bal_after=7734399  spent=0c ($0.0)  count=20
  ↳ xarticles:keyword-native-latest:p16  bal_before=7734399  est=300c
  ↳ xarticles:keyword-native-latest:p16  bal_after=7734399  spent=0c ($0.0)  count=20
  ↳ xarticles:keyword-native-latest:p17  bal_before=7734399  est=300c
  ↳ xarticles:keyword-native-latest:p17  bal_after=7734399  spent=0c ($0.0)  count=20
  ↳ xarticles:keyword-native-latest:p18  bal_before=7734399  est=300c
  ↳ xarticles:keyword-native-latest:p18  bal_after=7734399  spent=0c ($0.0)  count=19
  ↳ xarticles:keyword-native-latest:p19  bal_before=7734399  est=300c
  ↳ xarticles:keyword-native-latest:p19  bal_after=7734399  spent=0c ($0.0)  count=20
  ↳ xarticles:keyword-native-latest:p20  bal_before=7734399  est=300c
  ↳ xarticles:keyword-native-latest:p20  bal_after=7734399  spent=0c ($0.0)  count=20
  ↳ xarticles:keyword-native-latest:p21  bal_before=7734399  est=300c
  ↳ xarticles:keyword-native-latest:p21  bal_after=7734399  spent=0c ($0.0)  count=20
  ↳ xarticles:keyword-native-latest:p22  bal_before=7734399  est=300c
  ↳ xarticles:keyword-native-latest:p22  bal_after=7734399  spent=0c ($0.0)  count=20
  ↳ xarticles:keyword-native-latest:p23  bal_before=7734399  est=300c
  ↳ xarticles:keyword-native-latest:p23  bal_after=7734399  spent=0c ($0.0)  count=20
  ↳ xarticles:keyword-native-latest:p24  bal_before=7734399  est=300c
  ↳ xarticles:keyword-native-latest:p24  bal_after=7734399  spent=0c ($0.0)  count=19
  ↳ xarticles:keyword-native-latest:p25  bal_before=7734399  est=300c
  ↳ xarticles:keyword-native-latest:p25  bal_after=7734399  spent=0c ($0.0)  count=20
  ↳ xarticles:keyword-native-latest:p26  bal_before=7734399  est=300c
  ↳ xarticles:keyword-native-latest:p26  bal_after=7734399  spent=0c ($0.0)  count=20
  ↳ xarticles:keyword-native-latest:p27  bal_before=7734399  est=300c
  ↳ xarticles:keyword-native-latest:p27  bal_after=7734399  spent=0c ($0.0)  count=20
  ↳ xarticles:keyword-native-latest:p28  bal_before=7734399  est=300c
  ↳ xarticles:keyword-native-latest:p28  bal_after=7734399  spent=0c ($0.0)  count=20
  ↳ xarticles:keyword-native-latest:p29  bal_before=7734399  est=300c
  ↳ xarticles:keyword-native-latest:p29  bal_after=7729344  spent=5055c ($0.0505)  count=20
  ↳ xarticles:keyword-native-latest:p30  bal_before=7729344  est=300c
  ↳ xarticles:keyword-native-latest:p30  bal_after=7729344  spent=0c ($0.0)  count=20
  ↳ xarticles:keyword-native-latest:p31  bal_before=7729344  est=300c
  ↳ xarticles:keyword-native-latest:p31  bal_after=7729344  spent=0c ($0.0)  count=20
  ↳ xarticles:keyword-native-latest:p32  bal_before=7729344  est=300c
  ↳ xarticles:keyword-native-latest:p32  bal_after=7729344  spent=0c ($0.0)  count=20
  ↳ xarticles:keyword-native-latest:p33  bal_before=7729344  est=300c
  ↳ xarticles:keyword-native-latest:p33  bal_after=7729344  spent=0c ($0.0)  count=19
  ↳ xarticles:keyword-native-latest:p34  bal_before=7729344  est=300c
  ↳ xarticles:keyword-native-latest:p34  bal_after=7729344  spent=0c ($0.0)  count=20
  ↳ xarticles:keyword-native-latest:p35  bal_before=7729344  est=300c
  ↳ xarticles:keyword-native-latest:p35  bal_after=7729344  spent=0c ($0.0)  count=20
  ↳ xarticles:keyword-native-latest:p36  bal_before=7729344  est=300c
  ↳ xarticles:keyword-native-latest:p36  bal_after=7729344  spent=0c ($0.0)  count=20
  ↳ xarticles:keyword-native-latest:p37  bal_before=7729344  est=300c
  ↳ xarticles:keyword-native-latest:p37  bal_after=7729344  spent=0c ($0.0)  count=20
  ↳ xarticles:keyword-native-latest:p38  bal_before=7729344  est=300c
  ↳ xarticles:keyword-native-latest:p38  bal_after=7729344  spent=0c ($0.0)  count=20
  ↳ xarticles:keyword-native-latest:p39  bal_before=7729344  est=300c
  ↳ xarticles:keyword-native-latest:p39  bal_after=7729344  spent=0c ($0.0)  count=20
  ↳ xarticles:keyword-native-latest:p40  bal_before=7729344  est=300c
  ↳ xarticles:keyword-native-latest:p40  bal_after=7729344  spent=0c ($0.0)  count=20
  ↳ xarticles:keyword-native-latest:p41  bal_before=7729344  est=300c
  ↳ xarticles:keyword-native-latest:p41  bal_after=7729344  spent=0c ($0.0)  count=19
  ↳ xarticles:keyword-native-latest:p42  bal_before=7729344  est=300c
  ↳ xarticles:keyword-native-latest:p42  bal_after=7729344  spent=0c ($0.0)  count=20
  ↳ xarticles:keyword-native-latest:p43  bal_before=7729344  est=300c
  ↳ xarticles:keyword-native-latest:p43  bal_after=7729344  spent=0c ($0.0)  count=20
  ↳ xarticles:keyword-native-latest:p44  bal_before=7729344  est=300c
  ↳ xarticles:keyword-native-latest:p44  bal_after=7729344  spent=0c ($0.0)  count=20
  ↳ xarticles:keyword-native-latest:p45  bal_before=7729344  est=300c
  ↳ xarticles:keyword-native-latest:p45  bal_after=7724574  spent=4770c ($0.0477)  count=20
  ↳ xarticles:keyword-native-latest:p46  bal_before=7724574  est=300c
  ↳ xarticles:keyword-native-latest:p46  bal_after=7724574  spent=0c ($0.0)  count=18
  ↳ xarticles:keyword-native-latest:p47  bal_before=7724574  est=300c
  ↳ xarticles:keyword-native-latest:p47  bal_after=7724574  spent=0c ($0.0)  count=20
  ↳ xarticles:keyword-native-latest:p48  bal_before=7724574  est=300c
  ↳ xarticles:keyword-native-latest:p48  bal_after=7724574  spent=0c ($0.0)  count=20
  ↳ xarticles:keyword-native-latest:p49  bal_before=7724574  est=300c
  ↳ xarticles:keyword-native-latest:p49  bal_after=7724574  spent=0c ($0.0)  count=20
  ↳ xarticles:author-baseline:SoSoValueCrypto  bal_before=7724574  est=300c
  ↳ xarticles:author-baseline:SoSoValueCrypto  bal_after=7724574  spent=0c ($0.0)  count=20
  ↳ xarticles:author-baseline:DataIPO_RWA  bal_before=7724574  est=300c
  ↳ xarticles:author-baseline:DataIPO_RWA  bal_after=7724574  spent=0c ($0.0)  count=20
  ↳ xarticles:author-baseline:saylor  bal_before=7724574  est=300c
  ↳ xarticles:author-baseline:saylor  bal_after=7724574  spent=0c ($0.0)  count=20
  ↳ xarticles:author-baseline:ConcreteXYZ  bal_before=7724574  est=300c
  ↳ xarticles:author-baseline:ConcreteXYZ  bal_after=7724574  spent=0c ($0.0)  count=20
  ↳ xarticles:author-baseline:addyosmani  bal_before=7724574  est=300c
  ↳ xarticles:author-baseline:addyosmani  bal_after=7724574  spent=0c ($0.0)  count=20
  ↳ xarticles:author-baseline:RohOnChain  bal_before=7724574  est=300c
  ↳ xarticles:author-baseline:RohOnChain  bal_after=7724574  spent=0c ($0.0)  count=20
  ↳ xarticles:author-baseline:nobrainflip  bal_before=7724574  est=300c
  ↳ xarticles:author-baseline:nobrainflip  bal_after=7724574  spent=0c ($0.0)  count=20
  ↳ xarticles:author-baseline:giantcutie666  bal_before=7724574  est=300c
  ↳ xarticles:author-baseline:giantcutie666  bal_after=7724574  spent=0c ($0.0)  count=20
  ↳ xarticles:author-baseline:noirinvestor  bal_before=7724574  est=300c
  ↳ xarticles:author-baseline:noirinvestor  bal_after=7724574  spent=0c ($0.0)  count=20
  ↳ xarticles:author-baseline:168X_Fortune  bal_before=7724574  est=300c
  ↳ xarticles:author-baseline:168X_Fortune  bal_after=7720404  spent=4170c ($0.0417)  count=20
  ↳ xarticles:author-baseline:MAMAAAAU  bal_before=7720404  est=300c
  ↳ xarticles:author-baseline:MAMAAAAU  bal_after=7720404  spent=0c ($0.0)  count=20
  ↳ xarticles:author-baseline:TrustlessState  bal_before=7720404  est=300c
  ↳ xarticles:author-baseline:TrustlessState  bal_after=7720404  spent=0c ($0.0)  count=20
  ↳ xarticles:author-baseline:ActionModelAI  bal_before=7720404  est=300c
  ↳ xarticles:author-baseline:ActionModelAI  bal_after=7720404  spent=0c ($0.0)  count=20
  ↳ xarticles:author-baseline:nini_incrypto_  bal_before=7720404  est=300c
  ↳ xarticles:author-baseline:nini_incrypto_  bal_after=7720404  spent=0c ($0.0)  count=20
  ↳ xarticles:author-baseline:grovedotfinance  bal_before=7720404  est=300c
  ↳ xarticles:author-baseline:grovedotfinance  bal_after=7720404  spent=0c ($0.0)  count=20
  ↳ xarticles:author-baseline:unicity_labs  bal_before=7720404  est=300c
  ↳ xarticles:author-baseline:unicity_labs  bal_after=7720404  spent=0c ($0.0)  count=20
  ↳ xarticles:author-baseline:Aster_FND__  bal_before=7720404  est=300c
  ↳ xarticles:author-baseline:Aster_FND__  bal_after=7720404  spent=0c ($0.0)  count=8
  ↳ xarticles:author-baseline:DamiDefi  bal_before=7720404  est=300c
  ↳ xarticles:author-baseline:DamiDefi  bal_after=7720404  spent=0c ($0.0)  count=20
  ↳ xarticles:author-baseline:unipixnft  bal_before=7720404  est=300c
  ↳ xarticles:author-baseline:unipixnft  bal_after=7720404  spent=0c ($0.0)  count=11
  ↳ xarticles:author-baseline:Summer_trading  bal_before=7720404  est=300c
  ↳ xarticles:author-baseline:Summer_trading  bal_after=7720404  spent=0c ($0.0)  count=20
  ↳ xarticles:author-baseline:popdex_  bal_before=7720404  est=300c
  ↳ xarticles:author-baseline:popdex_  bal_after=7720404  spent=0c ($0.0)  count=5
  ↳ xarticles:author-baseline:wadezone  bal_before=7720404  est=300c
  ↳ xarticles:author-baseline:wadezone  bal_after=7717119  spent=3285c ($0.0328)  count=20
  ↳ xarticles:author-baseline:W__Unlimited  bal_before=7717119  est=300c
  ↳ xarticles:author-baseline:W__Unlimited  bal_after=7717119  spent=0c ($0.0)  count=20
  ↳ xarticles:author-baseline:joechalom  bal_before=7717119  est=300c
  ↳ xarticles:author-baseline:joechalom  bal_after=7717119  spent=0c ($0.0)  count=20
  ↳ xarticles:author-baseline:dennotai  bal_before=7717119  est=300c
  ↳ xarticles:author-baseline:dennotai  bal_after=7717119  spent=0c ($0.0)  count=20
  ↳ xarticles:author-baseline:entrypostman  bal_before=7717119  est=300c
  ↳ xarticles:author-baseline:entrypostman  bal_after=7717119  spent=0c ($0.0)  count=20
  ↳ xarticles:author-baseline:shirakazu_xyz  bal_before=7717119  est=300c
  ↳ xarticles:author-baseline:shirakazu_xyz  bal_after=7717119  spent=0c ($0.0)  count=20
  ↳ xarticles:author-baseline:ferbsol  bal_before=7717119  est=300c
  ↳ xarticles:author-baseline:ferbsol  bal_after=7717119  spent=0c ($0.0)  count=20
  ↳ xarticles:author-baseline:OKXTurkiye  bal_before=7717119  est=300c
  ↳ xarticles:author-baseline:OKXTurkiye  bal_after=7717119  spent=0c ($0.0)  count=20
  ↳ xarticles:author-baseline:wangyinrec  bal_before=7717119  est=300c
  ↳ xarticles:author-baseline:wangyinrec  bal_after=7717119  spent=0c ($0.0)  count=20
  ↳ xarticles:author-baseline:kunley_drukpa  bal_before=7717119  est=300c
  ↳ xarticles:author-baseline:kunley_drukpa  bal_after=7717119  spent=0c ($0.0)  count=19
  ↳ xarticles:author-baseline:kinoppirx78  bal_before=7717119  est=300c
  ↳ xarticles:author-baseline:kinoppirx78  bal_after=7714044  spent=3075c ($0.0307)  count=20
  ↳ xarticles:author-baseline:base  bal_before=7714044  est=300c
  ↳ xarticles:author-baseline:base  bal_after=7714044  spent=0c ($0.0)  count=20
  ↳ xarticles:author-baseline:RaoulGMI  bal_before=7714044  est=300c
  ↳ xarticles:author-baseline:RaoulGMI  bal_after=7714044  spent=0c ($0.0)  count=20
  ↳ xarticles:author-baseline:linwanwan823  bal_before=7714044  est=300c
  ↳ xarticles:author-baseline:linwanwan823  bal_after=7714044  spent=0c ($0.0)  count=20
  ↳ xarticles:author-baseline:tousika1  bal_before=7714044  est=300c
  ↳ xarticles:author-baseline:tousika1  bal_after=7714044  spent=0c ($0.0)  count=20
  ↳ xarticles:author-baseline:MossAI_CN  bal_before=7714044  est=300c
  ↳ xarticles:author-baseline:MossAI_CN  bal_after=7714044  spent=0c ($0.0)  count=20
  ↳ xarticles:author-baseline:cyrilXBT  bal_before=7714044  est=300c
  ↳ xarticles:author-baseline:cyrilXBT  bal_after=7714044  spent=0c ($0.0)  count=20
  ↳ xarticles:author-baseline:MidasHandxyz  bal_before=7714044  est=300c
  ↳ xarticles:author-baseline:MidasHandxyz  bal_after=7714044  spent=0c ($0.0)  count=20
  ↳ xarticles:author-baseline:edels0n  bal_before=7714044  est=300c
  ↳ xarticles:author-baseline:edels0n  bal_after=7714044  spent=0c ($0.0)  count=20
  ↳ xarticles:author-baseline:KMCrypton  bal_before=7714044  est=300c
  ↳ xarticles:author-baseline:KMCrypton  bal_after=7714044  spent=0c ($0.0)  count=20
  ↳ xarticles:author-baseline:adiix_official  bal_before=7714044  est=300c
  ↳ xarticles:author-baseline:adiix_official  bal_after=7714044  spent=0c ($0.0)  count=20
  ↳ xarticles:author-baseline:RAFA_AI  bal_before=7714044  est=300c
  ↳ xarticles:author-baseline:RAFA_AI  bal_after=7714044  spent=0c ($0.0)  count=20
  ↳ xarticles:author-baseline:Travix_fi  bal_before=7714044  est=300c
  ↳ xarticles:author-baseline:Travix_fi  bal_after=7710759  spent=3285c ($0.0328)  count=20
  ↳ xarticles:author-baseline:geopolythink  bal_before=7710759  est=300c
  ↳ xarticles:author-baseline:geopolythink  bal_after=7710759  spent=0c ($0.0)  count=20
  ↳ xarticles:author-baseline:nativemarkets  bal_before=7710759  est=300c
  ↳ xarticles:author-baseline:nativemarkets  bal_after=7710759  spent=0c ($0.0)  count=20
  ↳ xarticles:author-baseline:KiiChainio  bal_before=7710759  est=300c
  ↳ xarticles:author-baseline:KiiChainio  bal_after=7710759  spent=0c ($0.0)  count=20
  ↳ xarticles:author-baseline:xiaohu  bal_before=7710759  est=300c
  ↳ xarticles:author-baseline:xiaohu  bal_after=7710759  spent=0c ($0.0)  count=20
  ↳ xarticles:author-baseline:exitpumpBTC  bal_before=7710759  est=300c
  ↳ xarticles:author-baseline:exitpumpBTC  bal_after=7710759  spent=0c ($0.0)  count=20
  ↳ xarticles:author-baseline:bonkonft  bal_before=7710759  est=300c
  ↳ xarticles:author-baseline:bonkonft  bal_after=7710759  spent=0c ($0.0)  count=5
  ↳ xarticles:author-baseline:SRxTrades  bal_before=7710759  est=300c
  ↳ xarticles:author-baseline:SRxTrades  bal_after=7710759  spent=0c ($0.0)  count=20
  ↳ xarticles:author-baseline:Backpack  bal_before=7710759  est=300c
  ↳ xarticles:author-baseline:Backpack  bal_after=7710759  spent=0c ($0.0)  count=20
  ↳ xarticles:author-baseline:astragalus999  bal_before=7710759  est=300c
  ↳ xarticles:author-baseline:astragalus999  bal_after=7710759  spent=0c ($0.0)  count=20
  ↳ xarticles:author-baseline:UtribeOne  bal_before=7710759  est=300c
  ↳ xarticles:author-baseline:UtribeOne  bal_after=7710759  spent=0c ($0.0)  count=20
  ↳ xarticles:author-baseline:nodiens  bal_before=7710759  est=300c
  ↳ xarticles:author-baseline:nodiens  bal_after=7710759  spent=0c ($0.0)  count=20
  ↳ xarticles:author-baseline:hansolar21  bal_before=7710759  est=300c
  ↳ xarticles:author-baseline:hansolar21  bal_after=7710759  spent=0c ($0.0)  count=19
  ↳ xarticles:author-baseline:OptimaiNetwork  bal_before=7710759  est=300c
  ↳ xarticles:author-baseline:OptimaiNetwork  bal_after=7706784  spent=3975c ($0.0398)  count=20
  ↳ xarticles:author-baseline:Coredao_Org  bal_before=7706784  est=300c
  ↳ xarticles:author-baseline:Coredao_Org  bal_after=7706784  spent=0c ($0.0)  count=20
  ↳ xarticles:author-baseline:chainlink  bal_before=7706784  est=300c
  ↳ xarticles:author-baseline:chainlink  bal_after=7706784  spent=0c ($0.0)  count=20
  ↳ xarticles:author-baseline:Tracking_Power  bal_before=7706784  est=300c
  ↳ xarticles:author-baseline:Tracking_Power  bal_after=7706784  spent=0c ($0.0)  count=20
  ↳ xarticles:author-baseline:saso_capital  bal_before=7706784  est=300c
  ↳ xarticles:author-baseline:saso_capital  bal_after=7706784  spent=0c ($0.0)  count=20
  ↳ xarticles:author-baseline:dangambardello  bal_before=7706784  est=300c
  ↳ xarticles:author-baseline:dangambardello  bal_after=7706784  spent=0c ($0.0)  count=20
  ↳ xarticles:author-baseline:WallStreet0Name  bal_before=7706784  est=300c
  ↳ xarticles:author-baseline:WallStreet0Name  bal_after=7706784  spent=0c ($0.0)  count=20
  ↳ xarticles:author-baseline:OndoFinance  bal_before=7706784  est=300c
  ↳ xarticles:author-baseline:OndoFinance  bal_after=7706784  spent=0c ($0.0)  count=20
  ↳ xarticles:author-baseline:imTokenOfficial  bal_before=7706784  est=300c
  ↳ xarticles:author-baseline:imTokenOfficial  bal_after=7706784  spent=0c ($0.0)  count=20
  ↳ xarticles:author-baseline:dickiebush  bal_before=7706784  est=300c
  ↳ xarticles:author-baseline:dickiebush  bal_after=7706784  spent=0c ($0.0)  count=20
  ↳ xarticles:author-baseline:sairahul1  bal_before=7706784  est=300c
  ↳ xarticles:author-baseline:sairahul1  bal_after=7706784  spent=0c ($0.0)  count=20
  ↳ xarticles:author-baseline:KSimback  bal_before=7706784  est=300c
  ↳ xarticles:author-baseline:KSimback  bal_after=7706784  spent=0c ($0.0)  count=20
  ↳ xarticles:author-baseline:MossAI_Official  bal_before=7706784  est=300c
  ↳ xarticles:author-baseline:MossAI_Official  bal_after=7706784  spent=0c ($0.0)  count=20
  ↳ xarticles:author-baseline:sreeramkannan  bal_before=7706784  est=300c
  ↳ xarticles:author-baseline:sreeramkannan  bal_after=7703199  spent=3585c ($0.0358)  count=20
  ↳ xarticles:author-baseline:neural_avb  bal_before=7703199  est=300c
  ↳ xarticles:author-baseline:neural_avb  bal_after=7703199  spent=0c ($0.0)  count=20
  ↳ xarticles:author-baseline:XLayerOfficial  bal_before=7703199  est=300c
  ↳ xarticles:author-baseline:XLayerOfficial  bal_after=7703199  spent=0c ($0.0)  count=20
  ↳ xarticles:author-baseline:ArrakisFinance  bal_before=7703199  est=300c
  ↳ xarticles:author-baseline:ArrakisFinance  bal_after=7703199  spent=0c ($0.0)  count=19
  ↳ xarticles:author-baseline:kc_coyle  bal_before=7703199  est=300c
  ↳ xarticles:author-baseline:kc_coyle  bal_after=7703199  spent=0c ($0.0)  count=20
  ↳ xarticles:author-baseline:0xSoju  bal_before=7703199  est=300c
  ↳ xarticles:author-baseline:0xSoju  bal_after=7703199  spent=0c ($0.0)  count=20
  ↳ xarticles:author-baseline:hellojintao  bal_before=7703199  est=300c
  ↳ xarticles:author-baseline:hellojintao  bal_after=7703199  spent=0c ($0.0)  count=20
  ↳ xarticles:author-baseline:realMaalouf  bal_before=7703199  est=300c
  ↳ xarticles:author-baseline:realMaalouf  bal_after=7703199  spent=0c ($0.0)  count=20
  ↳ xarticles:author-baseline:votesa  bal_before=7703199  est=300c
  ↳ xarticles:author-baseline:votesa  bal_after=7703199  spent=0c ($0.0)  count=20
  ↳ xarticles:author-baseline:NURadu_  bal_before=7703199  est=300c
  ↳ xarticles:author-baseline:NURadu_  bal_after=7703199  spent=0c ($0.0)  count=20
  ↳ xarticles:author-baseline:hoodsher55  bal_before=7703199  est=300c
  ↳ xarticles:author-baseline:hoodsher55  bal_after=7703199  spent=0c ($0.0)  count=20
  ↳ xarticles:author-baseline:tengyanAI  bal_before=7703199  est=300c
  ↳ xarticles:author-baseline:tengyanAI  bal_after=7699614  spent=3585c ($0.0358)  count=20
  ↳ xarticles:author-baseline:mert  bal_before=7699614  est=300c
  ↳ xarticles:author-baseline:mert  bal_after=7699614  spent=0c ($0.0)  count=20
  ↳ xarticles:author-baseline:thecryptoskanda  bal_before=7699614  est=300c
  ↳ xarticles:author-baseline:thecryptoskanda  bal_after=7699614  spent=0c ($0.0)  count=20
  ↳ xarticles:author-baseline:Sprytixl  bal_before=7699614  est=300c
  ↳ xarticles:author-baseline:Sprytixl  bal_after=7699614  spent=0c ($0.0)  count=20
  ↳ xarticles:author-baseline:WorldCup_hat  bal_before=7699614  est=300c
  ↳ xarticles:author-baseline:WorldCup_hat  bal_after=7699614  spent=0c ($0.0)  count=20
  ↳ xarticles:author-baseline:bc1qDave  bal_before=7699614  est=300c
  ↳ xarticles:author-baseline:bc1qDave  bal_after=7699614  spent=0c ($0.0)  count=20
  ↳ xarticles:author-baseline:GoMining  bal_before=7699614  est=300c
  ↳ xarticles:author-baseline:GoMining  bal_after=7699614  spent=0c ($0.0)  count=20
  ↳ xarticles:author-baseline:tokenyfun  bal_before=7699614  est=300c
  ↳ xarticles:author-baseline:tokenyfun  bal_after=7699614  spent=0c ($0.0)  count=17
  ↳ xarticles:author-baseline:0xSammy  bal_before=7699614  est=300c
  ↳ xarticles:author-baseline:0xSammy  bal_after=7699614  spent=0c ($0.0)  count=20
  ↳ xarticles:author-baseline:a16zcrypto  bal_before=7699614  est=300c
  ↳ xarticles:author-baseline:a16zcrypto  bal_after=7699614  spent=0c ($0.0)  count=20
  ↳ xarticles:author-baseline:Acupoftii___  bal_before=7699614  est=300c
  ↳ xarticles:author-baseline:Acupoftii___  bal_after=7699614  spent=0c ($0.0)  count=20
  ↳ xarticles:author-baseline:DonutAI  bal_before=7699614  est=300c
  ↳ xarticles:author-baseline:DonutAI  bal_after=7696659  spent=2955c ($0.0295)  count=20
  ↳ xarticles:author-baseline:joshsimenhoff  bal_before=7696659  est=300c
  ↳ xarticles:author-baseline:joshsimenhoff  bal_after=7696659  spent=0c ($0.0)  count=20
  ↳ xarticles:author-baseline:LLuciano_BTC  bal_before=7696659  est=300c
  ↳ xarticles:author-baseline:LLuciano_BTC  bal_after=7696659  spent=0c ($0.0)  count=20
  ↳ xarticles:author-baseline:initc3org  bal_before=7696659  est=300c
  ↳ xarticles:author-baseline:initc3org  bal_after=7696659  spent=0c ($0.0)  count=20
  ↳ xarticles:author-baseline:NEARProtocol  bal_before=7696659  est=300c
  ↳ xarticles:author-baseline:NEARProtocol  bal_after=7696659  spent=0c ($0.0)  count=20
  ↳ xarticles:author-baseline:Bitget_TradFi  bal_before=7696659  est=300c
  ↳ xarticles:author-baseline:Bitget_TradFi  bal_after=7696659  spent=0c ($0.0)  count=20
  ↳ xarticles:author-baseline:ParadisLabs  bal_before=7696659  est=300c
  ↳ xarticles:author-baseline:ParadisLabs  bal_after=7696659  spent=0c ($0.0)  count=20
  ↳ xarticles:author-baseline:The_DTCC  bal_before=7696659  est=300c
  ↳ xarticles:author-baseline:The_DTCC  bal_after=7696659  spent=0c ($0.0)  count=19
  ↳ xarticles:author-baseline:CarOnPolymarket  bal_before=7696659  est=300c
  ↳ xarticles:author-baseline:CarOnPolymarket  bal_after=7696659  spent=0c ($0.0)  count=20
  ↳ xarticles:author-baseline:letscinema  bal_before=7696659  est=300c
  ↳ xarticles:author-baseline:letscinema  bal_after=7696659  spent=0c ($0.0)  count=20
  ↳ xarticles:author-baseline:ARafayGadit  bal_before=7696659  est=300c
  ↳ xarticles:author-baseline:ARafayGadit  bal_after=7696659  spent=0c ($0.0)  count=20
  ↳ xarticles:author-baseline:Firelightfi  bal_before=7696659  est=300c
  ↳ xarticles:author-baseline:Firelightfi  bal_after=7692774  spent=3885c ($0.0389)  count=20
  ↳ xarticles:author-baseline:ofc_the_club  bal_before=7692774  est=300c
  ↳ xarticles:author-baseline:ofc_the_club  bal_after=7692774  spent=0c ($0.0)  count=20
  ↳ xarticles:author-baseline:josedonato__  bal_before=7692774  est=300c
  ↳ xarticles:author-baseline:josedonato__  bal_after=7692774  spent=0c ($0.0)  count=20
  ↳ xarticles:author-baseline:TeslaBoomerMama  bal_before=7692774  est=300c
  ↳ xarticles:author-baseline:TeslaBoomerMama  bal_after=7692774  spent=0c ($0.0)  count=20
  ↳ xarticles:author-baseline:solana  bal_before=7692774  est=300c
  ↳ xarticles:author-baseline:solana  bal_after=7692774  spent=0c ($0.0)  count=20
  ↳ xarticles:author-baseline:fantasy_top_  bal_before=7692774  est=300c
  ↳ xarticles:author-baseline:fantasy_top_  bal_after=7692774  spent=0c ($0.0)  count=20
  ↳ xarticles:author-baseline:RitOnchain  bal_before=7692774  est=300c
  ↳ xarticles:author-baseline:RitOnchain  bal_after=7692774  spent=0c ($0.0)  count=20
  ↳ xarticles:author-baseline:BullTheoryio  bal_before=7692774  est=300c
  ↳ xarticles:author-baseline:BullTheoryio  bal_after=7692774  spent=0c ($0.0)  count=20
  ↳ xarticles:author-baseline:minara  bal_before=7692774  est=300c
  ↳ xarticles:author-baseline:minara  bal_after=7692774  spent=0c ($0.0)  count=20
  ↳ xarticles:author-baseline:babyfolio  bal_before=7692774  est=300c
  ↳ xarticles:author-baseline:babyfolio  bal_after=7692774  spent=0c ($0.0)  count=20
  ↳ xarticles:author-baseline:0xCaptan  bal_before=7692774  est=300c
  ↳ xarticles:author-baseline:0xCaptan  bal_after=7692774  spent=0c ($0.0)  count=20
  ↳ xarticles:author-baseline:wenaltseason  bal_before=7692774  est=300c
  ↳ xarticles:author-baseline:wenaltseason  bal_after=7692774  spent=0c ($0.0)  count=20
  ↳ xarticles:author-baseline:CryptoKaleo  bal_before=7692774  est=300c
  ↳ xarticles:author-baseline:CryptoKaleo  bal_after=7692774  spent=0c ($0.0)  count=20
  ↳ xarticles:author-baseline:waleswoosh  bal_before=7692774  est=300c
  ↳ xarticles:author-baseline:waleswoosh  bal_after=7689174  spent=3600c ($0.036)  count=20
  ↳ xarticles:author-baseline:inference_labs  bal_before=7689174  est=300c
  ↳ xarticles:author-baseline:inference_labs  bal_after=7689174  spent=0c ($0.0)  count=20
  ↳ xarticles:author-baseline:GREATVVIP  bal_before=7689174  est=300c
  ↳ xarticles:author-baseline:GREATVVIP  bal_after=7689174  spent=0c ($0.0)  count=20
  ↳ xarticles:author-baseline:damnang2  bal_before=7689174  est=300c
  ↳ xarticles:author-baseline:damnang2  bal_after=7689174  spent=0c ($0.0)  count=20
  ↳ xarticles:author-baseline:noxpacknft  bal_before=7689174  est=300c
  ↳ xarticles:author-baseline:noxpacknft  bal_after=7689174  spent=0c ($0.0)  count=20
  ↳ xarticles:author-baseline:GenLayer  bal_before=7689174  est=300c
  ↳ xarticles:author-baseline:GenLayer  bal_after=7689174  spent=0c ($0.0)  count=7
  ↳ xarticles:author-baseline:spenciefy  bal_before=7689174  est=300c
  ↳ xarticles:author-baseline:spenciefy  bal_after=7689174  spent=0c ($0.0)  count=20
  ↳ xarticles:author-baseline:WorldOfMercek  bal_before=7689174  est=300c
  ↳ xarticles:author-baseline:WorldOfMercek  bal_after=7689174  spent=0c ($0.0)  count=20
  ↳ xarticles:author-baseline:zodchiii  bal_before=7689174  est=300c
  ↳ xarticles:author-baseline:zodchiii  bal_after=7689174  spent=0c ($0.0)  count=20
  ↳ xarticles:author-baseline:ShiftRWA  bal_before=7689174  est=300c
  ↳ xarticles:author-baseline:ShiftRWA  bal_after=7689174  spent=0c ($0.0)  count=20
  ↳ xarticles:author-baseline:BUBU___o  bal_before=7689174  est=300c
  ↳ xarticles:author-baseline:BUBU___o  bal_after=7689174  spent=0c ($0.0)  count=20
  ↳ xarticles:author-baseline:KarmaCollects  bal_before=7689174  est=300c
  ↳ xarticles:author-baseline:KarmaCollects  bal_after=7689174  spent=0c ($0.0)  count=20
  ↳ xarticles:author-baseline:Kaizen_Investor  bal_before=7689174  est=300c
  ↳ xarticles:author-baseline:Kaizen_Investor  bal_after=7686669  spent=2505c ($0.025)  count=20
  ↳ xarticles:author-baseline:ade_shina01  bal_before=7686669  est=300c
  ↳ xarticles:author-baseline:ade_shina01  bal_after=7686669  spent=0c ($0.0)  count=20
  ↳ xarticles:author-baseline:GpaAndy  bal_before=7686669  est=300c
  ↳ xarticles:author-baseline:GpaAndy  bal_after=7686669  spent=0c ($0.0)  count=0
  ↳ xarticles:author-baseline:aibots404  bal_before=7686669  est=300c
  ↳ xarticles:author-baseline:aibots404  bal_after=7686669  spent=0c ($0.0)  count=20
  ↳ xarticles:author-baseline:apyx_fi  bal_before=7686669  est=300c
  ↳ xarticles:author-baseline:apyx_fi  bal_after=7686669  spent=0c ($0.0)  count=20
  ↳ xarticles:author-baseline:NitroOGFX  bal_before=7686669  est=300c
  ↳ xarticles:author-baseline:NitroOGFX  bal_after=7686669  spent=0c ($0.0)  count=20
  ↳ xarticles:author-baseline:idontexistTore  bal_before=7686669  est=300c
  ↳ xarticles:author-baseline:idontexistTore  bal_after=7686669  spent=0c ($0.0)  count=20
  ↳ xarticles:author-baseline:ChemistDeFi  bal_before=7686669  est=300c
  ↳ xarticles:author-baseline:ChemistDeFi  bal_after=7684254  spent=2415c ($0.0242)  count=20
  ↳ xarticles:author-baseline:ColbySaysHi  bal_before=7684254  est=300c
  ↳ xarticles:author-baseline:ColbySaysHi  bal_after=7684254  spent=0c ($0.0)  count=20
  ↳ xarticles:author-baseline:Delphi_Digital  bal_before=7684254  est=300c
  ↳ xarticles:author-baseline:Delphi_Digital  bal_after=7684254  spent=0c ($0.0)  count=20
  ↳ xarticles:author-baseline:RealityFi_xyz  bal_before=7684254  est=300c
  ↳ xarticles:author-baseline:RealityFi_xyz  bal_after=7684254  spent=0c ($0.0)  count=20
  ↳ xarticles:author-baseline:MaelstromFund  bal_before=7684254  est=300c
  ↳ xarticles:author-baseline:MaelstromFund  bal_after=7684254  spent=0c ($0.0)  count=20
  ↳ xarticles:author-baseline:RuujSs  bal_before=7684254  est=300c
  ↳ xarticles:author-baseline:RuujSs  bal_after=7684254  spent=0c ($0.0)  count=20
  ↳ xarticles:author-baseline:DeGodman10  bal_before=7684254  est=300c
  ↳ xarticles:author-baseline:DeGodman10  bal_after=7684254  spent=0c ($0.0)  count=20
  ↳ xarticles:author-baseline:KoroushAK  bal_before=7684254  est=300c
  ↳ xarticles:author-baseline:KoroushAK  bal_after=7684254  spent=0c ($0.0)  count=20
  ↳ xarticles:author-baseline:SatoshiCfB  bal_before=7684254  est=300c
  ↳ xarticles:author-baseline:SatoshiCfB  bal_after=7684254  spent=0c ($0.0)  count=20
  ↳ xarticles:author-baseline:ravi_riley  bal_before=7684254  est=300c
  ↳ xarticles:author-baseline:ravi_riley  bal_after=7681554  spent=2700c ($0.027)  count=20
  ↳ xarticles:author-baseline:0xMovez  bal_before=7681554  est=300c
  ↳ xarticles:author-baseline:0xMovez  bal_after=7681554  spent=0c ($0.0)  count=20
  ↳ xarticles:author-baseline:NeoSoulAI  bal_before=7681554  est=300c
  ↳ xarticles:author-baseline:NeoSoulAI  bal_after=7681554  spent=0c ($0.0)  count=20
  ↳ xarticles:author-baseline:e507  bal_before=7681554  est=300c
  ↳ xarticles:author-baseline:e507  bal_after=7681554  spent=0c ($0.0)  count=20
  ↳ xarticles:author-baseline:0xKeng  bal_before=7681554  est=300c
  ↳ xarticles:author-baseline:0xKeng  bal_after=7681554  spent=0c ($0.0)  count=20
  ↳ xarticles:author-baseline:variational_io  bal_before=7681554  est=300c
  ↳ xarticles:author-baseline:variational_io  bal_after=7681554  spent=0c ($0.0)  count=20
  ↳ xarticles:author-baseline:aave  bal_before=7681554  est=300c
  ↳ xarticles:author-baseline:aave  bal_after=7681554  spent=0c ($0.0)  count=20
  ↳ xarticles:author-baseline:Sir_Damilare  bal_before=7681554  est=300c
  ↳ xarticles:author-baseline:Sir_Damilare  bal_after=7681554  spent=0c ($0.0)  count=20
  ↳ xarticles:author-baseline:playrisk  bal_before=7681554  est=300c
  ↳ xarticles:author-baseline:playrisk  bal_after=7681554  spent=0c ($0.0)  count=20
  ↳ xarticles:author-baseline:metaproph3t  bal_before=7681554  est=300c
  ↳ xarticles:author-baseline:metaproph3t  bal_after=7681554  spent=0c ($0.0)  count=20
  ↳ xarticles:author-baseline:scottmelker  bal_before=7681554  est=300c
  ↳ xarticles:author-baseline:scottmelker  bal_after=7678554  spent=3000c ($0.03)  count=20
  ↳ xarticles:author-baseline:plutos_eth  bal_before=7678554  est=300c
  ↳ xarticles:author-baseline:plutos_eth  bal_after=7678554  spent=0c ($0.0)  count=20
  ↳ xarticles:author-baseline:nadoHQ  bal_before=7678554  est=300c
  ↳ xarticles:author-baseline:nadoHQ  bal_after=7678554  spent=0c ($0.0)  count=20
  ↳ xarticles:author-baseline:BlomieB  bal_before=7678554  est=300c
  ↳ xarticles:author-baseline:BlomieB  bal_after=7678554  spent=0c ($0.0)  count=20
  ↳ xarticles:author-baseline:Defi_princesss  bal_before=7678554  est=300c
  ↳ xarticles:author-baseline:Defi_princesss  bal_after=7678554  spent=0c ($0.0)  count=20
  ↳ xarticles:author-baseline:openservai  bal_before=7678554  est=300c
  ↳ xarticles:author-baseline:openservai  bal_after=7678554  spent=0c ($0.0)  count=20
  ↳ xarticles:author-baseline:nikshepsvn  bal_before=7678554  est=300c
  ↳ xarticles:author-baseline:nikshepsvn  bal_after=7678554  spent=0c ($0.0)  count=20
  ↳ xarticles:author-baseline:Bitradexen  bal_before=7678554  est=300c
  ↳ xarticles:author-baseline:Bitradexen  bal_after=7678554  spent=0c ($0.0)  count=20
  ↳ xarticles:author-baseline:nic_carter  bal_before=7678554  est=300c
  ↳ xarticles:author-baseline:nic_carter  bal_after=7678554  spent=0c ($0.0)  count=20
  ↳ xarticles:author-baseline:Mayorfae_  bal_before=7678554  est=300c
  ↳ xarticles:author-baseline:Mayorfae_  bal_after=7678554  spent=0c ($0.0)  count=20
  ↳ xarticles:author-baseline:AlphaCartell  bal_before=7678554  est=300c
  ↳ xarticles:author-baseline:AlphaCartell  bal_after=7678554  spent=0c ($0.0)  count=20
  ↳ xarticles:author-baseline:Fetch_ai  bal_before=7678554  est=300c
  ↳ xarticles:author-baseline:Fetch_ai  bal_after=7678554  spent=0c ($0.0)  count=20
  ↳ xarticles:author-baseline:I_am_Rackz  bal_before=7678554  est=300c
  ↳ xarticles:author-baseline:I_am_Rackz  bal_after=7678554  spent=0c ($0.0)  count=20
  ↳ xarticles:author-baseline:DivyaMaderna  bal_before=7678554  est=300c
  ↳ xarticles:author-baseline:DivyaMaderna  bal_after=7674654  spent=3900c ($0.039)  count=20
  ↳ xarticles:author-baseline:RealFinOfficial  bal_before=7674654  est=300c
  ↳ xarticles:author-baseline:RealFinOfficial  bal_after=7674654  spent=0c ($0.0)  count=20
  ↳ xarticles:author-baseline:_0xdigitz01  bal_before=7674654  est=300c
  ↳ xarticles:author-baseline:_0xdigitz01  bal_after=7674654  spent=0c ($0.0)  count=20
  ↳ xarticles:author-baseline:CNKTplus  bal_before=7674654  est=300c
  ↳ xarticles:author-baseline:CNKTplus  bal_after=7674654  spent=0c ($0.0)  count=20
  ↳ xarticles:author-baseline:CillionaireMind  bal_before=7674654  est=300c
  ↳ xarticles:author-baseline:CillionaireMind  bal_after=7674654  spent=0c ($0.0)  count=20
  ↳ xarticles:author-baseline:dkarbon_green  bal_before=7674654  est=300c
  ↳ xarticles:author-baseline:dkarbon_green  bal_after=7674654  spent=0c ($0.0)  count=20
  ↳ xarticles:author-baseline:MMMusol  bal_before=7674654  est=300c
  ↳ xarticles:author-baseline:MMMusol  bal_after=7674654  spent=0c ($0.0)  count=20
  ↳ xarticles:author-baseline:waveking1314  bal_before=7674654  est=300c
  ↳ xarticles:author-baseline:waveking1314  bal_after=7674654  spent=0c ($0.0)  count=20
  ↳ xarticles:author-baseline:virtuals_io  bal_before=7674654  est=300c
  ↳ xarticles:author-baseline:virtuals_io  bal_after=7674654  spent=0c ($0.0)  count=20
  ↳ xarticles:author-baseline:TheKodeusLabs  bal_before=7674654  est=300c
  ↳ xarticles:author-baseline:TheKodeusLabs  bal_after=7674654  spent=0c ($0.0)  count=20
  ↳ xarticles:author-baseline:rahul19_rahul  bal_before=7674654  est=300c
  ↳ xarticles:author-baseline:rahul19_rahul  bal_after=7674654  spent=0c ($0.0)  count=20
  ↳ xarticles:author-baseline:OmnipresentHQ  bal_before=7674654  est=300c
  ↳ xarticles:author-baseline:OmnipresentHQ  bal_after=7674654  spent=0c ($0.0)  count=7
  ↳ xarticles:author-baseline:EMEBOK_  bal_before=7674654  est=300c
  ↳ xarticles:author-baseline:EMEBOK_  bal_after=7671054  spent=3600c ($0.036)  count=20
  ↳ xarticles:author-baseline:Rh0DL  bal_before=7671054  est=300c
  ↳ xarticles:author-baseline:Rh0DL  bal_after=7671054  spent=0c ($0.0)  count=20
  ↳ xarticles:author-baseline:LABtrade_  bal_before=7671054  est=300c
  ↳ xarticles:author-baseline:LABtrade_  bal_after=7671054  spent=0c ($0.0)  count=20
  ↳ xarticles:author-baseline:DimitriDotEth  bal_before=7671054  est=300c
  ↳ xarticles:author-baseline:DimitriDotEth  bal_after=7671054  spent=0c ($0.0)  count=20
  ↳ xarticles:author-baseline:jayseeonsol  bal_before=7671054  est=300c
  ↳ xarticles:author-baseline:jayseeonsol  bal_after=7671054  spent=0c ($0.0)  count=20
  ↳ xarticles:author-baseline:kabNFA  bal_before=7671054  est=300c
  ↳ xarticles:author-baseline:kabNFA  bal_after=7671054  spent=0c ($0.0)  count=20
  ↳ xarticles:author-baseline:Defi_Warhol  bal_before=7671054  est=300c
  ↳ xarticles:author-baseline:Defi_Warhol  bal_after=7671054  spent=0c ($0.0)  count=20
  ↳ xarticles:author-baseline:I_am_vikg1s  bal_before=7671054  est=300c
  ↳ xarticles:author-baseline:I_am_vikg1s  bal_after=7671054  spent=0c ($0.0)  count=20
  ↳ xarticles:author-baseline:DarioCpx  bal_before=7671054  est=300c
  ↳ xarticles:author-baseline:DarioCpx  bal_after=7671054  spent=0c ($0.0)  count=20
  ↳ xarticles:author-baseline:ProprXYZ  bal_before=7671054  est=300c
  ↳ xarticles:author-baseline:ProprXYZ  bal_after=7671054  spent=0c ($0.0)  count=20
  ↳ xarticles:author-baseline:ZanaVentures  bal_before=7671054  est=300c
  ↳ xarticles:author-baseline:ZanaVentures  bal_after=7671054  spent=0c ($0.0)  count=20
  ↳ xarticles:author-baseline:0x_DaGold  bal_before=7671054  est=300c
  ↳ xarticles:author-baseline:0x_DaGold  bal_after=7671054  spent=0c ($0.0)  count=20
  ↳ xarticles:author-baseline:SkyF1ux  bal_before=7671054  est=300c
  ↳ xarticles:author-baseline:SkyF1ux  bal_after=7667649  spent=3405c ($0.034)  count=20
  ↳ xarticles:author-baseline:OndoPerps  bal_before=7667649  est=300c
  ↳ xarticles:author-baseline:OndoPerps  bal_after=7667649  spent=0c ($0.0)  count=20
  ↳ xarticles:author-baseline:JefferyCrypt  bal_before=7667649  est=300c
  ↳ xarticles:author-baseline:JefferyCrypt  bal_after=7667649  spent=0c ($0.0)  count=20
  ↳ xarticles:author-baseline:XTexchange  bal_before=7667649  est=300c
  ↳ xarticles:author-baseline:XTexchange  bal_after=7667649  spent=0c ($0.0)  count=20
  ↳ xarticles:author-baseline:captainjack125  bal_before=7667649  est=300c
  ↳ xarticles:author-baseline:captainjack125  bal_after=7667649  spent=0c ($0.0)  count=20
  ↳ xarticles:author-baseline:ProvidentQuant  bal_before=7667649  est=300c
  ↳ xarticles:author-baseline:ProvidentQuant  bal_after=7667649  spent=0c ($0.0)  count=20
  ↳ xarticles:author-baseline:i_am_dresh  bal_before=7667649  est=300c
  ↳ xarticles:author-baseline:i_am_dresh  bal_after=7667649  spent=0c ($0.0)  count=20
  ↳ xarticles:author-baseline:MangoLabs_  bal_before=7667649  est=300c
  ↳ xarticles:author-baseline:MangoLabs_  bal_after=7667649  spent=0c ($0.0)  count=2
  ↳ xarticles:author-baseline:Rusizi_7y  bal_before=7667649  est=300c
  ↳ xarticles:author-baseline:Rusizi_7y  bal_after=7667649  spent=0c ($0.0)  count=20
  ↳ xarticles:author-baseline:DfinityToday  bal_before=7667649  est=300c
  ↳ xarticles:author-baseline:DfinityToday  bal_after=7667649  spent=0c ($0.0)  count=20
  ↳ xarticles:author-baseline:BuildrJ  bal_before=7667649  est=300c
  ↳ xarticles:author-baseline:BuildrJ  bal_after=7667649  spent=0c ($0.0)  count=20
  ↳ xarticles:author-baseline:CoffeeStocksGuy  bal_before=7667649  est=300c
  ↳ xarticles:author-baseline:CoffeeStocksGuy  bal_after=7667649  spent=0c ($0.0)  count=20
  ↳ xarticles:author-baseline:pavaardzzz  bal_before=7667649  est=300c
  ↳ xarticles:author-baseline:pavaardzzz  bal_after=7667649  spent=0c ($0.0)  count=20
  ↳ xarticles:author-baseline:Maviskrypt  bal_before=7667649  est=300c
  ↳ xarticles:author-baseline:Maviskrypt  bal_after=7664019  spent=3630c ($0.0363)  count=20
  ↳ xarticles:author-baseline:World_Currents  bal_before=7664019  est=300c
  ↳ xarticles:author-baseline:World_Currents  bal_after=7664019  spent=0c ($0.0)  count=20
  ↳ xarticles:author-baseline:Yesthol  bal_before=7664019  est=300c
  ↳ xarticles:author-baseline:Yesthol  bal_after=7664019  spent=0c ($0.0)  count=20
  ↳ xarticles:author-baseline:TheProfInvestor  bal_before=7664019  est=300c
  ↳ xarticles:author-baseline:TheProfInvestor  bal_after=7664019  spent=0c ($0.0)  count=20
  ↳ xarticles:author-baseline:ikken_jp  bal_before=7664019  est=300c
  ↳ xarticles:author-baseline:ikken_jp  bal_after=7664019  spent=0c ($0.0)  count=20
  ↳ xarticles:author-baseline:NxtCypher  bal_before=7664019  est=300c
  ↳ xarticles:author-baseline:NxtCypher  bal_after=7664019  spent=0c ($0.0)  count=20
  ↳ xarticles:author-baseline:HolySmokas  bal_before=7664019  est=300c
  ↳ xarticles:author-baseline:HolySmokas  bal_after=7664019  spent=0c ($0.0)  count=20
  ↳ xarticles:author-baseline:moonpay  bal_before=7664019  est=300c
  ↳ xarticles:author-baseline:moonpay  bal_after=7664019  spent=0c ($0.0)  count=20
  ↳ xarticles:author-baseline:1914ad  bal_before=7664019  est=300c
  ↳ xarticles:author-baseline:1914ad  bal_after=7664019  spent=0c ($0.0)  count=20
  ↳ xarticles:author-baseline:Velvet_Capital  bal_before=7664019  est=300c
  ↳ xarticles:author-baseline:Velvet_Capital  bal_after=7664019  spent=0c ($0.0)  count=20
  ↳ xarticles:author-baseline:0xKairom  bal_before=7664019  est=300c
  ↳ xarticles:author-baseline:0xKairom  bal_after=7664019  spent=0c ($0.0)  count=20
  ↳ xarticles:author-baseline:jennyjacob01  bal_before=7664019  est=300c
  ↳ xarticles:author-baseline:jennyjacob01  bal_after=7664019  spent=0c ($0.0)  count=20
  ↳ xarticles:author-baseline:CastlesTrading  bal_before=7664019  est=300c
  ↳ xarticles:author-baseline:CastlesTrading  bal_after=7664019  spent=0c ($0.0)  count=20
  ↳ xarticles:author-baseline:TopYFT  bal_before=7664019  est=300c
  ↳ xarticles:author-baseline:TopYFT  bal_after=7659819  spent=4200c ($0.042)  count=20
  ↳ xarticles:author-baseline:dol_p_h  bal_before=7659819  est=300c
  ↳ xarticles:author-baseline:dol_p_h  bal_after=7659819  spent=0c ($0.0)  count=20
  ↳ xarticles:author-baseline:sofiadreamsof  bal_before=7659819  est=300c
  ↳ xarticles:author-baseline:sofiadreamsof  bal_after=7659819  spent=0c ($0.0)  count=20
  ↳ xarticles:author-baseline:emmyloveer  bal_before=7659819  est=300c
  ↳ xarticles:author-baseline:emmyloveer  bal_after=7659819  spent=0c ($0.0)  count=20
  ↳ xarticles:author-baseline:predikt_gg  bal_before=7659819  est=300c
  ↳ xarticles:author-baseline:predikt_gg  bal_after=7659819  spent=0c ($0.0)  count=20
  ↳ xarticles:author-baseline:UnicornCryptoV  bal_before=7659819  est=300c
  ↳ xarticles:author-baseline:UnicornCryptoV  bal_after=7659819  spent=0c ($0.0)  count=20
  ↳ xarticles:author-baseline:AuraXOfficial1  bal_before=7659819  est=300c
  ↳ xarticles:author-baseline:AuraXOfficial1  bal_after=7659819  spent=0c ($0.0)  count=20
  ↳ xarticles:author-baseline:Dan1umma  bal_before=7659819  est=300c
  ↳ xarticles:author-baseline:Dan1umma  bal_after=7659819  spent=0c ($0.0)  count=20
  ↳ xarticles:author-baseline:crux_capital_  bal_before=7659819  est=300c
  ↳ xarticles:author-baseline:crux_capital_  bal_after=7659819  spent=0c ($0.0)  count=20
  ↳ xarticles:author-baseline:salvium_io  bal_before=7659819  est=300c
  ↳ xarticles:author-baseline:salvium_io  bal_after=7657119  spent=2700c ($0.027)  count=20
  ↳ xarticles:author-baseline:joely7758521  bal_before=7657119  est=300c
  ↳ xarticles:author-baseline:joely7758521  bal_after=7657119  spent=0c ($0.0)  count=20
  ↳ xarticles:author-baseline:ruthybuilds  bal_before=7657119  est=300c
  ↳ xarticles:author-baseline:ruthybuilds  bal_after=7657119  spent=0c ($0.0)  count=20
  ↳ xarticles:author-baseline:EClock24  bal_before=7657119  est=300c
  ↳ xarticles:author-baseline:EClock24  bal_after=7657119  spent=0c ($0.0)  count=20
  ↳ xarticles:author-baseline:giant_cutie  bal_before=7657119  est=300c
  ↳ xarticles:author-baseline:giant_cutie  bal_after=7657119  spent=0c ($0.0)  count=20
  ↳ xarticles:author-baseline:Carlo_Buonpane  bal_before=7657119  est=300c
  ↳ xarticles:author-baseline:Carlo_Buonpane  bal_after=7657119  spent=0c ($0.0)  count=20
  ↳ xarticles:author-baseline:MarketCardsHQ  bal_before=7657119  est=300c
  ↳ xarticles:author-baseline:MarketCardsHQ  bal_after=7657119  spent=0c ($0.0)  count=20
  ↳ xarticles:author-baseline:The_RockTrading  bal_before=7657119  est=300c
  ↳ xarticles:author-baseline:The_RockTrading  bal_after=7657119  spent=0c ($0.0)  count=20
  ↳ xarticles:author-baseline:randgroup  bal_before=7657119  est=300c
  ↳ xarticles:author-baseline:randgroup  bal_after=7657119  spent=0c ($0.0)  count=20
  ↳ xarticles:author-baseline:MengLayer  bal_before=7657119  est=300c
  ↳ xarticles:author-baseline:MengLayer  bal_after=7657119  spent=0c ($0.0)  count=20
  ↳ xarticles:author-baseline:SJosephBurns  bal_before=7657119  est=300c
  ↳ xarticles:author-baseline:SJosephBurns  bal_after=7657119  spent=0c ($0.0)  count=20
  ↳ xarticles:author-baseline:mumu_bull  bal_before=7657119  est=300c
  ↳ xarticles:author-baseline:mumu_bull  bal_after=7657119  spent=0c ($0.0)  count=20
  ↳ xarticles:author-baseline:standotsui  bal_before=7657119  est=300c
  ↳ xarticles:author-baseline:standotsui  bal_after=7653519  spent=3600c ($0.036)  count=20
  ↳ xarticles:author-baseline:Cai_Soren  bal_before=7653519  est=300c
  ↳ xarticles:author-baseline:Cai_Soren  bal_after=7653519  spent=0c ($0.0)  count=20
  ↳ xarticles:author-baseline:momoflisa_21  bal_before=7653519  est=300c
  ↳ xarticles:author-baseline:momoflisa_21  bal_after=7653519  spent=0c ($0.0)  count=20
  ↳ xarticles:author-baseline:metafyed  bal_before=7653519  est=300c
  ↳ xarticles:author-baseline:metafyed  bal_after=7653519  spent=0c ($0.0)  count=20
  ↳ xarticles:author-baseline:unicorncmedia_  bal_before=7653519  est=300c
  ↳ xarticles:author-baseline:unicorncmedia_  bal_after=7653519  spent=0c ($0.0)  count=20
  ↳ xarticles:author-baseline:0xEmmy_G  bal_before=7653519  est=300c
  ↳ xarticles:author-baseline:0xEmmy_G  bal_after=7653519  spent=0c ($0.0)  count=20
  ↳ xarticles:author-baseline:Nick_Researcher  bal_before=7653519  est=300c
  ↳ xarticles:author-baseline:Nick_Researcher  bal_after=7653519  spent=0c ($0.0)  count=20
  ↳ xarticles:author-baseline:TheValueist  bal_before=7653519  est=300c
  ↳ xarticles:author-baseline:TheValueist  bal_after=7653519  spent=0c ($0.0)  count=20
  ↳ xarticles:author-baseline:AndreasSteno  bal_before=7653519  est=300c
  ↳ xarticles:author-baseline:AndreasSteno  bal_after=7653519  spent=0c ($0.0)  count=20
  ↳ xarticles:author-baseline:IxsFinance  bal_before=7653519  est=300c
  ↳ xarticles:author-baseline:IxsFinance  bal_after=7653519  spent=0c ($0.0)  count=20
  ↳ xarticles:author-baseline:onrefinance  bal_before=7650819  est=300c
  ↳ xarticles:author-baseline:onrefinance  bal_after=7650819  spent=0c ($0.0)  count=20
  ↳ xarticles:author-baseline:NuttyCLD  bal_before=7650819  est=300c
  ↳ xarticles:author-baseline:NuttyCLD  bal_after=7650819  spent=0c ($0.0)  count=20
  ↳ xarticles:author-baseline:0xfishylosopher  bal_before=7650819  est=300c
  ↳ xarticles:author-baseline:0xfishylosopher  bal_after=7650819  spent=0c ($0.0)  count=20
  ↳ xarticles:author-baseline:zostaff  bal_before=7650819  est=300c
  ↳ xarticles:author-baseline:zostaff  bal_after=7650819  spent=0c ($0.0)  count=20
  ↳ xarticles:author-baseline:0xCristal  bal_before=7650819  est=300c
  ↳ xarticles:author-baseline:0xCristal  bal_after=7650819  spent=0c ($0.0)  count=20
  ↳ xarticles:author-baseline:fraxfinance  bal_before=7650819  est=300c
  ↳ xarticles:author-baseline:fraxfinance  bal_after=7650819  spent=0c ($0.0)  count=20
  ↳ xarticles:author-baseline:VizoExchange  bal_before=7650819  est=300c
  ↳ xarticles:author-baseline:VizoExchange  bal_after=7650819  spent=0c ($0.0)  count=20
  ↳ xarticles:author-baseline:Tanaka_L2  bal_before=7650819  est=300c
  ↳ xarticles:author-baseline:Tanaka_L2  bal_after=7650819  spent=0c ($0.0)  count=20
  ↳ xarticles:author-baseline:Bull1shkid  bal_before=7650819  est=300c
  ↳ xarticles:author-baseline:Bull1shkid  bal_after=7650819  spent=0c ($0.0)  count=20
  ↳ xarticles:author-baseline:AustinSteinbart  bal_before=7650819  est=300c
  ↳ xarticles:author-baseline:AustinSteinbart  bal_after=7650819  spent=0c ($0.0)  count=20
  ↳ xarticles:author-baseline:schemacap  bal_before=7650819  est=300c
  ↳ xarticles:author-baseline:schemacap  bal_after=7650819  spent=0c ($0.0)  count=5
  ↳ xarticles:author-baseline:SeasonsDEFI  bal_before=7650819  est=300c
  ↳ xarticles:author-baseline:SeasonsDEFI  bal_after=7650819  spent=0c ($0.0)  count=20
  ↳ xarticles:author-baseline:joejo2038  bal_before=7650819  est=300c
  ↳ xarticles:author-baseline:joejo2038  bal_after=7650819  spent=0c ($0.0)  count=20
  ↳ xarticles:author-baseline:kolosxbt  bal_before=7650819  est=300c
  ↳ xarticles:author-baseline:kolosxbt  bal_after=7647144  spent=3675c ($0.0367)  count=20
  ↳ xarticles:author-baseline:tradeguru  bal_before=7647144  est=300c
  ↳ xarticles:author-baseline:tradeguru  bal_after=7647144  spent=0c ($0.0)  count=20
  ↳ xarticles:author-baseline:DDEX__Official  bal_before=7647144  est=300c
  ↳ xarticles:author-baseline:DDEX__Official  bal_after=7647144  spent=0c ($0.0)  count=20
  ↳ xarticles:author-baseline:KennethTradesNQ  bal_before=7647144  est=300c
  ↳ xarticles:author-baseline:KennethTradesNQ  bal_after=7647144  spent=0c ($0.0)  count=20
  ↳ xarticles:author-baseline:strato_money  bal_before=7647144  est=300c
  ↳ xarticles:author-baseline:strato_money  bal_after=7647144  spent=0c ($0.0)  count=20
  ↳ xarticles:author-baseline:InsightXHQ  bal_before=7647144  est=300c
  ↳ xarticles:author-baseline:InsightXHQ  bal_after=7647144  spent=0c ($0.0)  count=20
  ↳ xarticles:author-baseline:IncomeOne  bal_before=7647144  est=300c
  ↳ xarticles:author-baseline:IncomeOne  bal_after=7645344  spent=1800c ($0.018)  count=20
  ↳ xarticles:author-baseline:Baheet_  bal_before=7645344  est=300c
  ↳ xarticles:author-baseline:Baheet_  bal_after=7645344  spent=0c ($0.0)  count=20
  ↳ xarticles:author-baseline:Cointelegraph  bal_before=7645344  est=300c
  ↳ xarticles:author-baseline:Cointelegraph  bal_after=7645344  spent=0c ($0.0)  count=20
  ↳ xarticles:author-baseline:goldengoalsol  bal_before=7645344  est=300c
  ↳ xarticles:author-baseline:goldengoalsol  bal_after=7645344  spent=0c ($0.0)  count=20
  ↳ xarticles:author-baseline:0xdetweiler  bal_before=7645344  est=300c
  ↳ xarticles:author-baseline:0xdetweiler  bal_after=7645344  spent=0c ($0.0)  count=20
  ↳ xarticles:author-baseline:CHIPStrategist  bal_before=7645344  est=300c
  ↳ xarticles:author-baseline:CHIPStrategist  bal_after=7645344  spent=0c ($0.0)  count=20
  ↳ xarticles:author-baseline:polyfactual  bal_before=7645344  est=300c
  ↳ xarticles:author-baseline:polyfactual  bal_after=7645344  spent=0c ($0.0)  count=20
  ↳ xarticles:author-baseline:The_definexus  bal_before=7645344  est=300c
  ↳ xarticles:author-baseline:The_definexus  bal_after=7645344  spent=0c ($0.0)  count=20
  ↳ xarticles:author-baseline:xet  bal_before=7645344  est=300c
  ↳ xarticles:author-baseline:xet  bal_after=7642944  spent=2400c ($0.024)  count=19
  ↳ xarticles:author-baseline:Suu766  bal_before=7642944  est=300c
  ↳ xarticles:author-baseline:Suu766  bal_after=7642944  spent=0c ($0.0)  count=20
  ↳ xarticles:author-baseline:Ghostoncandle  bal_before=7642944  est=300c
  ↳ xarticles:author-baseline:Ghostoncandle  bal_after=7642944  spent=0c ($0.0)  count=20
  ↳ xarticles:author-baseline:FordEscord1  bal_before=7642944  est=300c
  ↳ xarticles:author-baseline:FordEscord1  bal_after=7642944  spent=0c ($0.0)  count=20
  ↳ xarticles:author-baseline:jiamigou  bal_before=7642944  est=300c
  ↳ xarticles:author-baseline:jiamigou  bal_after=7642944  spent=0c ($0.0)  count=20
  ↳ xarticles:author-baseline:TPN_Labs  bal_before=7642944  est=300c
  ↳ xarticles:author-baseline:TPN_Labs  bal_after=7642944  spent=0c ($0.0)  count=20
  ↳ xarticles:author-baseline:almanac_market  bal_before=7642944  est=300c
  ↳ xarticles:author-baseline:almanac_market  bal_after=7642944  spent=0c ($0.0)  count=20
  ↳ xarticles:author-baseline:etheraul  bal_before=7642944  est=300c
  ↳ xarticles:author-baseline:etheraul  bal_after=7642944  spent=0c ($0.0)  count=20
  ↳ xarticles:author-baseline:DexterityShow  bal_before=7642944  est=300c
  ↳ xarticles:author-baseline:DexterityShow  bal_after=7642944  spent=0c ($0.0)  count=20
  ↳ xarticles:author-baseline:KhubaibArshad9  bal_before=7642944  est=300c
  ↳ xarticles:author-baseline:KhubaibArshad9  bal_after=7642944  spent=0c ($0.0)  count=20
  ↳ xarticles:author-baseline:Jaypee_Sol  bal_before=7642944  est=300c
  ↳ xarticles:author-baseline:Jaypee_Sol  bal_after=7642944  spent=0c ($0.0)  count=16
  ↳ xarticles:author-baseline:CoinUpOfficials  bal_before=7642944  est=300c
  ↳ xarticles:author-baseline:CoinUpOfficials  bal_after=7639359  spent=3585c ($0.0358)  count=20
  ↳ xarticles:author-baseline:Lipsgambler  bal_before=7639359  est=300c
  ↳ xarticles:author-baseline:Lipsgambler  bal_after=7639359  spent=0c ($0.0)  count=20
  ↳ xarticles:author-baseline:thebrianjung  bal_before=7639359  est=300c
  ↳ xarticles:author-baseline:thebrianjung  bal_after=7639359  spent=0c ($0.0)  count=20
  ↳ xarticles:author-baseline:Queen_ANet  bal_before=7639359  est=300c
  ↳ xarticles:author-baseline:Queen_ANet  bal_after=7639359  spent=0c ($0.0)  count=20
  ↳ xarticles:author-baseline:DarkLord_gr  bal_before=7639359  est=300c
  ↳ xarticles:author-baseline:DarkLord_gr  bal_after=7639359  spent=0c ($0.0)  count=20
  ↳ xarticles:author-baseline:Kryptomonach  bal_before=7639359  est=300c
  ↳ xarticles:author-baseline:Kryptomonach  bal_after=7639359  spent=0c ($0.0)  count=20
  ↳ xarticles:author-baseline:QuantifiedStrat  bal_before=7639359  est=300c
  ↳ xarticles:author-baseline:QuantifiedStrat  bal_after=7639359  spent=0c ($0.0)  count=20
  ↳ xarticles:author-baseline:QuintessenceFi  bal_before=7639359  est=300c
  ↳ xarticles:author-baseline:QuintessenceFi  bal_after=7639359  spent=0c ($0.0)  count=5
  ↳ xarticles:author-baseline:MobiusExchange  bal_before=7639359  est=300c
  ↳ xarticles:author-baseline:MobiusExchange  bal_after=7639359  spent=0c ($0.0)  count=10
  ↳ xarticles:author-baseline:HR_web3  bal_before=7639359  est=300c
  ↳ xarticles:author-baseline:HR_web3  bal_after=7639359  spent=0c ($0.0)  count=1
  ↳ xarticles:author-baseline:StockJabber  bal_before=7639359  est=300c
  ↳ xarticles:author-baseline:StockJabber  bal_after=7639359  spent=0c ($0.0)  count=20
  ↳ xarticles:author-baseline:crptAtlas  bal_before=7639359  est=300c
  ↳ xarticles:author-baseline:crptAtlas  bal_after=7636794  spent=2565c ($0.0256)  count=20
  ↳ xarticles:author-baseline:FirepanHQ  bal_before=7636794  est=300c
  ↳ xarticles:author-baseline:FirepanHQ  bal_after=7636794  spent=0c ($0.0)  count=20
  ↳ xarticles:author-baseline:Whimchy  bal_before=7636794  est=300c
  ↳ xarticles:author-baseline:Whimchy  bal_after=7636794  spent=0c ($0.0)  count=20
  ↳ xarticles:author-baseline:MezoNetwork  bal_before=7636794  est=300c
  ↳ xarticles:author-baseline:MezoNetwork  bal_after=7636794  spent=0c ($0.0)  count=20
  ↳ xarticles:author-baseline:CFTradercom  bal_before=7636794  est=300c
  ↳ xarticles:author-baseline:CFTradercom  bal_after=7636794  spent=0c ($0.0)  count=20
  ↳ xarticles:author-baseline:Gate  bal_before=7636794  est=300c
  ↳ xarticles:author-baseline:Gate  bal_after=7636794  spent=0c ($0.0)  count=20
  ↳ xarticles:author-baseline:imallcash  bal_before=7636794  est=300c
  ↳ xarticles:author-baseline:imallcash  bal_after=7636794  spent=0c ($0.0)  count=11
  ↳ xarticles:author-baseline:web3_jerry_  bal_before=7636794  est=300c
  ↳ xarticles:author-baseline:web3_jerry_  bal_after=7636794  spent=0c ($0.0)  count=20
  ↳ xarticles:author-baseline:Joel_Dupalco  bal_before=7636794  est=300c
  ↳ xarticles:author-baseline:Joel_Dupalco  bal_after=7636794  spent=0c ($0.0)  count=20
  ↳ xarticles:author-baseline:TokenRelations  bal_before=7636794  est=300c
  ↳ xarticles:author-baseline:TokenRelations  bal_after=7636794  spent=0c ($0.0)  count=20
  ↳ xarticles:author-baseline:Bancor  bal_before=7636794  est=300c
  ↳ xarticles:author-baseline:Bancor  bal_after=7636794  spent=0c ($0.0)  count=20
  ↳ xarticles:author-baseline:MyriadMarkets  bal_before=7636794  est=300c
  ↳ xarticles:author-baseline:MyriadMarkets  bal_after=7636794  spent=0c ($0.0)  count=20
  ↳ xarticles:author-baseline:Bifu_ZH  bal_before=7636794  est=300c
  ↳ xarticles:author-baseline:Bifu_ZH  bal_after=7636794  spent=0c ($0.0)  count=20
  ↳ xarticles:author-baseline:Lombard_Finance  bal_before=7636794  est=300c
  ↳ xarticles:author-baseline:Lombard_Finance  bal_after=7636794  spent=0c ($0.0)  count=20
  ↳ xarticles:author-baseline:OctantApp  bal_before=7636794  est=300c
  ↳ xarticles:author-baseline:OctantApp  bal_after=7633014  spent=3780c ($0.0378)  count=20
  ↳ xarticles:author-baseline:Kryp_Toon  bal_before=7633014  est=300c
  ↳ xarticles:author-baseline:Kryp_Toon  bal_after=7633014  spent=0c ($0.0)  count=20
  ↳ xarticles:author-baseline:FourPillarsFP  bal_before=7633014  est=300c
  ↳ xarticles:author-baseline:FourPillarsFP  bal_after=7633014  spent=0c ($0.0)  count=20
  ↳ xarticles:author-baseline:hideyukiaka  bal_before=7633014  est=300c
  ↳ xarticles:author-baseline:hideyukiaka  bal_after=7633014  spent=0c ($0.0)  count=20
  ↳ xarticles:author-baseline:Share_Talk  bal_before=7633014  est=300c
  ↳ xarticles:author-baseline:Share_Talk  bal_after=7633014  spent=0c ($0.0)  count=20
  ↳ xarticles:author-baseline:rgvrmdya  bal_before=7633014  est=300c
  ↳ xarticles:author-baseline:rgvrmdya  bal_after=7633014  spent=0c ($0.0)  count=20
  ↳ xarticles:author-baseline:UpholdMarkets  bal_before=7633014  est=300c
  ↳ xarticles:author-baseline:UpholdMarkets  bal_after=7633014  spent=0c ($0.0)  count=20
  ↳ xarticles:author-baseline:kr_kimkk  bal_before=7633014  est=300c
  ↳ xarticles:author-baseline:kr_kimkk  bal_after=7633014  spent=0c ($0.0)  count=20
  ↳ xarticles:author-baseline:ARKInvest  bal_before=7633014  est=300c
  ↳ xarticles:author-baseline:ARKInvest  bal_after=7633014  spent=0c ($0.0)  count=20
  ↳ xarticles:author-baseline:FinancePhoton  bal_before=7633014  est=300c
  ↳ xarticles:author-baseline:FinancePhoton  bal_after=7633014  spent=0c ($0.0)  count=20
  ↳ xarticles:author-baseline:heykumaonx  bal_before=7633014  est=300c
  ↳ xarticles:author-baseline:heykumaonx  bal_after=7633014  spent=0c ($0.0)  count=20
  ↳ xarticles:author-baseline:MattGibsonMusic  bal_before=7633014  est=300c
  ↳ xarticles:author-baseline:MattGibsonMusic  bal_after=7633014  spent=0c ($0.0)  count=20
  ↳ xarticles:author-baseline:vivilinsv  bal_before=7633014  est=300c
  ↳ xarticles:author-baseline:vivilinsv  bal_after=7629414  spent=3600c ($0.036)  count=20
  ↳ xarticles:author-baseline:Madbenny  bal_before=7629414  est=300c
  ↳ xarticles:author-baseline:Madbenny  bal_after=7629414  spent=0c ($0.0)  count=20
  ↳ xarticles:author-baseline:ZoomexOfficial  bal_before=7629414  est=300c
  ↳ xarticles:author-baseline:ZoomexOfficial  bal_after=7629414  spent=0c ($0.0)  count=20
  ↳ xarticles:author-baseline:tiger_research_  bal_before=7629414  est=300c
  ↳ xarticles:author-baseline:tiger_research_  bal_after=7629414  spent=0c ($0.0)  count=20
  ↳ xarticles:author-baseline:ZlatniStandard  bal_before=7629414  est=300c
  ↳ xarticles:author-baseline:ZlatniStandard  bal_after=7629414  spent=0c ($0.0)  count=20
  ↳ xarticles:author-baseline:coin_post  bal_before=7629414  est=300c
  ↳ xarticles:author-baseline:coin_post  bal_after=7629414  spent=0c ($0.0)  count=20
  ↳ xarticles:author-baseline:jacqmelinek  bal_before=7629414  est=300c
  ↳ xarticles:author-baseline:jacqmelinek  bal_after=7629414  spent=0c ($0.0)  count=20
  ↳ xarticles:author-baseline:lakshmishaks  bal_before=7629414  est=300c
  ↳ xarticles:author-baseline:lakshmishaks  bal_after=7629414  spent=0c ($0.0)  count=20
  ↳ xarticles:author-baseline:Shekel_Agentic  bal_before=7629414  est=300c
  ↳ xarticles:author-baseline:Shekel_Agentic  bal_after=7629414  spent=0c ($0.0)  count=20
  ↳ xarticles:author-baseline:growth_papa  bal_before=7629414  est=300c
  ↳ xarticles:author-baseline:growth_papa  bal_after=7629414  spent=0c ($0.0)  count=20
  ↳ xarticles:author-baseline:ZoharAtkins  bal_before=7629414  est=300c
  ↳ xarticles:author-baseline:ZoharAtkins  bal_after=7629414  spent=0c ($0.0)  count=20
  ↳ xarticles:author-baseline:skyedecrypto  bal_before=7629414  est=300c
  ↳ xarticles:author-baseline:skyedecrypto  bal_after=7626114  spent=3300c ($0.033)  count=20
  ↳ xarticles:author-baseline:PaulJSingh  bal_before=7626114  est=300c
  ↳ xarticles:author-baseline:PaulJSingh  bal_after=7626114  spent=0c ($0.0)  count=20
  ↳ xarticles:author-baseline:exencial_RP  bal_before=7626114  est=300c
  ↳ xarticles:author-baseline:exencial_RP  bal_after=7626114  spent=0c ($0.0)  count=20
  ↳ xarticles:author-baseline:memely  bal_before=7626114  est=300c
  ↳ xarticles:author-baseline:memely  bal_after=7626114  spent=0c ($0.0)  count=20
  ↳ xarticles:author-baseline:Crypto_Briefing  bal_before=7626114  est=300c
  ↳ xarticles:author-baseline:Crypto_Briefing  bal_after=7626114  spent=0c ($0.0)  count=20
  ↳ xarticles:author-baseline:BSCNews  bal_before=7626114  est=300c
  ↳ xarticles:author-baseline:BSCNews  bal_after=7626114  spent=0c ($0.0)  count=20
  ↳ xarticles:author-baseline:TapeVector  bal_before=7626114  est=300c
  ↳ xarticles:author-baseline:TapeVector  bal_after=7626114  spent=0c ($0.0)  count=20
  ↳ xarticles:author-baseline:Benzinga  bal_before=7626114  est=300c
  ↳ xarticles:author-baseline:Benzinga  bal_after=7626114  spent=0c ($0.0)  count=20
  ↳ xarticles:author-baseline:DDEX_CN  bal_before=7626114  est=300c
  ↳ xarticles:author-baseline:DDEX_CN  bal_after=7626114  spent=0c ($0.0)  count=20
  ↳ xarticles:author-baseline:FranceCryptos  bal_before=7626114  est=300c
  ↳ xarticles:author-baseline:FranceCryptos  bal_after=7626114  spent=0c ($0.0)  count=20
{
  "date": "2026-06-10",
  "niche": "trading-30d",
  "out_dir": "/Users/maxguillabert/Downloads/index/docs/x-targeting/x_articles/2026-06-10/trading-30d",
  "tweets": 10133,
  "native_x_articles": 399,
  "top": {
    "tweet_id": "2061824994209136842",
    "tweet_url": "https://x.com/Bitget_TradFi/status/2061824994209136842",
    "article_url": "https://x.com/i/article/2061759702506381312",
    "title": "Things You Need to Know About #BitgetStocks 2.0",
    "preview_text": "2.0 upgrade\n1:1 backing\n3 key advantages to traders\nHere are some of the frequently asked questions on Bitget Stocks 2.0.\n1. What is Bitget US Stock 2.0?\nBitget US Stock 2.0 is a fully upgraded",
    "cover_media_img_url": "https://pbs.twimg.com/media/HJzXoDGaMAE8blQ.jpg",
    "author": "Bitget_TradFi",
    "author_name": "Bitget TradFi",
    "author_followers": 7934,
    "created_at": "Tue Jun 02 14:59:20 +0000 2026",
    "likes": 591,
    "retweets": 40,
    "replies": 17,
    "quotes": 3,
    "bookmarks": 52,
    "views": 6191468,
    "query_label": "likes-gte-250-latest",
    "engagement": 703,
    "weighted_engagement": 746,
    "engagement_per_1k_views": 0.114,
    "score": 846,
    "author_avg_views_last10": 4484.0,
    "author_avg_views_min_age_hours": 4,
    "views_per_1k_followers": 780371.565,
    "views_vs_author_avg": 1380.791,
    "outlier_score": 918450.779
  }
}
wrote /Users/maxguillabert/Downloads/index/docs/x-targeting/x_articles/2026-06-10/trading-30d/by-likes.md (399 articles)
wrote /Users/maxguillabert/Downloads/index/docs/x-targeting/x_articles/2026-06-10/trading-30d/by-views.md (399 articles)
date: illegal option -- -
usage: date [-jnRu] [-I[date|hours|minutes|seconds|ns]] [-f input_fmt]
            [ -z output_zone ] [-r filename|seconds] [-v[+|-]val[y|m|w|d|H|M|S]]
            [[[[mm]dd]HH]MM[[cc]yy][.SS] | new_date] [+output_fmt]
[] monthly fetch niche=trading-ai-30d date=2026-06-10 max=500

### rt-gte-500 [Top] x10p min_retweets:500 url:x.com/i/article since:2026-05-11 -is:retweet
  ↳ xarticles:rt-gte-500:p0  bal_before=7626114  est=300c
  ↳ xarticles:rt-gte-500:p0  bal_after=7626114  spent=0c ($0.0)  count=20
  ↳ xarticles:rt-gte-500:p1  bal_before=7626114  est=300c
  ↳ xarticles:rt-gte-500:p1  bal_after=7626114  spent=0c ($0.0)  count=19
  ↳ xarticles:rt-gte-500:p2  bal_before=7626114  est=300c
  ↳ xarticles:rt-gte-500:p2  bal_after=7622814  spent=3300c ($0.033)  count=20
  ↳ xarticles:rt-gte-500:p3  bal_before=7622814  est=300c
  ↳ xarticles:rt-gte-500:p3  bal_after=7622814  spent=0c ($0.0)  count=19
  ↳ xarticles:rt-gte-500:p4  bal_before=7622814  est=300c
  ↳ xarticles:rt-gte-500:p4  bal_after=7622814  spent=0c ($0.0)  count=0

### rt-gte-500-latest [Latest] x50p min_retweets:500 url:x.com/i/article since:2026-05-11 -is:retweet
  ↳ xarticles:rt-gte-500-latest:p0  bal_before=7622814  est=300c
  ↳ xarticles:rt-gte-500-latest:p0  bal_after=7622814  spent=0c ($0.0)  count=16
  ↳ xarticles:rt-gte-500-latest:p1  bal_before=7622814  est=300c
  ↳ xarticles:rt-gte-500-latest:p1  bal_after=7622814  spent=0c ($0.0)  count=15
  ↳ xarticles:rt-gte-500-latest:p2  bal_before=7622814  est=300c
  ↳ xarticles:rt-gte-500-latest:p2  bal_after=7622814  spent=0c ($0.0)  count=18
  ↳ xarticles:rt-gte-500-latest:p3  bal_before=7622814  est=300c
  ↳ xarticles:rt-gte-500-latest:p3  bal_after=7622814  spent=0c ($0.0)  count=20
  ↳ xarticles:rt-gte-500-latest:p4  bal_before=7622814  est=300c
  ↳ xarticles:rt-gte-500-latest:p4  bal_after=7622814  spent=0c ($0.0)  count=20
  ↳ xarticles:rt-gte-500-latest:p5  bal_before=7622814  est=300c
  ↳ xarticles:rt-gte-500-latest:p5  bal_after=7622814  spent=0c ($0.0)  count=20
  ↳ xarticles:rt-gte-500-latest:p6  bal_before=7622814  est=300c
  ↳ xarticles:rt-gte-500-latest:p6  bal_after=7622814  spent=0c ($0.0)  count=20
  ↳ xarticles:rt-gte-500-latest:p7  bal_before=7622814  est=300c
  ↳ xarticles:rt-gte-500-latest:p7  bal_after=7622814  spent=0c ($0.0)  count=20
  ↳ xarticles:rt-gte-500-latest:p8  bal_before=7622814  est=300c
  ↳ xarticles:rt-gte-500-latest:p8  bal_after=7622814  spent=0c ($0.0)  count=12
  ↳ xarticles:rt-gte-500-latest:p9  bal_before=7622814  est=300c
  ↳ xarticles:rt-gte-500-latest:p9  bal_after=7619694  spent=3120c ($0.0312)  count=0

### rt-gte-200 [Top] x10p min_retweets:200 url:x.com/i/article since:2026-05-11 -is:retweet
  ↳ xarticles:rt-gte-200:p0  bal_before=7619694  est=300c
  ↳ xarticles:rt-gte-200:p0  bal_after=7619694  spent=0c ($0.0)  count=20
  ↳ xarticles:rt-gte-200:p1  bal_before=7619694  est=300c
  ↳ xarticles:rt-gte-200:p1  bal_after=7619694  spent=0c ($0.0)  count=20
  ↳ xarticles:rt-gte-200:p2  bal_before=7619694  est=300c
  ↳ xarticles:rt-gte-200:p2  bal_after=7619694  spent=0c ($0.0)  count=20
  ↳ xarticles:rt-gte-200:p3  bal_before=7619694  est=300c
  ↳ xarticles:rt-gte-200:p3  bal_after=7619694  spent=0c ($0.0)  count=20
  ↳ xarticles:rt-gte-200:p4  bal_before=7619694  est=300c
  ↳ xarticles:rt-gte-200:p4  bal_after=7619694  spent=0c ($0.0)  count=19
  ↳ xarticles:rt-gte-200:p5  bal_before=7619694  est=300c
  ↳ xarticles:rt-gte-200:p5  bal_after=7619694  spent=0c ($0.0)  count=20
  ↳ xarticles:rt-gte-200:p6  bal_before=7619694  est=300c
  ↳ xarticles:rt-gte-200:p6  bal_after=7619694  spent=0c ($0.0)  count=17
  ↳ xarticles:rt-gte-200:p7  bal_before=7619694  est=300c
  ↳ xarticles:rt-gte-200:p7  bal_after=7619694  spent=0c ($0.0)  count=4
  ↳ xarticles:rt-gte-200:p8  bal_before=7619694  est=300c
  ↳ xarticles:rt-gte-200:p8  bal_after=7619694  spent=0c ($0.0)  count=20
  ↳ xarticles:rt-gte-200:p9  bal_before=7619694  est=300c
  ↳ xarticles:rt-gte-200:p9  bal_after=7616859  spent=2835c ($0.0284)  count=16

### rt-gte-200-latest [Latest] x50p min_retweets:200 url:x.com/i/article since:2026-05-11 -is:retweet
  ↳ xarticles:rt-gte-200-latest:p0  bal_before=7616859  est=300c
  ↳ xarticles:rt-gte-200-latest:p0  bal_after=7616859  spent=0c ($0.0)  count=14
  ↳ xarticles:rt-gte-200-latest:p1  bal_before=7616859  est=300c
  ↳ xarticles:rt-gte-200-latest:p1  bal_after=7616859  spent=0c ($0.0)  count=18
  ↳ xarticles:rt-gte-200-latest:p2  bal_before=7616859  est=300c
  ↳ xarticles:rt-gte-200-latest:p2  bal_after=7616859  spent=0c ($0.0)  count=19
  ↳ xarticles:rt-gte-200-latest:p3  bal_before=7616859  est=300c
  ↳ xarticles:rt-gte-200-latest:p3  bal_after=7616859  spent=0c ($0.0)  count=18
  ↳ xarticles:rt-gte-200-latest:p4  bal_before=7616859  est=300c
  ↳ xarticles:rt-gte-200-latest:p4  bal_after=7616859  spent=0c ($0.0)  count=19
  ↳ xarticles:rt-gte-200-latest:p5  bal_before=7616859  est=300c
  ↳ xarticles:rt-gte-200-latest:p5  bal_after=7616859  spent=0c ($0.0)  count=18
  ↳ xarticles:rt-gte-200-latest:p6  bal_before=7616859  est=300c
  ↳ xarticles:rt-gte-200-latest:p6  bal_after=7616859  spent=0c ($0.0)  count=15
  ↳ xarticles:rt-gte-200-latest:p7  bal_before=7616859  est=300c
  ↳ xarticles:rt-gte-200-latest:p7  bal_after=7616859  spent=0c ($0.0)  count=19
  ↳ xarticles:rt-gte-200-latest:p8  bal_before=7616859  est=300c
  ↳ xarticles:rt-gte-200-latest:p8  bal_after=7616859  spent=0c ($0.0)  count=20
  ↳ xarticles:rt-gte-200-latest:p9  bal_before=7616859  est=300c
  ↳ xarticles:rt-gte-200-latest:p9  bal_after=7616859  spent=0c ($0.0)  count=20
  ↳ xarticles:rt-gte-200-latest:p10  bal_before=7616859  est=300c
  ↳ xarticles:rt-gte-200-latest:p10  bal_after=7616859  spent=0c ($0.0)  count=20
  ↳ xarticles:rt-gte-200-latest:p11  bal_before=7616859  est=300c
  ↳ xarticles:rt-gte-200-latest:p11  bal_after=7616859  spent=0c ($0.0)  count=20
  ↳ xarticles:rt-gte-200-latest:p12  bal_before=7616859  est=300c
  ↳ xarticles:rt-gte-200-latest:p12  bal_after=7616859  spent=0c ($0.0)  count=20
  ↳ xarticles:rt-gte-200-latest:p13  bal_before=7616859  est=300c
  ↳ xarticles:rt-gte-200-latest:p13  bal_after=7616859  spent=0c ($0.0)  count=19
  ↳ xarticles:rt-gte-200-latest:p14  bal_before=7616859  est=300c
  ↳ xarticles:rt-gte-200-latest:p14  bal_after=7616859  spent=0c ($0.0)  count=20
  ↳ xarticles:rt-gte-200-latest:p15  bal_before=7616859  est=300c
  ↳ xarticles:rt-gte-200-latest:p15  bal_after=7612659  spent=4200c ($0.042)  count=20
  ↳ xarticles:rt-gte-200-latest:p16  bal_before=7612659  est=300c
  ↳ xarticles:rt-gte-200-latest:p16  bal_after=7612659  spent=0c ($0.0)  count=20
  ↳ xarticles:rt-gte-200-latest:p17  bal_before=7612659  est=300c
  ↳ xarticles:rt-gte-200-latest:p17  bal_after=7612659  spent=0c ($0.0)  count=20
  ↳ xarticles:rt-gte-200-latest:p18  bal_before=7612659  est=300c
  ↳ xarticles:rt-gte-200-latest:p18  bal_after=7612659  spent=0c ($0.0)  count=20
  ↳ xarticles:rt-gte-200-latest:p19  bal_before=7612659  est=300c
  ↳ xarticles:rt-gte-200-latest:p19  bal_after=7612659  spent=0c ($0.0)  count=20
  ↳ xarticles:rt-gte-200-latest:p20  bal_before=7612659  est=300c
  ↳ xarticles:rt-gte-200-latest:p20  bal_after=7612659  spent=0c ($0.0)  count=20
  ↳ xarticles:rt-gte-200-latest:p21  bal_before=7612659  est=300c
  ↳ xarticles:rt-gte-200-latest:p21  bal_after=7612659  spent=0c ($0.0)  count=20
  ↳ xarticles:rt-gte-200-latest:p22  bal_before=7612659  est=300c
  ↳ xarticles:rt-gte-200-latest:p22  bal_after=7612659  spent=0c ($0.0)  count=20
  ↳ xarticles:rt-gte-200-latest:p23  bal_before=7612659  est=300c
  ↳ xarticles:rt-gte-200-latest:p23  bal_after=7612659  spent=0c ($0.0)  count=20
  ↳ xarticles:rt-gte-200-latest:p24  bal_before=7612659  est=300c
  ↳ xarticles:rt-gte-200-latest:p24  bal_after=7612659  spent=0c ($0.0)  count=20
  ↳ xarticles:rt-gte-200-latest:p25  bal_before=7612659  est=300c
  ↳ xarticles:rt-gte-200-latest:p25  bal_after=7612659  spent=0c ($0.0)  count=20
  ↳ xarticles:rt-gte-200-latest:p26  bal_before=7612659  est=300c
  ↳ xarticles:rt-gte-200-latest:p26  bal_after=7612659  spent=0c ($0.0)  count=20
  ↳ xarticles:rt-gte-200-latest:p27  bal_before=7612659  est=300c
  ↳ xarticles:rt-gte-200-latest:p27  bal_after=7612659  spent=0c ($0.0)  count=2
  ↳ window exhausted at p27 (oldest page fully before cutoff)

### rt-gte-100 [Top] x10p min_retweets:100 url:x.com/i/article since:2026-05-11 -is:retweet
  ↳ xarticles:rt-gte-100:p0  bal_before=7612659  est=300c
  ↳ xarticles:rt-gte-100:p0  bal_after=7612659  spent=0c ($0.0)  count=20
  ↳ xarticles:rt-gte-100:p1  bal_before=7612659  est=300c
  ↳ xarticles:rt-gte-100:p1  bal_after=7612659  spent=0c ($0.0)  count=20
  ↳ xarticles:rt-gte-100:p2  bal_before=7612659  est=300c
  ↳ xarticles:rt-gte-100:p2  bal_after=7608144  spent=4515c ($0.0452)  count=20
  ↳ xarticles:rt-gte-100:p3  bal_before=7608144  est=300c
  ↳ xarticles:rt-gte-100:p3  bal_after=7608144  spent=0c ($0.0)  count=20
  ↳ xarticles:rt-gte-100:p4  bal_before=7608144  est=300c
  ↳ xarticles:rt-gte-100:p4  bal_after=7608144  spent=0c ($0.0)  count=15
  ↳ xarticles:rt-gte-100:p5  bal_before=7608144  est=300c
  ↳ xarticles:rt-gte-100:p5  bal_after=7608144  spent=0c ($0.0)  count=20
  ↳ xarticles:rt-gte-100:p6  bal_before=7608144  est=300c
  ↳ xarticles:rt-gte-100:p6  bal_after=7608144  spent=0c ($0.0)  count=20
  ↳ xarticles:rt-gte-100:p7  bal_before=7608144  est=300c
  ↳ xarticles:rt-gte-100:p7  bal_after=7608144  spent=0c ($0.0)  count=12
  ↳ xarticles:rt-gte-100:p8  bal_before=7608144  est=300c
  ↳ xarticles:rt-gte-100:p8  bal_after=7608144  spent=0c ($0.0)  count=7
  ↳ xarticles:rt-gte-100:p9  bal_before=7608144  est=300c
  ↳ xarticles:rt-gte-100:p9  bal_after=7608144  spent=0c ($0.0)  count=14

### rt-gte-100-latest [Latest] x50p min_retweets:100 url:x.com/i/article since:2026-05-11 -is:retweet
  ↳ xarticles:rt-gte-100-latest:p0  bal_before=7608144  est=300c
  ↳ xarticles:rt-gte-100-latest:p0  bal_after=7608144  spent=0c ($0.0)  count=17
  ↳ xarticles:rt-gte-100-latest:p1  bal_before=7608144  est=300c
  ↳ xarticles:rt-gte-100-latest:p1  bal_after=7608144  spent=0c ($0.0)  count=17
  ↳ xarticles:rt-gte-100-latest:p2  bal_before=7608144  est=300c
  ↳ xarticles:rt-gte-100-latest:p2  bal_after=7608144  spent=0c ($0.0)  count=19
  ↳ xarticles:rt-gte-100-latest:p3  bal_before=7608144  est=300c
  ↳ xarticles:rt-gte-100-latest:p3  bal_after=7608144  spent=0c ($0.0)  count=17
  ↳ xarticles:rt-gte-100-latest:p4  bal_before=7608144  est=300c
  ↳ xarticles:rt-gte-100-latest:p4  bal_after=7608144  spent=0c ($0.0)  count=20
  ↳ xarticles:rt-gte-100-latest:p5  bal_before=7608144  est=300c
  ↳ xarticles:rt-gte-100-latest:p5  bal_after=7608144  spent=0c ($0.0)  count=20
  ↳ xarticles:rt-gte-100-latest:p6  bal_before=7608144  est=300c
  ↳ xarticles:rt-gte-100-latest:p6  bal_after=7605129  spent=3015c ($0.0301)  count=20
  ↳ xarticles:rt-gte-100-latest:p7  bal_before=7605129  est=300c
  ↳ xarticles:rt-gte-100-latest:p7  bal_after=7605129  spent=0c ($0.0)  count=19
  ↳ xarticles:rt-gte-100-latest:p8  bal_before=7605129  est=300c
  ↳ xarticles:rt-gte-100-latest:p8  bal_after=7605129  spent=0c ($0.0)  count=17
  ↳ xarticles:rt-gte-100-latest:p9  bal_before=7605129  est=300c
  ↳ xarticles:rt-gte-100-latest:p9  bal_after=7605129  spent=0c ($0.0)  count=20
  ↳ xarticles:rt-gte-100-latest:p10  bal_before=7605129  est=300c
  ↳ xarticles:rt-gte-100-latest:p10  bal_after=7605129  spent=0c ($0.0)  count=18
  ↳ xarticles:rt-gte-100-latest:p11  bal_before=7605129  est=300c
  ↳ xarticles:rt-gte-100-latest:p11  bal_after=7605129  spent=0c ($0.0)  count=20
  ↳ xarticles:rt-gte-100-latest:p12  bal_before=7605129  est=300c
  ↳ xarticles:rt-gte-100-latest:p12  bal_after=7605129  spent=0c ($0.0)  count=18
  ↳ xarticles:rt-gte-100-latest:p13  bal_before=7605129  est=300c
  ↳ xarticles:rt-gte-100-latest:p13  bal_after=7605129  spent=0c ($0.0)  count=19
  ↳ xarticles:rt-gte-100-latest:p14  bal_before=7605129  est=300c
  ↳ xarticles:rt-gte-100-latest:p14  bal_after=7605129  spent=0c ($0.0)  count=16
  ↳ xarticles:rt-gte-100-latest:p15  bal_before=7605129  est=300c
  ↳ xarticles:rt-gte-100-latest:p15  bal_after=7605129  spent=0c ($0.0)  count=19
  ↳ xarticles:rt-gte-100-latest:p16  bal_before=7605129  est=300c
  ↳ xarticles:rt-gte-100-latest:p16  bal_after=7605129  spent=0c ($0.0)  count=20
  ↳ xarticles:rt-gte-100-latest:p17  bal_before=7605129  est=300c
  ↳ xarticles:rt-gte-100-latest:p17  bal_after=7605129  spent=0c ($0.0)  count=20
  ↳ xarticles:rt-gte-100-latest:p18  bal_before=7605129  est=300c
  ↳ xarticles:rt-gte-100-latest:p18  bal_after=7605129  spent=0c ($0.0)  count=20
  ↳ xarticles:rt-gte-100-latest:p19  bal_before=7605129  est=300c
  ↳ xarticles:rt-gte-100-latest:p19  bal_after=7600884  spent=4245c ($0.0425)  count=20
  ↳ xarticles:rt-gte-100-latest:p20  bal_before=7600884  est=300c
  ↳ xarticles:rt-gte-100-latest:p20  bal_after=7600884  spent=0c ($0.0)  count=20
  ↳ xarticles:rt-gte-100-latest:p21  bal_before=7600884  est=300c
  ↳ xarticles:rt-gte-100-latest:p21  bal_after=7600884  spent=0c ($0.0)  count=20
  ↳ xarticles:rt-gte-100-latest:p22  bal_before=7600884  est=300c
  ↳ xarticles:rt-gte-100-latest:p22  bal_after=7600884  spent=0c ($0.0)  count=20
  ↳ xarticles:rt-gte-100-latest:p23  bal_before=7600884  est=300c
  ↳ xarticles:rt-gte-100-latest:p23  bal_after=7600884  spent=0c ($0.0)  count=20
  ↳ xarticles:rt-gte-100-latest:p24  bal_before=7600884  est=300c
  ↳ xarticles:rt-gte-100-latest:p24  bal_after=7600884  spent=0c ($0.0)  count=20
  ↳ xarticles:rt-gte-100-latest:p25  bal_before=7600884  est=300c
  ↳ xarticles:rt-gte-100-latest:p25  bal_after=7600884  spent=0c ($0.0)  count=20
  ↳ xarticles:rt-gte-100-latest:p26  bal_before=7600884  est=300c
  ↳ xarticles:rt-gte-100-latest:p26  bal_after=7600884  spent=0c ($0.0)  count=20
  ↳ xarticles:rt-gte-100-latest:p27  bal_before=7600884  est=300c
  ↳ xarticles:rt-gte-100-latest:p27  bal_after=7600884  spent=0c ($0.0)  count=20
  ↳ xarticles:rt-gte-100-latest:p28  bal_before=7600884  est=300c
  ↳ xarticles:rt-gte-100-latest:p28  bal_after=7600884  spent=0c ($0.0)  count=20
  ↳ xarticles:rt-gte-100-latest:p29  bal_before=7600884  est=300c
  ↳ xarticles:rt-gte-100-latest:p29  bal_after=7600884  spent=0c ($0.0)  count=20
  ↳ xarticles:rt-gte-100-latest:p30  bal_before=7600884  est=300c
  ↳ xarticles:rt-gte-100-latest:p30  bal_after=7600884  spent=0c ($0.0)  count=20
  ↳ xarticles:rt-gte-100-latest:p31  bal_before=7600884  est=300c
  ↳ xarticles:rt-gte-100-latest:p31  bal_after=7600884  spent=0c ($0.0)  count=20
  ↳ xarticles:rt-gte-100-latest:p32  bal_before=7600884  est=300c
  ↳ xarticles:rt-gte-100-latest:p32  bal_after=7600884  spent=0c ($0.0)  count=20
  ↳ xarticles:rt-gte-100-latest:p33  bal_before=7600884  est=300c
  ↳ xarticles:rt-gte-100-latest:p33  bal_after=7600884  spent=0c ($0.0)  count=19
  ↳ xarticles:rt-gte-100-latest:p34  bal_before=7600884  est=300c
  ↳ xarticles:rt-gte-100-latest:p34  bal_after=7600884  spent=0c ($0.0)  count=20
  ↳ xarticles:rt-gte-100-latest:p35  bal_before=7600884  est=300c
  ↳ xarticles:rt-gte-100-latest:p35  bal_after=7596984  spent=3900c ($0.039)  count=20
  ↳ xarticles:rt-gte-100-latest:p36  bal_before=7596984  est=300c
  ↳ xarticles:rt-gte-100-latest:p36  bal_after=7596984  spent=0c ($0.0)  count=20
  ↳ xarticles:rt-gte-100-latest:p37  bal_before=7596984  est=300c
  ↳ xarticles:rt-gte-100-latest:p37  bal_after=7596984  spent=0c ($0.0)  count=20
  ↳ xarticles:rt-gte-100-latest:p38  bal_before=7596984  est=300c
  ↳ xarticles:rt-gte-100-latest:p38  bal_after=7596984  spent=0c ($0.0)  count=20
  ↳ xarticles:rt-gte-100-latest:p39  bal_before=7596984  est=300c
  ↳ xarticles:rt-gte-100-latest:p39  bal_after=7596984  spent=0c ($0.0)  count=20
  ↳ xarticles:rt-gte-100-latest:p40  bal_before=7596984  est=300c
  ↳ xarticles:rt-gte-100-latest:p40  bal_after=7596984  spent=0c ($0.0)  count=20
  ↳ xarticles:rt-gte-100-latest:p41  bal_before=7596984  est=300c
  ↳ xarticles:rt-gte-100-latest:p41  bal_after=7596984  spent=0c ($0.0)  count=20
  ↳ xarticles:rt-gte-100-latest:p42  bal_before=7596984  est=300c
  ↳ xarticles:rt-gte-100-latest:p42  bal_after=7596984  spent=0c ($0.0)  count=20
  ↳ xarticles:rt-gte-100-latest:p43  bal_before=7596984  est=300c
  ↳ xarticles:rt-gte-100-latest:p43  bal_after=7596984  spent=0c ($0.0)  count=20
  ↳ xarticles:rt-gte-100-latest:p44  bal_before=7596984  est=300c
  ↳ xarticles:rt-gte-100-latest:p44  bal_after=7596984  spent=0c ($0.0)  count=20
  ↳ xarticles:rt-gte-100-latest:p45  bal_before=7596984  est=300c
  ↳ xarticles:rt-gte-100-latest:p45  bal_after=7596984  spent=0c ($0.0)  count=20
  ↳ xarticles:rt-gte-100-latest:p46  bal_before=7596984  est=300c
  ↳ xarticles:rt-gte-100-latest:p46  bal_after=7596984  spent=0c ($0.0)  count=20
  ↳ xarticles:rt-gte-100-latest:p47  bal_before=7596984  est=300c
  ↳ xarticles:rt-gte-100-latest:p47  bal_after=7596984  spent=0c ($0.0)  count=20
  ↳ xarticles:rt-gte-100-latest:p48  bal_before=7596984  est=300c
  ↳ xarticles:rt-gte-100-latest:p48  bal_after=7596984  spent=0c ($0.0)  count=20
  ↳ xarticles:rt-gte-100-latest:p49  bal_before=7596984  est=300c
  ↳ xarticles:rt-gte-100-latest:p49  bal_after=7596984  spent=0c ($0.0)  count=20

### likes-gte-5000 [Top] x10p min_faves:5000 url:x.com/i/article since:2026-05-11 -is:retweet
  ↳ xarticles:likes-gte-5000:p0  bal_before=7596984  est=300c
  ↳ xarticles:likes-gte-5000:p0  bal_after=7591599  spent=5385c ($0.0539)  count=19
  ↳ xarticles:likes-gte-5000:p1  bal_before=7591599  est=300c
  ↳ xarticles:likes-gte-5000:p1  bal_after=7591599  spent=0c ($0.0)  count=20
  ↳ xarticles:likes-gte-5000:p2  bal_before=7591599  est=300c
  ↳ xarticles:likes-gte-5000:p2  bal_after=7591599  spent=0c ($0.0)  count=20
  ↳ xarticles:likes-gte-5000:p3  bal_before=7591599  est=300c
  ↳ xarticles:likes-gte-5000:p3  bal_after=7591599  spent=0c ($0.0)  count=17
  ↳ xarticles:likes-gte-5000:p4  bal_before=7591599  est=300c
  ↳ xarticles:likes-gte-5000:p4  bal_after=7591599  spent=0c ($0.0)  count=20
  ↳ xarticles:likes-gte-5000:p5  bal_before=7591599  est=300c
  ↳ xarticles:likes-gte-5000:p5  bal_after=7591599  spent=0c ($0.0)  count=20
  ↳ xarticles:likes-gte-5000:p6  bal_before=7591599  est=300c
  ↳ xarticles:likes-gte-5000:p6  bal_after=7591599  spent=0c ($0.0)  count=20
  ↳ xarticles:likes-gte-5000:p7  bal_before=7591599  est=300c
  ↳ xarticles:likes-gte-5000:p7  bal_after=7591599  spent=0c ($0.0)  count=20
  ↳ xarticles:likes-gte-5000:p8  bal_before=7591599  est=300c
  ↳ xarticles:likes-gte-5000:p8  bal_after=7591599  spent=0c ($0.0)  count=11
  ↳ xarticles:likes-gte-5000:p9  bal_before=7591599  est=300c
  ↳ xarticles:likes-gte-5000:p9  bal_after=7589259  spent=2340c ($0.0234)  count=13

### likes-gte-5000-latest [Latest] x50p min_faves:5000 url:x.com/i/article since:2026-05-11 -is:retweet
  ↳ xarticles:likes-gte-5000-latest:p0  bal_before=7589259  est=300c
  ↳ xarticles:likes-gte-5000-latest:p0  bal_after=7589259  spent=0c ($0.0)  count=20
  ↳ xarticles:likes-gte-5000-latest:p1  bal_before=7589259  est=300c
  ↳ xarticles:likes-gte-5000-latest:p1  bal_after=7589259  spent=0c ($0.0)  count=20
  ↳ xarticles:likes-gte-5000-latest:p2  bal_before=7589259  est=300c
  ↳ xarticles:likes-gte-5000-latest:p2  bal_after=7589259  spent=0c ($0.0)  count=19
  ↳ xarticles:likes-gte-5000-latest:p3  bal_before=7589259  est=300c
  ↳ xarticles:likes-gte-5000-latest:p3  bal_after=7589259  spent=0c ($0.0)  count=0

### likes-gte-2000 [Top] x10p min_faves:2000 url:x.com/i/article since:2026-05-11 -is:retweet
  ↳ xarticles:likes-gte-2000:p0  bal_before=7589259  est=300c
  ↳ xarticles:likes-gte-2000:p0  bal_after=7589259  spent=0c ($0.0)  count=20
  ↳ xarticles:likes-gte-2000:p1  bal_before=7589259  est=300c
  ↳ xarticles:likes-gte-2000:p1  bal_after=7589259  spent=0c ($0.0)  count=20
  ↳ xarticles:likes-gte-2000:p2  bal_before=7589259  est=300c
  ↳ xarticles:likes-gte-2000:p2  bal_after=7589259  spent=0c ($0.0)  count=20
  ↳ xarticles:likes-gte-2000:p3  bal_before=7587399  est=300c
  ↳ xarticles:likes-gte-2000:p3  bal_after=7587399  spent=0c ($0.0)  count=20
  ↳ xarticles:likes-gte-2000:p4  bal_before=7587399  est=300c
  ↳ xarticles:likes-gte-2000:p4  bal_after=7587399  spent=0c ($0.0)  count=16
  ↳ xarticles:likes-gte-2000:p5  bal_before=7587399  est=300c
  ↳ xarticles:likes-gte-2000:p5  bal_after=7587399  spent=0c ($0.0)  count=20
  ↳ xarticles:likes-gte-2000:p6  bal_before=7587399  est=300c
  ↳ xarticles:likes-gte-2000:p6  bal_after=7587399  spent=0c ($0.0)  count=18
  ↳ xarticles:likes-gte-2000:p7  bal_before=7587399  est=300c
  ↳ xarticles:likes-gte-2000:p7  bal_after=7587399  spent=0c ($0.0)  count=20
  ↳ xarticles:likes-gte-2000:p8  bal_before=7587399  est=300c
  ↳ xarticles:likes-gte-2000:p8  bal_after=7585389  spent=2010c ($0.0201)  count=20
  ↳ xarticles:likes-gte-2000:p9  bal_before=7585389  est=300c
  ↳ xarticles:likes-gte-2000:p9  bal_after=7585389  spent=0c ($0.0)  count=20

### likes-gte-2000-latest [Latest] x50p min_faves:2000 url:x.com/i/article since:2026-05-11 -is:retweet
  ↳ xarticles:likes-gte-2000-latest:p0  bal_before=7585389  est=300c
  ↳ xarticles:likes-gte-2000-latest:p0  bal_after=7585389  spent=0c ($0.0)  count=20
  ↳ xarticles:likes-gte-2000-latest:p1  bal_before=7585389  est=300c
  ↳ xarticles:likes-gte-2000-latest:p1  bal_after=7585389  spent=0c ($0.0)  count=20
  ↳ xarticles:likes-gte-2000-latest:p2  bal_before=7585389  est=300c
  ↳ xarticles:likes-gte-2000-latest:p2  bal_after=7585389  spent=0c ($0.0)  count=20
  ↳ xarticles:likes-gte-2000-latest:p3  bal_before=7585389  est=300c
  ↳ xarticles:likes-gte-2000-latest:p3  bal_after=7585389  spent=0c ($0.0)  count=20
  ↳ xarticles:likes-gte-2000-latest:p4  bal_before=7585389  est=300c
  ↳ xarticles:likes-gte-2000-latest:p4  bal_after=7585389  spent=0c ($0.0)  count=20
  ↳ xarticles:likes-gte-2000-latest:p5  bal_before=7585389  est=300c
  ↳ xarticles:likes-gte-2000-latest:p5  bal_after=7585389  spent=0c ($0.0)  count=19
  ↳ xarticles:likes-gte-2000-latest:p6  bal_before=7585389  est=300c
  ↳ xarticles:likes-gte-2000-latest:p6  bal_after=7585389  spent=0c ($0.0)  count=20
  ↳ xarticles:likes-gte-2000-latest:p7  bal_before=7585389  est=300c
  ↳ xarticles:likes-gte-2000-latest:p7  bal_after=7585389  spent=0c ($0.0)  count=20
  ↳ xarticles:likes-gte-2000-latest:p8  bal_before=7585389  est=300c
  ↳ xarticles:likes-gte-2000-latest:p8  bal_after=7585389  spent=0c ($0.0)  count=20
  ↳ xarticles:likes-gte-2000-latest:p9  bal_before=7585389  est=300c
  ↳ xarticles:likes-gte-2000-latest:p9  bal_after=7585389  spent=0c ($0.0)  count=20
  ↳ xarticles:likes-gte-2000-latest:p10  bal_before=7585389  est=300c
  ↳ xarticles:likes-gte-2000-latest:p10  bal_after=7585389  spent=0c ($0.0)  count=20
  ↳ xarticles:likes-gte-2000-latest:p11  bal_before=7585389  est=300c
  ↳ xarticles:likes-gte-2000-latest:p11  bal_after=7585389  spent=0c ($0.0)  count=0

### likes-gte-1000 [Top] x10p min_faves:1000 url:x.com/i/article since:2026-05-11 -is:retweet
  ↳ xarticles:likes-gte-1000:p0  bal_before=7585389  est=300c
  ↳ xarticles:likes-gte-1000:p0  bal_after=7585389  spent=0c ($0.0)  count=20
  ↳ xarticles:likes-gte-1000:p1  bal_before=7585389  est=300c
  ↳ xarticles:likes-gte-1000:p1  bal_after=7581489  spent=3900c ($0.039)  count=20
  ↳ xarticles:likes-gte-1000:p2  bal_before=7581489  est=300c
  ↳ xarticles:likes-gte-1000:p2  bal_after=7581489  spent=0c ($0.0)  count=20
  ↳ xarticles:likes-gte-1000:p3  bal_before=7581489  est=300c
  ↳ xarticles:likes-gte-1000:p3  bal_after=7581489  spent=0c ($0.0)  count=20
  ↳ xarticles:likes-gte-1000:p4  bal_before=7581489  est=300c
  ↳ xarticles:likes-gte-1000:p4  bal_after=7581489  spent=0c ($0.0)  count=20
  ↳ xarticles:likes-gte-1000:p5  bal_before=7581489  est=300c
  ↳ xarticles:likes-gte-1000:p5  bal_after=7581489  spent=0c ($0.0)  count=20
  ↳ xarticles:likes-gte-1000:p6  bal_before=7581489  est=300c
  ↳ xarticles:likes-gte-1000:p6  bal_after=7581489  spent=0c ($0.0)  count=20
  ↳ xarticles:likes-gte-1000:p7  bal_before=7581489  est=300c
  ↳ xarticles:likes-gte-1000:p7  bal_after=7581489  spent=0c ($0.0)  count=20
  ↳ xarticles:likes-gte-1000:p8  bal_before=7581489  est=300c
  ↳ xarticles:likes-gte-1000:p8  bal_after=7581489  spent=0c ($0.0)  count=20
  ↳ xarticles:likes-gte-1000:p9  bal_before=7581489  est=300c
  ↳ xarticles:likes-gte-1000:p9  bal_after=7581489  spent=0c ($0.0)  count=20

### likes-gte-1000-latest [Latest] x50p min_faves:1000 url:x.com/i/article since:2026-05-11 -is:retweet
  ↳ xarticles:likes-gte-1000-latest:p0  bal_before=7581489  est=300c
  ↳ xarticles:likes-gte-1000-latest:p0  bal_after=7581489  spent=0c ($0.0)  count=20
  ↳ xarticles:likes-gte-1000-latest:p1  bal_before=7581489  est=300c
  ↳ xarticles:likes-gte-1000-latest:p1  bal_after=7578789  spent=2700c ($0.027)  count=20
  ↳ xarticles:likes-gte-1000-latest:p2  bal_before=7578789  est=300c
  ↳ xarticles:likes-gte-1000-latest:p2  bal_after=7578789  spent=0c ($0.0)  count=20
  ↳ xarticles:likes-gte-1000-latest:p3  bal_before=7578789  est=300c
  ↳ xarticles:likes-gte-1000-latest:p3  bal_after=7578789  spent=0c ($0.0)  count=20
  ↳ xarticles:likes-gte-1000-latest:p4  bal_before=7578789  est=300c
  ↳ xarticles:likes-gte-1000-latest:p4  bal_after=7578789  spent=0c ($0.0)  count=20
  ↳ xarticles:likes-gte-1000-latest:p5  bal_before=7578789  est=300c
  ↳ xarticles:likes-gte-1000-latest:p5  bal_after=7578789  spent=0c ($0.0)  count=20
  ↳ xarticles:likes-gte-1000-latest:p6  bal_before=7578789  est=300c
  ↳ xarticles:likes-gte-1000-latest:p6  bal_after=7578789  spent=0c ($0.0)  count=20
  ↳ xarticles:likes-gte-1000-latest:p7  bal_before=7578789  est=300c
  ↳ xarticles:likes-gte-1000-latest:p7  bal_after=7578789  spent=0c ($0.0)  count=20
  ↳ xarticles:likes-gte-1000-latest:p8  bal_before=7578789  est=300c
  ↳ xarticles:likes-gte-1000-latest:p8  bal_after=7578789  spent=0c ($0.0)  count=20
  ↳ xarticles:likes-gte-1000-latest:p9  bal_before=7578789  est=300c
  ↳ xarticles:likes-gte-1000-latest:p9  bal_after=7578789  spent=0c ($0.0)  count=20
  ↳ xarticles:likes-gte-1000-latest:p10  bal_before=7578789  est=300c
  ↳ xarticles:likes-gte-1000-latest:p10  bal_after=7578789  spent=0c ($0.0)  count=20
  ↳ xarticles:likes-gte-1000-latest:p11  bal_before=7578789  est=300c
  ↳ xarticles:likes-gte-1000-latest:p11  bal_after=7578789  spent=0c ($0.0)  count=20
  ↳ xarticles:likes-gte-1000-latest:p12  bal_before=7578789  est=300c
  ↳ xarticles:likes-gte-1000-latest:p12  bal_after=7578789  spent=0c ($0.0)  count=20
  ↳ xarticles:likes-gte-1000-latest:p13  bal_before=7578789  est=300c
  ↳ xarticles:likes-gte-1000-latest:p13  bal_after=7578789  spent=0c ($0.0)  count=19
  ↳ xarticles:likes-gte-1000-latest:p14  bal_before=7578789  est=300c
  ↳ xarticles:likes-gte-1000-latest:p14  bal_after=7578789  spent=0c ($0.0)  count=20
  ↳ xarticles:likes-gte-1000-latest:p15  bal_before=7578789  est=300c
  ↳ xarticles:likes-gte-1000-latest:p15  bal_after=7578789  spent=0c ($0.0)  count=20
  ↳ xarticles:likes-gte-1000-latest:p16  bal_before=7578789  est=300c
  ↳ xarticles:likes-gte-1000-latest:p16  bal_after=7578789  spent=0c ($0.0)  count=20
  ↳ xarticles:likes-gte-1000-latest:p17  bal_before=7578789  est=300c
  ↳ xarticles:likes-gte-1000-latest:p17  bal_after=7574304  spent=4485c ($0.0449)  count=20
  ↳ xarticles:likes-gte-1000-latest:p18  bal_before=7574304  est=300c
  ↳ xarticles:likes-gte-1000-latest:p18  bal_after=7574304  spent=0c ($0.0)  count=20
  ↳ xarticles:likes-gte-1000-latest:p19  bal_before=7574304  est=300c
  ↳ xarticles:likes-gte-1000-latest:p19  bal_after=7574304  spent=0c ($0.0)  count=20
  ↳ xarticles:likes-gte-1000-latest:p20  bal_before=7574304  est=300c
  ↳ xarticles:likes-gte-1000-latest:p20  bal_after=7574304  spent=0c ($0.0)  count=20
  ↳ xarticles:likes-gte-1000-latest:p21  bal_before=7574304  est=300c
  ↳ xarticles:likes-gte-1000-latest:p21  bal_after=7574304  spent=0c ($0.0)  count=20
  ↳ xarticles:likes-gte-1000-latest:p22  bal_before=7574304  est=300c
  ↳ xarticles:likes-gte-1000-latest:p22  bal_after=7574304  spent=0c ($0.0)  count=20
  ↳ xarticles:likes-gte-1000-latest:p23  bal_before=7574304  est=300c
  ↳ xarticles:likes-gte-1000-latest:p23  bal_after=7574304  spent=0c ($0.0)  count=20
  ↳ xarticles:likes-gte-1000-latest:p24  bal_before=7574304  est=300c
  ↳ xarticles:likes-gte-1000-latest:p24  bal_after=7574304  spent=0c ($0.0)  count=20
  ↳ xarticles:likes-gte-1000-latest:p25  bal_before=7574304  est=300c
  ↳ xarticles:likes-gte-1000-latest:p25  bal_after=7574304  spent=0c ($0.0)  count=20
  ↳ xarticles:likes-gte-1000-latest:p26  bal_before=7574304  est=300c
  ↳ xarticles:likes-gte-1000-latest:p26  bal_after=7574304  spent=0c ($0.0)  count=20
  ↳ xarticles:likes-gte-1000-latest:p27  bal_before=7574304  est=300c
  ↳ xarticles:likes-gte-1000-latest:p27  bal_after=7574304  spent=0c ($0.0)  count=6
  ↳ window exhausted at p27 (oldest page fully before cutoff)

### likes-gte-500 [Top] x10p min_faves:500 url:x.com/i/article since:2026-05-11 -is:retweet
  ↳ xarticles:likes-gte-500:p0  bal_before=7574304  est=300c
  ↳ xarticles:likes-gte-500:p0  bal_after=7574304  spent=0c ($0.0)  count=20
  ↳ xarticles:likes-gte-500:p1  bal_before=7574304  est=300c
  ↳ xarticles:likes-gte-500:p1  bal_after=7574304  spent=0c ($0.0)  count=20
  ↳ xarticles:likes-gte-500:p2  bal_before=7574304  est=300c
  ↳ xarticles:likes-gte-500:p2  bal_after=7574304  spent=0c ($0.0)  count=20
  ↳ xarticles:likes-gte-500:p3  bal_before=7569714  est=300c
  ↳ xarticles:likes-gte-500:p3  bal_after=7569714  spent=0c ($0.0)  count=20
  ↳ xarticles:likes-gte-500:p4  bal_before=7569714  est=300c
  ↳ xarticles:likes-gte-500:p4  bal_after=7569714  spent=0c ($0.0)  count=20
  ↳ xarticles:likes-gte-500:p5  bal_before=7569714  est=300c
  ↳ xarticles:likes-gte-500:p5  bal_after=7569714  spent=0c ($0.0)  count=20
  ↳ xarticles:likes-gte-500:p6  bal_before=7569714  est=300c
  ↳ xarticles:likes-gte-500:p6  bal_after=7569714  spent=0c ($0.0)  count=20
  ↳ xarticles:likes-gte-500:p7  bal_before=7569714  est=300c
  ↳ xarticles:likes-gte-500:p7  bal_after=7569714  spent=0c ($0.0)  count=19
  ↳ xarticles:likes-gte-500:p8  bal_before=7569714  est=300c
  ↳ xarticles:likes-gte-500:p8  bal_after=7569714  spent=0c ($0.0)  count=18
  ↳ xarticles:likes-gte-500:p9  bal_before=7569714  est=300c
  ↳ xarticles:likes-gte-500:p9  bal_after=7569714  spent=0c ($0.0)  count=20

### likes-gte-500-latest [Latest] x50p min_faves:500 url:x.com/i/article since:2026-05-11 -is:retweet
  ↳ xarticles:likes-gte-500-latest:p0  bal_before=7569714  est=300c
  ↳ xarticles:likes-gte-500-latest:p0  bal_after=7569714  spent=0c ($0.0)  count=20
  ↳ xarticles:likes-gte-500-latest:p1  bal_before=7569714  est=300c
  ↳ xarticles:likes-gte-500-latest:p1  bal_after=7569714  spent=0c ($0.0)  count=20
  ↳ xarticles:likes-gte-500-latest:p2  bal_before=7569714  est=300c
  ↳ xarticles:likes-gte-500-latest:p2  bal_after=7569714  spent=0c ($0.0)  count=20
  ↳ xarticles:likes-gte-500-latest:p3  bal_before=7569714  est=300c
  ↳ xarticles:likes-gte-500-latest:p3  bal_after=7569714  spent=0c ($0.0)  count=20
  ↳ xarticles:likes-gte-500-latest:p4  bal_before=7569714  est=300c
  ↳ xarticles:likes-gte-500-latest:p4  bal_after=7567059  spent=2655c ($0.0266)  count=20
  ↳ xarticles:likes-gte-500-latest:p5  bal_before=7567059  est=300c
  ↳ xarticles:likes-gte-500-latest:p5  bal_after=7567059  spent=0c ($0.0)  count=20
  ↳ xarticles:likes-gte-500-latest:p6  bal_before=7567059  est=300c
  ↳ xarticles:likes-gte-500-latest:p6  bal_after=7567059  spent=0c ($0.0)  count=20
  ↳ xarticles:likes-gte-500-latest:p7  bal_before=7567059  est=300c
  ↳ xarticles:likes-gte-500-latest:p7  bal_after=7567059  spent=0c ($0.0)  count=20
  ↳ xarticles:likes-gte-500-latest:p8  bal_before=7567059  est=300c
  ↳ xarticles:likes-gte-500-latest:p8  bal_after=7567059  spent=0c ($0.0)  count=20
  ↳ xarticles:likes-gte-500-latest:p9  bal_before=7567059  est=300c
  ↳ xarticles:likes-gte-500-latest:p9  bal_after=7567059  spent=0c ($0.0)  count=18
  ↳ xarticles:likes-gte-500-latest:p10  bal_before=7567059  est=300c
  ↳ xarticles:likes-gte-500-latest:p10  bal_after=7567059  spent=0c ($0.0)  count=20
  ↳ xarticles:likes-gte-500-latest:p11  bal_before=7567059  est=300c
  ↳ xarticles:likes-gte-500-latest:p11  bal_after=7567059  spent=0c ($0.0)  count=20
  ↳ xarticles:likes-gte-500-latest:p12  bal_before=7567059  est=300c
  ↳ xarticles:likes-gte-500-latest:p12  bal_after=7567059  spent=0c ($0.0)  count=20
  ↳ xarticles:likes-gte-500-latest:p13  bal_before=7567059  est=300c
  ↳ xarticles:likes-gte-500-latest:p13  bal_after=7567059  spent=0c ($0.0)  count=20
  ↳ xarticles:likes-gte-500-latest:p14  bal_before=7567059  est=300c
  ↳ xarticles:likes-gte-500-latest:p14  bal_after=7567059  spent=0c ($0.0)  count=20
  ↳ xarticles:likes-gte-500-latest:p15  bal_before=7567059  est=300c
  ↳ xarticles:likes-gte-500-latest:p15  bal_after=7567059  spent=0c ($0.0)  count=20
  ↳ xarticles:likes-gte-500-latest:p16  bal_before=7567059  est=300c
  ↳ xarticles:likes-gte-500-latest:p16  bal_after=7567059  spent=0c ($0.0)  count=20
  ↳ xarticles:likes-gte-500-latest:p17  bal_before=7567059  est=300c
  ↳ xarticles:likes-gte-500-latest:p17  bal_after=7567059  spent=0c ($0.0)  count=20
  ↳ xarticles:likes-gte-500-latest:p18  bal_before=7567059  est=300c
  ↳ xarticles:likes-gte-500-latest:p18  bal_after=7567059  spent=0c ($0.0)  count=20
  ↳ xarticles:likes-gte-500-latest:p19  bal_before=7567059  est=300c
  ↳ xarticles:likes-gte-500-latest:p19  bal_after=7567059  spent=0c ($0.0)  count=20
  ↳ xarticles:likes-gte-500-latest:p20  bal_before=7567059  est=300c
  ↳ xarticles:likes-gte-500-latest:p20  bal_after=7562289  spent=4770c ($0.0477)  count=20
  ↳ xarticles:likes-gte-500-latest:p21  bal_before=7562289  est=300c
  ↳ xarticles:likes-gte-500-latest:p21  bal_after=7562289  spent=0c ($0.0)  count=20
  ↳ xarticles:likes-gte-500-latest:p22  bal_before=7562289  est=300c
  ↳ xarticles:likes-gte-500-latest:p22  bal_after=7562289  spent=0c ($0.0)  count=20
  ↳ xarticles:likes-gte-500-latest:p23  bal_before=7562289  est=300c
  ↳ xarticles:likes-gte-500-latest:p23  bal_after=7562289  spent=0c ($0.0)  count=20
  ↳ xarticles:likes-gte-500-latest:p24  bal_before=7562289  est=300c
  ↳ xarticles:likes-gte-500-latest:p24  bal_after=7562289  spent=0c ($0.0)  count=20
  ↳ xarticles:likes-gte-500-latest:p25  bal_before=7562289  est=300c
  ↳ xarticles:likes-gte-500-latest:p25  bal_after=7562289  spent=0c ($0.0)  count=20
  ↳ xarticles:likes-gte-500-latest:p26  bal_before=7562289  est=300c
  ↳ xarticles:likes-gte-500-latest:p26  bal_after=7562289  spent=0c ($0.0)  count=20
  ↳ xarticles:likes-gte-500-latest:p27  bal_before=7562289  est=300c
  ↳ xarticles:likes-gte-500-latest:p27  bal_after=7562289  spent=0c ($0.0)  count=20
  ↳ xarticles:likes-gte-500-latest:p28  bal_before=7562289  est=300c
  ↳ xarticles:likes-gte-500-latest:p28  bal_after=7562289  spent=0c ($0.0)  count=20
  ↳ xarticles:likes-gte-500-latest:p29  bal_before=7562289  est=300c
  ↳ xarticles:likes-gte-500-latest:p29  bal_after=7562289  spent=0c ($0.0)  count=20
  ↳ xarticles:likes-gte-500-latest:p30  bal_before=7562289  est=300c
  ↳ xarticles:likes-gte-500-latest:p30  bal_after=7562289  spent=0c ($0.0)  count=20
  ↳ xarticles:likes-gte-500-latest:p31  bal_before=7562289  est=300c
  ↳ xarticles:likes-gte-500-latest:p31  bal_after=7562289  spent=0c ($0.0)  count=20
  ↳ xarticles:likes-gte-500-latest:p32  bal_before=7562289  est=300c
  ↳ xarticles:likes-gte-500-latest:p32  bal_after=7562289  spent=0c ($0.0)  count=19
  ↳ xarticles:likes-gte-500-latest:p33  bal_before=7562289  est=300c
  ↳ xarticles:likes-gte-500-latest:p33  bal_after=7562289  spent=0c ($0.0)  count=20
  ↳ xarticles:likes-gte-500-latest:p34  bal_before=7562289  est=300c
  ↳ xarticles:likes-gte-500-latest:p34  bal_after=7557789  spent=4500c ($0.045)  count=20
  ↳ xarticles:likes-gte-500-latest:p35  bal_before=7557789  est=300c
  ↳ xarticles:likes-gte-500-latest:p35  bal_after=7557789  spent=0c ($0.0)  count=19
  ↳ xarticles:likes-gte-500-latest:p36  bal_before=7557789  est=300c
  ↳ xarticles:likes-gte-500-latest:p36  bal_after=7557789  spent=0c ($0.0)  count=20
  ↳ xarticles:likes-gte-500-latest:p37  bal_before=7557789  est=300c
  ↳ xarticles:likes-gte-500-latest:p37  bal_after=7557789  spent=0c ($0.0)  count=20
  ↳ xarticles:likes-gte-500-latest:p38  bal_before=7557789  est=300c
  ↳ xarticles:likes-gte-500-latest:p38  bal_after=7557789  spent=0c ($0.0)  count=20
  ↳ xarticles:likes-gte-500-latest:p39  bal_before=7557789  est=300c
  ↳ xarticles:likes-gte-500-latest:p39  bal_after=7557789  spent=0c ($0.0)  count=20
  ↳ xarticles:likes-gte-500-latest:p40  bal_before=7557789  est=300c
  ↳ xarticles:likes-gte-500-latest:p40  bal_after=7557789  spent=0c ($0.0)  count=20
  ↳ xarticles:likes-gte-500-latest:p41  bal_before=7557789  est=300c
  ↳ xarticles:likes-gte-500-latest:p41  bal_after=7557789  spent=0c ($0.0)  count=20
  ↳ xarticles:likes-gte-500-latest:p42  bal_before=7557789  est=300c
  ↳ xarticles:likes-gte-500-latest:p42  bal_after=7557789  spent=0c ($0.0)  count=20
  ↳ xarticles:likes-gte-500-latest:p43  bal_before=7557789  est=300c
  ↳ xarticles:likes-gte-500-latest:p43  bal_after=7557789  spent=0c ($0.0)  count=20
  ↳ xarticles:likes-gte-500-latest:p44  bal_before=7557789  est=300c
  ↳ xarticles:likes-gte-500-latest:p44  bal_after=7557789  spent=0c ($0.0)  count=20
  ↳ xarticles:likes-gte-500-latest:p45  bal_before=7557789  est=300c
  ↳ xarticles:likes-gte-500-latest:p45  bal_after=7557789  spent=0c ($0.0)  count=20
  ↳ xarticles:likes-gte-500-latest:p46  bal_before=7557789  est=300c
  ↳ xarticles:likes-gte-500-latest:p46  bal_after=7557789  spent=0c ($0.0)  count=20
  ↳ xarticles:likes-gte-500-latest:p47  bal_before=7557789  est=300c
  ↳ xarticles:likes-gte-500-latest:p47  bal_after=7557789  spent=0c ($0.0)  count=20
  ↳ xarticles:likes-gte-500-latest:p48  bal_before=7557789  est=300c
  ↳ xarticles:likes-gte-500-latest:p48  bal_after=7557789  spent=0c ($0.0)  count=19
  ↳ xarticles:likes-gte-500-latest:p49  bal_before=7557789  est=300c
  ↳ xarticles:likes-gte-500-latest:p49  bal_after=7557789  spent=0c ($0.0)  count=19

### likes-gte-250 [Top] x10p min_faves:250 url:x.com/i/article since:2026-05-11 -is:retweet
  ↳ xarticles:likes-gte-250:p0  bal_before=7557789  est=300c
  ↳ xarticles:likes-gte-250:p0  bal_after=7552734  spent=5055c ($0.0505)  count=20
  ↳ xarticles:likes-gte-250:p1  bal_before=7552734  est=300c
  ↳ xarticles:likes-gte-250:p1  bal_after=7552734  spent=0c ($0.0)  count=19
  ↳ xarticles:likes-gte-250:p2  bal_before=7552734  est=300c
  ↳ xarticles:likes-gte-250:p2  bal_after=7552734  spent=0c ($0.0)  count=20
  ↳ xarticles:likes-gte-250:p3  bal_before=7552734  est=300c
  ↳ xarticles:likes-gte-250:p3  bal_after=7552734  spent=0c ($0.0)  count=20
  ↳ xarticles:likes-gte-250:p4  bal_before=7552734  est=300c
  ↳ xarticles:likes-gte-250:p4  bal_after=7552734  spent=0c ($0.0)  count=20
  ↳ xarticles:likes-gte-250:p5  bal_before=7552734  est=300c
  ↳ xarticles:likes-gte-250:p5  bal_after=7552734  spent=0c ($0.0)  count=20
  ↳ xarticles:likes-gte-250:p6  bal_before=7552734  est=300c
  ↳ xarticles:likes-gte-250:p6  bal_after=7552734  spent=0c ($0.0)  count=20
  ↳ xarticles:likes-gte-250:p7  bal_before=7552734  est=300c
  ↳ xarticles:likes-gte-250:p7  bal_after=7550664  spent=2070c ($0.0207)  count=20
  ↳ xarticles:likes-gte-250:p8  bal_before=7550664  est=300c
  ↳ xarticles:likes-gte-250:p8  bal_after=7550664  spent=0c ($0.0)  count=20
  ↳ xarticles:likes-gte-250:p9  bal_before=7550664  est=300c
  ↳ xarticles:likes-gte-250:p9  bal_after=7550664  spent=0c ($0.0)  count=20

### likes-gte-250-latest [Latest] x50p min_faves:250 url:x.com/i/article since:2026-05-11 -is:retweet
  ↳ xarticles:likes-gte-250-latest:p0  bal_before=7550664  est=300c
  ↳ xarticles:likes-gte-250-latest:p0  bal_after=7550664  spent=0c ($0.0)  count=20
  ↳ xarticles:likes-gte-250-latest:p1  bal_before=7550664  est=300c
  ↳ xarticles:likes-gte-250-latest:p1  bal_after=7550664  spent=0c ($0.0)  count=20
  ↳ xarticles:likes-gte-250-latest:p2  bal_before=7550664  est=300c
  ↳ xarticles:likes-gte-250-latest:p2  bal_after=7550664  spent=0c ($0.0)  count=20
  ↳ xarticles:likes-gte-250-latest:p3  bal_before=7550664  est=300c
  ↳ xarticles:likes-gte-250-latest:p3  bal_after=7550664  spent=0c ($0.0)  count=20
  ↳ xarticles:likes-gte-250-latest:p4  bal_before=7550664  est=300c
  ↳ xarticles:likes-gte-250-latest:p4  bal_after=7550664  spent=0c ($0.0)  count=20
  ↳ xarticles:likes-gte-250-latest:p5  bal_before=7550664  est=300c
  ↳ xarticles:likes-gte-250-latest:p5  bal_after=7550664  spent=0c ($0.0)  count=20
  ↳ xarticles:likes-gte-250-latest:p6  bal_before=7550664  est=300c
  ↳ xarticles:likes-gte-250-latest:p6  bal_after=7550664  spent=0c ($0.0)  count=20
  ↳ xarticles:likes-gte-250-latest:p7  bal_before=7550664  est=300c
  ↳ xarticles:likes-gte-250-latest:p7  bal_after=7550664  spent=0c ($0.0)  count=20
  ↳ xarticles:likes-gte-250-latest:p8  bal_before=7550664  est=300c
  ↳ xarticles:likes-gte-250-latest:p8  bal_after=7550664  spent=0c ($0.0)  count=20
  ↳ xarticles:likes-gte-250-latest:p9  bal_before=7550664  est=300c
  ↳ xarticles:likes-gte-250-latest:p9  bal_after=7550664  spent=0c ($0.0)  count=20
  ↳ xarticles:likes-gte-250-latest:p10  bal_before=7550664  est=300c
  ↳ xarticles:likes-gte-250-latest:p10  bal_after=7547364  spent=3300c ($0.033)  count=20
  ↳ xarticles:likes-gte-250-latest:p11  bal_before=7547364  est=300c
  ↳ xarticles:likes-gte-250-latest:p11  bal_after=7547364  spent=0c ($0.0)  count=20
  ↳ xarticles:likes-gte-250-latest:p12  bal_before=7547364  est=300c
  ↳ xarticles:likes-gte-250-latest:p12  bal_after=7547364  spent=0c ($0.0)  count=20
  ↳ xarticles:likes-gte-250-latest:p13  bal_before=7547364  est=300c
  ↳ xarticles:likes-gte-250-latest:p13  bal_after=7547364  spent=0c ($0.0)  count=20
  ↳ xarticles:likes-gte-250-latest:p14  bal_before=7547364  est=300c
  ↳ xarticles:likes-gte-250-latest:p14  bal_after=7547364  spent=0c ($0.0)  count=20
  ↳ xarticles:likes-gte-250-latest:p15  bal_before=7547364  est=300c
  ↳ xarticles:likes-gte-250-latest:p15  bal_after=7547364  spent=0c ($0.0)  count=20
  ↳ xarticles:likes-gte-250-latest:p16  bal_before=7547364  est=300c
  ↳ xarticles:likes-gte-250-latest:p16  bal_after=7547364  spent=0c ($0.0)  count=19
  ↳ xarticles:likes-gte-250-latest:p17  bal_before=7547364  est=300c
  ↳ xarticles:likes-gte-250-latest:p17  bal_after=7547364  spent=0c ($0.0)  count=20
  ↳ xarticles:likes-gte-250-latest:p18  bal_before=7547364  est=300c
  ↳ xarticles:likes-gte-250-latest:p18  bal_after=7547364  spent=0c ($0.0)  count=20
  ↳ xarticles:likes-gte-250-latest:p19  bal_before=7547364  est=300c
  ↳ xarticles:likes-gte-250-latest:p19  bal_after=7547364  spent=0c ($0.0)  count=20
  ↳ xarticles:likes-gte-250-latest:p20  bal_before=7547364  est=300c
  ↳ xarticles:likes-gte-250-latest:p20  bal_after=7547364  spent=0c ($0.0)  count=20
  ↳ xarticles:likes-gte-250-latest:p21  bal_before=7547364  est=300c
  ↳ xarticles:likes-gte-250-latest:p21  bal_after=7547364  spent=0c ($0.0)  count=20
  ↳ xarticles:likes-gte-250-latest:p22  bal_before=7547364  est=300c
  ↳ xarticles:likes-gte-250-latest:p22  bal_after=7547364  spent=0c ($0.0)  count=18
  ↳ xarticles:likes-gte-250-latest:p23  bal_before=7547364  est=300c
  ↳ xarticles:likes-gte-250-latest:p23  bal_after=7547364  spent=0c ($0.0)  count=20
  ↳ xarticles:likes-gte-250-latest:p24  bal_before=7547364  est=300c
  ↳ xarticles:likes-gte-250-latest:p24  bal_after=7547364  spent=0c ($0.0)  count=20
  ↳ xarticles:likes-gte-250-latest:p25  bal_before=7547364  est=300c
  ↳ xarticles:likes-gte-250-latest:p25  bal_after=7547364  spent=0c ($0.0)  count=20
  ↳ xarticles:likes-gte-250-latest:p26  bal_before=7547364  est=300c
  ↳ xarticles:likes-gte-250-latest:p26  bal_after=7547364  spent=0c ($0.0)  count=20
  ↳ xarticles:likes-gte-250-latest:p27  bal_before=7542009  est=300c
  ↳ xarticles:likes-gte-250-latest:p27  bal_after=7542009  spent=0c ($0.0)  count=20
  ↳ xarticles:likes-gte-250-latest:p28  bal_before=7542009  est=300c
  ↳ xarticles:likes-gte-250-latest:p28  bal_after=7542009  spent=0c ($0.0)  count=20
  ↳ xarticles:likes-gte-250-latest:p29  bal_before=7542009  est=300c
  ↳ xarticles:likes-gte-250-latest:p29  bal_after=7542009  spent=0c ($0.0)  count=20
  ↳ xarticles:likes-gte-250-latest:p30  bal_before=7542009  est=300c
  ↳ xarticles:likes-gte-250-latest:p30  bal_after=7542009  spent=0c ($0.0)  count=20
  ↳ xarticles:likes-gte-250-latest:p31  bal_before=7542009  est=300c
  ↳ xarticles:likes-gte-250-latest:p31  bal_after=7542009  spent=0c ($0.0)  count=20
  ↳ xarticles:likes-gte-250-latest:p32  bal_before=7542009  est=300c
  ↳ xarticles:likes-gte-250-latest:p32  bal_after=7542009  spent=0c ($0.0)  count=20
  ↳ xarticles:likes-gte-250-latest:p33  bal_before=7542009  est=300c
  ↳ xarticles:likes-gte-250-latest:p33  bal_after=7542009  spent=0c ($0.0)  count=20
  ↳ xarticles:likes-gte-250-latest:p34  bal_before=7542009  est=300c
  ↳ xarticles:likes-gte-250-latest:p34  bal_after=7542009  spent=0c ($0.0)  count=20
  ↳ xarticles:likes-gte-250-latest:p35  bal_before=7542009  est=300c
  ↳ xarticles:likes-gte-250-latest:p35  bal_after=7542009  spent=0c ($0.0)  count=20
  ↳ xarticles:likes-gte-250-latest:p36  bal_before=7542009  est=300c
  ↳ xarticles:likes-gte-250-latest:p36  bal_after=7542009  spent=0c ($0.0)  count=19
  ↳ xarticles:likes-gte-250-latest:p37  bal_before=7542009  est=300c
  ↳ xarticles:likes-gte-250-latest:p37  bal_after=7542009  spent=0c ($0.0)  count=20
  ↳ xarticles:likes-gte-250-latest:p38  bal_before=7542009  est=300c
  ↳ xarticles:likes-gte-250-latest:p38  bal_after=7542009  spent=0c ($0.0)  count=20
  ↳ xarticles:likes-gte-250-latest:p39  bal_before=7542009  est=300c
  ↳ xarticles:likes-gte-250-latest:p39  bal_after=7542009  spent=0c ($0.0)  count=19
  ↳ xarticles:likes-gte-250-latest:p40  bal_before=7542009  est=300c
  ↳ xarticles:likes-gte-250-latest:p40  bal_after=7542009  spent=0c ($0.0)  count=19
  ↳ xarticles:likes-gte-250-latest:p41  bal_before=7542009  est=300c
  ↳ xarticles:likes-gte-250-latest:p41  bal_after=7542009  spent=0c ($0.0)  count=20
  ↳ xarticles:likes-gte-250-latest:p42  bal_before=7542009  est=300c
  ↳ xarticles:likes-gte-250-latest:p42  bal_after=7542009  spent=0c ($0.0)  count=20
  ↳ xarticles:likes-gte-250-latest:p43  bal_before=7537254  est=300c
  ↳ xarticles:likes-gte-250-latest:p43  bal_after=7537254  spent=0c ($0.0)  count=20
  ↳ xarticles:likes-gte-250-latest:p44  bal_before=7537254  est=300c
  ↳ xarticles:likes-gte-250-latest:p44  bal_after=7537254  spent=0c ($0.0)  count=20
  ↳ xarticles:likes-gte-250-latest:p45  bal_before=7537254  est=300c
  ↳ xarticles:likes-gte-250-latest:p45  bal_after=7537254  spent=0c ($0.0)  count=20
  ↳ xarticles:likes-gte-250-latest:p46  bal_before=7537254  est=300c
  ↳ xarticles:likes-gte-250-latest:p46  bal_after=7537254  spent=0c ($0.0)  count=20
  ↳ xarticles:likes-gte-250-latest:p47  bal_before=7537254  est=300c
  ↳ xarticles:likes-gte-250-latest:p47  bal_after=7537254  spent=0c ($0.0)  count=20
  ↳ xarticles:likes-gte-250-latest:p48  bal_before=7537254  est=300c
  ↳ xarticles:likes-gte-250-latest:p48  bal_after=7537254  spent=0c ($0.0)  count=20
  ↳ xarticles:likes-gte-250-latest:p49  bal_before=7537254  est=300c
  ↳ xarticles:likes-gte-250-latest:p49  bal_after=7537254  spent=0c ($0.0)  count=20

### likes-gte-100 [Top] x10p min_faves:100 url:x.com/i/article since:2026-05-11 -is:retweet
  ↳ xarticles:likes-gte-100:p0  bal_before=7537254  est=300c
  ↳ xarticles:likes-gte-100:p0  bal_after=7537254  spent=0c ($0.0)  count=20
  ↳ xarticles:likes-gte-100:p1  bal_before=7537254  est=300c
  ↳ xarticles:likes-gte-100:p1  bal_after=7537254  spent=0c ($0.0)  count=20
  ↳ xarticles:likes-gte-100:p2  bal_before=7537254  est=300c
  ↳ xarticles:likes-gte-100:p2  bal_after=7537254  spent=0c ($0.0)  count=20
  ↳ xarticles:likes-gte-100:p3  bal_before=7537254  est=300c
  ↳ xarticles:likes-gte-100:p3  bal_after=7533654  spent=3600c ($0.036)  count=20
  ↳ xarticles:likes-gte-100:p4  bal_before=7533654  est=300c
  ↳ xarticles:likes-gte-100:p4  bal_after=7533654  spent=0c ($0.0)  count=20
  ↳ xarticles:likes-gte-100:p5  bal_before=7533654  est=300c
  ↳ xarticles:likes-gte-100:p5  bal_after=7533654  spent=0c ($0.0)  count=20
  ↳ xarticles:likes-gte-100:p6  bal_before=7533654  est=300c
  ↳ xarticles:likes-gte-100:p6  bal_after=7533654  spent=0c ($0.0)  count=20
  ↳ xarticles:likes-gte-100:p7  bal_before=7533654  est=300c
  ↳ xarticles:likes-gte-100:p7  bal_after=7533654  spent=0c ($0.0)  count=20
  ↳ xarticles:likes-gte-100:p8  bal_before=7533654  est=300c
  ↳ xarticles:likes-gte-100:p8  bal_after=7532154  spent=1500c ($0.015)  count=20
  ↳ xarticles:likes-gte-100:p9  bal_before=7532154  est=300c
  ↳ xarticles:likes-gte-100:p9  bal_after=7532154  spent=0c ($0.0)  count=20

### likes-gte-100-latest [Latest] x50p min_faves:100 url:x.com/i/article since:2026-05-11 -is:retweet
  ↳ xarticles:likes-gte-100-latest:p0  bal_before=7532154  est=300c
  ↳ xarticles:likes-gte-100-latest:p0  bal_after=7532154  spent=0c ($0.0)  count=20
  ↳ xarticles:likes-gte-100-latest:p1  bal_before=7532154  est=300c
  ↳ xarticles:likes-gte-100-latest:p1  bal_after=7532154  spent=0c ($0.0)  count=20
  ↳ xarticles:likes-gte-100-latest:p2  bal_before=7532154  est=300c
  ↳ xarticles:likes-gte-100-latest:p2  bal_after=7532154  spent=0c ($0.0)  count=20
  ↳ xarticles:likes-gte-100-latest:p3  bal_before=7532154  est=300c
  ↳ xarticles:likes-gte-100-latest:p3  bal_after=7532154  spent=0c ($0.0)  count=20
  ↳ xarticles:likes-gte-100-latest:p4  bal_before=7532154  est=300c
  ↳ xarticles:likes-gte-100-latest:p4  bal_after=7532154  spent=0c ($0.0)  count=20
  ↳ xarticles:likes-gte-100-latest:p5  bal_before=7532154  est=300c
  ↳ xarticles:likes-gte-100-latest:p5  bal_after=7532154  spent=0c ($0.0)  count=20
  ↳ xarticles:likes-gte-100-latest:p6  bal_before=7532154  est=300c
  ↳ xarticles:likes-gte-100-latest:p6  bal_after=7532154  spent=0c ($0.0)  count=19
  ↳ xarticles:likes-gte-100-latest:p7  bal_before=7532154  est=300c
  ↳ xarticles:likes-gte-100-latest:p7  bal_after=7532154  spent=0c ($0.0)  count=20
  ↳ xarticles:likes-gte-100-latest:p8  bal_before=7532154  est=300c
  ↳ xarticles:likes-gte-100-latest:p8  bal_after=7532154  spent=0c ($0.0)  count=19
  ↳ xarticles:likes-gte-100-latest:p9  bal_before=7532154  est=300c
  ↳ xarticles:likes-gte-100-latest:p9  bal_after=7532154  spent=0c ($0.0)  count=20
  ↳ xarticles:likes-gte-100-latest:p10  bal_before=7529754  est=300c
  ↳ xarticles:likes-gte-100-latest:p10  bal_after=7529754  spent=0c ($0.0)  count=20
  ↳ xarticles:likes-gte-100-latest:p11  bal_before=7529754  est=300c
  ↳ xarticles:likes-gte-100-latest:p11  bal_after=7529754  spent=0c ($0.0)  count=20
  ↳ xarticles:likes-gte-100-latest:p12  bal_before=7529754  est=300c
  ↳ xarticles:likes-gte-100-latest:p12  bal_after=7529754  spent=0c ($0.0)  count=20
  ↳ xarticles:likes-gte-100-latest:p13  bal_before=7529754  est=300c
  ↳ xarticles:likes-gte-100-latest:p13  bal_after=7529754  spent=0c ($0.0)  count=19
  ↳ xarticles:likes-gte-100-latest:p14  bal_before=7529754  est=300c
  ↳ xarticles:likes-gte-100-latest:p14  bal_after=7529754  spent=0c ($0.0)  count=20
  ↳ xarticles:likes-gte-100-latest:p15  bal_before=7529754  est=300c
  ↳ xarticles:likes-gte-100-latest:p15  bal_after=7529754  spent=0c ($0.0)  count=20
  ↳ xarticles:likes-gte-100-latest:p16  bal_before=7529754  est=300c
  ↳ xarticles:likes-gte-100-latest:p16  bal_after=7529754  spent=0c ($0.0)  count=20
  ↳ xarticles:likes-gte-100-latest:p17  bal_before=7529754  est=300c
  ↳ xarticles:likes-gte-100-latest:p17  bal_after=7529754  spent=0c ($0.0)  count=20
  ↳ xarticles:likes-gte-100-latest:p18  bal_before=7529754  est=300c
  ↳ xarticles:likes-gte-100-latest:p18  bal_after=7529754  spent=0c ($0.0)  count=20
  ↳ xarticles:likes-gte-100-latest:p19  bal_before=7529754  est=300c
  ↳ xarticles:likes-gte-100-latest:p19  bal_after=7529754  spent=0c ($0.0)  count=20
  ↳ xarticles:likes-gte-100-latest:p20  bal_before=7529754  est=300c
  ↳ xarticles:likes-gte-100-latest:p20  bal_after=7529754  spent=0c ($0.0)  count=20
  ↳ xarticles:likes-gte-100-latest:p21  bal_before=7529754  est=300c
  ↳ xarticles:likes-gte-100-latest:p21  bal_after=7529754  spent=0c ($0.0)  count=20
  ↳ xarticles:likes-gte-100-latest:p22  bal_before=7529754  est=300c
  ↳ xarticles:likes-gte-100-latest:p22  bal_after=7529754  spent=0c ($0.0)  count=20
  ↳ xarticles:likes-gte-100-latest:p23  bal_before=7529754  est=300c
  ↳ xarticles:likes-gte-100-latest:p23  bal_after=7529754  spent=0c ($0.0)  count=20
  ↳ xarticles:likes-gte-100-latest:p24  bal_before=7529754  est=300c
  ↳ xarticles:likes-gte-100-latest:p24  bal_after=7525299  spent=4455c ($0.0445)  count=18
  ↳ xarticles:likes-gte-100-latest:p25  bal_before=7525299  est=300c
  ↳ xarticles:likes-gte-100-latest:p25  bal_after=7525299  spent=0c ($0.0)  count=20
  ↳ xarticles:likes-gte-100-latest:p26  bal_before=7525299  est=300c
  ↳ xarticles:likes-gte-100-latest:p26  bal_after=7525299  spent=0c ($0.0)  count=20
  ↳ xarticles:likes-gte-100-latest:p27  bal_before=7525299  est=300c
  ↳ xarticles:likes-gte-100-latest:p27  bal_after=7525299  spent=0c ($0.0)  count=20
  ↳ xarticles:likes-gte-100-latest:p28  bal_before=7525299  est=300c
  ↳ xarticles:likes-gte-100-latest:p28  bal_after=7525299  spent=0c ($0.0)  count=20
  ↳ xarticles:likes-gte-100-latest:p29  bal_before=7525299  est=300c
  ↳ xarticles:likes-gte-100-latest:p29  bal_after=7525299  spent=0c ($0.0)  count=20
  ↳ xarticles:likes-gte-100-latest:p30  bal_before=7525299  est=300c
  ↳ xarticles:likes-gte-100-latest:p30  bal_after=7525299  spent=0c ($0.0)  count=20
  ↳ xarticles:likes-gte-100-latest:p31  bal_before=7525299  est=300c
  ↳ xarticles:likes-gte-100-latest:p31  bal_after=7525299  spent=0c ($0.0)  count=20
  ↳ xarticles:likes-gte-100-latest:p32  bal_before=7525299  est=300c
  ↳ xarticles:likes-gte-100-latest:p32  bal_after=7525299  spent=0c ($0.0)  count=20
  ↳ xarticles:likes-gte-100-latest:p33  bal_before=7525299  est=300c
  ↳ xarticles:likes-gte-100-latest:p33  bal_after=7525299  spent=0c ($0.0)  count=20
  ↳ xarticles:likes-gte-100-latest:p34  bal_before=7525299  est=300c
  ↳ xarticles:likes-gte-100-latest:p34  bal_after=7525299  spent=0c ($0.0)  count=20
  ↳ xarticles:likes-gte-100-latest:p35  bal_before=7525299  est=300c
  ↳ xarticles:likes-gte-100-latest:p35  bal_after=7525299  spent=0c ($0.0)  count=20
  ↳ xarticles:likes-gte-100-latest:p36  bal_before=7525299  est=300c
  ↳ xarticles:likes-gte-100-latest:p36  bal_after=7525299  spent=0c ($0.0)  count=20
  ↳ xarticles:likes-gte-100-latest:p37  bal_before=7525299  est=300c
  ↳ xarticles:likes-gte-100-latest:p37  bal_after=7525299  spent=0c ($0.0)  count=20
  ↳ xarticles:likes-gte-100-latest:p38  bal_before=7525299  est=300c
  ↳ xarticles:likes-gte-100-latest:p38  bal_after=7525299  spent=0c ($0.0)  count=20
  ↳ xarticles:likes-gte-100-latest:p39  bal_before=7525299  est=300c
  ↳ xarticles:likes-gte-100-latest:p39  bal_after=7525299  spent=0c ($0.0)  count=20
  ↳ xarticles:likes-gte-100-latest:p40  bal_before=7525299  est=300c
  ↳ xarticles:likes-gte-100-latest:p40  bal_after=7525299  spent=0c ($0.0)  count=20
  ↳ xarticles:likes-gte-100-latest:p41  bal_before=7525299  est=300c
  ↳ xarticles:likes-gte-100-latest:p41  bal_after=7525299  spent=0c ($0.0)  count=20
  ↳ xarticles:likes-gte-100-latest:p42  bal_before=7519929  est=300c
  ↳ xarticles:likes-gte-100-latest:p42  bal_after=7519929  spent=0c ($0.0)  count=20
  ↳ xarticles:likes-gte-100-latest:p43  bal_before=7519929  est=300c
  ↳ xarticles:likes-gte-100-latest:p43  bal_after=7519929  spent=0c ($0.0)  count=20
  ↳ xarticles:likes-gte-100-latest:p44  bal_before=7519929  est=300c
  ↳ xarticles:likes-gte-100-latest:p44  bal_after=7519929  spent=0c ($0.0)  count=20
  ↳ xarticles:likes-gte-100-latest:p45  bal_before=7519929  est=300c
  ↳ xarticles:likes-gte-100-latest:p45  bal_after=7519929  spent=0c ($0.0)  count=19
  ↳ xarticles:likes-gte-100-latest:p46  bal_before=7519929  est=300c
  ↳ xarticles:likes-gte-100-latest:p46  bal_after=7519929  spent=0c ($0.0)  count=20
  ↳ xarticles:likes-gte-100-latest:p47  bal_before=7519929  est=300c
  ↳ xarticles:likes-gte-100-latest:p47  bal_after=7519929  spent=0c ($0.0)  count=20
  ↳ xarticles:likes-gte-100-latest:p48  bal_before=7519929  est=300c
  ↳ xarticles:likes-gte-100-latest:p48  bal_after=7519929  spent=0c ($0.0)  count=20
  ↳ xarticles:likes-gte-100-latest:p49  bal_before=7519929  est=300c
  ↳ xarticles:likes-gte-100-latest:p49  bal_after=7519929  spent=0c ($0.0)  count=20

### likes-gte-50 [Top] x10p min_faves:50 url:x.com/i/article since:2026-05-11 -is:retweet
  ↳ xarticles:likes-gte-50:p0  bal_before=7519929  est=300c
  ↳ xarticles:likes-gte-50:p0  bal_after=7519929  spent=0c ($0.0)  count=20
  ↳ xarticles:likes-gte-50:p1  bal_before=7519929  est=300c
  ↳ xarticles:likes-gte-50:p1  bal_after=7519929  spent=0c ($0.0)  count=20
  ↳ xarticles:likes-gte-50:p2  bal_before=7519929  est=300c
  ↳ xarticles:likes-gte-50:p2  bal_after=7516644  spent=3285c ($0.0328)  count=20
  ↳ xarticles:likes-gte-50:p3  bal_before=7516644  est=300c
  ↳ xarticles:likes-gte-50:p3  bal_after=7516644  spent=0c ($0.0)  count=20
  ↳ xarticles:likes-gte-50:p4  bal_before=7516644  est=300c
  ↳ xarticles:likes-gte-50:p4  bal_after=7516644  spent=0c ($0.0)  count=20
  ↳ xarticles:likes-gte-50:p5  bal_before=7516644  est=300c
  ↳ xarticles:likes-gte-50:p5  bal_after=7516644  spent=0c ($0.0)  count=20
  ↳ xarticles:likes-gte-50:p6  bal_before=7516644  est=300c
  ↳ xarticles:likes-gte-50:p6  bal_after=7516644  spent=0c ($0.0)  count=20
  ↳ xarticles:likes-gte-50:p7  bal_before=7516644  est=300c
  ↳ xarticles:likes-gte-50:p7  bal_after=7516644  spent=0c ($0.0)  count=20
  ↳ xarticles:likes-gte-50:p8  bal_before=7516644  est=300c
  ↳ xarticles:likes-gte-50:p8  bal_after=7516644  spent=0c ($0.0)  count=20
  ↳ xarticles:likes-gte-50:p9  bal_before=7516644  est=300c
  ↳ xarticles:likes-gte-50:p9  bal_after=7516644  spent=0c ($0.0)  count=20

### likes-gte-25 [Top] x10p min_faves:25 url:x.com/i/article since:2026-05-11 -is:retweet
  ↳ xarticles:likes-gte-25:p0  bal_before=7516644  est=300c
  ↳ xarticles:likes-gte-25:p0  bal_after=7516644  spent=0c ($0.0)  count=20
  ↳ xarticles:likes-gte-25:p1  bal_before=7516644  est=300c
  ↳ xarticles:likes-gte-25:p1  bal_after=7511250  spent=5394c ($0.0539)  count=20
  ↳ xarticles:likes-gte-25:p2  bal_before=7511250  est=300c
  ↳ xarticles:likes-gte-25:p2  bal_after=7511250  spent=0c ($0.0)  count=20
  ↳ xarticles:likes-gte-25:p3  bal_before=7511250  est=300c
  ↳ xarticles:likes-gte-25:p3  bal_after=7511250  spent=0c ($0.0)  count=19
  ↳ xarticles:likes-gte-25:p4  bal_before=7511250  est=300c
  ↳ xarticles:likes-gte-25:p4  bal_after=7511250  spent=0c ($0.0)  count=20
  ↳ xarticles:likes-gte-25:p5  bal_before=7511250  est=300c
  ↳ xarticles:likes-gte-25:p5  bal_after=7507065  spent=4185c ($0.0418)  count=20
  ↳ xarticles:likes-gte-25:p6  bal_before=7507065  est=300c
  ↳ xarticles:likes-gte-25:p6  bal_after=7507065  spent=0c ($0.0)  count=20
  ↳ xarticles:likes-gte-25:p7  bal_before=7507065  est=300c
  ↳ xarticles:likes-gte-25:p7  bal_after=7507065  spent=0c ($0.0)  count=20
  ↳ xarticles:likes-gte-25:p8  bal_before=7507065  est=300c
  ↳ xarticles:likes-gte-25:p8  bal_after=7507065  spent=0c ($0.0)  count=17
  ↳ xarticles:likes-gte-25:p9  bal_before=7507065  est=300c
  ↳ xarticles:likes-gte-25:p9  bal_after=7505785  spent=1280c ($0.0128)  count=19

### likes-gte-10 [Top] x10p min_faves:10 url:x.com/i/article since:2026-05-11 -is:retweet
  ↳ xarticles:likes-gte-10:p0  bal_before=7505785  est=300c
  ↳ xarticles:likes-gte-10:p0  bal_after=7505785  spent=0c ($0.0)  count=20
  ↳ xarticles:likes-gte-10:p1  bal_before=7505785  est=300c
  ↳ xarticles:likes-gte-10:p1  bal_after=7505785  spent=0c ($0.0)  count=20
  ↳ xarticles:likes-gte-10:p2  bal_before=7505785  est=300c
  ↳ xarticles:likes-gte-10:p2  bal_after=7505785  spent=0c ($0.0)  count=20
  ↳ xarticles:likes-gte-10:p3  bal_before=7505785  est=300c
  ↳ xarticles:likes-gte-10:p3  bal_after=7505785  spent=0c ($0.0)  count=19
  ↳ xarticles:likes-gte-10:p4  bal_before=7505785  est=300c
  ↳ xarticles:likes-gte-10:p4  bal_after=7505785  spent=0c ($0.0)  count=20
  ↳ xarticles:likes-gte-10:p5  bal_before=7505785  est=300c
  ↳ xarticles:likes-gte-10:p5  bal_after=7503760  spent=2025c ($0.0203)  count=20
  ↳ xarticles:likes-gte-10:p6  bal_before=7503760  est=300c
  ↳ xarticles:likes-gte-10:p6  bal_after=7503760  spent=0c ($0.0)  count=20
  ↳ xarticles:likes-gte-10:p7  bal_before=7503760  est=300c
  ↳ xarticles:likes-gte-10:p7  bal_after=7503760  spent=0c ($0.0)  count=20
  ↳ xarticles:likes-gte-10:p8  bal_before=7503760  est=300c
  ↳ xarticles:likes-gte-10:p8  bal_after=7503760  spent=0c ($0.0)  count=19
  ↳ xarticles:likes-gte-10:p9  bal_before=7503760  est=300c
  ↳ xarticles:likes-gte-10:p9  bal_after=7503760  spent=0c ($0.0)  count=20

### likes-gte-5 [Top] x10p min_faves:5 url:x.com/i/article since:2026-05-11 -is:retweet
  ↳ xarticles:likes-gte-5:p0  bal_before=7503760  est=300c
  ↳ xarticles:likes-gte-5:p0  bal_after=7501681  spent=2079c ($0.0208)  count=20
  ↳ xarticles:likes-gte-5:p1  bal_before=7501681  est=300c
  ↳ xarticles:likes-gte-5:p1  transient 408 (timeout/network: The read operation timed out); retrying in 2s
  ↳ xarticles:likes-gte-5:p1  bal_after=7501081  spent=600c ($0.006)  count=20
  ↳ xarticles:likes-gte-5:p2  bal_before=7501081  est=300c
  ↳ xarticles:likes-gte-5:p2  bal_after=7501081  spent=0c ($0.0)  count=20
  ↳ xarticles:likes-gte-5:p3  bal_before=7501081  est=300c
  ↳ xarticles:likes-gte-5:p3  bal_after=7501081  spent=0c ($0.0)  count=20
  ↳ xarticles:likes-gte-5:p4  bal_before=7501081  est=300c
  ↳ xarticles:likes-gte-5:p4  bal_after=7501081  spent=0c ($0.0)  count=20
  ↳ xarticles:likes-gte-5:p5  bal_before=7501081  est=300c
  ↳ xarticles:likes-gte-5:p5  bal_after=7501081  spent=0c ($0.0)  count=20
  ↳ xarticles:likes-gte-5:p6  bal_before=7501081  est=300c
  ↳ xarticles:likes-gte-5:p6  bal_after=7501081  spent=0c ($0.0)  count=20
  ↳ xarticles:likes-gte-5:p7  bal_before=7501081  est=300c
  ↳ xarticles:likes-gte-5:p7  bal_after=7499881  spent=1200c ($0.012)  count=19
  ↳ xarticles:likes-gte-5:p8  bal_before=7499881  est=300c
  ↳ xarticles:likes-gte-5:p8  bal_after=7499881  spent=0c ($0.0)  count=20
  ↳ xarticles:likes-gte-5:p9  bal_before=7499881  est=300c
  ↳ xarticles:likes-gte-5:p9  bal_after=7499881  spent=0c ($0.0)  count=20

### likes-gte-2 [Top] x10p min_faves:2 url:x.com/i/article since:2026-05-11 -is:retweet
  ↳ xarticles:likes-gte-2:p0  bal_before=7499881  est=300c
  ↳ xarticles:likes-gte-2:p0  bal_after=7497802  spent=2079c ($0.0208)  count=20
  ↳ xarticles:likes-gte-2:p1  bal_before=7497802  est=300c
  ↳ xarticles:likes-gte-2:p1  bal_after=7497802  spent=0c ($0.0)  count=20
  ↳ xarticles:likes-gte-2:p2  bal_before=7497802  est=300c
  ↳ xarticles:likes-gte-2:p2  bal_after=7497802  spent=0c ($0.0)  count=20
  ↳ xarticles:likes-gte-2:p3  bal_before=7497802  est=300c
  ↳ xarticles:likes-gte-2:p3  bal_after=7497802  spent=0c ($0.0)  count=20
  ↳ xarticles:likes-gte-2:p4  bal_before=7497802  est=300c
  ↳ xarticles:likes-gte-2:p4  bal_after=7497802  spent=0c ($0.0)  count=19
  ↳ xarticles:likes-gte-2:p5  bal_before=7497802  est=300c
  ↳ xarticles:likes-gte-2:p5  bal_after=7495253  spent=2549c ($0.0255)  count=20
  ↳ xarticles:likes-gte-2:p6  bal_before=7495253  est=300c
  ↳ xarticles:likes-gte-2:p6  bal_after=7495253  spent=0c ($0.0)  count=20
  ↳ xarticles:likes-gte-2:p7  bal_before=7495253  est=300c
  ↳ xarticles:likes-gte-2:p7  bal_after=7495253  spent=0c ($0.0)  count=20
  ↳ xarticles:likes-gte-2:p8  bal_before=7495253  est=300c
  ↳ xarticles:likes-gte-2:p8  bal_after=7495253  spent=0c ($0.0)  count=20
  ↳ xarticles:likes-gte-2:p9  bal_before=7495253  est=300c
  ↳ xarticles:likes-gte-2:p9  bal_after=7495253  spent=0c ($0.0)  count=20

### likes-gte-1 [Top] x10p min_faves:1 url:x.com/i/article since:2026-05-11 -is:retweet
  ↳ xarticles:likes-gte-1:p0  bal_before=7495253  est=300c
  ↳ xarticles:likes-gte-1:p0  bal_after=7495253  spent=0c ($0.0)  count=20
  ↳ xarticles:likes-gte-1:p1  bal_before=7495253  est=300c
  ↳ xarticles:likes-gte-1:p1  bal_after=7495253  spent=0c ($0.0)  count=20
  ↳ xarticles:likes-gte-1:p2  bal_before=7495253  est=300c
  ↳ xarticles:likes-gte-1:p2  bal_after=7495253  spent=0c ($0.0)  count=20
  ↳ xarticles:likes-gte-1:p3  bal_before=7495253  est=300c
  ↳ xarticles:likes-gte-1:p3  bal_after=7493153  spent=2100c ($0.021)  count=20
  ↳ xarticles:likes-gte-1:p4  bal_before=7493153  est=300c
  ↳ xarticles:likes-gte-1:p4  bal_after=7493153  spent=0c ($0.0)  count=20
  ↳ xarticles:likes-gte-1:p5  bal_before=7493153  est=300c
  ↳ xarticles:likes-gte-1:p5  bal_after=7493153  spent=0c ($0.0)  count=20
  ↳ xarticles:likes-gte-1:p6  bal_before=7493153  est=300c
  ↳ xarticles:likes-gte-1:p6  bal_after=7493153  spent=0c ($0.0)  count=20
  ↳ xarticles:likes-gte-1:p7  bal_before=7493153  est=300c
  ↳ xarticles:likes-gte-1:p7  bal_after=7493153  spent=0c ($0.0)  count=20
  ↳ xarticles:likes-gte-1:p8  bal_before=7493153  est=300c
  ↳ xarticles:likes-gte-1:p8  bal_after=7493153  spent=0c ($0.0)  count=20
  ↳ xarticles:likes-gte-1:p9  bal_before=7493153  est=300c
  ↳ xarticles:likes-gte-1:p9  bal_after=7493153  spent=0c ($0.0)  count=20

### replies-gte-2000 [Top] x10p min_replies:2000 url:x.com/i/article since:2026-05-11 -is:retweet
  ↳ xarticles:replies-gte-2000:p0  bal_before=7493153  est=300c
  ↳ xarticles:replies-gte-2000:p0  bal_after=7493153  spent=0c ($0.0)  count=20
  ↳ xarticles:replies-gte-2000:p1  bal_before=7493153  est=300c
  ↳ xarticles:replies-gte-2000:p1  bal_after=7491053  spent=2100c ($0.021)  count=20
  ↳ xarticles:replies-gte-2000:p2  bal_before=7491053  est=300c
  ↳ xarticles:replies-gte-2000:p2  bal_after=7491053  spent=0c ($0.0)  count=20
  ↳ xarticles:replies-gte-2000:p3  bal_before=7491053  est=300c
  ↳ xarticles:replies-gte-2000:p3  bal_after=7491053  spent=0c ($0.0)  count=20
  ↳ xarticles:replies-gte-2000:p4  bal_before=7491053  est=300c
  ↳ xarticles:replies-gte-2000:p4  bal_after=7491053  spent=0c ($0.0)  count=18
  ↳ xarticles:replies-gte-2000:p5  bal_before=7491053  est=300c
  ↳ xarticles:replies-gte-2000:p5  bal_after=7491053  spent=0c ($0.0)  count=5
  ↳ xarticles:replies-gte-2000:p6  bal_before=7491053  est=300c
  ↳ xarticles:replies-gte-2000:p6  bal_after=7491053  spent=0c ($0.0)  count=3
  ↳ xarticles:replies-gte-2000:p7  bal_before=7491053  est=300c
  ↳ xarticles:replies-gte-2000:p7  bal_after=7491053  spent=0c ($0.0)  count=0

### replies-gte-500 [Top] x10p min_replies:500 url:x.com/i/article since:2026-05-11 -is:retweet
  ↳ xarticles:replies-gte-500:p0  bal_before=7491053  est=300c
  ↳ xarticles:replies-gte-500:p0  bal_after=7488263  spent=2790c ($0.0279)  count=18
  ↳ xarticles:replies-gte-500:p1  bal_before=7488263  est=300c
  ↳ xarticles:replies-gte-500:p1  bal_after=7488263  spent=0c ($0.0)  count=20
  ↳ xarticles:replies-gte-500:p2  bal_before=7488263  est=300c
  ↳ xarticles:replies-gte-500:p2  bal_after=7488263  spent=0c ($0.0)  count=16
  ↳ xarticles:replies-gte-500:p3  bal_before=7488263  est=300c
  ↳ xarticles:replies-gte-500:p3  bal_after=7488263  spent=0c ($0.0)  count=20
  ↳ xarticles:replies-gte-500:p4  bal_before=7488263  est=300c
  ↳ xarticles:replies-gte-500:p4  bal_after=7488263  spent=0c ($0.0)  count=20
  ↳ xarticles:replies-gte-500:p5  bal_before=7488263  est=300c
  ↳ xarticles:replies-gte-500:p5  bal_after=7488263  spent=0c ($0.0)  count=20
  ↳ xarticles:replies-gte-500:p6  bal_before=7488263  est=300c
  ↳ xarticles:replies-gte-500:p6  bal_after=7483253  spent=5010c ($0.0501)  count=18
  ↳ xarticles:replies-gte-500:p7  bal_before=7483253  est=300c
  ↳ xarticles:replies-gte-500:p7  bal_after=7483253  spent=0c ($0.0)  count=20
  ↳ xarticles:replies-gte-500:p8  bal_before=7483253  est=300c
  ↳ xarticles:replies-gte-500:p8  bal_after=7483253  spent=0c ($0.0)  count=1
  ↳ xarticles:replies-gte-500:p9  bal_before=7483253  est=300c
  ↳ xarticles:replies-gte-500:p9  bal_after=7483253  spent=0c ($0.0)  count=3

### replies-gte-100 [Top] x10p min_replies:100 url:x.com/i/article since:2026-05-11 -is:retweet
  ↳ xarticles:replies-gte-100:p0  bal_before=7483253  est=300c
  ↳ xarticles:replies-gte-100:p0  bal_after=7483253  spent=0c ($0.0)  count=20
  ↳ xarticles:replies-gte-100:p1  bal_before=7483253  est=300c
  ↳ xarticles:replies-gte-100:p1  bal_after=7483253  spent=0c ($0.0)  count=20
  ↳ xarticles:replies-gte-100:p2  bal_before=7483253  est=300c
  ↳ xarticles:replies-gte-100:p2  bal_after=7483253  spent=0c ($0.0)  count=20
  ↳ xarticles:replies-gte-100:p3  bal_before=7483253  est=300c
  ↳ xarticles:replies-gte-100:p3  bal_after=7483253  spent=0c ($0.0)  count=20
  ↳ xarticles:replies-gte-100:p4  bal_before=7483253  est=300c
  ↳ xarticles:replies-gte-100:p4  bal_after=7483253  spent=0c ($0.0)  count=20
  ↳ xarticles:replies-gte-100:p5  bal_before=7483253  est=300c
  ↳ xarticles:replies-gte-100:p5  bal_after=7483253  spent=0c ($0.0)  count=19
  ↳ xarticles:replies-gte-100:p6  bal_before=7476323  est=300c
  ↳ xarticles:replies-gte-100:p6  bal_after=7476323  spent=0c ($0.0)  count=20
  ↳ xarticles:replies-gte-100:p7  bal_before=7476323  est=300c
  ↳ xarticles:replies-gte-100:p7  bal_after=7476323  spent=0c ($0.0)  count=20
  ↳ xarticles:replies-gte-100:p8  bal_before=7476323  est=300c
  ↳ xarticles:replies-gte-100:p8  bal_after=7476323  spent=0c ($0.0)  count=20
  ↳ xarticles:replies-gte-100:p9  bal_before=7476323  est=300c
  ↳ xarticles:replies-gte-100:p9  bal_after=7476323  spent=0c ($0.0)  count=17

### replies-gte-25 [Top] x10p min_replies:25 url:x.com/i/article since:2026-05-11 -is:retweet
  ↳ xarticles:replies-gte-25:p0  bal_before=7476323  est=300c
  ↳ xarticles:replies-gte-25:p0  bal_after=7476323  spent=0c ($0.0)  count=20
  ↳ xarticles:replies-gte-25:p1  bal_before=7476323  est=300c
  ↳ xarticles:replies-gte-25:p1  bal_after=7470983  spent=5340c ($0.0534)  count=20
  ↳ xarticles:replies-gte-25:p2  bal_before=7470983  est=300c
  ↳ xarticles:replies-gte-25:p2  bal_after=7470983  spent=0c ($0.0)  count=20
  ↳ xarticles:replies-gte-25:p3  bal_before=7470983  est=300c
  ↳ xarticles:replies-gte-25:p3  bal_after=7470983  spent=0c ($0.0)  count=20
  ↳ xarticles:replies-gte-25:p4  bal_before=7470983  est=300c
  ↳ xarticles:replies-gte-25:p4  bal_after=7466168  spent=4815c ($0.0481)  count=20
  ↳ xarticles:replies-gte-25:p5  bal_before=7466168  est=300c
  ↳ xarticles:replies-gte-25:p5  bal_after=7466168  spent=0c ($0.0)  count=20
  ↳ xarticles:replies-gte-25:p6  bal_before=7466168  est=300c
  ↳ xarticles:replies-gte-25:p6  bal_after=7466168  spent=0c ($0.0)  count=20
  ↳ xarticles:replies-gte-25:p7  bal_before=7466168  est=300c
  ↳ xarticles:replies-gte-25:p7  bal_after=7466168  spent=0c ($0.0)  count=20
  ↳ xarticles:replies-gte-25:p8  bal_before=7466168  est=300c
  ↳ xarticles:replies-gte-25:p8  bal_after=7461473  spent=4695c ($0.0469)  count=20
  ↳ xarticles:replies-gte-25:p9  bal_before=7461473  est=300c
  ↳ xarticles:replies-gte-25:p9  bal_after=7461473  spent=0c ($0.0)  count=20

### broad-native-top [Top] x10p (AI OR agent OR agents OR LLM) (trading OR trader OR quant OR market OR markets OR portfolio OR crypto OR DeFi OR perp OR prediction) url:x.com/i/article since:2026-05-11 -is:retweet
  ↳ xarticles:broad-native-top:p0  bal_before=7461473  est=300c
  ↳ xarticles:broad-native-top:p0  bal_after=7461473  spent=0c ($0.0)  count=18
  ↳ xarticles:broad-native-top:p1  bal_before=7461473  est=300c
  ↳ xarticles:broad-native-top:p1  bal_after=7461473  spent=0c ($0.0)  count=20
  ↳ xarticles:broad-native-top:p2  bal_before=7461473  est=300c
  ↳ xarticles:broad-native-top:p2  bal_after=7457213  spent=4260c ($0.0426)  count=20
  ↳ xarticles:broad-native-top:p3  bal_before=7457213  est=300c
  ↳ xarticles:broad-native-top:p3  bal_after=7457213  spent=0c ($0.0)  count=20
  ↳ xarticles:broad-native-top:p4  bal_before=7457213  est=300c
  ↳ xarticles:broad-native-top:p4  bal_after=7457213  spent=0c ($0.0)  count=20
  ↳ xarticles:broad-native-top:p5  bal_before=7457213  est=300c
  ↳ xarticles:broad-native-top:p5  bal_after=7457213  spent=0c ($0.0)  count=20
  ↳ xarticles:broad-native-top:p6  bal_before=7457213  est=300c
  ↳ xarticles:broad-native-top:p6  bal_after=7451768  spent=5445c ($0.0544)  count=20
  ↳ xarticles:broad-native-top:p7  bal_before=7451768  est=300c
  ↳ xarticles:broad-native-top:p7  bal_after=7451768  spent=0c ($0.0)  count=20
  ↳ xarticles:broad-native-top:p8  bal_before=7451768  est=300c
  ↳ xarticles:broad-native-top:p8  bal_after=7451768  spent=0c ($0.0)  count=20
  ↳ xarticles:broad-native-top:p9  bal_before=7451768  est=300c
  ↳ xarticles:broad-native-top:p9  bal_after=7446878  spent=4890c ($0.0489)  count=20

### keyword-native-top [Top] x10p (AI OR agent OR agents OR LLM) (trading OR trader OR quant OR market OR markets OR portfolio OR crypto OR DeFi OR perp OR prediction) url:x.com/i/article since:2026-05-11 -is:retweet min_faves:5
  ↳ xarticles:keyword-native-top:p0  bal_before=7446878  est=300c
  ↳ xarticles:keyword-native-top:p0  bal_after=7446878  spent=0c ($0.0)  count=20
  ↳ xarticles:keyword-native-top:p1  bal_before=7446878  est=300c
  ↳ xarticles:keyword-native-top:p1  bal_after=7446878  spent=0c ($0.0)  count=20
  ↳ xarticles:keyword-native-top:p2  bal_before=7446878  est=300c
  ↳ xarticles:keyword-native-top:p2  bal_after=7446188  spent=690c ($0.0069)  count=20
  ↳ xarticles:keyword-native-top:p3  bal_before=7446188  est=300c
  ↳ xarticles:keyword-native-top:p3  bal_after=7446188  spent=0c ($0.0)  count=20
  ↳ xarticles:keyword-native-top:p4  bal_before=7446188  est=300c
  ↳ xarticles:keyword-native-top:p4  bal_after=7444988  spent=1200c ($0.012)  count=20
  ↳ xarticles:keyword-native-top:p5  bal_before=7444988  est=300c
  ↳ xarticles:keyword-native-top:p5  bal_after=7444988  spent=0c ($0.0)  count=20
  ↳ xarticles:keyword-native-top:p6  bal_before=7444988  est=300c
  ↳ xarticles:keyword-native-top:p6  bal_after=7444988  spent=0c ($0.0)  count=20
  ↳ xarticles:keyword-native-top:p7  bal_before=7444988  est=300c
  ↳ xarticles:keyword-native-top:p7  bal_after=7444388  spent=600c ($0.006)  count=20
  ↳ xarticles:keyword-native-top:p8  bal_before=7444388  est=300c
  ↳ xarticles:keyword-native-top:p8  bal_after=7444388  spent=0c ($0.0)  count=20
  ↳ xarticles:keyword-native-top:p9  bal_before=7444388  est=300c
  ↳ xarticles:keyword-native-top:p9  bal_after=7444388  spent=0c ($0.0)  count=19

### keyword-native-latest [Latest] x50p (AI OR agent OR agents OR LLM) (trading OR trader OR quant OR market OR markets OR portfolio OR crypto OR DeFi OR perp OR prediction) url:x.com/i/article since:2026-05-11 -is:retweet
  ↳ xarticles:keyword-native-latest:p0  bal_before=7444388  est=300c
  ↳ xarticles:keyword-native-latest:p0  bal_after=7444388  spent=0c ($0.0)  count=20
  ↳ xarticles:keyword-native-latest:p1  bal_before=7444388  est=300c
  ↳ xarticles:keyword-native-latest:p1  bal_after=7444388  spent=0c ($0.0)  count=20
  ↳ xarticles:keyword-native-latest:p2  bal_before=7444388  est=300c
  ↳ xarticles:keyword-native-latest:p2  bal_after=7444388  spent=0c ($0.0)  count=20
  ↳ xarticles:keyword-native-latest:p3  bal_before=7444388  est=300c
  ↳ xarticles:keyword-native-latest:p3  bal_after=7444388  spent=0c ($0.0)  count=19
  ↳ xarticles:keyword-native-latest:p4  bal_before=7444388  est=300c
  ↳ xarticles:keyword-native-latest:p4  bal_after=7442603  spent=1785c ($0.0179)  count=20
  ↳ xarticles:keyword-native-latest:p5  bal_before=7442603  est=300c
  ↳ xarticles:keyword-native-latest:p5  bal_after=7442603  spent=0c ($0.0)  count=20
  ↳ xarticles:keyword-native-latest:p6  bal_before=7442603  est=300c
  ↳ xarticles:keyword-native-latest:p6  bal_after=7442603  spent=0c ($0.0)  count=20
  ↳ xarticles:keyword-native-latest:p7  bal_before=7442603  est=300c
  ↳ xarticles:keyword-native-latest:p7  bal_after=7442603  spent=0c ($0.0)  count=20
  ↳ xarticles:keyword-native-latest:p8  bal_before=7442603  est=300c
  ↳ xarticles:keyword-native-latest:p8  bal_after=7442603  spent=0c ($0.0)  count=20
  ↳ xarticles:keyword-native-latest:p9  bal_before=7442603  est=300c
  ↳ xarticles:keyword-native-latest:p9  bal_after=7442603  spent=0c ($0.0)  count=20
  ↳ xarticles:keyword-native-latest:p10  bal_before=7442603  est=300c
  ↳ xarticles:keyword-native-latest:p10  bal_after=7442603  spent=0c ($0.0)  count=20
  ↳ xarticles:keyword-native-latest:p11  bal_before=7442603  est=300c
  ↳ xarticles:keyword-native-latest:p11  bal_after=7442603  spent=0c ($0.0)  count=20
  ↳ xarticles:keyword-native-latest:p12  bal_before=7442603  est=300c
  ↳ xarticles:keyword-native-latest:p12  bal_after=7442603  spent=0c ($0.0)  count=20
  ↳ xarticles:keyword-native-latest:p13  bal_before=7442603  est=300c
  ↳ xarticles:keyword-native-latest:p13  bal_after=7442603  spent=0c ($0.0)  count=19
  ↳ xarticles:keyword-native-latest:p14  bal_before=7442603  est=300c
  ↳ xarticles:keyword-native-latest:p14  bal_after=7442603  spent=0c ($0.0)  count=20
  ↳ xarticles:keyword-native-latest:p15  bal_before=7442603  est=300c
  ↳ xarticles:keyword-native-latest:p15  bal_after=7442603  spent=0c ($0.0)  count=20
  ↳ xarticles:keyword-native-latest:p16  bal_before=7442603  est=300c
  ↳ xarticles:keyword-native-latest:p16  bal_after=7442603  spent=0c ($0.0)  count=20
  ↳ xarticles:keyword-native-latest:p17  bal_before=7442603  est=300c
  ↳ xarticles:keyword-native-latest:p17  bal_after=7442603  spent=0c ($0.0)  count=20
  ↳ xarticles:keyword-native-latest:p18  bal_before=7442603  est=300c
  ↳ xarticles:keyword-native-latest:p18  bal_after=7442603  spent=0c ($0.0)  count=20
  ↳ xarticles:keyword-native-latest:p19  bal_before=7442603  est=300c
  ↳ xarticles:keyword-native-latest:p19  bal_after=7442603  spent=0c ($0.0)  count=20
  ↳ xarticles:keyword-native-latest:p20  bal_before=7442603  est=300c
  ↳ xarticles:keyword-native-latest:p20  bal_after=7438433  spent=4170c ($0.0417)  count=20
  ↳ xarticles:keyword-native-latest:p21  bal_before=7438433  est=300c
  ↳ xarticles:keyword-native-latest:p21  bal_after=7438433  spent=0c ($0.0)  count=20
  ↳ xarticles:keyword-native-latest:p22  bal_before=7438433  est=300c
  ↳ xarticles:keyword-native-latest:p22  bal_after=7438433  spent=0c ($0.0)  count=20
  ↳ xarticles:keyword-native-latest:p23  bal_before=7438433  est=300c
  ↳ xarticles:keyword-native-latest:p23  bal_after=7438433  spent=0c ($0.0)  count=20
  ↳ xarticles:keyword-native-latest:p24  bal_before=7438433  est=300c
  ↳ xarticles:keyword-native-latest:p24  bal_after=7438433  spent=0c ($0.0)  count=20
  ↳ xarticles:keyword-native-latest:p25  bal_before=7438433  est=300c
  ↳ xarticles:keyword-native-latest:p25  bal_after=7438433  spent=0c ($0.0)  count=20
  ↳ xarticles:keyword-native-latest:p26  bal_before=7438433  est=300c
  ↳ xarticles:keyword-native-latest:p26  bal_after=7438433  spent=0c ($0.0)  count=19
  ↳ xarticles:keyword-native-latest:p27  bal_before=7438433  est=300c
  ↳ xarticles:keyword-native-latest:p27  bal_after=7438433  spent=0c ($0.0)  count=19
  ↳ xarticles:keyword-native-latest:p28  bal_before=7438433  est=300c
  ↳ xarticles:keyword-native-latest:p28  bal_after=7438433  spent=0c ($0.0)  count=20
  ↳ xarticles:keyword-native-latest:p29  bal_before=7438433  est=300c
  ↳ xarticles:keyword-native-latest:p29  bal_after=7438433  spent=0c ($0.0)  count=20
  ↳ xarticles:keyword-native-latest:p30  bal_before=7438433  est=300c
  ↳ xarticles:keyword-native-latest:p30  bal_after=7438433  spent=0c ($0.0)  count=20
  ↳ xarticles:keyword-native-latest:p31  bal_before=7438433  est=300c
  ↳ xarticles:keyword-native-latest:p31  bal_after=7438433  spent=0c ($0.0)  count=20
  ↳ xarticles:keyword-native-latest:p32  bal_before=7438433  est=300c
  ↳ xarticles:keyword-native-latest:p32  bal_after=7438433  spent=0c ($0.0)  count=20
  ↳ xarticles:keyword-native-latest:p33  bal_before=7438433  est=300c
  ↳ xarticles:keyword-native-latest:p33  bal_after=7438433  spent=0c ($0.0)  count=20
  ↳ xarticles:keyword-native-latest:p34  bal_before=7438433  est=300c
  ↳ xarticles:keyword-native-latest:p34  bal_after=7438433  spent=0c ($0.0)  count=20
  ↳ xarticles:keyword-native-latest:p35  bal_before=7438433  est=300c
  ↳ xarticles:keyword-native-latest:p35  bal_after=7438433  spent=0c ($0.0)  count=20
  ↳ xarticles:keyword-native-latest:p36  bal_before=7438433  est=300c
  ↳ xarticles:keyword-native-latest:p36  bal_after=7438433  spent=0c ($0.0)  count=20
  ↳ xarticles:keyword-native-latest:p37  bal_before=7438433  est=300c
  ↳ xarticles:keyword-native-latest:p37  bal_after=7433063  spent=5370c ($0.0537)  count=19
  ↳ xarticles:keyword-native-latest:p38  bal_before=7433063  est=300c
  ↳ xarticles:keyword-native-latest:p38  bal_after=7433063  spent=0c ($0.0)  count=20
  ↳ xarticles:keyword-native-latest:p39  bal_before=7433063  est=300c
  ↳ xarticles:keyword-native-latest:p39  bal_after=7433063  spent=0c ($0.0)  count=20
  ↳ xarticles:keyword-native-latest:p40  bal_before=7433063  est=300c
  ↳ xarticles:keyword-native-latest:p40  bal_after=7433063  spent=0c ($0.0)  count=19
  ↳ xarticles:keyword-native-latest:p41  bal_before=7433063  est=300c
  ↳ xarticles:keyword-native-latest:p41  bal_after=7433063  spent=0c ($0.0)  count=19
  ↳ xarticles:keyword-native-latest:p42  bal_before=7433063  est=300c
  ↳ xarticles:keyword-native-latest:p42  bal_after=7433063  spent=0c ($0.0)  count=20
  ↳ xarticles:keyword-native-latest:p43  bal_before=7433063  est=300c
  ↳ xarticles:keyword-native-latest:p43  bal_after=7433063  spent=0c ($0.0)  count=20
  ↳ xarticles:keyword-native-latest:p44  bal_before=7433063  est=300c
  ↳ xarticles:keyword-native-latest:p44  bal_after=7433063  spent=0c ($0.0)  count=20
  ↳ xarticles:keyword-native-latest:p45  bal_before=7433063  est=300c
  ↳ xarticles:keyword-native-latest:p45  bal_after=7433063  spent=0c ($0.0)  count=18
  ↳ xarticles:keyword-native-latest:p46  bal_before=7433063  est=300c
  ↳ xarticles:keyword-native-latest:p46  bal_after=7433063  spent=0c ($0.0)  count=20
  ↳ xarticles:keyword-native-latest:p47  bal_before=7433063  est=300c
  ↳ xarticles:keyword-native-latest:p47  bal_after=7433063  spent=0c ($0.0)  count=19
  ↳ xarticles:keyword-native-latest:p48  bal_before=7433063  est=300c
  ↳ xarticles:keyword-native-latest:p48  bal_after=7433063  spent=0c ($0.0)  count=20
  ↳ xarticles:keyword-native-latest:p49  bal_before=7433063  est=300c
  ↳ xarticles:keyword-native-latest:p49  bal_after=7433063  spent=0c ($0.0)  count=19
  ↳ xarticles:author-baseline:SoSoValueCrypto  bal_before=7433063  est=300c
  ↳ xarticles:author-baseline:SoSoValueCrypto  bal_after=7433063  spent=0c ($0.0)  count=20
  ↳ xarticles:author-baseline:addyosmani  bal_before=7433063  est=300c
  ↳ xarticles:author-baseline:addyosmani  bal_after=7433063  spent=0c ($0.0)  count=20
  ↳ xarticles:author-baseline:168X_Fortune  bal_before=7433063  est=300c
  ↳ xarticles:author-baseline:168X_Fortune  bal_after=7433063  spent=0c ($0.0)  count=20
  ↳ xarticles:author-baseline:MAMAAAAU  bal_before=7433063  est=300c
  ↳ xarticles:author-baseline:MAMAAAAU  bal_after=7428368  spent=4695c ($0.0469)  count=20
  ↳ xarticles:author-baseline:ActionModelAI  bal_before=7428368  est=300c
  ↳ xarticles:author-baseline:ActionModelAI  bal_after=7428368  spent=0c ($0.0)  count=20
  ↳ xarticles:author-baseline:DamiDefi  bal_before=7428368  est=300c
  ↳ xarticles:author-baseline:DamiDefi  bal_after=7428368  spent=0c ($0.0)  count=20
  ↳ xarticles:author-baseline:wadezone  bal_before=7428368  est=300c
  ↳ xarticles:author-baseline:wadezone  bal_after=7428368  spent=0c ($0.0)  count=20
  ↳ xarticles:author-baseline:wangyinrec  bal_before=7428368  est=300c
  ↳ xarticles:author-baseline:wangyinrec  bal_after=7428368  spent=0c ($0.0)  count=20
  ↳ xarticles:author-baseline:base  bal_before=7428368  est=300c
  ↳ xarticles:author-baseline:base  bal_after=7428368  spent=0c ($0.0)  count=20
  ↳ xarticles:author-baseline:RaoulGMI  bal_before=7428368  est=300c
  ↳ xarticles:author-baseline:RaoulGMI  bal_after=7428368  spent=0c ($0.0)  count=20
  ↳ xarticles:author-baseline:MossAI_CN  bal_before=7428368  est=300c
  ↳ xarticles:author-baseline:MossAI_CN  bal_after=7428368  spent=0c ($0.0)  count=20
  ↳ xarticles:author-baseline:zostaff  bal_before=7428368  est=300c
  ↳ xarticles:author-baseline:zostaff  bal_after=7428368  spent=0c ($0.0)  count=20
  ↳ xarticles:author-baseline:adiix_official  bal_before=7428368  est=300c
  ↳ xarticles:author-baseline:adiix_official  bal_after=7428368  spent=0c ($0.0)  count=20
  ↳ xarticles:author-baseline:Travix_fi  bal_before=7428368  est=300c
  ↳ xarticles:author-baseline:Travix_fi  bal_after=7428368  spent=0c ($0.0)  count=20
  ↳ xarticles:author-baseline:xiaohu  bal_before=7428368  est=300c
  ↳ xarticles:author-baseline:xiaohu  bal_after=7428368  spent=0c ($0.0)  count=20
  ↳ xarticles:author-baseline:hansolar21  bal_before=7428368  est=300c
  ↳ xarticles:author-baseline:hansolar21  bal_after=7428368  spent=0c ($0.0)  count=19
  ↳ xarticles:author-baseline:OptimaiNetwork  bal_before=7428368  est=300c
  ↳ xarticles:author-baseline:OptimaiNetwork  bal_after=7428368  spent=0c ($0.0)  count=20
  ↳ xarticles:author-baseline:tousika1  bal_before=7428368  est=300c
  ↳ xarticles:author-baseline:tousika1  bal_after=7424168  spent=4200c ($0.042)  count=20
  ↳ xarticles:author-baseline:saso_capital  bal_before=7424168  est=300c
  ↳ xarticles:author-baseline:saso_capital  bal_after=7424168  spent=0c ($0.0)  count=20
  ↳ xarticles:author-baseline:WallStreet0Name  bal_before=7424168  est=300c
  ↳ xarticles:author-baseline:WallStreet0Name  bal_after=7424168  spent=0c ($0.0)  count=20
  ↳ xarticles:author-baseline:sairahul1  bal_before=7424168  est=300c
  ↳ xarticles:author-baseline:sairahul1  bal_after=7424168  spent=0c ($0.0)  count=20
  ↳ xarticles:author-baseline:KSimback  bal_before=7424168  est=300c
  ↳ xarticles:author-baseline:KSimback  bal_after=7424168  spent=0c ($0.0)  count=20
  ↳ xarticles:author-baseline:neural_avb  bal_before=7424168  est=300c
  ↳ xarticles:author-baseline:neural_avb  bal_after=7424168  spent=0c ($0.0)  count=20
  ↳ xarticles:author-baseline:MossAI_Official  bal_before=7424168  est=300c
  ↳ xarticles:author-baseline:MossAI_Official  bal_after=7424168  spent=0c ($0.0)  count=20
  ↳ xarticles:author-baseline:tengyanAI  bal_before=7424168  est=300c
  ↳ xarticles:author-baseline:tengyanAI  bal_after=7424168  spent=0c ($0.0)  count=20
  ↳ xarticles:author-baseline:mert  bal_before=7424168  est=300c
  ↳ xarticles:author-baseline:mert  bal_after=7424168  spent=0c ($0.0)  count=20
  ↳ xarticles:author-baseline:thecryptoskanda  bal_before=7424168  est=300c
  ↳ xarticles:author-baseline:thecryptoskanda  bal_after=7424168  spent=0c ($0.0)  count=20
  ↳ xarticles:author-baseline:0xSammy  bal_before=7424168  est=300c
  ↳ xarticles:author-baseline:0xSammy  bal_after=7424168  spent=0c ($0.0)  count=20
  ↳ xarticles:author-baseline:DonutAI  bal_before=7424168  est=300c
  ↳ xarticles:author-baseline:DonutAI  bal_after=7424168  spent=0c ($0.0)  count=20
  ↳ xarticles:author-baseline:joshsimenhoff  bal_before=7424168  est=300c
  ↳ xarticles:author-baseline:joshsimenhoff  bal_after=7420583  spent=3585c ($0.0358)  count=20
  ↳ xarticles:author-baseline:initc3org  bal_before=7420583  est=300c
  ↳ xarticles:author-baseline:initc3org  bal_after=7420583  spent=0c ($0.0)  count=20
  ↳ xarticles:author-baseline:noirinvestor  bal_before=7420583  est=300c
  ↳ xarticles:author-baseline:noirinvestor  bal_after=7420583  spent=0c ($0.0)  count=20
  ↳ xarticles:author-baseline:ParadisLabs  bal_before=7420583  est=300c
  ↳ xarticles:author-baseline:ParadisLabs  bal_after=7420583  spent=0c ($0.0)  count=20
  ↳ xarticles:author-baseline:damnang2  bal_before=7420583  est=300c
  ↳ xarticles:author-baseline:damnang2  bal_after=7420583  spent=0c ($0.0)  count=20
  ↳ xarticles:author-baseline:inference_labs  bal_before=7420583  est=300c
  ↳ xarticles:author-baseline:inference_labs  bal_after=7420583  spent=0c ($0.0)  count=20
  ↳ xarticles:author-baseline:zodchiii  bal_before=7420583  est=300c
  ↳ xarticles:author-baseline:zodchiii  bal_after=7420583  spent=0c ($0.0)  count=20
  ↳ xarticles:author-baseline:aibots404  bal_before=7420583  est=300c
  ↳ xarticles:author-baseline:aibots404  bal_after=7420583  spent=0c ($0.0)  count=20
  ↳ xarticles:author-baseline:MaelstromFund  bal_before=7420583  est=300c
  ↳ xarticles:author-baseline:MaelstromFund  bal_after=7420583  spent=0c ($0.0)  count=20
  ↳ xarticles:author-baseline:RAFA_AI  bal_before=7420583  est=300c
  ↳ xarticles:author-baseline:RAFA_AI  bal_after=7420583  spent=0c ($0.0)  count=20
  ↳ xarticles:author-baseline:NeoSoulAI  bal_before=7420583  est=300c
  ↳ xarticles:author-baseline:NeoSoulAI  bal_after=7420583  spent=0c ($0.0)  count=20
  ↳ xarticles:author-baseline:variational_io  bal_before=7420583  est=300c
  ↳ xarticles:author-baseline:variational_io  bal_after=7420583  spent=0c ($0.0)  count=20
  ↳ xarticles:author-baseline:plutos_eth  bal_before=7420583  est=300c
  ↳ xarticles:author-baseline:plutos_eth  bal_after=7420583  spent=0c ($0.0)  count=20
  ↳ xarticles:author-baseline:openservai  bal_before=7420583  est=300c
  ↳ xarticles:author-baseline:openservai  bal_after=7420583  spent=0c ($0.0)  count=20
  ↳ xarticles:author-baseline:AlphaCartell  bal_before=7420583  est=300c
  ↳ xarticles:author-baseline:AlphaCartell  bal_after=7416383  spent=4200c ($0.042)  count=20
  ↳ xarticles:author-baseline:NEARProtocol  bal_before=7416383  est=300c
  ↳ xarticles:author-baseline:NEARProtocol  bal_after=7416383  spent=0c ($0.0)  count=20
  ↳ xarticles:author-baseline:Fetch_ai  bal_before=7416383  est=300c
  ↳ xarticles:author-baseline:Fetch_ai  bal_after=7416383  spent=0c ($0.0)  count=20
  ↳ xarticles:author-baseline:virtuals_io  bal_before=7416383  est=300c
  ↳ xarticles:author-baseline:virtuals_io  bal_after=7416383  spent=0c ($0.0)  count=20
  ↳ xarticles:author-baseline:MMMusol  bal_before=7416383  est=300c
  ↳ xarticles:author-baseline:MMMusol  bal_after=7416383  spent=0c ($0.0)  count=20
  ↳ xarticles:author-baseline:jayseeonsol  bal_before=7416383  est=300c
  ↳ xarticles:author-baseline:jayseeonsol  bal_after=7416383  spent=0c ($0.0)  count=20
  ↳ xarticles:author-baseline:Defi_Warhol  bal_before=7416383  est=300c
  ↳ xarticles:author-baseline:Defi_Warhol  bal_after=7416383  spent=0c ($0.0)  count=20
  ↳ xarticles:author-baseline:ProprXYZ  bal_before=7416383  est=300c
  ↳ xarticles:author-baseline:ProprXYZ  bal_after=7416383  spent=0c ($0.0)  count=20
  ↳ xarticles:author-baseline:0xMt_  bal_before=7416383  est=300c
  ↳ xarticles:author-baseline:0xMt_  bal_after=7416383  spent=0c ($0.0)  count=20
  ↳ xarticles:author-baseline:MangoLabs_  bal_before=7416383  est=300c
  ↳ xarticles:author-baseline:MangoLabs_  bal_after=7416383  spent=0c ($0.0)  count=2
  ↳ xarticles:author-baseline:EMEBOK_  bal_before=7416383  est=300c
  ↳ xarticles:author-baseline:EMEBOK_  bal_after=7416383  spent=0c ($0.0)  count=20
  ↳ xarticles:author-baseline:wellslifa  bal_before=7416383  est=300c
  ↳ xarticles:author-baseline:wellslifa  bal_after=7416383  spent=0c ($0.0)  count=20
  ↳ xarticles:author-baseline:Yesthol  bal_before=7416383  est=300c
  ↳ xarticles:author-baseline:Yesthol  bal_after=7416383  spent=0c ($0.0)  count=20
  ↳ xarticles:author-baseline:moonpay  bal_before=7416383  est=300c
  ↳ xarticles:author-baseline:moonpay  bal_after=7416383  spent=0c ($0.0)  count=20
  ↳ xarticles:author-baseline:Velvet_Capital  bal_before=7416383  est=300c
  ↳ xarticles:author-baseline:Velvet_Capital  bal_after=7412453  spent=3930c ($0.0393)  count=20
  ↳ xarticles:author-baseline:sreeramkannan  bal_before=7412453  est=300c
  ↳ xarticles:author-baseline:sreeramkannan  bal_after=7412453  spent=0c ($0.0)  count=20
  ↳ xarticles:author-baseline:Atenov_D  bal_before=7412453  est=300c
  ↳ xarticles:author-baseline:Atenov_D  bal_after=7412453  spent=0c ($0.0)  count=20
  ↳ xarticles:author-baseline:Suu766  bal_before=7412453  est=300c
  ↳ xarticles:author-baseline:Suu766  bal_after=7412453  spent=0c ($0.0)  count=20
  ↳ xarticles:author-baseline:joely7758521  bal_before=7412453  est=300c
  ↳ xarticles:author-baseline:joely7758521  bal_after=7412453  spent=0c ($0.0)  count=20
  ↳ xarticles:author-baseline:Carlo_Buonpane  bal_before=7412453  est=300c
  ↳ xarticles:author-baseline:Carlo_Buonpane  bal_after=7412453  spent=0c ($0.0)  count=20
  ↳ xarticles:author-baseline:invinciDesigns  bal_before=7412453  est=300c
  ↳ xarticles:author-baseline:invinciDesigns  bal_after=7412453  spent=0c ($0.0)  count=20
  ↳ xarticles:author-baseline:StockAnalystPro  bal_before=7412453  est=300c
  ↳ xarticles:author-baseline:StockAnalystPro  bal_after=7412453  spent=0c ($0.0)  count=20
  ↳ xarticles:author-baseline:Zuriwq59b  bal_before=7412453  est=300c
  ↳ xarticles:author-baseline:Zuriwq59b  bal_after=7412453  spent=0c ($0.0)  count=20
  ↳ xarticles:author-baseline:TheValueist  bal_before=7412453  est=300c
  ↳ xarticles:author-baseline:TheValueist  bal_after=7412453  spent=0c ($0.0)  count=20
  ↳ xarticles:author-baseline:IxsFinance  bal_before=7409753  est=300c
  ↳ xarticles:author-baseline:IxsFinance  bal_after=7409753  spent=0c ($0.0)  count=20
  ↳ xarticles:author-baseline:0xCristal  bal_before=7409753  est=300c
  ↳ xarticles:author-baseline:0xCristal  bal_after=7409753  spent=0c ($0.0)  count=20
  ↳ xarticles:author-baseline:NuttyCLD  bal_before=7409753  est=300c
  ↳ xarticles:author-baseline:NuttyCLD  bal_after=7409753  spent=0c ($0.0)  count=20
  ↳ xarticles:author-baseline:bl888m  bal_before=7409753  est=300c
  ↳ xarticles:author-baseline:bl888m  bal_after=7409753  spent=0c ($0.0)  count=20
  ↳ xarticles:author-baseline:AustinSteinbart  bal_before=7409753  est=300c
  ↳ xarticles:author-baseline:AustinSteinbart  bal_after=7409753  spent=0c ($0.0)  count=20
  ↳ xarticles:author-baseline:maqxbt  bal_before=7409753  est=300c
  ↳ xarticles:author-baseline:maqxbt  bal_after=7409753  spent=0c ($0.0)  count=20
  ↳ xarticles:author-baseline:DDEX__Official  bal_before=7409753  est=300c
  ↳ xarticles:author-baseline:DDEX__Official  bal_after=7409753  spent=0c ($0.0)  count=20
  ↳ xarticles:author-baseline:ThisIsJoules  bal_before=7409753  est=300c
  ↳ xarticles:author-baseline:ThisIsJoules  bal_after=7409753  spent=0c ($0.0)  count=20
  ↳ xarticles:author-baseline:michalmalewicz  bal_before=7409753  est=300c
  ↳ xarticles:author-baseline:michalmalewicz  bal_after=7409753  spent=0c ($0.0)  count=20
  ↳ xarticles:author-baseline:jrdothoughts  bal_before=7409753  est=300c
  ↳ xarticles:author-baseline:jrdothoughts  bal_after=7409753  spent=0c ($0.0)  count=20
  ↳ xarticles:author-baseline:7VoMercy  bal_before=7409753  est=300c
  ↳ xarticles:author-baseline:7VoMercy  bal_after=7409753  spent=0c ($0.0)  count=20
  ↳ xarticles:author-baseline:TPN_Labs  bal_before=7409753  est=300c
  ↳ xarticles:author-baseline:TPN_Labs  bal_after=7406453  spent=3300c ($0.033)  count=20
  ↳ xarticles:author-baseline:ThematicTrader  bal_before=7406453  est=300c
  ↳ xarticles:author-baseline:ThematicTrader  bal_after=7406453  spent=0c ($0.0)  count=20
  ↳ xarticles:author-baseline:nemofunsolana  bal_before=7406453  est=300c
  ↳ xarticles:author-baseline:nemofunsolana  bal_after=7406453  spent=0c ($0.0)  count=20
  ↳ xarticles:author-baseline:TimHaldorsson  bal_before=7406453  est=300c
  ↳ xarticles:author-baseline:TimHaldorsson  bal_after=7406453  spent=0c ($0.0)  count=20
  ↳ xarticles:author-baseline:wintermute_t  bal_before=7406453  est=300c
  ↳ xarticles:author-baseline:wintermute_t  bal_after=7406453  spent=0c ($0.0)  count=20
  ↳ xarticles:author-baseline:fortuneglobal_  bal_before=7406453  est=300c
  ↳ xarticles:author-baseline:fortuneglobal_  bal_after=7406453  spent=0c ($0.0)  count=20
  ↳ xarticles:author-baseline:HR_web3  bal_before=7406453  est=300c
  ↳ xarticles:author-baseline:HR_web3  bal_after=7406453  spent=0c ($0.0)  count=1
  ↳ xarticles:author-baseline:blessedokerekee  bal_before=7406453  est=300c
  ↳ xarticles:author-baseline:blessedokerekee  bal_after=7406453  spent=0c ($0.0)  count=20
  ↳ xarticles:author-baseline:FirepanHQ  bal_before=7406453  est=300c
  ↳ xarticles:author-baseline:FirepanHQ  bal_after=7406453  spent=0c ($0.0)  count=20
  ↳ xarticles:author-baseline:0xarslan  bal_before=7406453  est=300c
  ↳ xarticles:author-baseline:0xarslan  bal_after=7406453  spent=0c ($0.0)  count=20
  ↳ xarticles:author-baseline:mikalche  bal_before=7406453  est=300c
  ↳ xarticles:author-baseline:mikalche  bal_after=7406453  spent=0c ($0.0)  count=20
  ↳ xarticles:author-baseline:AnteDotGames  bal_before=7406453  est=300c
  ↳ xarticles:author-baseline:AnteDotGames  bal_after=7406453  spent=0c ($0.0)  count=0
  ↳ xarticles:author-baseline:minotaursubnet  bal_before=7406453  est=300c
  ↳ xarticles:author-baseline:minotaursubnet  bal_after=7406453  spent=0c ($0.0)  count=7
  ↳ xarticles:author-baseline:Bancor  bal_before=7406453  est=300c
  ↳ xarticles:author-baseline:Bancor  bal_after=7406453  spent=0c ($0.0)  count=20
  ↳ xarticles:author-baseline:lmkifiwin  bal_before=7406453  est=300c
  ↳ xarticles:author-baseline:lmkifiwin  bal_after=7402523  spent=3930c ($0.0393)  count=20
  ↳ xarticles:author-baseline:hideyukiaka  bal_before=7402523  est=300c
  ↳ xarticles:author-baseline:hideyukiaka  bal_after=7402523  spent=0c ($0.0)  count=20
  ↳ xarticles:author-baseline:ARKInvest  bal_before=7402523  est=300c
  ↳ xarticles:author-baseline:ARKInvest  bal_after=7402523  spent=0c ($0.0)  count=20
  ↳ xarticles:author-baseline:OfficialApeXdex  bal_before=7402523  est=300c
  ↳ xarticles:author-baseline:OfficialApeXdex  bal_after=7402523  spent=0c ($0.0)  count=20
  ↳ xarticles:author-baseline:MattGibsonMusic  bal_before=7402523  est=300c
  ↳ xarticles:author-baseline:MattGibsonMusic  bal_after=7402523  spent=0c ($0.0)  count=20
  ↳ xarticles:author-baseline:vivilinsv  bal_before=7402523  est=300c
  ↳ xarticles:author-baseline:vivilinsv  bal_after=7402523  spent=0c ($0.0)  count=20
  ↳ xarticles:author-baseline:Tapbitglobal  bal_before=7402523  est=300c
  ↳ xarticles:author-baseline:Tapbitglobal  bal_after=7402523  spent=0c ($0.0)  count=20
  ↳ xarticles:author-baseline:BitMartExchange  bal_before=7402523  est=300c
  ↳ xarticles:author-baseline:BitMartExchange  bal_after=7402523  spent=0c ($0.0)  count=20
  ↳ xarticles:author-baseline:borntogambles  bal_before=7402523  est=300c
  ↳ xarticles:author-baseline:borntogambles  bal_after=7399418  spent=3105c ($0.0311)  count=20
  ↳ xarticles:author-baseline:IMMT_io  bal_before=7399418  est=300c
  ↳ xarticles:author-baseline:IMMT_io  bal_after=7399418  spent=0c ($0.0)  count=20
  ↳ xarticles:author-baseline:Shekel_Agentic  bal_before=7399418  est=300c
  ↳ xarticles:author-baseline:Shekel_Agentic  bal_after=7399418  spent=0c ($0.0)  count=20
  ↳ xarticles:author-baseline:PatentlyApple  bal_before=7399418  est=300c
  ↳ xarticles:author-baseline:PatentlyApple  bal_after=7399418  spent=0c ($0.0)  count=20
  ↳ xarticles:author-baseline:Bitget_zh  bal_before=7399418  est=300c
  ↳ xarticles:author-baseline:Bitget_zh  bal_after=7399418  spent=0c ($0.0)  count=20
  ↳ xarticles:author-baseline:gudanglifehack  bal_before=7399418  est=300c
  ↳ xarticles:author-baseline:gudanglifehack  bal_after=7399418  spent=0c ($0.0)  count=20
  ↳ xarticles:author-baseline:napoleon21st  bal_before=7399418  est=300c
  ↳ xarticles:author-baseline:napoleon21st  bal_after=7399418  spent=0c ($0.0)  count=20
  ↳ xarticles:author-baseline:memely  bal_before=7399418  est=300c
  ↳ xarticles:author-baseline:memely  bal_after=7399418  spent=0c ($0.0)  count=20
  ↳ xarticles:author-baseline:CaesarJulius0  bal_before=7399418  est=300c
  ↳ xarticles:author-baseline:CaesarJulius0  bal_after=7399418  spent=0c ($0.0)  count=20
  ↳ xarticles:author-baseline:Crypto_Briefing  bal_before=7399418  est=300c
  ↳ xarticles:author-baseline:Crypto_Briefing  bal_after=7399418  spent=0c ($0.0)  count=20
  ↳ xarticles:author-baseline:140ismymax  bal_before=7399418  est=300c
  ↳ xarticles:author-baseline:140ismymax  bal_after=7399418  spent=0c ($0.0)  count=20
{
  "date": "2026-06-10",
  "niche": "trading-ai-30d",
  "out_dir": "/Users/maxguillabert/Downloads/index/docs/x-targeting/x_articles/2026-06-10/trading-ai-30d",
  "tweets": 10289,
  "native_x_articles": 127,
  "top": {
    "tweet_id": "2057441656547508264",
    "tweet_url": "https://x.com/wadezone/status/2057441656547508264",
    "article_url": "https://x.com/i/article/2057438857558396928",
    "title": "ITIN 保姆级教程｜ChatGPT / Cursor / 美卡 / Stripe / 美股，一个 9 位税号全部打开",
    "preview_text": "你刷 ChatGPT Plus，卡被拒。\n你申请 AmEx，身份证那栏填不出来。\n你想用 Stripe 收美元做 AI 出海，注册第一步就卡死。\nAI 时代变现的入口几乎全在美元世界，国内的卡和身份证打不开。\n打开这扇门的钥匙是一个 9",
    "cover_media_img_url": "https://pbs.twimg.com/media/HI1-y5ba4AEvWXR.jpg",
    "author": "wadezone",
    "author_name": "Koda",
    "author_followers": 19081,
    "created_at": "Thu May 21 12:41:30 +0000 2026",
    "likes": 1018,
    "retweets": 232,
    "replies": 65,
    "quotes": 43,
    "bookmarks": 2638,
    "views": 557297,
    "query_label": "rt-gte-100-latest",
    "engagement": 3996,
    "weighted_engagement": 4271,
    "engagement_per_1k_views": 7.17,
    "score": 4371,
    "author_avg_views_last10": 1029.0,
    "author_avg_views_min_age_hours": 4,
    "views_per_1k_followers": 29206.907,
    "views_vs_author_avg": 541.591,
    "outlier_score": 83373.177
  }
}
wrote /Users/maxguillabert/Downloads/index/docs/x-targeting/x_articles/2026-06-10/trading-ai-30d/by-likes.md (127 articles)
wrote /Users/maxguillabert/Downloads/index/docs/x-targeting/x_articles/2026-06-10/trading-ai-30d/by-views.md (127 articles)
date: illegal option -- -
usage: date [-jnRu] [-I[date|hours|minutes|seconds|ns]] [-f input_fmt]
            [ -z output_zone ] [-r filename|seconds] [-v[+|-]val[y|m|w|d|H|M|S]]
            [[[[mm]dd]HH]MM[[cc]yy][.SS] | new_date] [+output_fmt]
[] monthly fetch niche=crypto-30d date=2026-06-10 max=500

### rt-gte-500 [Top] x10p min_retweets:500 url:x.com/i/article since:2026-05-11 -is:retweet
  ↳ xarticles:rt-gte-500:p0  bal_before=7399418  est=300c
  ↳ xarticles:rt-gte-500:p0  bal_after=7396418  spent=3000c ($0.03)  count=20
  ↳ xarticles:rt-gte-500:p1  bal_before=7396418  est=300c
  ↳ xarticles:rt-gte-500:p1  bal_after=7396418  spent=0c ($0.0)  count=12
  ↳ xarticles:rt-gte-500:p2  bal_before=7396418  est=300c
  ↳ xarticles:rt-gte-500:p2  bal_after=7396418  spent=0c ($0.0)  count=8
  ↳ xarticles:rt-gte-500:p3  bal_before=7396418  est=300c
  ↳ xarticles:rt-gte-500:p3  bal_after=7396418  spent=0c ($0.0)  count=7
  ↳ xarticles:rt-gte-500:p4  bal_before=7396418  est=300c
  ↳ xarticles:rt-gte-500:p4  bal_after=7396418  spent=0c ($0.0)  count=1
  ↳ xarticles:rt-gte-500:p5  bal_before=7396418  est=300c
  ↳ xarticles:rt-gte-500:p5  bal_after=7396418  spent=0c ($0.0)  count=14
  ↳ xarticles:rt-gte-500:p6  bal_before=7396418  est=300c
  ↳ xarticles:rt-gte-500:p6  bal_after=7396418  spent=0c ($0.0)  count=6
  ↳ xarticles:rt-gte-500:p7  bal_before=7396418  est=300c
  ↳ xarticles:rt-gte-500:p7  bal_after=7396418  spent=0c ($0.0)  count=0

### rt-gte-500-latest [Latest] x50p min_retweets:500 url:x.com/i/article since:2026-05-11 -is:retweet
  ↳ xarticles:rt-gte-500-latest:p0  bal_before=7396418  est=300c
  ↳ xarticles:rt-gte-500-latest:p0  bal_after=7396418  spent=0c ($0.0)  count=16
  ↳ xarticles:rt-gte-500-latest:p1  bal_before=7396418  est=300c
  ↳ xarticles:rt-gte-500-latest:p1  bal_after=7396418  spent=0c ($0.0)  count=15
  ↳ xarticles:rt-gte-500-latest:p2  bal_before=7396418  est=300c
  ↳ xarticles:rt-gte-500-latest:p2  bal_after=7396418  spent=0c ($0.0)  count=18
  ↳ xarticles:rt-gte-500-latest:p3  bal_before=7396418  est=300c
  ↳ xarticles:rt-gte-500-latest:p3  bal_after=7396418  spent=0c ($0.0)  count=20
  ↳ xarticles:rt-gte-500-latest:p4  bal_before=7396418  est=300c
  ↳ xarticles:rt-gte-500-latest:p4  bal_after=7396418  spent=0c ($0.0)  count=20
  ↳ xarticles:rt-gte-500-latest:p5  bal_before=7396418  est=300c
  ↳ xarticles:rt-gte-500-latest:p5  bal_after=7396418  spent=0c ($0.0)  count=20
  ↳ xarticles:rt-gte-500-latest:p6  bal_before=7396418  est=300c
  ↳ xarticles:rt-gte-500-latest:p6  bal_after=7396418  spent=0c ($0.0)  count=20
  ↳ xarticles:rt-gte-500-latest:p7  bal_before=7396418  est=300c
  ↳ xarticles:rt-gte-500-latest:p7  bal_after=7394648  spent=1770c ($0.0177)  count=20
  ↳ xarticles:rt-gte-500-latest:p8  bal_before=7394648  est=300c
  ↳ xarticles:rt-gte-500-latest:p8  bal_after=7394648  spent=0c ($0.0)  count=12
  ↳ xarticles:rt-gte-500-latest:p9  bal_before=7394648  est=300c
  ↳ xarticles:rt-gte-500-latest:p9  bal_after=7394648  spent=0c ($0.0)  count=0

### rt-gte-200 [Top] x10p min_retweets:200 url:x.com/i/article since:2026-05-11 -is:retweet
  ↳ xarticles:rt-gte-200:p0  bal_before=7394648  est=300c
  ↳ xarticles:rt-gte-200:p0  bal_after=7394648  spent=0c ($0.0)  count=20
  ↳ xarticles:rt-gte-200:p1  bal_before=7394648  est=300c
  ↳ xarticles:rt-gte-200:p1  bal_after=7394648  spent=0c ($0.0)  count=20
  ↳ xarticles:rt-gte-200:p2  bal_before=7394648  est=300c
  ↳ xarticles:rt-gte-200:p2  bal_after=7394648  spent=0c ($0.0)  count=16
  ↳ xarticles:rt-gte-200:p3  bal_before=7394648  est=300c
  ↳ xarticles:rt-gte-200:p3  bal_after=7394648  spent=0c ($0.0)  count=4
  ↳ xarticles:rt-gte-200:p4  bal_before=7394648  est=300c
  ↳ xarticles:rt-gte-200:p4  bal_after=7394648  spent=0c ($0.0)  count=20
  ↳ xarticles:rt-gte-200:p5  bal_before=7394648  est=300c
  ↳ xarticles:rt-gte-200:p5  bal_after=7394648  spent=0c ($0.0)  count=7
  ↳ xarticles:rt-gte-200:p6  bal_before=7394648  est=300c
  ↳ xarticles:rt-gte-200:p6  bal_after=7394648  spent=0c ($0.0)  count=4
  ↳ xarticles:rt-gte-200:p7  bal_before=7394648  est=300c
  ↳ xarticles:rt-gte-200:p7  bal_after=7394648  spent=0c ($0.0)  count=3
  ↳ xarticles:rt-gte-200:p8  bal_before=7394648  est=300c
  ↳ xarticles:rt-gte-200:p8  bal_after=7394648  spent=0c ($0.0)  count=5
  ↳ xarticles:rt-gte-200:p9  bal_before=7394648  est=300c
  ↳ xarticles:rt-gte-200:p9  bal_after=7394648  spent=0c ($0.0)  count=5

### rt-gte-200-latest [Latest] x50p min_retweets:200 url:x.com/i/article since:2026-05-11 -is:retweet
  ↳ xarticles:rt-gte-200-latest:p0  bal_before=7394648  est=300c
  ↳ xarticles:rt-gte-200-latest:p0  bal_after=7394648  spent=0c ($0.0)  count=14
  ↳ xarticles:rt-gte-200-latest:p1  bal_before=7394648  est=300c
  ↳ xarticles:rt-gte-200-latest:p1  bal_after=7391468  spent=3180c ($0.0318)  count=18
  ↳ xarticles:rt-gte-200-latest:p2  bal_before=7391468  est=300c
  ↳ xarticles:rt-gte-200-latest:p2  bal_after=7391468  spent=0c ($0.0)  count=19
  ↳ xarticles:rt-gte-200-latest:p3  bal_before=7391468  est=300c
  ↳ xarticles:rt-gte-200-latest:p3  bal_after=7391468  spent=0c ($0.0)  count=18
  ↳ xarticles:rt-gte-200-latest:p4  bal_before=7391468  est=300c
  ↳ xarticles:rt-gte-200-latest:p4  bal_after=7391468  spent=0c ($0.0)  count=19
  ↳ xarticles:rt-gte-200-latest:p5  bal_before=7391468  est=300c
  ↳ xarticles:rt-gte-200-latest:p5  bal_after=7391468  spent=0c ($0.0)  count=18
  ↳ xarticles:rt-gte-200-latest:p6  bal_before=7391468  est=300c
  ↳ xarticles:rt-gte-200-latest:p6  bal_after=7391468  spent=0c ($0.0)  count=15
  ↳ xarticles:rt-gte-200-latest:p7  bal_before=7391468  est=300c
  ↳ xarticles:rt-gte-200-latest:p7  bal_after=7391468  spent=0c ($0.0)  count=19
  ↳ xarticles:rt-gte-200-latest:p8  bal_before=7391468  est=300c
  ↳ xarticles:rt-gte-200-latest:p8  bal_after=7391468  spent=0c ($0.0)  count=20
  ↳ xarticles:rt-gte-200-latest:p9  bal_before=7391468  est=300c
  ↳ xarticles:rt-gte-200-latest:p9  bal_after=7391468  spent=0c ($0.0)  count=20
  ↳ xarticles:rt-gte-200-latest:p10  bal_before=7391468  est=300c
  ↳ xarticles:rt-gte-200-latest:p10  bal_after=7391468  spent=0c ($0.0)  count=20
  ↳ xarticles:rt-gte-200-latest:p11  bal_before=7391468  est=300c
  ↳ xarticles:rt-gte-200-latest:p11  bal_after=7391468  spent=0c ($0.0)  count=20
  ↳ xarticles:rt-gte-200-latest:p12  bal_before=7391468  est=300c
  ↳ xarticles:rt-gte-200-latest:p12  bal_after=7391468  spent=0c ($0.0)  count=20
  ↳ xarticles:rt-gte-200-latest:p13  bal_before=7391468  est=300c
  ↳ xarticles:rt-gte-200-latest:p13  bal_after=7391468  spent=0c ($0.0)  count=19
  ↳ xarticles:rt-gte-200-latest:p14  bal_before=7391468  est=300c
  ↳ xarticles:rt-gte-200-latest:p14  bal_after=7391468  spent=0c ($0.0)  count=20
  ↳ xarticles:rt-gte-200-latest:p15  bal_before=7391468  est=300c
  ↳ xarticles:rt-gte-200-latest:p15  bal_after=7391468  spent=0c ($0.0)  count=20
  ↳ xarticles:rt-gte-200-latest:p16  bal_before=7391468  est=300c
  ↳ xarticles:rt-gte-200-latest:p16  bal_after=7391468  spent=0c ($0.0)  count=20
  ↳ xarticles:rt-gte-200-latest:p17  bal_before=7391468  est=300c
  ↳ xarticles:rt-gte-200-latest:p17  bal_after=7386908  spent=4560c ($0.0456)  count=20
  ↳ xarticles:rt-gte-200-latest:p18  bal_before=7386908  est=300c
  ↳ xarticles:rt-gte-200-latest:p18  bal_after=7386908  spent=0c ($0.0)  count=20
  ↳ xarticles:rt-gte-200-latest:p19  bal_before=7386908  est=300c
  ↳ xarticles:rt-gte-200-latest:p19  bal_after=7386908  spent=0c ($0.0)  count=20
  ↳ xarticles:rt-gte-200-latest:p20  bal_before=7386908  est=300c
  ↳ xarticles:rt-gte-200-latest:p20  bal_after=7386908  spent=0c ($0.0)  count=20
  ↳ xarticles:rt-gte-200-latest:p21  bal_before=7386908  est=300c
  ↳ xarticles:rt-gte-200-latest:p21  bal_after=7386908  spent=0c ($0.0)  count=20
  ↳ xarticles:rt-gte-200-latest:p22  bal_before=7386908  est=300c
  ↳ xarticles:rt-gte-200-latest:p22  bal_after=7386908  spent=0c ($0.0)  count=20
  ↳ xarticles:rt-gte-200-latest:p23  bal_before=7386908  est=300c
  ↳ xarticles:rt-gte-200-latest:p23  bal_after=7386908  spent=0c ($0.0)  count=20
  ↳ xarticles:rt-gte-200-latest:p24  bal_before=7386908  est=300c
  ↳ xarticles:rt-gte-200-latest:p24  bal_after=7386908  spent=0c ($0.0)  count=20
  ↳ xarticles:rt-gte-200-latest:p25  bal_before=7386908  est=300c
  ↳ xarticles:rt-gte-200-latest:p25  bal_after=7386908  spent=0c ($0.0)  count=20
  ↳ xarticles:rt-gte-200-latest:p26  bal_before=7386908  est=300c
  ↳ xarticles:rt-gte-200-latest:p26  bal_after=7386908  spent=0c ($0.0)  count=20
  ↳ window exhausted at p26 (oldest page fully before cutoff)

### rt-gte-100 [Top] x10p min_retweets:100 url:x.com/i/article since:2026-05-11 -is:retweet
  ↳ xarticles:rt-gte-100:p0  bal_before=7386908  est=300c
  ↳ xarticles:rt-gte-100:p0  bal_after=7386908  spent=0c ($0.0)  count=20
  ↳ xarticles:rt-gte-100:p1  bal_before=7386908  est=300c
  ↳ xarticles:rt-gte-100:p1  bal_after=7386908  spent=0c ($0.0)  count=20
  ↳ xarticles:rt-gte-100:p2  bal_before=7386908  est=300c
  ↳ xarticles:rt-gte-100:p2  bal_after=7386908  spent=0c ($0.0)  count=13
  ↳ xarticles:rt-gte-100:p3  bal_before=7386908  est=300c
  ↳ xarticles:rt-gte-100:p3  bal_after=7386908  spent=0c ($0.0)  count=7
  ↳ xarticles:rt-gte-100:p4  bal_before=7386908  est=300c
  ↳ xarticles:rt-gte-100:p4  bal_after=7383008  spent=3900c ($0.039)  count=5
  ↳ xarticles:rt-gte-100:p5  bal_before=7383008  est=300c
  ↳ xarticles:rt-gte-100:p5  bal_after=7383008  spent=0c ($0.0)  count=3
  ↳ xarticles:rt-gte-100:p6  bal_before=7383008  est=300c
  ↳ xarticles:rt-gte-100:p6  bal_after=7383008  spent=0c ($0.0)  count=6
  ↳ xarticles:rt-gte-100:p7  bal_before=7383008  est=300c
  ↳ xarticles:rt-gte-100:p7  bal_after=7383008  spent=0c ($0.0)  count=19
  ↳ xarticles:rt-gte-100:p8  bal_before=7383008  est=300c
  ↳ xarticles:rt-gte-100:p8  bal_after=7383008  spent=0c ($0.0)  count=9
  ↳ xarticles:rt-gte-100:p9  bal_before=7383008  est=300c
  ↳ xarticles:rt-gte-100:p9  bal_after=7383008  spent=0c ($0.0)  count=9

### rt-gte-100-latest [Latest] x50p min_retweets:100 url:x.com/i/article since:2026-05-11 -is:retweet
  ↳ xarticles:rt-gte-100-latest:p0  bal_before=7383008  est=300c
  ↳ xarticles:rt-gte-100-latest:p0  bal_after=7383008  spent=0c ($0.0)  count=17
  ↳ xarticles:rt-gte-100-latest:p1  bal_before=7383008  est=300c
  ↳ xarticles:rt-gte-100-latest:p1  bal_after=7383008  spent=0c ($0.0)  count=17
  ↳ xarticles:rt-gte-100-latest:p2  bal_before=7383008  est=300c
  ↳ xarticles:rt-gte-100-latest:p2  bal_after=7383008  spent=0c ($0.0)  count=19
  ↳ xarticles:rt-gte-100-latest:p3  bal_before=7383008  est=300c
  ↳ xarticles:rt-gte-100-latest:p3  bal_after=7383008  spent=0c ($0.0)  count=17
  ↳ xarticles:rt-gte-100-latest:p4  bal_before=7383008  est=300c
  ↳ xarticles:rt-gte-100-latest:p4  bal_after=7383008  spent=0c ($0.0)  count=20
  ↳ xarticles:rt-gte-100-latest:p5  bal_before=7383008  est=300c
  ↳ xarticles:rt-gte-100-latest:p5  bal_after=7383008  spent=0c ($0.0)  count=20
  ↳ xarticles:rt-gte-100-latest:p6  bal_before=7383008  est=300c
  ↳ xarticles:rt-gte-100-latest:p6  bal_after=7383008  spent=0c ($0.0)  count=20
  ↳ xarticles:rt-gte-100-latest:p7  bal_before=7383008  est=300c
  ↳ xarticles:rt-gte-100-latest:p7  bal_after=7383008  spent=0c ($0.0)  count=19
  ↳ xarticles:rt-gte-100-latest:p8  bal_before=7383008  est=300c
  ↳ xarticles:rt-gte-100-latest:p8  bal_after=7379828  spent=3180c ($0.0318)  count=17
  ↳ xarticles:rt-gte-100-latest:p9  bal_before=7379828  est=300c
  ↳ xarticles:rt-gte-100-latest:p9  bal_after=7379828  spent=0c ($0.0)  count=20
  ↳ xarticles:rt-gte-100-latest:p10  bal_before=7379828  est=300c
  ↳ xarticles:rt-gte-100-latest:p10  bal_after=7379828  spent=0c ($0.0)  count=18
  ↳ xarticles:rt-gte-100-latest:p11  bal_before=7379828  est=300c
  ↳ xarticles:rt-gte-100-latest:p11  bal_after=7379828  spent=0c ($0.0)  count=20
  ↳ xarticles:rt-gte-100-latest:p12  bal_before=7379828  est=300c
  ↳ xarticles:rt-gte-100-latest:p12  bal_after=7379828  spent=0c ($0.0)  count=18
  ↳ xarticles:rt-gte-100-latest:p13  bal_before=7379828  est=300c
  ↳ xarticles:rt-gte-100-latest:p13  bal_after=7379828  spent=0c ($0.0)  count=19
  ↳ xarticles:rt-gte-100-latest:p14  bal_before=7379828  est=300c
  ↳ xarticles:rt-gte-100-latest:p14  bal_after=7379828  spent=0c ($0.0)  count=17
  ↳ xarticles:rt-gte-100-latest:p15  bal_before=7379828  est=300c
  ↳ xarticles:rt-gte-100-latest:p15  bal_after=7379828  spent=0c ($0.0)  count=18
  ↳ xarticles:rt-gte-100-latest:p16  bal_before=7379828  est=300c
  ↳ xarticles:rt-gte-100-latest:p16  bal_after=7379828  spent=0c ($0.0)  count=20
  ↳ xarticles:rt-gte-100-latest:p17  bal_before=7379828  est=300c
  ↳ xarticles:rt-gte-100-latest:p17  bal_after=7379828  spent=0c ($0.0)  count=20
  ↳ xarticles:rt-gte-100-latest:p18  bal_before=7379828  est=300c
  ↳ xarticles:rt-gte-100-latest:p18  bal_after=7379828  spent=0c ($0.0)  count=20
  ↳ xarticles:rt-gte-100-latest:p19  bal_before=7379828  est=300c
  ↳ xarticles:rt-gte-100-latest:p19  bal_after=7379828  spent=0c ($0.0)  count=20
  ↳ xarticles:rt-gte-100-latest:p20  bal_before=7379828  est=300c
  ↳ xarticles:rt-gte-100-latest:p20  bal_after=7379828  spent=0c ($0.0)  count=20
  ↳ xarticles:rt-gte-100-latest:p21  bal_before=7379828  est=300c
  ↳ xarticles:rt-gte-100-latest:p21  bal_after=7379828  spent=0c ($0.0)  count=20
  ↳ xarticles:rt-gte-100-latest:p22  bal_before=7379828  est=300c
  ↳ xarticles:rt-gte-100-latest:p22  bal_after=7375838  spent=3990c ($0.0399)  count=20
  ↳ xarticles:rt-gte-100-latest:p23  bal_before=7375838  est=300c
  ↳ xarticles:rt-gte-100-latest:p23  bal_after=7375838  spent=0c ($0.0)  count=20
  ↳ xarticles:rt-gte-100-latest:p24  bal_before=7375838  est=300c
  ↳ xarticles:rt-gte-100-latest:p24  bal_after=7375838  spent=0c ($0.0)  count=20
  ↳ xarticles:rt-gte-100-latest:p25  bal_before=7375838  est=300c
  ↳ xarticles:rt-gte-100-latest:p25  bal_after=7375838  spent=0c ($0.0)  count=0

### likes-gte-5000 [Top] x10p min_faves:5000 url:x.com/i/article since:2026-05-11 -is:retweet
  ↳ xarticles:likes-gte-5000:p0  bal_before=7375838  est=300c
  ↳ xarticles:likes-gte-5000:p0  bal_after=7375838  spent=0c ($0.0)  count=20
  ↳ xarticles:likes-gte-5000:p1  bal_before=7375838  est=300c
  ↳ xarticles:likes-gte-5000:p1  bal_after=7375838  spent=0c ($0.0)  count=20
  ↳ xarticles:likes-gte-5000:p2  bal_before=7375838  est=300c
  ↳ xarticles:likes-gte-5000:p2  bal_after=7375838  spent=0c ($0.0)  count=20
  ↳ xarticles:likes-gte-5000:p3  bal_before=7375838  est=300c
  ↳ xarticles:likes-gte-5000:p3  bal_after=7375838  spent=0c ($0.0)  count=20
  ↳ xarticles:likes-gte-5000:p4  bal_before=7375838  est=300c
  ↳ xarticles:likes-gte-5000:p4  bal_after=7375838  spent=0c ($0.0)  count=20
  ↳ xarticles:likes-gte-5000:p5  bal_before=7375838  est=300c
  ↳ xarticles:likes-gte-5000:p5  bal_after=7375838  spent=0c ($0.0)  count=16
  ↳ xarticles:likes-gte-5000:p6  bal_before=7375838  est=300c
  ↳ xarticles:likes-gte-5000:p6  bal_after=7375838  spent=0c ($0.0)  count=20
  ↳ xarticles:likes-gte-5000:p7  bal_before=7375838  est=300c
  ↳ xarticles:likes-gte-5000:p7  bal_after=7375838  spent=0c ($0.0)  count=20
  ↳ xarticles:likes-gte-5000:p8  bal_before=7375838  est=300c
  ↳ xarticles:likes-gte-5000:p8  bal_after=7372283  spent=3555c ($0.0355)  count=14
  ↳ xarticles:likes-gte-5000:p9  bal_before=7372283  est=300c
  ↳ xarticles:likes-gte-5000:p9  bal_after=7372283  spent=0c ($0.0)  count=3

### likes-gte-5000-latest [Latest] x50p min_faves:5000 url:x.com/i/article since:2026-05-11 -is:retweet
  ↳ xarticles:likes-gte-5000-latest:p0  bal_before=7372283  est=300c
  ↳ xarticles:likes-gte-5000-latest:p0  bal_after=7372283  spent=0c ($0.0)  count=20
  ↳ xarticles:likes-gte-5000-latest:p1  bal_before=7372283  est=300c
  ↳ xarticles:likes-gte-5000-latest:p1  bal_after=7372283  spent=0c ($0.0)  count=20
  ↳ xarticles:likes-gte-5000-latest:p2  bal_before=7372283  est=300c
  ↳ xarticles:likes-gte-5000-latest:p2  bal_after=7372283  spent=0c ($0.0)  count=19
  ↳ xarticles:likes-gte-5000-latest:p3  bal_before=7372283  est=300c
  ↳ xarticles:likes-gte-5000-latest:p3  bal_after=7372283  spent=0c ($0.0)  count=0

### likes-gte-2000 [Top] x10p min_faves:2000 url:x.com/i/article since:2026-05-11 -is:retweet
  ↳ xarticles:likes-gte-2000:p0  bal_before=7372283  est=300c
  ↳ xarticles:likes-gte-2000:p0  bal_after=7372283  spent=0c ($0.0)  count=20
  ↳ xarticles:likes-gte-2000:p1  bal_before=7372283  est=300c
  ↳ xarticles:likes-gte-2000:p1  bal_after=7372283  spent=0c ($0.0)  count=20
  ↳ xarticles:likes-gte-2000:p2  bal_before=7372283  est=300c
  ↳ xarticles:likes-gte-2000:p2  bal_after=7372283  spent=0c ($0.0)  count=16
  ↳ xarticles:likes-gte-2000:p3  bal_before=7372283  est=300c
  ↳ xarticles:likes-gte-2000:p3  bal_after=7372283  spent=0c ($0.0)  count=20
  ↳ xarticles:likes-gte-2000:p4  bal_before=7372283  est=300c
  ↳ xarticles:likes-gte-2000:p4  bal_after=7372283  spent=0c ($0.0)  count=20
  ↳ xarticles:likes-gte-2000:p5  bal_before=7372283  est=300c
  ↳ xarticles:likes-gte-2000:p5  bal_after=7372283  spent=0c ($0.0)  count=20
  ↳ xarticles:likes-gte-2000:p6  bal_before=7372283  est=300c
  ↳ xarticles:likes-gte-2000:p6  bal_after=7369388  spent=2895c ($0.029)  count=20
  ↳ xarticles:likes-gte-2000:p7  bal_before=7369388  est=300c
  ↳ xarticles:likes-gte-2000:p7  bal_after=7369388  spent=0c ($0.0)  count=20
  ↳ xarticles:likes-gte-2000:p8  bal_before=7369388  est=300c
  ↳ xarticles:likes-gte-2000:p8  bal_after=7369388  spent=0c ($0.0)  count=20
  ↳ xarticles:likes-gte-2000:p9  bal_before=7369388  est=300c
  ↳ xarticles:likes-gte-2000:p9  bal_after=7369388  spent=0c ($0.0)  count=20

### likes-gte-2000-latest [Latest] x50p min_faves:2000 url:x.com/i/article since:2026-05-11 -is:retweet
  ↳ xarticles:likes-gte-2000-latest:p0  bal_before=7369388  est=300c
  ↳ xarticles:likes-gte-2000-latest:p0  bal_after=7369388  spent=0c ($0.0)  count=20
  ↳ xarticles:likes-gte-2000-latest:p1  bal_before=7369388  est=300c
  ↳ xarticles:likes-gte-2000-latest:p1  bal_after=7369388  spent=0c ($0.0)  count=20
  ↳ xarticles:likes-gte-2000-latest:p2  bal_before=7369388  est=300c
  ↳ xarticles:likes-gte-2000-latest:p2  bal_after=7369388  spent=0c ($0.0)  count=20
  ↳ xarticles:likes-gte-2000-latest:p3  bal_before=7369388  est=300c
  ↳ xarticles:likes-gte-2000-latest:p3  bal_after=7369388  spent=0c ($0.0)  count=20
  ↳ xarticles:likes-gte-2000-latest:p4  bal_before=7369388  est=300c
  ↳ xarticles:likes-gte-2000-latest:p4  bal_after=7369388  spent=0c ($0.0)  count=20
  ↳ xarticles:likes-gte-2000-latest:p5  bal_before=7369388  est=300c
  ↳ xarticles:likes-gte-2000-latest:p5  bal_after=7369388  spent=0c ($0.0)  count=19
  ↳ xarticles:likes-gte-2000-latest:p6  bal_before=7369388  est=300c
  ↳ xarticles:likes-gte-2000-latest:p6  bal_after=7369388  spent=0c ($0.0)  count=20
  ↳ xarticles:likes-gte-2000-latest:p7  bal_before=7369388  est=300c
  ↳ xarticles:likes-gte-2000-latest:p7  bal_after=7369388  spent=0c ($0.0)  count=20
  ↳ xarticles:likes-gte-2000-latest:p8  bal_before=7369388  est=300c
  ↳ xarticles:likes-gte-2000-latest:p8  bal_after=7369388  spent=0c ($0.0)  count=20
  ↳ xarticles:likes-gte-2000-latest:p9  bal_before=7369388  est=300c
  ↳ xarticles:likes-gte-2000-latest:p9  bal_after=7369388  spent=0c ($0.0)  count=20
  ↳ xarticles:likes-gte-2000-latest:p10  bal_before=7369388  est=300c
  ↳ xarticles:likes-gte-2000-latest:p10  bal_after=7369388  spent=0c ($0.0)  count=20
  ↳ xarticles:likes-gte-2000-latest:p11  bal_before=7369388  est=300c
  ↳ xarticles:likes-gte-2000-latest:p11  bal_after=7369388  spent=0c ($0.0)  count=0

### likes-gte-1000 [Top] x10p min_faves:1000 url:x.com/i/article since:2026-05-11 -is:retweet
  ↳ xarticles:likes-gte-1000:p0  bal_before=7369388  est=300c
  ↳ xarticles:likes-gte-1000:p0  bal_after=7365203  spent=4185c ($0.0418)  count=20
  ↳ xarticles:likes-gte-1000:p1  bal_before=7365203  est=300c
  ↳ xarticles:likes-gte-1000:p1  bal_after=7365203  spent=0c ($0.0)  count=20
  ↳ xarticles:likes-gte-1000:p2  bal_before=7365203  est=300c
  ↳ xarticles:likes-gte-1000:p2  bal_after=7365203  spent=0c ($0.0)  count=20
  ↳ xarticles:likes-gte-1000:p3  bal_before=7365203  est=300c
  ↳ xarticles:likes-gte-1000:p3  bal_after=7365203  spent=0c ($0.0)  count=20
  ↳ xarticles:likes-gte-1000:p4  bal_before=7365203  est=300c
  ↳ xarticles:likes-gte-1000:p4  bal_after=7365203  spent=0c ($0.0)  count=18
  ↳ xarticles:likes-gte-1000:p5  bal_before=7365203  est=300c
  ↳ xarticles:likes-gte-1000:p5  bal_after=7365203  spent=0c ($0.0)  count=20
  ↳ xarticles:likes-gte-1000:p6  bal_before=7365203  est=300c
  ↳ xarticles:likes-gte-1000:p6  bal_after=7365203  spent=0c ($0.0)  count=20
  ↳ xarticles:likes-gte-1000:p7  bal_before=7365203  est=300c
  ↳ xarticles:likes-gte-1000:p7  bal_after=7365203  spent=0c ($0.0)  count=19
  ↳ xarticles:likes-gte-1000:p8  bal_before=7365203  est=300c
  ↳ xarticles:likes-gte-1000:p8  bal_after=7365203  spent=0c ($0.0)  count=19
  ↳ xarticles:likes-gte-1000:p9  bal_before=7365203  est=300c
  ↳ xarticles:likes-gte-1000:p9  bal_after=7362518  spent=2685c ($0.0268)  count=20

### likes-gte-1000-latest [Latest] x50p min_faves:1000 url:x.com/i/article since:2026-05-11 -is:retweet
  ↳ xarticles:likes-gte-1000-latest:p0  bal_before=7362518  est=300c
  ↳ xarticles:likes-gte-1000-latest:p0  bal_after=7362518  spent=0c ($0.0)  count=20
  ↳ xarticles:likes-gte-1000-latest:p1  bal_before=7362518  est=300c
  ↳ xarticles:likes-gte-1000-latest:p1  bal_after=7362518  spent=0c ($0.0)  count=20
  ↳ xarticles:likes-gte-1000-latest:p2  bal_before=7362518  est=300c
  ↳ xarticles:likes-gte-1000-latest:p2  bal_after=7362518  spent=0c ($0.0)  count=20
  ↳ xarticles:likes-gte-1000-latest:p3  bal_before=7362518  est=300c
  ↳ xarticles:likes-gte-1000-latest:p3  bal_after=7362518  spent=0c ($0.0)  count=20
  ↳ xarticles:likes-gte-1000-latest:p4  bal_before=7362518  est=300c
  ↳ xarticles:likes-gte-1000-latest:p4  bal_after=7362518  spent=0c ($0.0)  count=20
  ↳ xarticles:likes-gte-1000-latest:p5  bal_before=7362518  est=300c
  ↳ xarticles:likes-gte-1000-latest:p5  bal_after=7362518  spent=0c ($0.0)  count=20
  ↳ xarticles:likes-gte-1000-latest:p6  bal_before=7362518  est=300c
  ↳ xarticles:likes-gte-1000-latest:p6  bal_after=7362518  spent=0c ($0.0)  count=20
  ↳ xarticles:likes-gte-1000-latest:p7  bal_before=7362518  est=300c
  ↳ xarticles:likes-gte-1000-latest:p7  bal_after=7362518  spent=0c ($0.0)  count=20
  ↳ xarticles:likes-gte-1000-latest:p8  bal_before=7362518  est=300c
  ↳ xarticles:likes-gte-1000-latest:p8  bal_after=7362518  spent=0c ($0.0)  count=20
  ↳ xarticles:likes-gte-1000-latest:p9  bal_before=7362518  est=300c
  ↳ xarticles:likes-gte-1000-latest:p9  bal_after=7362518  spent=0c ($0.0)  count=20
  ↳ xarticles:likes-gte-1000-latest:p10  bal_before=7362518  est=300c
  ↳ xarticles:likes-gte-1000-latest:p10  bal_after=7362518  spent=0c ($0.0)  count=20
  ↳ xarticles:likes-gte-1000-latest:p11  bal_before=7362518  est=300c
  ↳ xarticles:likes-gte-1000-latest:p11  bal_after=7362518  spent=0c ($0.0)  count=20
  ↳ xarticles:likes-gte-1000-latest:p12  bal_before=7362518  est=300c
  ↳ xarticles:likes-gte-1000-latest:p12  bal_after=7362518  spent=0c ($0.0)  count=20
  ↳ xarticles:likes-gte-1000-latest:p13  bal_before=7362518  est=300c
  ↳ xarticles:likes-gte-1000-latest:p13  bal_after=7362518  spent=0c ($0.0)  count=19
  ↳ xarticles:likes-gte-1000-latest:p14  bal_before=7362518  est=300c
  ↳ xarticles:likes-gte-1000-latest:p14  bal_after=7362518  spent=0c ($0.0)  count=20
  ↳ xarticles:likes-gte-1000-latest:p15  bal_before=7362518  est=300c
  ↳ xarticles:likes-gte-1000-latest:p15  bal_after=7362518  spent=0c ($0.0)  count=20
  ↳ xarticles:likes-gte-1000-latest:p16  bal_before=7362518  est=300c
  ↳ xarticles:likes-gte-1000-latest:p16  bal_after=7357463  spent=5055c ($0.0505)  count=20
  ↳ xarticles:likes-gte-1000-latest:p17  bal_before=7357463  est=300c
  ↳ xarticles:likes-gte-1000-latest:p17  bal_after=7357463  spent=0c ($0.0)  count=20
  ↳ xarticles:likes-gte-1000-latest:p18  bal_before=7357463  est=300c
  ↳ xarticles:likes-gte-1000-latest:p18  bal_after=7357463  spent=0c ($0.0)  count=20
  ↳ xarticles:likes-gte-1000-latest:p19  bal_before=7357463  est=300c
  ↳ xarticles:likes-gte-1000-latest:p19  bal_after=7357463  spent=0c ($0.0)  count=20
  ↳ xarticles:likes-gte-1000-latest:p20  bal_before=7357463  est=300c
  ↳ xarticles:likes-gte-1000-latest:p20  bal_after=7357463  spent=0c ($0.0)  count=20
  ↳ xarticles:likes-gte-1000-latest:p21  bal_before=7357463  est=300c
  ↳ xarticles:likes-gte-1000-latest:p21  bal_after=7357463  spent=0c ($0.0)  count=20
  ↳ xarticles:likes-gte-1000-latest:p22  bal_before=7357463  est=300c
  ↳ xarticles:likes-gte-1000-latest:p22  bal_after=7357463  spent=0c ($0.0)  count=20
  ↳ xarticles:likes-gte-1000-latest:p23  bal_before=7357463  est=300c
  ↳ xarticles:likes-gte-1000-latest:p23  bal_after=7357463  spent=0c ($0.0)  count=20
  ↳ xarticles:likes-gte-1000-latest:p24  bal_before=7357463  est=300c
  ↳ xarticles:likes-gte-1000-latest:p24  bal_after=7357463  spent=0c ($0.0)  count=20
  ↳ xarticles:likes-gte-1000-latest:p25  bal_before=7357463  est=300c
  ↳ xarticles:likes-gte-1000-latest:p25  bal_after=7357463  spent=0c ($0.0)  count=20
  ↳ xarticles:likes-gte-1000-latest:p26  bal_before=7357463  est=300c
  ↳ xarticles:likes-gte-1000-latest:p26  bal_after=7357463  spent=0c ($0.0)  count=20
  ↳ xarticles:likes-gte-1000-latest:p27  bal_before=7357463  est=300c
  ↳ xarticles:likes-gte-1000-latest:p27  bal_after=7357463  spent=0c ($0.0)  count=7
  ↳ window exhausted at p27 (oldest page fully before cutoff)

### likes-gte-500 [Top] x10p min_faves:500 url:x.com/i/article since:2026-05-11 -is:retweet
  ↳ xarticles:likes-gte-500:p0  bal_before=7357463  est=300c
  ↳ xarticles:likes-gte-500:p0  bal_after=7357463  spent=0c ($0.0)  count=20
  ↳ xarticles:likes-gte-500:p1  bal_before=7357463  est=300c
  ↳ xarticles:likes-gte-500:p1  bal_after=7357463  spent=0c ($0.0)  count=20
  ↳ xarticles:likes-gte-500:p2  bal_before=7357463  est=300c
  ↳ xarticles:likes-gte-500:p2  bal_after=7353458  spent=4005c ($0.0401)  count=20
  ↳ xarticles:likes-gte-500:p3  bal_before=7353458  est=300c
  ↳ xarticles:likes-gte-500:p3  bal_after=7353458  spent=0c ($0.0)  count=20
  ↳ xarticles:likes-gte-500:p4  bal_before=7353458  est=300c
  ↳ xarticles:likes-gte-500:p4  bal_after=7353458  spent=0c ($0.0)  count=20
  ↳ xarticles:likes-gte-500:p5  bal_before=7353458  est=300c
  ↳ xarticles:likes-gte-500:p5  bal_after=7353458  spent=0c ($0.0)  count=20
  ↳ xarticles:likes-gte-500:p6  bal_before=7353458  est=300c
  ↳ xarticles:likes-gte-500:p6  bal_after=7353458  spent=0c ($0.0)  count=19
  ↳ xarticles:likes-gte-500:p7  bal_before=7353458  est=300c
  ↳ xarticles:likes-gte-500:p7  bal_after=7353458  spent=0c ($0.0)  count=20
  ↳ xarticles:likes-gte-500:p8  bal_before=7353458  est=300c
  ↳ xarticles:likes-gte-500:p8  bal_after=7353458  spent=0c ($0.0)  count=20
  ↳ xarticles:likes-gte-500:p9  bal_before=7353458  est=300c
  ↳ xarticles:likes-gte-500:p9  bal_after=7353458  spent=0c ($0.0)  count=20

### likes-gte-500-latest [Latest] x50p min_faves:500 url:x.com/i/article since:2026-05-11 -is:retweet
  ↳ xarticles:likes-gte-500-latest:p0  bal_before=7353458  est=300c
  ↳ xarticles:likes-gte-500-latest:p0  bal_after=7351073  spent=2385c ($0.0238)  count=20
  ↳ xarticles:likes-gte-500-latest:p1  bal_before=7351073  est=300c
  ↳ xarticles:likes-gte-500-latest:p1  bal_after=7351073  spent=0c ($0.0)  count=20
  ↳ xarticles:likes-gte-500-latest:p2  bal_before=7351073  est=300c
  ↳ xarticles:likes-gte-500-latest:p2  bal_after=7351073  spent=0c ($0.0)  count=20
  ↳ xarticles:likes-gte-500-latest:p3  bal_before=7351073  est=300c
  ↳ xarticles:likes-gte-500-latest:p3  bal_after=7351073  spent=0c ($0.0)  count=20
  ↳ xarticles:likes-gte-500-latest:p4  bal_before=7351073  est=300c
  ↳ xarticles:likes-gte-500-latest:p4  bal_after=7351073  spent=0c ($0.0)  count=20
  ↳ xarticles:likes-gte-500-latest:p5  bal_before=7351073  est=300c
  ↳ xarticles:likes-gte-500-latest:p5  bal_after=7351073  spent=0c ($0.0)  count=20
  ↳ xarticles:likes-gte-500-latest:p6  bal_before=7351073  est=300c
  ↳ xarticles:likes-gte-500-latest:p6  bal_after=7351073  spent=0c ($0.0)  count=20
  ↳ xarticles:likes-gte-500-latest:p7  bal_before=7351073  est=300c
  ↳ xarticles:likes-gte-500-latest:p7  bal_after=7351073  spent=0c ($0.0)  count=20
  ↳ xarticles:likes-gte-500-latest:p8  bal_before=7351073  est=300c
  ↳ xarticles:likes-gte-500-latest:p8  bal_after=7351073  spent=0c ($0.0)  count=20
  ↳ xarticles:likes-gte-500-latest:p9  bal_before=7351073  est=300c
  ↳ xarticles:likes-gte-500-latest:p9  bal_after=7351073  spent=0c ($0.0)  count=18
  ↳ xarticles:likes-gte-500-latest:p10  bal_before=7351073  est=300c
  ↳ xarticles:likes-gte-500-latest:p10  bal_after=7351073  spent=0c ($0.0)  count=20
  ↳ xarticles:likes-gte-500-latest:p11  bal_before=7351073  est=300c
  ↳ xarticles:likes-gte-500-latest:p11  bal_after=7351073  spent=0c ($0.0)  count=20
  ↳ xarticles:likes-gte-500-latest:p12  bal_before=7351073  est=300c
  ↳ xarticles:likes-gte-500-latest:p12  bal_after=7351073  spent=0c ($0.0)  count=20
  ↳ xarticles:likes-gte-500-latest:p13  bal_before=7351073  est=300c
  ↳ xarticles:likes-gte-500-latest:p13  bal_after=7351073  spent=0c ($0.0)  count=20
  ↳ xarticles:likes-gte-500-latest:p14  bal_before=7351073  est=300c
  ↳ xarticles:likes-gte-500-latest:p14  bal_after=7351073  spent=0c ($0.0)  count=20
  ↳ xarticles:likes-gte-500-latest:p15  bal_before=7351073  est=300c
  ↳ xarticles:likes-gte-500-latest:p15  bal_after=7346303  spent=4770c ($0.0477)  count=20
  ↳ xarticles:likes-gte-500-latest:p16  bal_before=7346303  est=300c
  ↳ xarticles:likes-gte-500-latest:p16  bal_after=7346303  spent=0c ($0.0)  count=20
  ↳ xarticles:likes-gte-500-latest:p17  bal_before=7346303  est=300c
  ↳ xarticles:likes-gte-500-latest:p17  bal_after=7346303  spent=0c ($0.0)  count=20
  ↳ xarticles:likes-gte-500-latest:p18  bal_before=7346303  est=300c
  ↳ xarticles:likes-gte-500-latest:p18  bal_after=7346303  spent=0c ($0.0)  count=20
  ↳ xarticles:likes-gte-500-latest:p19  bal_before=7346303  est=300c
  ↳ xarticles:likes-gte-500-latest:p19  bal_after=7346303  spent=0c ($0.0)  count=20
  ↳ xarticles:likes-gte-500-latest:p20  bal_before=7346303  est=300c
  ↳ xarticles:likes-gte-500-latest:p20  bal_after=7346303  spent=0c ($0.0)  count=20
  ↳ xarticles:likes-gte-500-latest:p21  bal_before=7346303  est=300c
  ↳ xarticles:likes-gte-500-latest:p21  bal_after=7346303  spent=0c ($0.0)  count=20
  ↳ xarticles:likes-gte-500-latest:p22  bal_before=7346303  est=300c
  ↳ xarticles:likes-gte-500-latest:p22  bal_after=7346303  spent=0c ($0.0)  count=20
  ↳ xarticles:likes-gte-500-latest:p23  bal_before=7346303  est=300c
  ↳ xarticles:likes-gte-500-latest:p23  bal_after=7346303  spent=0c ($0.0)  count=20
  ↳ xarticles:likes-gte-500-latest:p24  bal_before=7346303  est=300c
  ↳ xarticles:likes-gte-500-latest:p24  bal_after=7346303  spent=0c ($0.0)  count=20
  ↳ xarticles:likes-gte-500-latest:p25  bal_before=7346303  est=300c
  ↳ xarticles:likes-gte-500-latest:p25  bal_after=7346303  spent=0c ($0.0)  count=20
  ↳ xarticles:likes-gte-500-latest:p26  bal_before=7346303  est=300c
  ↳ xarticles:likes-gte-500-latest:p26  bal_after=7346303  spent=0c ($0.0)  count=20
  ↳ xarticles:likes-gte-500-latest:p27  bal_before=7346303  est=300c
  ↳ xarticles:likes-gte-500-latest:p27  bal_after=7346303  spent=0c ($0.0)  count=20
  ↳ xarticles:likes-gte-500-latest:p28  bal_before=7346303  est=300c
  ↳ xarticles:likes-gte-500-latest:p28  bal_after=7346303  spent=0c ($0.0)  count=20
  ↳ xarticles:likes-gte-500-latest:p29  bal_before=7346303  est=300c
  ↳ xarticles:likes-gte-500-latest:p29  bal_after=7342403  spent=3900c ($0.039)  count=20
  ↳ xarticles:likes-gte-500-latest:p30  bal_before=7342403  est=300c
  ↳ xarticles:likes-gte-500-latest:p30  bal_after=7342403  spent=0c ($0.0)  count=20
  ↳ xarticles:likes-gte-500-latest:p31  bal_before=7342403  est=300c
  ↳ xarticles:likes-gte-500-latest:p31  bal_after=7342403  spent=0c ($0.0)  count=20
  ↳ xarticles:likes-gte-500-latest:p32  bal_before=7342403  est=300c
  ↳ xarticles:likes-gte-500-latest:p32  bal_after=7342403  spent=0c ($0.0)  count=19
  ↳ xarticles:likes-gte-500-latest:p33  bal_before=7342403  est=300c
  ↳ xarticles:likes-gte-500-latest:p33  bal_after=7342403  spent=0c ($0.0)  count=20
  ↳ xarticles:likes-gte-500-latest:p34  bal_before=7342403  est=300c
  ↳ xarticles:likes-gte-500-latest:p34  bal_after=7342403  spent=0c ($0.0)  count=20
  ↳ xarticles:likes-gte-500-latest:p35  bal_before=7342403  est=300c
  ↳ xarticles:likes-gte-500-latest:p35  bal_after=7342403  spent=0c ($0.0)  count=19
  ↳ xarticles:likes-gte-500-latest:p36  bal_before=7342403  est=300c
  ↳ xarticles:likes-gte-500-latest:p36  bal_after=7342403  spent=0c ($0.0)  count=20
  ↳ xarticles:likes-gte-500-latest:p37  bal_before=7342403  est=300c
  ↳ xarticles:likes-gte-500-latest:p37  bal_after=7342403  spent=0c ($0.0)  count=20
  ↳ xarticles:likes-gte-500-latest:p38  bal_before=7342403  est=300c
  ↳ xarticles:likes-gte-500-latest:p38  bal_after=7342403  spent=0c ($0.0)  count=20
  ↳ xarticles:likes-gte-500-latest:p39  bal_before=7342403  est=300c
  ↳ xarticles:likes-gte-500-latest:p39  bal_after=7342403  spent=0c ($0.0)  count=20
  ↳ xarticles:likes-gte-500-latest:p40  bal_before=7342403  est=300c
  ↳ xarticles:likes-gte-500-latest:p40  bal_after=7342403  spent=0c ($0.0)  count=20
  ↳ xarticles:likes-gte-500-latest:p41  bal_before=7342403  est=300c
  ↳ xarticles:likes-gte-500-latest:p41  bal_after=7342403  spent=0c ($0.0)  count=20
  ↳ xarticles:likes-gte-500-latest:p42  bal_before=7342403  est=300c
  ↳ xarticles:likes-gte-500-latest:p42  bal_after=7342403  spent=0c ($0.0)  count=20
  ↳ xarticles:likes-gte-500-latest:p43  bal_before=7342403  est=300c
  ↳ xarticles:likes-gte-500-latest:p43  bal_after=7338533  spent=3870c ($0.0387)  count=20
  ↳ xarticles:likes-gte-500-latest:p44  bal_before=7338533  est=300c
  ↳ xarticles:likes-gte-500-latest:p44  bal_after=7338533  spent=0c ($0.0)  count=20
  ↳ xarticles:likes-gte-500-latest:p45  bal_before=7338533  est=300c
  ↳ xarticles:likes-gte-500-latest:p45  bal_after=7338533  spent=0c ($0.0)  count=20
  ↳ xarticles:likes-gte-500-latest:p46  bal_before=7338533  est=300c
  ↳ xarticles:likes-gte-500-latest:p46  bal_after=7338533  spent=0c ($0.0)  count=20
  ↳ xarticles:likes-gte-500-latest:p47  bal_before=7338533  est=300c
  ↳ xarticles:likes-gte-500-latest:p47  bal_after=7338533  spent=0c ($0.0)  count=20
  ↳ xarticles:likes-gte-500-latest:p48  bal_before=7338533  est=300c
  ↳ xarticles:likes-gte-500-latest:p48  bal_after=7338533  spent=0c ($0.0)  count=19
  ↳ xarticles:likes-gte-500-latest:p49  bal_before=7338533  est=300c
  ↳ xarticles:likes-gte-500-latest:p49  bal_after=7338533  spent=0c ($0.0)  count=19

### likes-gte-250 [Top] x10p min_faves:250 url:x.com/i/article since:2026-05-11 -is:retweet
  ↳ xarticles:likes-gte-250:p0  bal_before=7338533  est=300c
  ↳ xarticles:likes-gte-250:p0  bal_after=7338533  spent=0c ($0.0)  count=20
  ↳ xarticles:likes-gte-250:p1  bal_before=7338533  est=300c
  ↳ xarticles:likes-gte-250:p1  bal_after=7338533  spent=0c ($0.0)  count=20
  ↳ xarticles:likes-gte-250:p2  bal_before=7338533  est=300c
  ↳ xarticles:likes-gte-250:p2  bal_after=7338533  spent=0c ($0.0)  count=20
  ↳ xarticles:likes-gte-250:p3  bal_before=7338533  est=300c
  ↳ xarticles:likes-gte-250:p3  bal_after=7338533  spent=0c ($0.0)  count=20
  ↳ xarticles:likes-gte-250:p4  bal_before=7334963  est=300c
  ↳ xarticles:likes-gte-250:p4  bal_after=7334963  spent=0c ($0.0)  count=20
  ↳ xarticles:likes-gte-250:p5  bal_before=7334963  est=300c
  ↳ xarticles:likes-gte-250:p5  bal_after=7334963  spent=0c ($0.0)  count=20
  ↳ xarticles:likes-gte-250:p6  bal_before=7334963  est=300c
  ↳ xarticles:likes-gte-250:p6  bal_after=7334963  spent=0c ($0.0)  count=20
  ↳ xarticles:likes-gte-250:p7  bal_before=7334963  est=300c
  ↳ xarticles:likes-gte-250:p7  bal_after=7334963  spent=0c ($0.0)  count=20
  ↳ xarticles:likes-gte-250:p8  bal_before=7334963  est=300c
  ↳ xarticles:likes-gte-250:p8  bal_after=7334963  spent=0c ($0.0)  count=20
  ↳ xarticles:likes-gte-250:p9  bal_before=7334963  est=300c
  ↳ xarticles:likes-gte-250:p9  bal_after=7334963  spent=0c ($0.0)  count=20

### likes-gte-250-latest [Latest] x50p min_faves:250 url:x.com/i/article since:2026-05-11 -is:retweet
  ↳ xarticles:likes-gte-250-latest:p0  bal_before=7334963  est=300c
  ↳ xarticles:likes-gte-250-latest:p0  bal_after=7334963  spent=0c ($0.0)  count=20
  ↳ xarticles:likes-gte-250-latest:p1  bal_before=7334963  est=300c
  ↳ xarticles:likes-gte-250-latest:p1  bal_after=7334963  spent=0c ($0.0)  count=20
  ↳ xarticles:likes-gte-250-latest:p2  bal_before=7334963  est=300c
  ↳ xarticles:likes-gte-250-latest:p2  bal_after=7334963  spent=0c ($0.0)  count=20
  ↳ xarticles:likes-gte-250-latest:p3  bal_before=7334963  est=300c
  ↳ xarticles:likes-gte-250-latest:p3  bal_after=7334963  spent=0c ($0.0)  count=20
  ↳ xarticles:likes-gte-250-latest:p4  bal_before=7334963  est=300c
  ↳ xarticles:likes-gte-250-latest:p4  bal_after=7334963  spent=0c ($0.0)  count=20
  ↳ xarticles:likes-gte-250-latest:p5  bal_before=7334963  est=300c
  ↳ xarticles:likes-gte-250-latest:p5  bal_after=7334963  spent=0c ($0.0)  count=20
  ↳ xarticles:likes-gte-250-latest:p6  bal_before=7334963  est=300c
  ↳ xarticles:likes-gte-250-latest:p6  bal_after=7334963  spent=0c ($0.0)  count=20
  ↳ xarticles:likes-gte-250-latest:p7  bal_before=7334963  est=300c
  ↳ xarticles:likes-gte-250-latest:p7  bal_after=7330763  spent=4200c ($0.042)  count=20
  ↳ xarticles:likes-gte-250-latest:p8  bal_before=7330763  est=300c
  ↳ xarticles:likes-gte-250-latest:p8  bal_after=7330763  spent=0c ($0.0)  count=20
  ↳ xarticles:likes-gte-250-latest:p9  bal_before=7330763  est=300c
  ↳ xarticles:likes-gte-250-latest:p9  bal_after=7330763  spent=0c ($0.0)  count=20
  ↳ xarticles:likes-gte-250-latest:p10  bal_before=7330763  est=300c
  ↳ xarticles:likes-gte-250-latest:p10  bal_after=7330763  spent=0c ($0.0)  count=20
  ↳ xarticles:likes-gte-250-latest:p11  bal_before=7330763  est=300c
  ↳ xarticles:likes-gte-250-latest:p11  bal_after=7330763  spent=0c ($0.0)  count=20
  ↳ xarticles:likes-gte-250-latest:p12  bal_before=7330763  est=300c
  ↳ xarticles:likes-gte-250-latest:p12  bal_after=7330763  spent=0c ($0.0)  count=20
  ↳ xarticles:likes-gte-250-latest:p13  bal_before=7330763  est=300c
  ↳ xarticles:likes-gte-250-latest:p13  bal_after=7330763  spent=0c ($0.0)  count=20
  ↳ xarticles:likes-gte-250-latest:p14  bal_before=7330763  est=300c
  ↳ xarticles:likes-gte-250-latest:p14  bal_after=7330763  spent=0c ($0.0)  count=20
  ↳ xarticles:likes-gte-250-latest:p15  bal_before=7330763  est=300c
  ↳ xarticles:likes-gte-250-latest:p15  bal_after=7330763  spent=0c ($0.0)  count=20
  ↳ xarticles:likes-gte-250-latest:p16  bal_before=7330763  est=300c
  ↳ xarticles:likes-gte-250-latest:p16  bal_after=7330763  spent=0c ($0.0)  count=20
  ↳ xarticles:likes-gte-250-latest:p17  bal_before=7330763  est=300c
  ↳ xarticles:likes-gte-250-latest:p17  bal_after=7330763  spent=0c ($0.0)  count=19
  ↳ xarticles:likes-gte-250-latest:p18  bal_before=7330763  est=300c
  ↳ xarticles:likes-gte-250-latest:p18  bal_after=7330763  spent=0c ($0.0)  count=20
  ↳ xarticles:likes-gte-250-latest:p19  bal_before=7330763  est=300c
  ↳ xarticles:likes-gte-250-latest:p19  bal_after=7330763  spent=0c ($0.0)  count=20
  ↳ xarticles:likes-gte-250-latest:p20  bal_before=7330763  est=300c
  ↳ xarticles:likes-gte-250-latest:p20  bal_after=7330763  spent=0c ($0.0)  count=20
  ↳ xarticles:likes-gte-250-latest:p21  bal_before=7330763  est=300c
  ↳ xarticles:likes-gte-250-latest:p21  bal_after=7330763  spent=0c ($0.0)  count=20
  ↳ xarticles:likes-gte-250-latest:p22  bal_before=7330763  est=300c
  ↳ xarticles:likes-gte-250-latest:p22  bal_after=7330763  spent=0c ($0.0)  count=18
  ↳ xarticles:likes-gte-250-latest:p23  bal_before=7330763  est=300c
  ↳ xarticles:likes-gte-250-latest:p23  bal_after=7330763  spent=0c ($0.0)  count=20
  ↳ xarticles:likes-gte-250-latest:p24  bal_before=7330763  est=300c
  ↳ xarticles:likes-gte-250-latest:p24  bal_after=7330763  spent=0c ($0.0)  count=20
  ↳ xarticles:likes-gte-250-latest:p25  bal_before=7330763  est=300c
  ↳ xarticles:likes-gte-250-latest:p25  bal_after=7326278  spent=4485c ($0.0449)  count=20
  ↳ xarticles:likes-gte-250-latest:p26  bal_before=7326278  est=300c
  ↳ xarticles:likes-gte-250-latest:p26  bal_after=7326278  spent=0c ($0.0)  count=20
  ↳ xarticles:likes-gte-250-latest:p27  bal_before=7326278  est=300c
  ↳ xarticles:likes-gte-250-latest:p27  bal_after=7326278  spent=0c ($0.0)  count=20
  ↳ xarticles:likes-gte-250-latest:p28  bal_before=7326278  est=300c
  ↳ xarticles:likes-gte-250-latest:p28  bal_after=7326278  spent=0c ($0.0)  count=20
  ↳ xarticles:likes-gte-250-latest:p29  bal_before=7326278  est=300c
  ↳ xarticles:likes-gte-250-latest:p29  bal_after=7326278  spent=0c ($0.0)  count=20
  ↳ xarticles:likes-gte-250-latest:p30  bal_before=7326278  est=300c
  ↳ xarticles:likes-gte-250-latest:p30  bal_after=7326278  spent=0c ($0.0)  count=20
  ↳ xarticles:likes-gte-250-latest:p31  bal_before=7326278  est=300c
  ↳ xarticles:likes-gte-250-latest:p31  bal_after=7326278  spent=0c ($0.0)  count=20
  ↳ xarticles:likes-gte-250-latest:p32  bal_before=7326278  est=300c
  ↳ xarticles:likes-gte-250-latest:p32  bal_after=7326278  spent=0c ($0.0)  count=20
  ↳ xarticles:likes-gte-250-latest:p33  bal_before=7326278  est=300c
  ↳ xarticles:likes-gte-250-latest:p33  bal_after=7326278  spent=0c ($0.0)  count=20
  ↳ xarticles:likes-gte-250-latest:p34  bal_before=7326278  est=300c
  ↳ xarticles:likes-gte-250-latest:p34  bal_after=7326278  spent=0c ($0.0)  count=20
  ↳ xarticles:likes-gte-250-latest:p35  bal_before=7326278  est=300c
  ↳ xarticles:likes-gte-250-latest:p35  bal_after=7326278  spent=0c ($0.0)  count=20
  ↳ xarticles:likes-gte-250-latest:p36  bal_before=7326278  est=300c
  ↳ xarticles:likes-gte-250-latest:p36  bal_after=7326278  spent=0c ($0.0)  count=19
  ↳ xarticles:likes-gte-250-latest:p37  bal_before=7326278  est=300c
  ↳ xarticles:likes-gte-250-latest:p37  bal_after=7326278  spent=0c ($0.0)  count=20
  ↳ xarticles:likes-gte-250-latest:p38  bal_before=7326278  est=300c
  ↳ xarticles:likes-gte-250-latest:p38  bal_after=7326278  spent=0c ($0.0)  count=20
  ↳ xarticles:likes-gte-250-latest:p39  bal_before=7326278  est=300c
  ↳ xarticles:likes-gte-250-latest:p39  bal_after=7326278  spent=0c ($0.0)  count=19
  ↳ xarticles:likes-gte-250-latest:p40  bal_before=7326278  est=300c
  ↳ xarticles:likes-gte-250-latest:p40  bal_after=7326278  spent=0c ($0.0)  count=20
  ↳ xarticles:likes-gte-250-latest:p41  bal_before=7326278  est=300c
  ↳ xarticles:likes-gte-250-latest:p41  bal_after=7321223  spent=5055c ($0.0505)  count=19
  ↳ xarticles:likes-gte-250-latest:p42  bal_before=7321223  est=300c
  ↳ xarticles:likes-gte-250-latest:p42  bal_after=7321223  spent=0c ($0.0)  count=20
  ↳ xarticles:likes-gte-250-latest:p43  bal_before=7321223  est=300c
  ↳ xarticles:likes-gte-250-latest:p43  bal_after=7321223  spent=0c ($0.0)  count=20
  ↳ xarticles:likes-gte-250-latest:p44  bal_before=7321223  est=300c
  ↳ xarticles:likes-gte-250-latest:p44  bal_after=7321223  spent=0c ($0.0)  count=20
  ↳ xarticles:likes-gte-250-latest:p45  bal_before=7321223  est=300c
  ↳ xarticles:likes-gte-250-latest:p45  bal_after=7321223  spent=0c ($0.0)  count=20
  ↳ xarticles:likes-gte-250-latest:p46  bal_before=7321223  est=300c
  ↳ xarticles:likes-gte-250-latest:p46  bal_after=7321223  spent=0c ($0.0)  count=20
  ↳ xarticles:likes-gte-250-latest:p47  bal_before=7321223  est=300c
  ↳ xarticles:likes-gte-250-latest:p47  bal_after=7321223  spent=0c ($0.0)  count=20
  ↳ xarticles:likes-gte-250-latest:p48  bal_before=7321223  est=300c
  ↳ xarticles:likes-gte-250-latest:p48  bal_after=7321223  spent=0c ($0.0)  count=20
  ↳ xarticles:likes-gte-250-latest:p49  bal_before=7321223  est=300c
  ↳ xarticles:likes-gte-250-latest:p49  bal_after=7321223  spent=0c ($0.0)  count=20

### likes-gte-100 [Top] x10p min_faves:100 url:x.com/i/article since:2026-05-11 -is:retweet
  ↳ xarticles:likes-gte-100:p0  bal_before=7321223  est=300c
  ↳ xarticles:likes-gte-100:p0  bal_after=7321223  spent=0c ($0.0)  count=20
  ↳ xarticles:likes-gte-100:p1  bal_before=7321223  est=300c
  ↳ xarticles:likes-gte-100:p1  bal_after=7321223  spent=0c ($0.0)  count=20
  ↳ xarticles:likes-gte-100:p2  bal_before=7321223  est=300c
  ↳ xarticles:likes-gte-100:p2  bal_after=7321223  spent=0c ($0.0)  count=20
  ↳ xarticles:likes-gte-100:p3  bal_before=7321223  est=300c
  ↳ xarticles:likes-gte-100:p3  bal_after=7321223  spent=0c ($0.0)  count=20
  ↳ xarticles:likes-gte-100:p4  bal_before=7321223  est=300c
  ↳ xarticles:likes-gte-100:p4  bal_after=7321223  spent=0c ($0.0)  count=17
  ↳ xarticles:likes-gte-100:p5  bal_before=7316753  est=300c
  ↳ xarticles:likes-gte-100:p5  bal_after=7316753  spent=0c ($0.0)  count=16
  ↳ xarticles:likes-gte-100:p6  bal_before=7316753  est=300c
  ↳ xarticles:likes-gte-100:p6  bal_after=7316753  spent=0c ($0.0)  count=14
  ↳ xarticles:likes-gte-100:p7  bal_before=7316753  est=300c
  ↳ xarticles:likes-gte-100:p7  bal_after=7316753  spent=0c ($0.0)  count=11
  ↳ xarticles:likes-gte-100:p8  bal_before=7316753  est=300c
  ↳ xarticles:likes-gte-100:p8  bal_after=7316753  spent=0c ($0.0)  count=8
  ↳ xarticles:likes-gte-100:p9  bal_before=7316753  est=300c
  ↳ xarticles:likes-gte-100:p9  bal_after=7316753  spent=0c ($0.0)  count=10

### likes-gte-100-latest [Latest] x50p min_faves:100 url:x.com/i/article since:2026-05-11 -is:retweet
  ↳ xarticles:likes-gte-100-latest:p0  bal_before=7316753  est=300c
  ↳ xarticles:likes-gte-100-latest:p0  bal_after=7316753  spent=0c ($0.0)  count=20
  ↳ xarticles:likes-gte-100-latest:p1  bal_before=7316753  est=300c
  ↳ xarticles:likes-gte-100-latest:p1  bal_after=7316753  spent=0c ($0.0)  count=20
  ↳ xarticles:likes-gte-100-latest:p2  bal_before=7316753  est=300c
  ↳ xarticles:likes-gte-100-latest:p2  bal_after=7316753  spent=0c ($0.0)  count=20
  ↳ xarticles:likes-gte-100-latest:p3  bal_before=7316753  est=300c
  ↳ xarticles:likes-gte-100-latest:p3  bal_after=7316753  spent=0c ($0.0)  count=20
  ↳ xarticles:likes-gte-100-latest:p4  bal_before=7316753  est=300c
  ↳ xarticles:likes-gte-100-latest:p4  bal_after=7316753  spent=0c ($0.0)  count=20
  ↳ xarticles:likes-gte-100-latest:p5  bal_before=7316753  est=300c
  ↳ xarticles:likes-gte-100-latest:p5  bal_after=7316753  spent=0c ($0.0)  count=20
  ↳ xarticles:likes-gte-100-latest:p6  bal_before=7316753  est=300c
  ↳ xarticles:likes-gte-100-latest:p6  bal_after=7314413  spent=2340c ($0.0234)  count=19
  ↳ xarticles:likes-gte-100-latest:p7  bal_before=7314413  est=300c
  ↳ xarticles:likes-gte-100-latest:p7  bal_after=7314413  spent=0c ($0.0)  count=20
  ↳ xarticles:likes-gte-100-latest:p8  bal_before=7314413  est=300c
  ↳ xarticles:likes-gte-100-latest:p8  bal_after=7314413  spent=0c ($0.0)  count=19
  ↳ xarticles:likes-gte-100-latest:p9  bal_before=7314413  est=300c
  ↳ xarticles:likes-gte-100-latest:p9  bal_after=7314413  spent=0c ($0.0)  count=20
  ↳ xarticles:likes-gte-100-latest:p10  bal_before=7314413  est=300c
  ↳ xarticles:likes-gte-100-latest:p10  bal_after=7314413  spent=0c ($0.0)  count=20
  ↳ xarticles:likes-gte-100-latest:p11  bal_before=7314413  est=300c
  ↳ xarticles:likes-gte-100-latest:p11  bal_after=7314413  spent=0c ($0.0)  count=20
  ↳ xarticles:likes-gte-100-latest:p12  bal_before=7314413  est=300c
  ↳ xarticles:likes-gte-100-latest:p12  bal_after=7314413  spent=0c ($0.0)  count=20
  ↳ xarticles:likes-gte-100-latest:p13  bal_before=7314413  est=300c
  ↳ xarticles:likes-gte-100-latest:p13  bal_after=7314413  spent=0c ($0.0)  count=19
  ↳ xarticles:likes-gte-100-latest:p14  bal_before=7314413  est=300c
  ↳ xarticles:likes-gte-100-latest:p14  bal_after=7314413  spent=0c ($0.0)  count=20
  ↳ xarticles:likes-gte-100-latest:p15  bal_before=7314413  est=300c
  ↳ xarticles:likes-gte-100-latest:p15  bal_after=7314413  spent=0c ($0.0)  count=20
  ↳ xarticles:likes-gte-100-latest:p16  bal_before=7314413  est=300c
  ↳ xarticles:likes-gte-100-latest:p16  bal_after=7314413  spent=0c ($0.0)  count=20
  ↳ xarticles:likes-gte-100-latest:p17  bal_before=7314413  est=300c
  ↳ xarticles:likes-gte-100-latest:p17  bal_after=7314413  spent=0c ($0.0)  count=20
  ↳ xarticles:likes-gte-100-latest:p18  bal_before=7314413  est=300c
  ↳ xarticles:likes-gte-100-latest:p18  bal_after=7314413  spent=0c ($0.0)  count=20
  ↳ xarticles:likes-gte-100-latest:p19  bal_before=7314413  est=300c
  ↳ xarticles:likes-gte-100-latest:p19  bal_after=7314413  spent=0c ($0.0)  count=20
  ↳ xarticles:likes-gte-100-latest:p20  bal_before=7314413  est=300c
  ↳ xarticles:likes-gte-100-latest:p20  bal_after=7314413  spent=0c ($0.0)  count=20
  ↳ xarticles:likes-gte-100-latest:p21  bal_before=7314413  est=300c
  ↳ xarticles:likes-gte-100-latest:p21  bal_after=7314413  spent=0c ($0.0)  count=20
  ↳ xarticles:likes-gte-100-latest:p22  bal_before=7314413  est=300c
  ↳ xarticles:likes-gte-100-latest:p22  bal_after=7314413  spent=0c ($0.0)  count=20
  ↳ xarticles:likes-gte-100-latest:p23  bal_before=7314413  est=300c
  ↳ xarticles:likes-gte-100-latest:p23  bal_after=7314413  spent=0c ($0.0)  count=20
  ↳ xarticles:likes-gte-100-latest:p24  bal_before=7314413  est=300c
  ↳ xarticles:likes-gte-100-latest:p24  bal_after=7308458  spent=5955c ($0.0595)  count=18
  ↳ xarticles:likes-gte-100-latest:p25  bal_before=7308458  est=300c
  ↳ xarticles:likes-gte-100-latest:p25  bal_after=7308458  spent=0c ($0.0)  count=20
  ↳ xarticles:likes-gte-100-latest:p26  bal_before=7308458  est=300c
  ↳ xarticles:likes-gte-100-latest:p26  bal_after=7308458  spent=0c ($0.0)  count=20
  ↳ xarticles:likes-gte-100-latest:p27  bal_before=7308458  est=300c
  ↳ xarticles:likes-gte-100-latest:p27  bal_after=7308458  spent=0c ($0.0)  count=20
  ↳ xarticles:likes-gte-100-latest:p28  bal_before=7308458  est=300c
  ↳ xarticles:likes-gte-100-latest:p28  bal_after=7308458  spent=0c ($0.0)  count=20
  ↳ xarticles:likes-gte-100-latest:p29  bal_before=7308458  est=300c
  ↳ xarticles:likes-gte-100-latest:p29  bal_after=7308458  spent=0c ($0.0)  count=20
  ↳ xarticles:likes-gte-100-latest:p30  bal_before=7308458  est=300c
  ↳ xarticles:likes-gte-100-latest:p30  bal_after=7308458  spent=0c ($0.0)  count=20
  ↳ xarticles:likes-gte-100-latest:p31  bal_before=7308458  est=300c
  ↳ xarticles:likes-gte-100-latest:p31  bal_after=7308458  spent=0c ($0.0)  count=20
  ↳ xarticles:likes-gte-100-latest:p32  bal_before=7308458  est=300c
  ↳ xarticles:likes-gte-100-latest:p32  bal_after=7308458  spent=0c ($0.0)  count=20
  ↳ xarticles:likes-gte-100-latest:p33  bal_before=7308458  est=300c
  ↳ xarticles:likes-gte-100-latest:p33  bal_after=7308458  spent=0c ($0.0)  count=20
  ↳ xarticles:likes-gte-100-latest:p34  bal_before=7308458  est=300c
  ↳ xarticles:likes-gte-100-latest:p34  bal_after=7308458  spent=0c ($0.0)  count=20
  ↳ xarticles:likes-gte-100-latest:p35  bal_before=7308458  est=300c
  ↳ xarticles:likes-gte-100-latest:p35  bal_after=7308458  spent=0c ($0.0)  count=20
  ↳ xarticles:likes-gte-100-latest:p36  bal_before=7308458  est=300c
  ↳ xarticles:likes-gte-100-latest:p36  bal_after=7308458  spent=0c ($0.0)  count=20
  ↳ xarticles:likes-gte-100-latest:p37  bal_before=7308458  est=300c
  ↳ xarticles:likes-gte-100-latest:p37  bal_after=7308458  spent=0c ($0.0)  count=20
  ↳ xarticles:likes-gte-100-latest:p38  bal_before=7308458  est=300c
  ↳ xarticles:likes-gte-100-latest:p38  bal_after=7308458  spent=0c ($0.0)  count=20
  ↳ xarticles:likes-gte-100-latest:p39  bal_before=7308458  est=300c
  ↳ xarticles:likes-gte-100-latest:p39  bal_after=7308458  spent=0c ($0.0)  count=20
  ↳ xarticles:likes-gte-100-latest:p40  bal_before=7308458  est=300c
  ↳ xarticles:likes-gte-100-latest:p40  bal_after=7308458  spent=0c ($0.0)  count=20
  ↳ xarticles:likes-gte-100-latest:p41  bal_before=7308458  est=300c
  ↳ xarticles:likes-gte-100-latest:p41  bal_after=7308458  spent=0c ($0.0)  count=20
  ↳ xarticles:likes-gte-100-latest:p42  bal_before=7308458  est=300c
  ↳ xarticles:likes-gte-100-latest:p42  bal_after=7303688  spent=4770c ($0.0477)  count=20
  ↳ xarticles:likes-gte-100-latest:p43  bal_before=7303688  est=300c
  ↳ xarticles:likes-gte-100-latest:p43  bal_after=7303688  spent=0c ($0.0)  count=20
  ↳ xarticles:likes-gte-100-latest:p44  bal_before=7303688  est=300c
  ↳ xarticles:likes-gte-100-latest:p44  bal_after=7303688  spent=0c ($0.0)  count=20
  ↳ xarticles:likes-gte-100-latest:p45  bal_before=7303688  est=300c
  ↳ xarticles:likes-gte-100-latest:p45  bal_after=7303688  spent=0c ($0.0)  count=19
  ↳ xarticles:likes-gte-100-latest:p46  bal_before=7303688  est=300c
  ↳ xarticles:likes-gte-100-latest:p46  bal_after=7303688  spent=0c ($0.0)  count=20
  ↳ xarticles:likes-gte-100-latest:p47  bal_before=7303688  est=300c
  ↳ xarticles:likes-gte-100-latest:p47  bal_after=7303688  spent=0c ($0.0)  count=20
  ↳ xarticles:likes-gte-100-latest:p48  bal_before=7303688  est=300c
  ↳ xarticles:likes-gte-100-latest:p48  bal_after=7303688  spent=0c ($0.0)  count=20
  ↳ xarticles:likes-gte-100-latest:p49  bal_before=7303688  est=300c
  ↳ xarticles:likes-gte-100-latest:p49  bal_after=7303688  spent=0c ($0.0)  count=20

### likes-gte-50 [Top] x10p min_faves:50 url:x.com/i/article since:2026-05-11 -is:retweet
  ↳ xarticles:likes-gte-50:p0  bal_before=7303688  est=300c
  ↳ xarticles:likes-gte-50:p0  bal_after=7303688  spent=0c ($0.0)  count=20
  ↳ xarticles:likes-gte-50:p1  bal_before=7303688  est=300c
  ↳ xarticles:likes-gte-50:p1  bal_after=7303688  spent=0c ($0.0)  count=18
  ↳ xarticles:likes-gte-50:p2  bal_before=7303688  est=300c
  ↳ xarticles:likes-gte-50:p2  bal_after=7299668  spent=4020c ($0.0402)  count=20
  ↳ xarticles:likes-gte-50:p3  bal_before=7299668  est=300c
  ↳ xarticles:likes-gte-50:p3  bal_after=7299668  spent=0c ($0.0)  count=20
  ↳ xarticles:likes-gte-50:p4  bal_before=7299668  est=300c
  ↳ xarticles:likes-gte-50:p4  bal_after=7299668  spent=0c ($0.0)  count=17
  ↳ xarticles:likes-gte-50:p5  bal_before=7299668  est=300c
  ↳ xarticles:likes-gte-50:p5  bal_after=7299668  spent=0c ($0.0)  count=20
  ↳ xarticles:likes-gte-50:p6  bal_before=7299668  est=300c
  ↳ xarticles:likes-gte-50:p6  bal_after=7299668  spent=0c ($0.0)  count=18
  ↳ xarticles:likes-gte-50:p7  bal_before=7299668  est=300c
  ↳ xarticles:likes-gte-50:p7  bal_after=7299668  spent=0c ($0.0)  count=16
  ↳ xarticles:likes-gte-50:p8  bal_before=7299668  est=300c
  ↳ xarticles:likes-gte-50:p8  bal_after=7299668  spent=0c ($0.0)  count=14
  ↳ xarticles:likes-gte-50:p9  bal_before=7299668  est=300c
  ↳ xarticles:likes-gte-50:p9  bal_after=7299668  spent=0c ($0.0)  count=8

### likes-gte-25 [Top] x10p min_faves:25 url:x.com/i/article since:2026-05-11 -is:retweet
  ↳ xarticles:likes-gte-25:p0  bal_before=7299668  est=300c
  ↳ xarticles:likes-gte-25:p0  bal_after=7297508  spent=2160c ($0.0216)  count=20
  ↳ xarticles:likes-gte-25:p1  bal_before=7297508  est=300c
  ↳ xarticles:likes-gte-25:p1  bal_after=7297508  spent=0c ($0.0)  count=20
  ↳ xarticles:likes-gte-25:p2  bal_before=7297508  est=300c
  ↳ xarticles:likes-gte-25:p2  bal_after=7297508  spent=0c ($0.0)  count=20
  ↳ xarticles:likes-gte-25:p3  bal_before=7297508  est=300c
  ↳ xarticles:likes-gte-25:p3  bal_after=7297508  spent=0c ($0.0)  count=18
  ↳ xarticles:likes-gte-25:p4  bal_before=7297508  est=300c
  ↳ xarticles:likes-gte-25:p4  bal_after=7297508  spent=0c ($0.0)  count=14
  ↳ xarticles:likes-gte-25:p5  bal_before=7297508  est=300c
  ↳ xarticles:likes-gte-25:p5  bal_after=7297508  spent=0c ($0.0)  count=11
  ↳ xarticles:likes-gte-25:p6  bal_before=7297508  est=300c
  ↳ xarticles:likes-gte-25:p6  bal_after=7297508  spent=0c ($0.0)  count=20
  ↳ xarticles:likes-gte-25:p7  bal_before=7297508  est=300c
  ↳ xarticles:likes-gte-25:p7  bal_after=7297508  spent=0c ($0.0)  count=16
  ↳ xarticles:likes-gte-25:p8  bal_before=7297508  est=300c
  ↳ xarticles:likes-gte-25:p8  bal_after=7295303  spent=2205c ($0.0221)  count=20
  ↳ xarticles:likes-gte-25:p9  bal_before=7295303  est=300c
  ↳ xarticles:likes-gte-25:p9  bal_after=7295303  spent=0c ($0.0)  count=13

### likes-gte-10 [Top] x10p min_faves:10 url:x.com/i/article since:2026-05-11 -is:retweet
  ↳ xarticles:likes-gte-10:p0  bal_before=7295303  est=300c
  ↳ xarticles:likes-gte-10:p0  bal_after=7295303  spent=0c ($0.0)  count=20
  ↳ xarticles:likes-gte-10:p1  bal_before=7295303  est=300c
  ↳ xarticles:likes-gte-10:p1  bal_after=7295303  spent=0c ($0.0)  count=20
  ↳ xarticles:likes-gte-10:p2  bal_before=7295303  est=300c
  ↳ xarticles:likes-gte-10:p2  bal_after=7295303  spent=0c ($0.0)  count=19
  ↳ xarticles:likes-gte-10:p3  bal_before=7295303  est=300c
  ↳ xarticles:likes-gte-10:p3  bal_after=7295303  spent=0c ($0.0)  count=18
  ↳ xarticles:likes-gte-10:p4  bal_before=7295303  est=300c
  ↳ xarticles:likes-gte-10:p4  bal_after=7295303  spent=0c ($0.0)  count=16
  ↳ xarticles:likes-gte-10:p5  bal_before=7295303  est=300c
  ↳ xarticles:likes-gte-10:p5  bal_after=7295303  spent=0c ($0.0)  count=18
  ↳ xarticles:likes-gte-10:p6  bal_before=7295303  est=300c
  ↳ xarticles:likes-gte-10:p6  bal_after=7295303  spent=0c ($0.0)  count=17
  ↳ xarticles:likes-gte-10:p7  bal_before=7295303  est=300c
  ↳ xarticles:likes-gte-10:p7  bal_after=7293143  spent=2160c ($0.0216)  count=20
  ↳ xarticles:likes-gte-10:p8  bal_before=7293143  est=300c
  ↳ xarticles:likes-gte-10:p8  bal_after=7293143  spent=0c ($0.0)  count=20
  ↳ xarticles:likes-gte-10:p9  bal_before=7293143  est=300c
  ↳ xarticles:likes-gte-10:p9  bal_after=7293143  spent=0c ($0.0)  count=12

### likes-gte-5 [Top] x10p min_faves:5 url:x.com/i/article since:2026-05-11 -is:retweet
  ↳ xarticles:likes-gte-5:p0  bal_before=7293143  est=300c
  ↳ xarticles:likes-gte-5:p0  bal_after=7293143  spent=0c ($0.0)  count=20
  ↳ xarticles:likes-gte-5:p1  bal_before=7293143  est=300c
  ↳ xarticles:likes-gte-5:p1  bal_after=7293143  spent=0c ($0.0)  count=20
  ↳ xarticles:likes-gte-5:p2  bal_before=7293143  est=300c
  ↳ xarticles:likes-gte-5:p2  bal_after=7293143  spent=0c ($0.0)  count=20
  ↳ xarticles:likes-gte-5:p3  bal_before=7293143  est=300c
  ↳ xarticles:likes-gte-5:p3  bal_after=7293143  spent=0c ($0.0)  count=20
  ↳ xarticles:likes-gte-5:p4  bal_before=7293143  est=300c
  ↳ xarticles:likes-gte-5:p4  bal_after=7293143  spent=0c ($0.0)  count=17
  ↳ xarticles:likes-gte-5:p5  bal_before=7293143  est=300c
  ↳ xarticles:likes-gte-5:p5  bal_after=7293143  spent=0c ($0.0)  count=15
  ↳ xarticles:likes-gte-5:p6  bal_before=7293143  est=300c
  ↳ xarticles:likes-gte-5:p6  bal_after=7293143  spent=0c ($0.0)  count=12
  ↳ xarticles:likes-gte-5:p7  bal_before=7293143  est=300c
  ↳ xarticles:likes-gte-5:p7  bal_after=7290248  spent=2895c ($0.029)  count=20
  ↳ xarticles:likes-gte-5:p8  bal_before=7290248  est=300c
  ↳ xarticles:likes-gte-5:p8  bal_after=7290248  spent=0c ($0.0)  count=17
  ↳ xarticles:likes-gte-5:p9  bal_before=7290248  est=300c
  ↳ xarticles:likes-gte-5:p9  bal_after=7290248  spent=0c ($0.0)  count=9

### likes-gte-2 [Top] x10p min_faves:2 url:x.com/i/article since:2026-05-11 -is:retweet
  ↳ xarticles:likes-gte-2:p0  bal_before=7290248  est=300c
  ↳ xarticles:likes-gte-2:p0  bal_after=7290248  spent=0c ($0.0)  count=20
  ↳ xarticles:likes-gte-2:p1  bal_before=7290248  est=300c
  ↳ xarticles:likes-gte-2:p1  bal_after=7290248  spent=0c ($0.0)  count=19
  ↳ xarticles:likes-gte-2:p2  bal_before=7290248  est=300c
  ↳ xarticles:likes-gte-2:p2  bal_after=7290248  spent=0c ($0.0)  count=20
  ↳ xarticles:likes-gte-2:p3  bal_before=7290248  est=300c
  ↳ xarticles:likes-gte-2:p3  bal_after=7290248  spent=0c ($0.0)  count=20
  ↳ xarticles:likes-gte-2:p4  bal_before=7290248  est=300c
  ↳ xarticles:likes-gte-2:p4  bal_after=7290248  spent=0c ($0.0)  count=20
  ↳ xarticles:likes-gte-2:p5  bal_before=7290248  est=300c
  ↳ xarticles:likes-gte-2:p5  bal_after=7288673  spent=1575c ($0.0158)  count=18
  ↳ xarticles:likes-gte-2:p6  bal_before=7288673  est=300c
  ↳ xarticles:likes-gte-2:p6  bal_after=7288673  spent=0c ($0.0)  count=17
  ↳ xarticles:likes-gte-2:p7  bal_before=7288673  est=300c
  ↳ xarticles:likes-gte-2:p7  bal_after=7288673  spent=0c ($0.0)  count=20
  ↳ xarticles:likes-gte-2:p8  bal_before=7288673  est=300c
  ↳ xarticles:likes-gte-2:p8  bal_after=7288673  spent=0c ($0.0)  count=11
  ↳ xarticles:likes-gte-2:p9  bal_before=7288673  est=300c
  ↳ xarticles:likes-gte-2:p9  bal_after=7288673  spent=0c ($0.0)  count=20

### likes-gte-1 [Top] x10p min_faves:1 url:x.com/i/article since:2026-05-11 -is:retweet
  ↳ xarticles:likes-gte-1:p0  bal_before=7288673  est=300c
  ↳ xarticles:likes-gte-1:p0  bal_after=7288673  spent=0c ($0.0)  count=20
  ↳ xarticles:likes-gte-1:p1  bal_before=7288673  est=300c
  ↳ xarticles:likes-gte-1:p1  bal_after=7288673  spent=0c ($0.0)  count=20
  ↳ xarticles:likes-gte-1:p2  bal_before=7288673  est=300c
  ↳ xarticles:likes-gte-1:p2  bal_after=7288673  spent=0c ($0.0)  count=20
  ↳ xarticles:likes-gte-1:p3  bal_before=7288673  est=300c
  ↳ xarticles:likes-gte-1:p3  bal_after=7288673  spent=0c ($0.0)  count=20
  ↳ xarticles:likes-gte-1:p4  bal_before=7288673  est=300c
  ↳ xarticles:likes-gte-1:p4  bal_after=7285883  spent=2790c ($0.0279)  count=20
  ↳ xarticles:likes-gte-1:p5  bal_before=7285883  est=300c
  ↳ xarticles:likes-gte-1:p5  bal_after=7285883  spent=0c ($0.0)  count=13
  ↳ xarticles:likes-gte-1:p6  bal_before=7285883  est=300c
  ↳ xarticles:likes-gte-1:p6  bal_after=7285883  spent=0c ($0.0)  count=20
  ↳ xarticles:likes-gte-1:p7  bal_before=7285883  est=300c
  ↳ xarticles:likes-gte-1:p7  bal_after=7285883  spent=0c ($0.0)  count=11
  ↳ xarticles:likes-gte-1:p8  bal_before=7285883  est=300c
  ↳ xarticles:likes-gte-1:p8  bal_after=7285883  spent=0c ($0.0)  count=8
  ↳ xarticles:likes-gte-1:p9  bal_before=7285883  est=300c
  ↳ xarticles:likes-gte-1:p9  bal_after=7285883  spent=0c ($0.0)  count=10

### replies-gte-2000 [Top] x10p min_replies:2000 url:x.com/i/article since:2026-05-11 -is:retweet
  ↳ xarticles:replies-gte-2000:p0  bal_before=7285883  est=300c
  ↳ xarticles:replies-gte-2000:p0  bal_after=7285883  spent=0c ($0.0)  count=20
  ↳ xarticles:replies-gte-2000:p1  bal_before=7285883  est=300c
