l,Business Name,AUM,First Name,Last Name,Role,Linkedin,
https://www.linkedin.com/company/bitstamp/,Bitstamp,"1,939,187,642.16",JB ,Graftieaux ,Chief Executive Officer,https://www.linkedin.com/in/jb0001/?originalSubdomain=lu,
https://veda.tech,Veda,"1,883,013,871.52",Joseph ,Terrigno,Co-Founder,https://www.linkedin.com/in/joseph-terrigno/,
https://veda.tech,Veda,"1,883,013,871.52",Sunand ,Raghupathi,Co-Founder,https://www.linkedin.com/in/sunand-raghupathi/,
https://jito.network,Jito Liquid Staking,"1,870,235,025.57",Brian ,Smith,President,https://www.linkedin.com/in/brian-smith-00431288?miniProfileUrn=urn%3Ali%3Afs_miniProfile%3AACoAABKOQoQBAIJL7qtd37EMDp6mEjw2RxgVmR4&lipi=urn%3Ali%3Apage%3Acompanies_company_people_index%3B0d0090d1-9205-4c26-8b8e-30a021e3c54d,
https://rocketpool.net,Rocket Pool,"1,856,084,336.19",Darren ,Langley,General Manager,https://www.linkedin.com/in/darren-langley-12a03825?miniProfileUrn=urn%3Ali%3Afs_miniProfile%3AACoAAAUqebIBcyq7szGL3aHhcLTGwd_sBgARoZE&lipi=urn%3Ali%3Apage%3Acompanies_company_people_index%3B5f4ea4d1-afee-4e69-93b4-dc54650bfefe,
https://obol.org/,Obol,"1,776,428,682.59",Michael ,Schwartz,Co-Founder & CEO,https://www.linkedin.com/in/michael-shomer-schwartz/?originalSubdomain=il,
https://obol.org/,Obol,"1,776,428,682.59",Aviv ,Sadra,Co-Founder,https://www.linkedin.com/in/avivsadra?miniProfileUrn=urn%3Ali%3Afs_miniProfile%3AACoAABhucwkBMm5glpDv7l_iG4e9wV8xSQ9SfqM&lipi=urn%3Ali%3Apage%3Acompanies_company_people_index%3B232ccdd2-e90d-4474-8149-1cf94a5003e5,
https://obol.org/,Obol,"1,776,428,682.59",Michael ,Schwartz,Co-Founder & CEO,https://www.linkedin.com/in/michael-shomer-schwartz?miniProfileUrn=urn%3Ali%3Afs_miniProfile%3AACoAADXg3QkBhqZPQqYkb4kuwtL83HNSiMnKssY&lipi=urn%3Ali%3Apage%3Acompanies_company_people_index%3B232ccdd2-e90d-4474-8149-1cf94a5003e5,
https://doublezero.xyz/,DoubleZero Staked SOL,"1,757,821,579.67",Austin ,Federa,Co-Founder,https://www.linkedin.com/in/austin-federa/,
https://doublezero.xyz/,DoubleZero Staked SOL,"1,757,821,579.67",David ,McIntyre,COO ,https://www.linkedin.com/in/dmcintyre1?miniProfileUrn=urn%3Ali%3Afs_miniProfile%3AACoAAAbLf-EBzUfUs9n0efK4sCxv9g9DKaKeZX8&lipi=urn%3Ali%3Apage%3Acompanies_company_people_index%3Bb57d720c-9405-4065-a2f5-3d01a8795e98,
https://fluid.io/lending/1,Fluid Lending,"1,712,708,849.72",Vipal ,Karavadra,Founder,https://www.linkedin.com/in/vipalfluid?miniProfileUrn=urn%3Ali%3Afs_miniProfile%3AACoAAAug6u0BHY24uQJfqXynB5W0hI4x42xTqmk&lipi=urn%3Ali%3Apage%3Acompanies_company_people_index%3B0ca39ea3-9526-4fd0-8627-d81f6e997abc,
https://v3-app.compound.finance/,Compound V3,"1,666,126,960.56",,,,,
https://www.sanctum.so,Sanctum Validator LSTs,"1,570,152,436.81",Jaye ,T,Cofounder ,https://www.linkedin.com/in/jayetan?miniProfileUrn=urn%3Ali%3Afs_miniProfile%3AACoAACETHgABaq-k5QmuNFnvO9zyXGVrCwENoWI&lipi=urn%3Ali%3Apage%3Acompanies_company_people_index%3Bce9a2322-e938-4c90-a4ad-c566d010f46e,
https://app.venus.io/#/core-pool,Venus Core Pool,"1,536,454,270.06",,,,,
https://ondo.finance,Ondo Yield Assets,"1,514,512,726.69",Nathan ,Allman,Chief Executive Officer,https://www.linkedin.com/in/nathanlallman,
https://ondo.finance,Ondo Yield Assets,"1,514,512,726.69",Brendan ,Florez,Managing Director,https://www.linkedin.com/in/brendanflorez,
https://raydium.io,Raydium AMM,"1,499,196,238.01",,,,,
https://app.lighter.xyz/trade/ETH?referral=FHT1N8AYKHP4,Lighter Bridge,"1,421,120,502.61",,,,,
https://www.steakhouse.financial/,Steakhouse Financial,"1,373,141,961.49",Mark ,Phillips,Co-Founder,https://www.linkedin.com/in/mark-phillips-91210358?miniProfileUrn=urn%3Ali%3Afs_miniProfile%3AACoAAAweJV4BUs605_ka1vgbENxU--Uoz31A0DI&lipi=urn%3Ali%3Apage%3Acompanies_company_people_index%3B78094665-a662-46e1-b3f8-0ed3042ab317,
https://www.steakhouse.financial/,Steakhouse Financial,"1,373,141,961.49",Sébastien ,Derivaux,Owner,https://fr.linkedin.com/in/sebastienderivaux,
https://centrifuge.io,Centrifuge Protocol,"1,341,860,078.84",Martin ,Quensel,Owner,https://de.linkedin.com/in/martinquensel,
https://centrifuge.io,Centrifuge Protocol,"1,341,860,078.84", Lucas ,Vogelsang,Co-Founder,https://ch.linkedin.com/in/lucasvo,
https://www.gauntlet.xyz,Gauntlet,"1,332,645,091.08",John ,Morrow,Chief Operating Officer,https://www.linkedin.com/in/jmomx,
https://www.gauntlet.xyz,Gauntlet,"1,332,645,091.08",Tarun ,Chitra,Chief Executive Officer,https://www.linkedin.com/in/tarunchitra,
https://app.uniswap.org/,Uniswap V2,"1,302,777,397.25",Hayden ,Adams,CEO,https://www.linkedin.com/in/haydenadams,
https://jup.ag/swap/SOL-JupSOL,Jupiter Staked SOL,"1,292,009,527.89",Kash ,Dhanda,COO,https://www.linkedin.com/in/kash-dhanda-03110958?miniProfileUrn=urn%3Ali%3Afs_miniProfile%3AACoAAAweSOUBn23r75geUowN5jyPSxr-Rw0TeMs&lipi=urn%3Ali%3Apage%3Acompanies_company_people_index%3Bea07ccb6-c344-42f6-91c7-21df3136422e,
https://swissborg.com,SwissBorg,"1,283,500,320.47",Júlia ,Bán,CFO ,https://www.linkedin.com/in/j%C3%BAlia-b%C3%A1n-926317115/,
https://swissborg.com,SwissBorg,"1,283,500,320.47",Cyrus ,Fazel,Founder ,https://www.linkedin.com/in/cyrusfazelmrfintech/,
https://jup.ag/perps,Jupiter Perpetual Exchange,"1,249,187,785.49",Were ,Meow,Founder,https://www.linkedin.com/in/were-meow-4b7a39363/?originalSubdomain=uk,
https://www.binance.com/en/solana-staking,Binance Staked SOL,"1,159,467,164.60",Richard ,Teng,owner,https://ae.linkedin.com/in/richard-teng-3497b527,
https://kerneldao.com/kelp/restake/,Kelp,"1,137,996,564.17",Suryaganesh ,Sastry,Founder,https://in.linkedin.com/in/suryaganesh-sastry-048031a,
https://stakewise.io/,StakeWise V2,"1,129,610,457.50",Kirill ,Kutakov,Co-Founder,https://ee.linkedin.com/in/kirill-kutakov,
https://lista.org/,Lista Liquid Staking,"1,104,175,681.64", Terry ,Huang,Co-Founder,https://tw.linkedin.com/in/terry-huang-347028aa,
https://liquidcollective.io,Liquid Collective,"1,059,456,954.79",Christopher ,Matta,CEO,https://www.linkedin.com/in/christopher-matta,
https://www.fxn.xyz,Function FBTC,"1,051,680,282.17",Thomas ,Chen,CEO,https://www.linkedin.com/in/thomasxchen/,
https://jup.ag/lend,Jupiter Lend,"1,006,227,117.61",Jitendra ,Gupta,founder,https://in.linkedin.com/in/guptajiten,
https://app.solv.finance/solvbtc,SolvBTC,"1,004,828,106.91",Ryan ,Chow,owner,https://hk.linkedin.com/in/ryanchoww,
https://www.lombard.finance,Lombard LBTC,"1,004,422,188.79",Jacob ,Phillips,Cofounder ,https://www.linkedin.com/in/jacob-phillips-32a437108,
https://www.euler.finance,Euler V2,"995,412,753.67",Michael ,Bentley,CEO,https://uk.linkedin.com/in/euler-mab,
https://jup.ag/swap/SOL-JupSOL,Jupiter Staked SOL,"1,292,009,527.89",Xiao-Xiao ,Zhu,President,https://www.linkedin.com/in/xiao-xiao-j-zhu-12078730?miniProfileUrn=urn%3Ali%3Afs_miniProfile%3AACoAAAaFi-gBWJzeZVcNGkadP_wxzr9HvMcAxgI&lipi=urn%3Ali%3Apage%3Acompanies_company_people_index%3Bea07ccb6-c344-42f6-91c7-21df3136422e,
https://app.concrete.xyz,Concrete,"957,231,455.14",,,,,
https://www.convexfinance.com/,Convex Finance,"955,363,962.98",Mark ,Dalton,Managing Director,https://www.linkedin.com/in/markdaltoncfa/?originalSubdomain=hk,
https://www.m0.org/,M0,"882,956,535.98",Gregory ,Prisco,Co-Founder,https://www.linkedin.com/in/gregory-di-prisco-0672a9125/,
https://www.m0.org/,M1,"882,956,535.98",Andrew ,Khang,COO,https://www.linkedin.com/in/ajkhang?miniProfileUrn=urn%3Ali%3Afs_miniProfile%3AACoAAAtZuVoBbGrVsLWmdLNNqJeHQO2oM7cYLGk&lipi=urn%3Ali%3Apage%3Acompanies_company_people_index%3B3bf0c408-8af7-4850-9694-b1b63b584ee2,
https://korbit.co.kr,Korbit,"859,602,497.40",Iulian ,Serban,"Founder, CEO",https://www.linkedin.com/in/iulian-serban-28365710/?originalSubdomain=ca,
https://korbit.co.kr,Korbit,"859,602,497.40",Ekaterina ,Kochmar,"Co-Founder, CSO",https://www.linkedin.com/in/ekaterina-kochmar-0a655b14/,
https://korbit.co.kr,Korbit,"859,602,497.40",Mathieu ,Germain,Vice President of Artificial Intelligence,https://www.linkedin.com/in/germainmathieu/,
https://usdtb.money,Ethena USDtb,"850,869,599.44",,,,,
https://www.asterdex.com/en/referral/c6eF10,Aster Bridge,"804,205,591.64",,,,,
https://www.bitkub.com/,Bitkub,"801,963,397.49",Atichanan ,Pulges,Co-Founder ,https://www.linkedin.com/in/atichanan?miniProfileUrn=urn%3Ali%3Afs_miniProfile%3AACoAAAhbkV0BPt_kU5BatSFl1A1SFD9fQi0l3IQ&lipi=urn%3Ali%3Apage%3Acompanies_company_people_index%3B2f4aa908-322a-4973-9178-6dd4bc912a94,
https://www.bitkub.com/,Bitkub,"801,963,397.49",Topp ,Srupsrisopa,Founder & Group CEO ,https://www.linkedin.com/in/toppjirayut?miniProfileUrn=urn%3Ali%3Afs_miniProfile%3AACoAAAyjZyUB8VZAFuHQyDGEmRgXR_i2Mi_jfHg&lipi=urn%3Ali%3Apage%3Acompanies_company_people_index%3B2f4aa908-322a-4973-9178-6dd4bc912a94,
https://kinetiq.xyz/stake,Kinetiq kHYPE,"781,625,046.61",,,,,
https://bridge.linea.build,Linea Bridge,"778,820,843.65",Joseph ,Lubin,Founder,https://www.linkedin.com/in/joseph-lubin-48406489/,
https://bridge.linea.build,Linea Bridge,"778,820,843.65",Chris ,McKibbin,COO,https://www.linkedin.com/in/chris-mckibbin-68352/,
https://bridge.linea.build,Linea Bridge,"778,820,843.65",Cole ,D'Ambrosio,CFO,https://www.linkedin.com/in/cole-d-ambrosio-cpa-8b09b545/,
https://starkgate.starknet.io,Starknet Bridge,"753,902,497.97",,,,,
https://bingx.com,BingX,"736,168,086.03",Usman ,Shahid,Chief Executive Officer,https://www.linkedin.com/in/usman-shahid-2ab406371/?originalSubdomain=pk,
https://bingx.com,BingX,"736,168,086.03",Ezekiel ,James,Partner,https://www.linkedin.com/in/ezekiel-james-5b67b0252/,
https://www.methprotocol.xyz/,mETH Protocol,"732,495,689.46",,,,,
https://lista.org/lending,Lista Lending,"718,863,878.69",Terry ,Huang,Co-Founder ,https://www.linkedin.com/in/terry-huang-347028aa?miniProfileUrn=urn%3Ali%3Afs_miniProfile%3AACoAABcj-ecBeGKjBusOiAgRLH_yECh1p2sEPpg&lipi=urn%3Ali%3Apage%3Acompanies_company_people_index%3B972c12b6-5b84-4056-a953-f798ebcd62d3,
https://lista.org/,Lista CDP,"712,990,653.41",Toru ,Watanabe,Founder and CEO,https://www.linkedin.com/in/toru-watanabe-736741255/?,
https://www.wisdomtreeconnect.com/,WisdomTree,"705,883,463.55",Jonathan ,Steinberg,Founder and CEO,https://www.linkedin.com/in/jono-steinberg/,
https://app.uniswap.org/,Uniswap V4,"681,293,548.00",Brian ,Mark,Partner,https://www.linkedin.com/in/briankmark?miniProfileUrn=urn%3Ali%3Afs_miniProfile%3AACoAAAkVOxgBFfwfv_p6Tcr0tV2rfZ106KlkXgg&lipi=urn%3Ali%3Apage%3Acompanies_company_people_index%3B0fbafda5-51c7-4b1e-a567-80d3b460dff5,
https://www.ether.fi/app/liquid,ether.fi Liquid,"678,530,560.58",Rok ,Kopp,Co-Founder,https://www.linkedin.com/in/rokkopp?miniProfileUrn=urn%3Ali%3Afs_miniProfile%3AACoAAAGyFA0B4H2jKurUJDItHCtDVrLe2x50OtE&lipi=urn%3Ali%3Apage%3Acompanies_company_people_index%3Bdd428832-463b-4f33-b218-2c13d4073eda,
https://www.ether.fi/app/liquid,ether.fi Liquid,"678,530,560.58",Mike ,Silagadze,CEO,https://www.linkedin.com/in/ethermike?miniProfileUrn=urn%3Ali%3Afs_miniProfile%3AACoAAAB0BzoB9gbLvWHmwTX0wK9PSCjo_O8Sve8&lipi=urn%3Ali%3Apage%3Ad_flagship3_company%3B8yrpsQqGTU2n7HKHDaUJ1A%3D%3D,
https://usd.ai/,USD AI,"677,781,993.99",David ,Choi,co-founder and Chief Executive Officer,https://www.linkedin.com/in/david-choi-a190975b,
https://app.optimism.io/bridge/deposit,Optimism Bridge,"663,426,193.30",Olanrewaju,Samuel ,General Partner,https://www.linkedin.com/in/olanrewaju-samuel-124659290?miniProfileUrn=urn%3Ali%3Afs_miniProfile%3AACoAAEaTWmwBy4LfHz2S5w8zXElZiw2aQB2PFZA&lipi=urn%3Ali%3Apage%3Acompanies_company_people_index%3B5bc6c50c-eead-4105-866e-e3cead947774,
https://app.optimism.io/bridge/deposit,Optimism Bridge,"663,426,193.30",Bobby ,Dresser,Executive Director,https://www.linkedin.com/in/bobbydresser?miniProfileUrn=urn%3Ali%3Afs_miniProfile%3AACoAAAnt6nwBDk4RAt9vYhep3MzVdzCde75keAU&lipi=urn%3Ali%3Apage%3Acompanies_company_people_index%3B5bc6c50c-eead-4105-866e-e3cead947774,
https://app.renzoprotocol.com/restake,Renzo,"654,544,778.47",,,,,
https://app.drift.trade/ref/defillama,Drift Trade,"626,624,952.20",Cindy ,Leow,Cofounder ,https://www.linkedin.com/in/cindyleowtt?miniProfileUrn=urn%3Ali%3Afs_miniProfile%3AACoAABpZJEwBkVpJNNjn11SpR292iwLEA4_k7B4&lipi=urn%3Ali%3Apage%3Acompanies_company_people_index%3B16879b35-ee97-436e-aceb-4040769155ef,
https://app.drift.trade/ref/defillama,Drift Trade,"626,624,952.20",Jason ,Quake,Chief Executive Officer,https://www.linkedin.com/in/jason-quake-005338339/?originalSubdomain=uk,
https://superstate.com/,Superstate USTB,"588,283,045.85",Jim ,Hiltner,Co-founder,https://www.linkedin.com/in/jim-hiltner-cfa-87815482/,
https://superstate.com/,Superstate USTB,"588,283,045.85",Dean ,Swennumson,Co-Founder,https://www.linkedin.com/in/dean-swennumson-075798125/,
https://hyperunit.xyz/deposit,Unit,"583,318,001.20",,,,,
https://symbiotic.fi,Symbiotic,"582,732,723.05",Misha ,Putiatin,co-Founder ,https://www.linkedin.com/in/misha-putiatin-6a34b584?miniProfileUrn=urn%3Ali%3Afs_miniProfile%3AACoAABHfEJsBNwgP7QPmXoW5AaMTrIjb4jX6K1Y&lipi=urn%3Ali%3Apage%3Acompanies_company_people_index%3B5df54c18-fafe-43e9-a3a1-63505a2ac51f,
https://indodax.com/,Indodax,"581,918,506.07",Oscar ,Darmawan,Cofounder and Chairman,https://www.linkedin.com/in/oscardarmawan?miniProfileUrn=urn%3Ali%3Afs_miniProfile%3AACoAAA03k6ABMfk2KgarPm0E5VLKmb6qEHPfcT4&lipi=urn%3Ali%3Apage%3Acompanies_company_people_index%3B664b225e-e21d-4acc-90f2-86f8569afbd5,
https://indodax.com/,Indodax,"581,918,506.07",Fendy ,Tan,Chief Financial Officer,https://www.linkedin.com/in/fendy-tan-6834a7172?miniProfileUrn=urn%3Ali%3Afs_miniProfile%3AACoAACkB7QMBLXd8Xw1A19LPxFbtiJmlrFuwJ2s&lipi=urn%3Ali%3Apage%3Acompanies_company_people_index%3B664b225e-e21d-4acc-90f2-86f8569afbd5,
https://core.app/bridge/,Avalanche Core Bridge,"556,971,016.85",Emin ,Sirer,Founder and CEO,https://www.linkedin.com/in/emin-gun-sirer-0a921a4,
https://merlinchain.io/bridge/staking,Merlins Seal,"556,074,439.84",,,,,
https://threshold.network/,tBTC,"555,595,077.47",,,,,
https://staderlabs.com,Stader,"555,239,224.21",Amitej ,Gajjala,CEO,https://www.linkedin.com/in/amitej-gajjala,
https://www.spiko.io/,Spiko,"545,836,215.18",Paul,Hyppolite ,Co-Founder,https://www.linkedin.com/in/paul-adrien-hyppolite-71217ab4?miniProfileUrn=urn%3Ali%3Afs_miniProfile%3AACoAABg6yn4B1nUxt1kui4UXF81px4EXGNkaW20&lipi=urn%3Ali%3Apage%3Acompanies_company_people_index%3B35c3d184-9d4c-40a4-8baf-5d049fdb9112,
https://www.spiko.io/,Spiko,"545,836,215.18",Antoine ,Michon,Co-Founder ,https://www.linkedin.com/in/antoine-michon?miniProfileUrn=urn%3Ali%3Afs_miniProfile%3AACoAAA8JSycBZVQ10ptjjq_vwmybdU85BNSZL0Q&lipi=urn%3Ali%3Apage%3Acompanies_company_people_index%3B35c3d184-9d4c-40a4-8baf-5d049fdb9112,
https://free.tech/,Free Protocol,"538,979,456.59",,,,,
https://world.org/,World Chain,"524,522,359.00",Patricia ,Cookson,Chief Financial Officer,https://www.linkedin.com/in/patricia-cookson-222132341?miniProfileUrn=urn%3Ali%3Afs_miniProfile%3AACoAAFWgXboBRf6uMC4UYn3fahWNqzTNzuIq5XU&lipi=urn%3Ali%3Apage%3Acompanies_company_people_index%3Be0762767-a8dd-4200-8316-1de62971cc9c,
https://world.org/,World Chain,"524,522,359.00",Max ,Novendstern,Founder,https://www.linkedin.com/in/maxnovendstern/,
https://www.matrixport.com/nexusbtc,Nexus BTC,"516,338,187.14",John ,Ge,Co-Founder & CEO,https://www.linkedin.com/in/yuesheng-ge-6aaa3b1a4/,
https://www.matrixport.com/nexusbtc,Nexus BTC,"516,338,187.14",Cynthia ,Wu,Founding Partner & COO,https://www.linkedin.com/in/cynthia-wu-5a602617/,
http://www.bedrockcap.com/,Bedrock,"501,768,196.49",Thomas  ,O'Leary,CFO ,https://www.linkedin.com/in/thomas-o-leary-b7a54a55/,
https://www.lorenzo-protocol.xyz,Lorenzo,"497,163,094.93",Fan ,Sang,Co-Founder & CTO,https://www.linkedin.com/in/fan-sang/,
https://www.lorenzo-protocol.xyz,Lorenzo,"497,163,094.93",Tad ,Tobar,COO,linkedin.com/in/tadtobar/,
https://www.avalonfinance.xyz,Avalon,"489,952,167.56",Venus ,Li,Co-Founder,https://www.linkedin.com/in/venuslimiss/,
https://app.meteora.ag/,Meteora DLMM,"478,316,665.04",Ben ,Chow,Co-Founder,https://www.linkedin.com/in/hellochow/,
http://www.bedrockcap.com/,Bedrock,"501,768,196.49",Geoff  ,Lewis,Founder & Managing Partner,https://www.linkedin.com/in/geofflewis1/,
https://lightning.network/,Lightning Network,"477,329,176.11",,,,,
https://marinade.finance,Marinade Liquid Staking,"476,707,667.81",Andrea ,Horakova,Director,https://www.linkedin.com/in/nick-scannella/,
https://marinade.finance,Marinade Liquid Staking,"476,707,667.81",Michael ,Repetny,Co-Founder & CEO,http://www.linkedin.com/in/repetny,
https://phemex.com,Phemex,"472,344,651.93",Stella ,Chan,Co-Founder,https://www.linkedin.com/in/stellar1028/,
https://phemex.com,Phemex,"472,344,651.93",Federico ,Variola,CEO ,https://www.linkedin.com/in/federico-variola-17b252182/,
https://cian.app,CIAN Yield Layer,"470,586,672.14",,,,,
https://app.upshift.finance/r/8feeeF621Ee3,Upshift,"460,832,298.76",Jouni ,Vesterlund,Owner,https://www.linkedin.com/in/jouni-vesterlund-47655253/,
https://quickswap.exchange/,Quickswap Dex,"451,599,066.22",Roc,Zacharias,Co-Founder,https://www.linkedin.com/in/roc-zacharias-909947116,
https://www.bsquared.network,B2 Buzz,"449,321,217.09",Kobe  ,Lai,Director ,https://www.linkedin.com/in/kobe-lai-12822b6a/,
https://yearn.fi/,Yearn Finance,"431,057,476.97",,,,,
https://portal.bouncebit.io/,BounceBit CeDeFi Yield,"421,663,442.82",Joe ,Huang,Director ,https://www.linkedin.com/in/joehuang21/,
https://ondo.finance,Ondo Global Markets,"408,747,966.23",Nathan ,Allman,Chief Executive Officer,https://www.linkedin.com/in/nathanlallman,
https://ondo.finance,Ondo Global Markets,"408,747,966.23",Brendan ,Florez,Managing Director,linkedin.com/in/brendanflorez,
https://resolv.xyz/,Resolv,"407,364,771.37",Ivan ,Kozlov,Co-Founder,http://www.linkedin.com/in/iv4nko,
https://resolv.xyz/,Resolv,"407,364,771.37",Tim ,Shekikhachev,Co-Founder,http://www.linkedin.com/in/timur-shekikhachev,
https://pro.edgex.exchange/referral/196451583,edgeX Bridge,"402,248,893.17",Christina ,X,edgeX co founder,https://www.linkedin.com/in/christina-x-455570243/,
https://www.coinbase.com/price/coinbase-wrapped-staked-eth,Coinbase Wrapped Staked ETH,"400,600,424.74",Denise ,Pollock,Owner,https://www.linkedin.com/in/denise-pollock-19916a1b0/,
https://www.coinbase.com/price/coinbase-wrapped-staked-eth,Coinbase Wrapped Staked ETH,"400,600,424.74",Safwaan ,Mir,CEO ,https://www.linkedin.com/in/safwaanmir/,
https://sentora.com/,Sentora,"400,563,753.90",Pedro ,Negron,Director,https://www.linkedin.com/in/pedro-negron-7b3912166/,
https://sentora.com/,Sentora,"400,563,753.90",Alfredo ,Terrero,CFO ,https://www.linkedin.com/in/alfredoterrero/,
https://nexo.com/,Nexo,"400,500,130.97",Michael ,Assor,CEO ,https://www.linkedin.com/in/michael-assor-a81a4730b/,
https://nexo.com/,Nexo,"400,500,130.97",Alex ,Kuzmanov,Founder ,https://www.linkedin.com/in/alex-kuzmanov/,
https://hyperfoundation.org,Hyperliquid HLP,"400,183,970.43",Anthony ,Bassenden,Founder ,https://www.linkedin.com/in/anthony-bassenden-74a288350/,
https://docs.stacks.co/concepts/sbtc/clarity-contracts/sbtc-deposit,Stacks sBTC,"395,682,388.81",Albert ,Wenger,Managing Partner,https://www.linkedin.com/in/albertwenger/,
https://docs.stacks.co/concepts/sbtc/clarity-contracts/sbtc-deposit,Stacks sBTC,"395,682,388.81",Matt ,O'Connor,Founder ,https://www.linkedin.com/in/mattroconnor/,
https://mevcapital.com,MEV Capital,"395,267,684.09",Marien ,Irzykiewicz,Partner,http://www.linkedin.com/in/irzykiewicz,
https://mevcapital.com,MEV Capital,"395,267,684.09",Laurent ,Bourquin,Co-Founder,http://www.linkedin.com/in/laurentbourquin,
https://gmxsol.io/,GMX Perps,"391,853,163.30",,,,,
https://usdd.io/,USDD,"390,236,260.54",,,,,
https://www.lombard.finance/products-btcb/,Lombard BTC.b,"387,733,630.18",Jacob ,Phillips,Cofounder,http://www.linkedin.com/in/jacob-phillips-32a437108,
https://www.lombard.finance/products-btcb/,Lombard BTC.b,"387,733,630.18",Olivia ,Thet,Director,http://www.linkedin.com/in/oliviathet,
https://app.aave.com/markets/?marketName=proto_horizon_v3,Aave Horizon RWA,"375,845,800.02",Chef ,Drew,Director ,https://www.linkedin.com/in/chef-drew-769222300/,
https://app.aave.com/markets/?marketName=proto_horizon_v3,Aave Horizon RWA,"375,845,800.02",Meilough ,Gonzales,President | Founder,https://www.linkedin.com/in/meilough-gonzales-42ba9b2b4/,
https://bridge.coredao.org/,Core Bitcoin Bridge,"374,410,744.48",CJ ,Reim,Co-Founder,https://www.linkedin.com/in/cjreim/,
https://bridge.coredao.org/,Core Bitcoin Bridge,"374,410,744.48",Eze ,Stanley,Co-founder,https://www.linkedin.com/in/eze-stanley-business-development-manager/,
https://www.orca.so,Orca DEX,"372,640,341.80",Ori ,Kwan,Co-Founder,http://www.linkedin.com/in/orikwan,
https://www.orca.so,Orca DEX,"372,640,341.80",Isaac,Kim,Chief Operating Officer,http://www.linkedin.com/in/isaac-j-kim-48b9b455,
https://app.plasma.to/,Plasma Saving Vaults,"364,391,663.10",Hans Walter,Behrens,CTO,https://www.linkedin.com/in/hwbehrens/,
https://tydro.com/,Tydro,"359,927,061.83",,,,,
https://cap.app/,cap,"350,011,092.41",Benjamin Sarquis,Peillard,Founder ,linkedin.com/in/benjaminsarquispeillard/,
https://app.hyperlend.finance/?ref=DEFILLAMA,HyperLend Pooled,"345,847,027.54",,,,,
https://www.unirouter.io,UniRouter,"342,791,194.32",,,,,
https://compound.finance,Compound,"339,618,470.26",Romeen ,Sheth,Co-Founder,https://www.linkedin.com/in/romeen-sheth-07494427/,
https://compound.finance,Compound,"339,618,470.26",Alex Farman-,Farmaian,Co-Founder / CEO,https://www.linkedin.com/in/aff/,
https://superstate.com/,Superstate,"336,033,900.24",Reid ,Cuming,Founder,https://www.linkedin.com/in/reidcuming/,
https://superstate.com/,Superstate,"336,033,900.24","Jim Hiltner, ",CFA,Co-founder,https://www.linkedin.com/in/jim-hiltner-cfa-87815482/,
https://www.gnosis.io/,xDAI Stake Bridge,"333,654,692.55",Martin  ,Koeppelmann,CEO ,https://www.linkedin.com/in/koeppelmann/,
https://app.benqi.fi/savax,Benqi Staked Avax,"331,712,956.32",Hannu ,Kuusi,Co-Founder,http://www.linkedin.com/in/hannu6,
https://app.benqi.fi/savax,Benqi Staked Avax,"331,712,956.32",Dexter,Lee,Co-Founder,https://www.linkedin.com/in/dexterleetc,
https://www.gnosis.io/,xDAI Stake Bridge,"333,654,692.55",Stefan  ,George,Co-Founder and CTO ,https://pt.linkedin.com/in/stefangeorge,
https://www.gnosis.io/,xDAI Stake Bridge,"333,654,692.55",Faisal  ,Alnajdawi,Partner ,https://ae.linkedin.com/in/faisal-alnajdawi-8966b2160,
http://paycashglobal.com/,PayCash,"329,459,853.32",Juan  ,Andrade ,CEO ,https://www.linkedin.com/in/juan-antonio-andrade-hdz-2483102b/,
https://solstice.finance/,Solstice USX,"326,733,749.13",Ben ,Nadareski,Co-Founder,https://www.linkedin.com/in/benjaminnadareski/,
https://solstice.finance/,Solstice USX,"326,733,749.13",Tim ,Grant,CEO ,https://www.linkedin.com/in/tim-j-grant/,
https://k3.capital,K3 Capital,"322,827,200.86",Kiril ,Nikolov,Co-founder,,
https://k3.capital,K3 Capital,"322,827,200.86",Simeon .,R,Chief Investment Officer,https://www.linkedin.com/in/srusanov/,
https://www.figuremarkets.com/,Figure Markets Exchange,"322,285,372.61",Ian ,Cady,Director ,https://www.linkedin.com/in/ian-cady-a5b426a2/,
https://www.figuremarkets.com/,Figure Markets Exchange,"322,285,372.61",Annie ,Rizzo,Director,https://www.linkedin.com/in/annierizzo/,
https://app.zircuit.com/liquidity-hub,Zircuit Staking,"312,059,701.23",Martin ,Derka,Co-Founder,https://www.linkedin.com/in/mderka/,
https://app.zircuit.com/liquidity-hub,Zircuit Staking,"312,059,701.23",Angel ,Xu,Co-Founder,https://www.linkedin.com/in/angel-x/,
https://www.bitfi.one,BitFi Basis,"311,033,977.77",Han ,Liu,Founder and CEO,https://www.linkedin.com/in/han-liu-5a354929/,
https://www.bitrue.com,Bitrue,"304,653,166.24",Iris ,Chu,Director,http://www.linkedin.com/in/irischu,
https://www.bitrue.com,Bitrue,"304,653,166.24",Keito ,Kujime,CEO,http://www.linkedin.com/in/keito-kujime-133454163,
https://www.methprotocol.xyz/,mETH Protocol,"293,473,085.14",,,,,
https://backpack.exchange,Backpack,"284,863,246.70",salahuddin ,khan,CO Founder,https://www.linkedin.com/in/salahuddin-khan-675596242/,
https://backpack.exchange,Backpack,"284,863,246.70",Aiga ,Krigere,Backpack Latvia CEO,https://www.linkedin.com/in/aiga-krigere/,
https://mellow.finance/,Mellow LRT,"284,771,642.08",Nick ,Stoev,Founder,http://www.linkedin.com/in/nstoyev,
https://www.asterdex.com/en/earn,Aster asBNB,"283,811,007.72",Xin ,Shi,CCO,https://www.linkedin.com/in/kxinshi/,
https://connext.network/,Connext,"282,002,544.63",,,,,
https://treehouse.pro/,Treehouse,"281,843,597.09",Eric  ,Owski,Co-Founder and Chief Executive Officer,https://www.linkedin.com/in/ericowski/,
https://treehouse.pro/,Treehouse,"281,843,597.09",Jeremy  ,Lwanga,Co-Founder and CTO,https://www.linkedin.com/in/jerang/,
https://treehouse.pro/,Treehouse,"281,843,597.09",Alex  ,David,Co-founder and COO,https://www.linkedin.com/in/alexgdavid/,
https://defisaver.com/,Defi Saver,"280,058,482.97",,,,,
https://polymarket.com?via=defi-llama,Polymarket,"273,712,483.20",Yadin ,Eldar,CEO ,https://www.linkedin.com/in/yadin-eldar-7865a9382/,
https://polymarket.com?via=defi-llama,Polymarket,"273,712,483.20",Shayne ,Coplan,CEO ,https://www.linkedin.com/in/shaynecoplan/,
https://kamino.com/liquidity,Kamino Liquidity,"272,307,273.90",Benjamin ,Gleason,,,
https://www.gate.com/staking/BTC,GTBTC,"271,283,910.15",Pace ,Li,CEO,http://www.linkedin.com/in/pace-li,
https://www.gate.com/staking/BTC,GTBTC,"271,283,910.15",Guelsen,Kern,CEO,http://www.linkedin.com/in/g%c3%bclsen-kern-4060b0397,
https://app.frax.finance/frxeth/mint,Frax Ether,"270,335,176.70",Sam ,Kazemian,CEO ,https://www.linkedin.com/in/sam-kazemian-99b198353/,
https://app.frax.finance/frxeth/mint,Frax Ether,"270,335,176.70",Andy ,Cho,COO ,https://www.linkedin.com/in/andycho-ep/,
https://www.suilend.fi,Suilend,"267,551,291.39",Rooter,,Founder,http://www.linkedin.com/in/0xrooter,
https://esbtc.exsat.network/,exSat Staking BTC,"267,008,414.38",Jack,Sun,Co-Founder,http://www.linkedin.com/in/jack-sun-4bb350344,
https://midas.app,Midas RWA,"266,599,106.86",Dennis,D,Founder ,https://www.linkedin.com/in/dennisdinkelmeyer/,
https://midas.app,Midas RWA,"266,599,106.86",Barbod,Namini,General Partner,https://www.linkedin.com/in/barbodnamini/,
https://www.anemoy.io,Anemoy Capital,"263,009,299.12",Martin,Quensel,Founder,http://www.linkedin.com/in/martinquensel,
https://www.sanctum.so,Sanctum Infinity,"262,689,419.38",Jesse ,Cho,Co-founder,https://www.linkedin.com/in/jesse-cho-0a1183178/,
https://www.sanctum.so,Sanctum Infinity,"262,689,419.38",Jaye,Tan,Co-Founder,http://www.linkedin.com/in/jayetan,
https://www.fluidmarketplaces.com/,Fluid Marketplaces,"261,910,587.08",Adam  ,Hindle,Founder & MD,https://www.linkedin.com/in/adamhindle/?originalSubdomain=uk,
https://www.agglayer.dev/agglayer-vaultbridge,Vault Bridge,"260,649,662.41",,,,,
https://solv.finance/,Solv Basis Trading,"252,829,250.79",Ryan ,Chow,Founder & CEO,http://www.linkedin.com/in/ryanchoww,
https://solv.finance/,Solv Basis Trading,"252,829,250.79",Eva ,Tian,Marketing Director,http://www.linkedin.com/in/eva-tian-binaryeva,
https://www.liquity.org/,Liquity,"251,974,388.93",Michael ,Svoboda,CEO,http://www.linkedin.com/in/michaelsvoboda2,
https://www.liquity.org/,Liquity,"251,974,388.93",Robert ,Lauko,Founder ,https://www.linkedin.com/in/robert-lauko/,
https://www.pinksale.finance,PinkSale,"251,061,111.20",Manikumar ,K,Owner ,https://www.linkedin.com/in/murugeshan-mani/,
https://www.noble.xyz,Noble,"248,436,451.02",Jelena ,Djuric,Co-Founder,https://www.linkedin.com/in/djuricjelena/,
https://www.noble.xyz,Noble,"248,436,451.02",John,Letey,Co-Founder,https://www.linkedin.com/in/johnletey/,
https://aero.drome.eth.limo/,Aerodrome Slipstream,"248,152,213.48",,,,,
https://valr.com/,VALR,"240,060,533.61",Hank,Coetzee,Co-Founder,http://www.linkedin.com/in/hankcoetzee,
https://valr.com/,VALR,"240,060,533.61",Gianluca,Sacco,Chief Operating Officer,http://www.linkedin.com/in/gianluca-sacco,
https://sunswap.com/#/home,SUNSwap,"238,012,988.32",Michael,Lowe,CEO,https://uk.linkedin.com/in/michael-g-lowe,
https://sunswap.com/#/home,SUNSwap,"238,012,988.32",Andrew,Sucis,COO,https://uk.linkedin.com/in/andrew-sucis,
https://www.b14g.xyz/,b14g,"234,047,352.68",,,,,
https://app.drift.trade/ref/defillama,Drift Staked SOL,"231,284,728.02",Cindy ,Leow,Co-Founder,http://www.linkedin.com/in/cindy-leow-8b805b104,
https://www.bybit.com/en/web3/staking/BybitSOL,Bybit Staked SOL,"228,008,722.47",Masamichi ,Miyake,Business owner,https://www.linkedin.com/in/masamichi-miyake-05026a133/,
https://www.bybit.com/en/web3/staking/BybitSOL,Bybit Staked SOL,"228,008,722.47",Dagii ,Derese,Co-Founder,https://www.linkedin.com/in/dagii-derese-b758191a4/,
http://www.beefymarketing.com/,Beefy Marketing,"226,435,135.32",Andrew  ,Brockenbush,CEO ,https://www.linkedin.com/in/andrewbrockenbush/,
http://www.beefymarketing.com/,Beefy Marketing,"226,435,135.32",Robin  ,H.,Director ,https://www.linkedin.com/in/robin-h-21ab13230/,
https://infrared.finance,Infrared Finance,"221,186,145.97",,,,,
https://swap.pump.fun,PumpSwap,"217,843,694.72",ALIFA AL,FARIZI,CEO ,https://www.linkedin.com/in/alifaalfarizi/,
https://pell.network/,Pell Network,"214,801,712.49",Steven,Pell,Co-Chief Executive Officer,http://www.linkedin.com/in/steven-pell-314a1833b,
https://www.linkedin.com/company/strata-prop/about/,Strata Tranches,"214,636,972.86",Sudarshan  ,Lodha,Co-Founder & CEO,https://www.linkedin.com/in/sudarshanlodha2211/?originalSubdomain=in,
https://www.linkedin.com/company/strata-prop/about/,Strata Tranches,"214,636,972.86",Priyanka  ,Rathore,Co-Founder & COO ,https://www.linkedin.com/in/rathorepriyanka/,
https://www.linkedin.com/company/strata-prop/about/,Strata Tranches,"214,636,972.86",Nihar  ,Shah,Director & Head,https://www.linkedin.com/in/nihar-shah1101/,
https://yieldbasis.com/,Yield Basis,"208,161,316.36",,,,,
https://www.naviprotocol.io/,NAVI Lending,"207,955,605.63",Charles ,H,Co-Founder,https://www.linkedin.com/in/charles--h/,
https://www.coinex.com/en,CoinEx,"204,714,703.48",Shyam ,Thakur,Founder ,https://www.linkedin.com/in/shyam-thakur/,
https://www.coinex.com/en,CoinEx,"204,714,703.48",Nasiru ,Muhammad,Founder ,https://www.linkedin.com/in/nasiru-muhammad-623102350/,
https://coindcx.com,CoinDCX,"202,577,010.50","Max Shapiro, CFA",CPA,Co-Founder,https://www.linkedin.com/in/max-shapiro-cfa-cpa-b8885b48/,
https://coindcx.com,CoinDCX,"202,577,010.50",Punit ,Pal,Founder ,https://www.linkedin.com/in/punit05/,
http://www.echonotes.ai/li/echo,Echo ,"202,257,930.50",Reuben  ,Abraham,Co-Founder,https://www.linkedin.com/in/reuben-abraham-9a348298/,
https://gaib.ai,GAIB,"202,066,516.09",Kony ,Gaib,Founder,http://www.linkedin.com/in/konykwong,
https://gaib.ai,GAIB,"202,066,516.09",Jun ,Liu,Co-founder,http://www.linkedin.com/in/jun-y-liu,
http://www.stargatestudios.net/,Stargate Studios,"201,895,082.30",Sam  ,Nicholson,Founder / CEO,https://www.linkedin.com/in/sam-nicholson-a-s-c-b1a24429/,
https://uncx.network/,UNCX Network,"200,971,155.71",Antoine ,Chaveron,Co-Founder,http://www.linkedin.com/in/antoine-chaveron-76054212a,
https://lagoon.finance,Lagoon,"185,715,480.05",Rémi,Foult,CEO ,https://www.linkedin.com/in/remi-foult/,
https://lagoon.finance,Lagoon,"185,715,480.05",Aymeric,Lorenzell,Co-founder,https://www.linkedin.com/in/aymeric-lorenzelli-4b7b45162/,
https://vvsandco.com/,VVS Standard,"182,855,116.96",Eliana ,Ianni,Co Founder,https://www.linkedin.com/in/elianaianni/,
https://vvsandco.com/,VVS Standard,"182,855,116.96",Sabir (Abdulkadir) ,Ahmed,Founder ,https://www.linkedin.com/in/sabir-ahmed-4b7381341/,
http://www.stargatestudios.net/,Stargate Studios,"201,895,082.30",Linda  ,Nakagawa,CFO ,https://www.linkedin.com/in/linda-nakagawa-10339a3b/,
http://www.stargatestudios.net/,Stargate Studios,"201,895,082.30",Jose  ,Calderon,Director ,https://www.linkedin.com/in/jose-calderon-b6469a80/,
https://ultrayield.app/,UltraYield by Edge,"181,755,056.94",,,,,
https://app.txsync.io/bridge,zkSync Era txBridge,"181,724,819.40",,,,,
https://fassets.au.cc/,FAssets,"176,911,903.05",Mohammad Raafi,Hossain,CEO ,https://www.linkedin.com/in/raafihossain/?originalSubdomain=ae,
https://fassets.au.cc/,FAssets,"176,911,903.05",David (Daud) Vicary ,(Abdullah),Managing Director,https://www.linkedin.com/in/daudvicaryabdullah/,
https://www.bitunix.com,Bitunix,"175,047,305.67",Naved (Navi) ,Beg,Founder ,https://www.linkedin.com/in/naved-beg-179953336/,
https://www.bitunix.com,Bitunix,"175,047,305.67",Gwinx₿ ,Nwaobi,Kol Partner,https://www.linkedin.com/in/gwinx%E2%82%BF-nwaobi-884530247/,
https://www.mantle.xyz/,Mantle Index Four Fund,"174,896,959.23",Viktor ,Vagylevych,CEO,http://www.linkedin.com/in/viktor-vagylevych-01a599141,
https://www.mantle.xyz/,Mantle Index Four Fund,"174,896,959.23",Katherine ,Blair,Owner,http://www.linkedin.com/in/katherine-blair-310642110,
https://app.kodiak.finance,Kodiak,"169,981,074.02",Don ,Burnette,Founder & CEO,https://www.linkedin.com/in/don-burnette/,
https://app.kodiak.finance,Kodiak,"169,981,074.02",Ross ,Kestin,CEO ,https://www.linkedin.com/in/rossmkestin/,
https://balancer.finance/,Balancer,"168,520,914.29",Nic,Cooper,Director,http://www.linkedin.com/in/nic-cooper-24301217,
https://balancer.finance/,Balancer,"168,520,914.29",Dao ,Thuc,Chief Executive Officer,http://www.linkedin.com/in/dao-van-thuc,
https://axelar.network,Axelar,"168,385,077.47",Ali ,Tamaseb,General Partner,https://www.linkedin.com/in/alitamaseb/,
https://axelar.network,Axelar,"168,385,077.47",tammaluk singhapan l,Co-Founder ,Hiring,https://www.linkedin.com/in/theplebth/,
https://www.kraken.com/kbtc,Kraken Bitcoin,"167,055,826.17",Xavier,Joven,Business Owner,https://www.linkedin.com/in/xavier-joven-930510117/,
https://www.kraken.com/kbtc,Kraken Bitcoin,"167,055,826.17",Michael,H,Director ,https://www.linkedin.com/in/michaelhiller/,
https://jpool.one,JPool,"166,059,831.46",Sonny ,Wolfson,Co-founder,https://www.linkedin.com/in/sonny-wolfson/,
https://jpool.one,JPool,"166,059,831.46",Leonid ,Krassovitski,Co-founder,https://www.linkedin.com/in/leonid-krassovitski/,
https://www.usefelix.xyz?ref=4BF702FF,Felix Vaults,"165,606,467.44",,,,,
https://theo.xyz/,Theo Network thBill,"164,582,362.07",T.K,K,Co-founder / CEO ,https://www.linkedin.com/in/tk-kwon/,
https://theo.xyz/,Theo Network thBill,"164,582,362.07",Abhi ,Pingle,Co-founder,https://www.linkedin.com/in/abhi-pingle-a942b6160/,
https://infinifi.xyz/,infiniFi,"163,446,052.00",Rob ,Montgomery,Founder,http://www.linkedin.com/in/rhmontgomery,
https://infinifi.xyz/,infiniFi,"163,446,052.00",Matthew ,Evans,Co-Founder,http://www.linkedin.com/in/matthew-evans-48976349,
https://sophon.xyz/,Sophon Bridge,"163,015,635.05",Ed ,Chang,COO ,https://www.linkedin.com/in/etchang/,
https://dydx.trade?ref=LoneHull0UN,dYdX V4,"161,518,066.89",Antonio ,Juliano,Founder ,https://www.linkedin.com/in/antoniojuliano,
https://dydx.trade?ref=LoneHull0UN,dYdX V4,"161,518,066.89",David ,Gogel,COO ,https://www.linkedin.com/in/dgogel/,
https://inverse.finance,Inverse Finance FiRM,"160,609,588.84",Nour  ,Haridy,Founder ,https://www.linkedin.com/in/nourharidy/,
https://ao.arweave.net/,AO Bridge,"158,852,501.34",,,,,
https://bridge.sui.io,SuiBridge,"158,851,956.22",Sean  ,Taylor,Partner ,https://www.linkedin.com/in/seancrtaylor/?originalSubdomain=ae,
https://ether.fi/,EtherFi Borrowing Market,"158,047,763.65",Rok ,Kopp,Co-Founder,http://www.linkedin.com/in/rokkopp,
https://ether.fi/,EtherFi Borrowing Market,"158,047,763.65",Jozef ,Vogel,Chief Operating Officer,http://www.linkedin.com/in/jozefvogel,
https://usual.money,Usual,"157,370,232.55",Hugo Sallé de ,Chou,Cofounder & COO ,https://www.linkedin.com/in/hugosalledechou/,
https://usual.money,Usual,"157,370,232.55",Hugo,Tribet,CEO,https://www.linkedin.com/in/hugotribet/,
https://app.river.inc/,River Omni-CDP,"157,232,055.90",Ray ,Huang,Co-founder,https://www.linkedin.com/in/rayhuang880301/,
https://reserve.org,Reserve Protocol,"156,369,502.13",Gary,Levin,Co-founder ,https://www.linkedin.com/in/garylevin/,
https://reserve.org,Reserve Protocol,"156,369,502.13",Thomas,Mattimore,CEO ,https://www.linkedin.com/in/tmattimore/,
https://realt.co,RealT Tokens,"155,699,377.57",Miloš ,Milovanović,Owner ,https://www.linkedin.com/in/milo%C5%A1-milovanovi%C4%87-7275a0b0/,
https://realt.co,RealT Tokens,"155,699,377.57",Sherri ,Pelski,"Chief operating, financial",https://www.linkedin.com/in/sherri-pelski/,
https://blofin.com,BloFin,"154,952,952.43",Jade-Martin,B,Founder,https://www.linkedin.com/in/jade-martin-b-35556623a/,
https://blofin.com,BloFin,"154,952,952.43",Blofin ,,CEO ,https://www.linkedin.com/in/blofin-ceo-fake-account-5a489b339/,
https://www.linkedin.com/company/telosassociates/about/,Telos Associates,"154,546,871.47",Max  ,Wensel,"Co-Founder, Managing Partner",https://www.linkedin.com/in/max-wensel-cfa-9aaaa55b/?originalSubdomain=ca,
https://stake.solblaze.org/,BlazeStake,"152,932,157.98",Tim ,Loomer,CEO ,https://www.linkedin.com/in/tim-loomer-6851454/,
https://stake.solblaze.org/,BlazeStake,"152,932,157.98",Patrick ,Vlaskovits,Founder,https://www.linkedin.com/in/vlaskovits/,
https://blockanalitica.substack.com,Block Analitica,"152,396,017.00",Mary ,Foley,Co-Owner,https://www.linkedin.com/in/mary-foley-87320816/,
https://blockanalitica.substack.com,Block Analitica,"152,396,017.00",Kimberly ,Chamiok,Founder ,https://www.linkedin.com/in/kimberly-chamiok-6071106a/,
https://app.hemi.xyz/en/stake/dashboard/,Hemi Staking,"147,927,659.90",Jeff ,Garzik,Co-Founder,https://www.linkedin.com/in/jeffgarzik/,
https://gateway.soniclabs.com/ethereum/sonic/s,Sonic Gateway,"146,094,264.77",Mitchell ,Demeter,Chief Executive Officer,http://www.linkedin.com/in/mitchelldemeter,
https://gateway.soniclabs.com/ethereum/sonic/s,Sonic Gateway,"146,094,264.77",Evan ,Owens,Director,http://www.linkedin.com/in/evanclarkowens,
https://portal.polygon.technology/bridge,Polygon zkEVM Bridge,"145,924,588.25",Marc ,Boiron,Chief Executive Officer,https://www.linkedin.com/in/marcboiron/,
https://portal.polygon.technology/bridge,Polygon zkEVM Bridge,"145,924,588.25",Ryan,Niedzialek,Chief Operating Officer,https://www.linkedin.com/in/ryan-niedzialek/,
https://nexusmutual.io/,Nexus Mutual,"145,668,585.93",Ricky,Tan,COO,http://www.linkedin.com/in/rickytan,
https://nexusmutual.io/,Nexus Mutual,"145,668,585.93",Hugh,Karp,Founder,http://www.linkedin.com/in/hugh-karp-00069b36,
https://app.paradex.trade/r/defillama,Paradex Bridge,"144,047,922.86",Anand,Gomes,Cofounder & CEO,http://www.linkedin.com/in/anandgomes,
https://www.linkedin.com/company/telosassociates/about/,Telos Associates,"154,546,871.47",Jeffrey  ,Hamilton,"Co-Founder, Managing Partner",https://www.linkedin.com/in/jeffrey-hamilton-56934810/,
https://xstocks.com/,xStocks,"142,709,822.84",Mark  ,Greenberg,Co-Founder ,https://ca.linkedin.com/in/marklg,
https://phantom.com/,Phantom SOL,"141,965,737.96",Olly ,Wilson,Co-founder,https://www.linkedin.com/in/olly-wilson/,
https://phantom.com/,Phantom SOL,"141,965,737.96",Brandon,Millman,CEO ,https://www.linkedin.com/in/brandon-millman-b093a022/,
https://sushi.com/,SushiSwap,"134,884,445.21",Alex ,McCurry,Ceo ,https://www.linkedin.com/in/alexmccurryo/,
https://springsui.com/,SpringSui,"133,490,492.02",,,,,
https://gearbox.finance/,Gearbox,"132,095,851.03",Randy,Pitchford,Founder ,https://www.linkedin.com/in/randy-pitchford-1a56a6/,
https://app.hyperbeat.org/earn?referral=5C37264D,Hyperbeat Earn,"131,653,734.89",Kilian ,Boshoff,Founder,http://www.linkedin.com/in/kilianboshoff,
https://www.save.finance/,Save,"131,396,732.73",Rooter 0.,,Founder ,https://www.linkedin.com/in/0xrooter/,
https://tectonic.finance/,Tectonic,"130,937,566.15",,,,,
https://enzyme.finance/,Enzyme Finance,"130,721,531.79",Stephane ,Heip,Chief Marketing Officer,http://www.linkedin.com/in/sheip,
https://enzyme.finance/,Enzyme Finance,"130,721,531.79",Ivan ,Herger,Chief Operating Officer,http://www.linkedin.com/in/ivanherger,
https://www.bitlayer.org/bridge,Bitlayer YBTC Family,"129,485,565.04",Kevin,He,Co-Founder,http://www.linkedin.com/in/0xkevinhe,
https://www.bitlayer.org/bridge,Bitlayer YBTC Family,"129,485,565.04",Cann,Prugsanapan,Managing Director,http://www.linkedin.com/in/cann-prugsanapan-1b699651,
https://ssi.sosovalue.com/,SoSoValue Indexes,"129,274,558.04",May ,Wang,Co-Founder,https://www.linkedin.com/in/may-wang-689102313/,
https://ssi.sosovalue.com/,SoSoValue Indexes,"129,274,558.04",Riso ,Liao,Co-Founder,https://www.linkedin.com/in/risoliao/,
https://www.curve.finance/crvusd/ethereum/markets/,crvUSD,"124,044,641.72",Michael ,Egorov,Founder ,https://www.linkedin.com/in/michael-egorov/,
https://www.pionex.com/en,Pionex,"121,710,163.20",Shao ,Wei,Director,https://www.linkedin.com/in/shao-wei-0b81b889/,
https://blastshop.co/,Blast,"120,895,490.94",Marc  ,Zovighian,Co-founder & CEO,https://www.linkedin.com/in/marczovighian/?originalSubdomain=uk,
https://www.digift.sg,DigiFT,"120,369,670.56",Henry,Zhang,Founder & CEO,http://www.linkedin.com/in/henry-zhang-957219217,
https://www.digift.sg,DigiFT,"120,369,670.56",Melvyn,Liew,Director,http://www.linkedin.com/in/melvynliew,
https://www.aura.com/,Aura,"120,283,779.44",John E,Bellows Jr,Owner ,https://www.linkedin.com/in/john-e-bellows-jr-5b9993178/,
https://www.aura.com/,Aura,"120,283,779.44",Sara,G,Partner ,https://www.linkedin.com/in/sara-g-2844821/,
https://www.puffer.fi/restake,Puffer Stake,"116,893,930.42",Ahmed,Abada,CEO ,https://www.linkedin.com/in/ahmed-abada/,
https://dolomite.io,Dolomite,"115,966,430.95",Adam,Knuckey,COO & Co-Founder,http://www.linkedin.com/in/adam-knuckey-720612108,
https://dolomite.io,Dolomite,"115,966,430.95",Eshwar,Bawane,Company Owner,http://www.linkedin.com/in/eshwar-bawane-b882a4354,
https://app.openeden.com/,OpenEden TBILL,"115,581,967.99",Jeremy,Ng,CEO ,https://www.linkedin.com/in/jeremy-ng-openeden/,
https://app.openeden.com/,OpenEden TBILL,"115,581,967.99",Nathan,Paitchel,Director,https://www.linkedin.com/in/nathan-paitchel-30341125/,
https://www.exponentpe.com/,Exponent,"114,778,249.82",David ,McGovern,Partner ,https://www.linkedin.com/in/david-mcgovern-42a03b21/,
https://www.exponentpe.com/,Exponent,"114,778,249.82",Tim ,Easingwood,Partner ,https://www.linkedin.com/in/tim-easingwood-64585520/,
https://www.originprotocol.com/oeth,Origin Ether,"112,685,065.13",Josh ,Fraser ,Co-founder,http://www.linkedin.com/in/joshuafraser,
https://www.originprotocol.com/oeth,Origin Ether,"112,685,065.13",Ariel,Meranus,Director,http://www.linkedin.com/in/arielmeranus,
https://frax.com/,Frax USD,"111,917,386.22",Suchet,Salvesen,Chief Operating Officer,http://www.linkedin.com/in/suchet-dhindsa-salvesen-0b030824,
https://frax.com/,Frax USD,"111,917,386.22",Sam ,Kazemian,Founder,http://www.linkedin.com/in/sam-kazemian-99b198353,
https://kinetic.market,Kinetic,"111,723,943.90",Jake,Hunsbusher,Director,http://www.linkedin.com/in/jake-hunsbusher-17628710a,
https://blastshop.co/,Blast,"120,895,491.94",▫️Eddy  ,S.,Co-Founder & CPO,https://www.linkedin.com/in/sabbaghaeddy/,
https://blastshop.co/,Blast,"120,895,492.94",Edouard  ,Sioufi,Co-Founder & CTO,https://www.linkedin.com/in/edsioufi/,
https://homora.org/,Homora,"110,273,717.07",,,,,
https://www.edgevana.com,Edgevana,"109,143,254.37",Ryan,Fay,Founder ,https://www.linkedin.com/in/ryancfay/,
https://anzen.finance,Anzen,"109,113,110.55",Daniel,L,Founder ,https://www.linkedin.com/in/daniel-l-5302484/,
https://app.marginfi.com,marginfi Lending,"108,957,912.19",,,,,
https://www.avantisfi.com/referral?code=DefiLlama,Avantis,"106,987,065.06",Shiv ,Shrivastava,Founder,https://www.linkedin.com/in/shivshrivastava/,
https://www.avantisfi.com/referral?code=DefiLlama,Avantis,"106,987,065.06",Harsehaj ,Singh,Founder,https://www.linkedin.com/in/harsehaj-singh-b37827132/,
http://www.echelonmarkets.com/,Echelon Market,"105,930,581.47",Craig  ,Breed,CEO ,https://www.linkedin.com/in/craig-breed-4137331b/,
https://pareto.credit/,Pareto Credit,"103,913,600.91",Matteo ,Pandolfi,Co-founder & CEO,http://www.linkedin.com/in/matteo-pandolfi-88b69354,
https://pareto.credit/,Pareto Credit,"103,913,600.91",Samuele ,Cester,Co-founder & CPO,http://www.linkedin.com/in/samuele-cester-00755635,
http://www.echelonmarkets.com/,Echelon Market,"105,930,581.47",Craig  ,Breed,CEO ,https://www.linkedin.com/in/craig-breed-finance-technology/,
https://www.ourbit.com,Ourbit,"103,324,106.36",,,,,
https://app.makina.finance/,Makina,"102,314,505.70",Danilo ,Villanueva,"Director, Founder",https://www.linkedin.com/in/danilo-villanueva/,
https://www.tulipa.capital,Tulipa Capital,"101,166,752.19",Micha ,Malka,Chief Executive Officer,https://www.linkedin.com/in/micha-malka/?originalSubdomain=il,
https://app.extended.exchange/join/LLAMAS123,Extended,"100,780,693.62",Dmitrii ,Krasovskikh,Founder ,https://www.linkedin.com/in/dmitriikrasovskikh/,
https://www.swellnetwork.io/,Swell L2 Farm,"100,778,787.24",Chris ,Swell,COO,http://www.linkedin.com/in/christophmatthias,
https://railgun.org,Railgun,"100,131,691.88",,,,,
https://capyfi.com/,Capyfi,"99,594,618.20",,,,,
https://www.lofty.ai,Lofty,"99,234,342.60",Joshua (Mr Twelve Minute Meeting) ,D'Ariano,Owner ,https://www.linkedin.com/in/joshua-dariano/,
https://www.lofty.ai,Lofty,"99,234,342.60",Marlon ,Karim,CEO ,https://www.linkedin.com/in/karimre/,
https://www.superform.xyz/,Superform,"98,116,954.82",Blake,Richardson,Co-Founder,http://www.linkedin.com/in/blake-richardson-142822a6,
https://www.superform.xyz/,Superform,"98,116,954.82",Vikram,Arun,Co-Founder,http://www.linkedin.com/in/vikram-arun-a852587a,
https://www.avantprotocol.com,Avant avUSD,"97,507,053.23",JF,Saine,Chief Operating Officer,http://www.linkedin.com/in/jfsaine,
https://www.avantprotocol.com,Avant avUSD,"97,507,053.23",Rhett,Shipp,Founder,http://www.linkedin.com/in/rhett-shipp-0a117823,
https://trade.bluefin.io/lend,AlphaLend,"96,516,457.60",Anna ,Ongpin,Chief Operating Officer,https://ph.linkedin.com/in/anna-ongpin-97b0714,
https://lulo.fi/,Lulo,"95,926,947.51",Jesse,Brauner,Co-Founder,http://www.linkedin.com/in/jesse-brauner,
https://lulo.fi/,Lulo,"95,926,947.51",Daniel,Garay,CEO,http://www.linkedin.com/in/garayd,
https://kerneldao.com/kelp/gain/,Gain,"94,284,513.32",Rahul,Jaguste,Director,https://www.linkedin.com/in/rahuljaguste/,
https://kerneldao.com/kelp/gain/,Gain,"94,284,513.32",Dheeraj,Borra,Co-founder,https://www.linkedin.com/in/dheeraj-borra/,
https://www.hy.pe/,HYPE,"93,969,830.66",Jake  ,Stott,CEO ,https://www.linkedin.com/in/jakestott/?originalSubdomain=de,
https://thorchain.org/,Thorchain DEX,"93,840,433.67",Alan,VanToai,Co-Founder,https://www.linkedin.com/in/vantoai/,
https://www.hy.pe/,HYPE,"93,969,830.66",Danny  ,Gazit,CEO ,https://www.linkedin.com/in/dannygazit/,
https://makerdao.com/en/,Sky RWA,"92,892,884.72",,,,,
https://multichain.org/,Multichain,"92,697,516.75",,,,,
https://v2-app.pulsex.com/swap,PulseX,"92,110,907.55",Mst  ,Begum,Human Resources Manager ,https://se.linkedin.com/in/mst-mamtaj-begum-b08b3b310,
https://ailayer.xyz/,AILayer farm,"91,793,383.42",Allen,Yeoman,Chief Executive Officer,http://www.linkedin.com/in/allen-yeoman,
https://ailayer.xyz/,AILayer farm,"91,793,383.42",Russell,Lau ,Co-Founder,https://www.linkedin.com/in/russell-lau-b3068930b?miniProfileUrn=urn%3Ali%3Afs_miniProfile%3AACoAAE7xwxQBYSGWnNbo0utp58VUsSqx3dqISbI&lipi=urn%3Ali%3Apage%3Acompanies_company_people_index%3B55ac191f-03e0-4f45-a11b-a4d4575989cc,
https://app.silo.finance,Silo,"91,266,579.75",,,,,
https://www.yala.org,Yala,"90,232,746.74",Kai,Tai,Co-Founder,https://www.linkedin.com/in/kaitailorechang?miniProfileUrn=urn%3Ali%3Afs_miniProfile%3AACoAAAv0yAoBtaeapJDjMPMJ58IKoaY2_eLS3p4&lipi=urn%3Ali%3Apage%3Acompanies_company_people_index%3B27605141-6351-470c-ab1f-96ec9e0a686b,
https://www.yala.org,Yala,"90,232,746.74",Bin ,Liu,Co-Founder,https://www.linkedin.com/in/binliudegen?miniProfileUrn=urn%3Ali%3Afs_miniProfile%3AACoAAAon69cBFzy-bO6fTzulYdTZ8FasoZOS9J0&lipi=urn%3Ali%3Apage%3Acompanies_company_people_index%3B27605141-6351-470c-ab1f-96ec9e0a686b,
https://moonwell.fi,Moonwell Lending,"89,748,321.04",Luke ,Youngblood,Founder,https://www.linkedin.com/in/lukeyoungblood/,
https://stake.link/staking-pools,stake.link liquid,"89,684,891.47",,,,,
https://hydration.net,Hydration DEX,"89,403,728.33",Brian ,Ansah,Chief Executive Officer,https://www.linkedin.com/in/brian-boakye-ansah-143906222/,
https://governance.chilizchain.com,Chiliz Governance Staking,"89,127,940.84",Alexandre ,Dreyfus ,CEO,https://www.linkedin.com/in/alexandredreyfus/?originalSubdomain=mt,
https://blackhole.xyz/,Blackhole CLMM,"88,923,706.13",Bill ,Kallman,CEO & Managing Member,https://www.linkedin.com/in/billkallman/,
https://www.auto.finance,AUTOfinance,"86,983,032.31",Craig ,Braun,Founding team,https://www.linkedin.com/in/craigbraun/,
https://www.auto.finance,AUTOfinance,"86,983,032.31",Dan ,Berce, CEO,https://www.linkedin.com/in/dan-berce,
https://bifrost.io/,Bifrost Liquid Staking,"86,247,164.93",Lurpis ,Wang,CoFounder,https://www.linkedin.com/in/lurpis?miniProfileUrn=urn%3Ali%3Afs_miniProfile%3AACoAABmerVMBJbo22r3T1GdCUtOkM1SP0FzPa60&lipi=urn%3Ali%3Apage%3Acompanies_company_people_index%3B6ccdd824-2bda-4f8f-b428-efa9b54f174d,
https://app.arrakis.fi/modular,Arrakis Modular,"86,246,591.78",Luis ,Schliesske,Co-Founder,https://www.linkedin.com/in/luis-schliesske-865b522aa/,
https://app.arrakis.fi/modular,Arrakis Modular,"86,246,591.78",Hilmar ,Orth,Founder,https://www.linkedin.com/in/hilmarx/,
https://www.aera.finance,Aera,"86,149,811.82",Tina ,Bhojwani,Co-Founder & CEO,https://www.linkedin.com/in/tina-bhojwani-4a9566/,
https://www.aera.finance,Aera,"86,149,811.82",Amy ,Fisher,Co-Founder & CEO,https://www.linkedin.com/in/amybfisher/?originalSubdomain=ca,
https://portal.scroll.io/bridge,Scroll Bridge,"85,888,904.61",Haichen ,Shen,Co-founder,https://www.linkedin.com/in/haichenshen?miniProfileUrn=urn%3Ali%3Afs_miniProfile%3AACoAAARljyQBTZ1fAh8Ea5bbHmjSrxeUMprFsTI&lipi=urn%3Ali%3Apage%3Acompanies_company_people_index%3Bacf7481b-ad4d-43e8-b8f2-fccd0bd80679,
https://portal.scroll.io/bridge,Scroll Bridge,"85,888,904.61",Ye ,Zhang,Co-founder,https://www.linkedin.com/in/ye-zhang-70b072148?miniProfileUrn=urn%3Ali%3Afs_miniProfile%3AACoAACOayHsB98ViTg6Xs6Shx5MaYBiu9YL-7Y4&lipi=urn%3Ali%3Apage%3Acompanies_company_people_index%3Bacf7481b-ad4d-43e8-b8f2-fccd0bd80679,
https://www.okx.com/xbtc#transparency,OKX xBTC,"85,659,818.50",Roshan ,Robert,CEO,https://www.linkedin.com/in/roshanrobert?miniProfileUrn=urn%3Ali%3Afs_miniProfile%3AACoAAABaj7MBLpE-ZQrZM1JZ03aAHDKONRwzkIc&lipi=urn%3Ali%3Apage%3Acompanies_company_people_index%3B96c449e5-6d7e-41cd-9b16-f0c5abf12a55,
https://www.okx.com/xbtc#transparency,OKX xBTC,"85,659,818.50",Gracie ,Lin,CEO,https://www.linkedin.com/in/gracie-lin-a8866361?miniProfileUrn=urn%3Ali%3Afs_miniProfile%3AACoAAA0W2EgBPiIQrZjPasqfxhyS5fwkh4v_qWc&lipi=urn%3Ali%3Apage%3Acompanies_company_people_index%3B96c449e5-6d7e-41cd-9b16-f0c5abf12a55,
https://lending.rhea.finance/,Rhea Lend,"85,374,233.65",Loránd ,Kismihály,Founder & CEO,https://www.linkedin.com/in/lor%C3%A1nd-kismih%C3%A1ly-697821230/?originalSubdomain=ro,
https://summer.fi,Lazy Summer Protocol,"84,676,518.34",Chris ,Bradbury,CEO,https://www.linkedin.com/in/chris-bradbury-summer,
https://summer.fi,Lazy Summer Protocol,"84,676,518.34",Joe ,Clark,CFO,https://www.linkedin.com/in/joe-clark-215a226,
https://app.doppler.finance,Doppler Finance,"84,151,516.03",Brian ,Vallelunga,chairman,https://www.linkedin.com/in/vallelungabrian,
https://karak.network,OpenGDP Shared Security,"82,716,259.55",,,,,
http://www.apx.group/,APX Solutions,"81,759,598.98",Uwe  ,Dettmann,Founder,https://www.linkedin.com/in/uwe-dettmann-a5384587/?originalSubdomain=th,
https://loop.sl/i/AVxMN,Loopscale,"80,957,741.01",Luke ,Truitt,Co-Founder & CEO,https://www.linkedin.com/in/luke-truitt?miniProfileUrn=urn%3Ali%3Afs_miniProfile%3AACoAACSlnrkBJ5Tv-VkmfBlD9j8KpTFtG8CH36c&lipi=urn%3Ali%3Apage%3Acompanies_company_people_index%3B51af456f-fc8b-4950-a1e2-f7242165a4cf,
https://loop.sl/i/AVxMN,Loopscale,"80,957,741.01",Mary ,Gooneratne,Cofounder,https://www.linkedin.com/in/marygooneratne?miniProfileUrn=urn%3Ali%3Afs_miniProfile%3AACoAACNEZbEBwkh65jfYfrdHMu29nmlP4wble_E&lipi=urn%3Ali%3Apage%3Acompanies_company_people_index%3B51af456f-fc8b-4950-a1e2-f7242165a4cf,
https://moneyonchain.com/,MoneyOnChain,"80,921,443.86",Manuel ,Ferrari,Co-founder,https://www.linkedin.com/in/manuelferrari?miniProfileUrn=urn%3Ali%3Afs_miniProfile%3AACoAAABD7fkBd_6a5ws0j9_7At0nwkhVEJtyzmg&lipi=urn%3Ali%3Apage%3Acompanies_company_people_index%3B24bdbc9b-678a-4928-84a3-5d951ed5c66d,
https://moneyonchain.com/,MoneyOnChain,"80,921,443.86",Maximiliano ,Carjuzaa ,Co Founder ,https://www.linkedin.com/in/maxcarjuzaa?miniProfileUrn=urn%3Ali%3Afs_miniProfile%3AACoAAASGZCYB2gDERuNOE9hFYC0Bx5qkNQTdm6U&lipi=urn%3Ali%3Apage%3Acompanies_company_people_index%3B24bdbc9b-678a-4928-84a3-5d951ed5c66d,
http://www.apx.group/,APX Solutions,"81,759,598.98",Sukanya  ,Thamthada,Managing Director/Co-Founder,http://linkedin.com/in/sukanya-thamthada-831096b4/?originalSubdomain=th,
https://pump.co/,Pump.co,"80,532,512.63",Julien  ,Dupe,Partner - Investor  ,https://www.linkedin.com/in/juliendupe/,
https://pump.co/,Pump.co,"80,532,512.63",Spandana  ,Nakka,Founder & CEO,https://www.linkedin.com/in/spndn07/,
https://pump.co/,Pump.co,"80,532,512.63",Michael  ,Buckwald,COO,https://www.linkedin.com/in/mbuckwald/,
https://takara-capital.com/,Takara,"79,656,021.58",Itamar  ,Tura,COO & Co-Founder,https://www.linkedin.com/in/itamar-bar-tura-7233ba14/,
https://www.team.finance,Team Finance,"79,179,480.66",Ivan ,Anastassov,Chief Operating Officer as part of TrustSwap,https://www.linkedin.com/in/ivananastassov/,
https://haedal.xyz,Haedal Protocol,"78,841,276.09",Cedrick ,Vajarachitkul,Co-Founder,https://www.linkedin.com/in/cedrick-vajarachitkul-b84848355/?originalSubdomain=th,
https://terminal.fi/,Terminal Finance Pre-Deposits,"78,321,381.09",,,,,
https://www.reservoir.xyz,Reservoir Protocol,"78,252,578.23",,,,,
https://www.toobit.com,Toobit,"77,713,412.29",Kelly  ,Wang,Co-Founder,https://www.linkedin.com/in/kelly-w-97bb3894/?originalSubdomain=sg,
https://www.blend.capital,Blend Pools,"77,042,132.28",Nick ,Beardall,Managing Director ,uk.linkedin.com/in/nick-beardall-59206048,
https://fx.aladdin.club/v2/trade/?code=defillama,fx Protocol,"76,542,555.66",Nnenna ,Nkata,Co-founder,https://www.linkedin.com/in/nnenna-nkata/,
https://origami.finance,Origami Finance,"74,920,295.77",Ishan ,Haque ,CEO,https://www.linkedin.com/in/ishan-haque-07075313b/?originalSubdomain=au,
https://www.zestprotocol.com/,Zest,"73,998,154.88",Fernando ,Foy,Co-Founder ,https://www.linkedin.com/in/fernando-foy?miniProfileUrn=urn%3Ali%3Afs_miniProfile%3AACoAADS8rBcBXYBVJzFSBs37vub0Mzq8nKqSxdw&lipi=urn%3Ali%3Apage%3Acompanies_company_people_index%3B536a7fda-04e2-40d9-8887-ad616ff54661,
https://www.zestprotocol.com/,Zest,"73,998,154.88",Tycho ,Onnasch,Co-founder ,https://www.linkedin.com/in/tychokoonnasch?miniProfileUrn=urn%3Ali%3Afs_miniProfile%3AACoAABQ-h3kB2ZrvYGZH-y-i9BQ6eor28mHIhM0&lipi=urn%3Ali%3Apage%3Acompanies_company_people_index%3B536a7fda-04e2-40d9-8887-ad616ff54661,
https://www.toobit.com,Toobit,"77,713,412.29",Erin  ,Gao,Manager ,https://www.linkedin.com/in/erin-gao-52068226a,
https://www.toobit.com,Toobit,"77,713,412.29",Sebastiano  ,Pesce,Director ,https://www.linkedin.com/in/sebastiano-pesce-0654a15b/?originalSubdomain=it,
https://tonstakers.com,Tonstakers LSD,"73,994,413.48",,,,,
https://app.zerobase.pro/,ZEROBASE CeDeFi,"73,723,445.36",Mirror ,Tang ,Founder & CEO,https://www.linkedin.com/in/mt2/,
https://equilibria.fi/home,Equilibria,"72,541,083.92",Coco ,Meers,CEO & Co-Founder,https://www.linkedin.com/in/cocomeers/,
https://bridge.pulsechain.com,PulseChain Bridge,"72,422,791.26",William ,Garcia,Chief Executive Officer,https://www.linkedin.com/in/william-garcia-2018/?originalSubdomain=mt,
https://bridge.pulsechain.com,PulseChain Bridge,"72,422,791.26",Kan ,Law,Chief Executive Officer,http://www.linkedin.com/in/kan-law-526905384,
https://app.derive.xyz?ref=defillama,Derive,"72,218,702.13",Nick ,Forster,"CEO, Co-Founder ",https://www.linkedin.com/in/nick-forster/,
https://app.derive.xyz?ref=defillama,Derive,"72,218,702.13",Akshat ,Sondhi,Co-founder/CEO,https://www.linkedin.com/in/sondhiakshat/?originalSubdomain=au,
https://www.kaio.xyz/,KAIO,"71,729,317.18",Olivier ,Dang,Chief Operating Officer,https://www.linkedin.com/in/olivier-dang/,
https://www.kaio.xyz/,KAIO,"71,729,317.18",Maurizio ,Raffone,Chief Financial Officer,http://linkedin.com/in/maurizioraffone/,
https://defidevcorp.com/?tab=dfdvSOLcom,DFDV Staked SOL,"70,801,646.23",John ,H,CFO,https://www.linkedin.com/in/johnfeihan?miniProfileUrn=urn%3Ali%3Afs_miniProfile%3AACoAAAJcBV4B3TqQ6o8fLHr6FJlKZqw9j_1_I54&lipi=urn%3Ali%3Apage%3Acompanies_company_people_index%3B941cb01b-4927-4b1e-9326-39ab94d86e62,
https://defidevcorp.com/?tab=dfdvSOLcom,DFDV Staked SOL,"70,801,646.23",Joseph ,Onorati,Chairman and CEO,https://www.linkedin.com/in/joseph-onorati?miniProfileUrn=urn%3Ali%3Afs_miniProfile%3AACoAAFU7iqsBBGD1EWByDsNn2LU06j-pvqaOTKU&lipi=urn%3Ali%3Apage%3Acompanies_company_people_index%3B941cb01b-4927-4b1e-9326-39ab94d86e62,
https://bridge.metis.io/home,Metis Bridge,"69,735,388.54",Scott ,Chuhinko,Partner,http://www.linkedin.com/in/scott-chuhinko-736374b,
https://bridge.metis.io/home,Metis Bridge,"69,735,388.54",Randy ,Durie,Partner,http://www.linkedin.com/in/randy-durie-33158a1,
https://kpk.io/,kpk,"69,405,067.27",Marcelo,Olano,Co-founder,https://pt.linkedin.com/in/marceloruizdeolano,
https://kpk.io/,kpk,"69,405,067.27",Alejandro ,Romero,Co-founder,https://es.linkedin.com/in/alexromero,
https://www.coin8.co,Coin8,"67,861,658.18",Cody ,Marcotte,Owner,https://www.linkedin.com/in/cody-marcotte-21436a369/?originalSubdomain=ca,
https://www.coin8.co,Coin9,"67,861,658.18",Nicola ,Yardy,Owner,https://www.linkedin.com/in/nicolayardy/?originalSubdomain=ca,
https://lisk.com,Lisk Bridge,"67,719,120.14",Dominic ,Schwenter,COO,https://www.linkedin.com/in/dominic-schwenter-133386162,
https://lisk.com,Lisk Bridge,"67,719,120.14",Shusetsu ,Toda,Chief Technology Officer,https://www.linkedin.com/in/shusetsu-toda/,
https://dashboard.bprotocol.org,B.Protocol Curator,"67,696,074.50",Yaron ,Velner,CEO,https://www.linkedin.com/in/yaron-velner-7a8aa4107?miniProfileUrn=urn%3Ali%3Afs_miniProfile%3AACoAABsJMXABHNC5QdLnOJim2k3INLZVssfFMKk&lipi=urn%3Ali%3Apage%3Acompanies_company_people_index%3B8beeae86-b2c7-43c0-8139-763d7764e097,
https://xtrade.gg/,Kinetiq Earn,"67,288,618.31",,,,,
https://www.matrixdock.com/home,MatrixDock XAUM,"66,407,185.47",,,,,
https://mezo.org,Mezo Network,"66,345,329.41",Matt ,Luongo,Co-founder,https://www.linkedin.com/in/mattluongo?miniProfileUrn=urn%3Ali%3Afs_miniProfile%3AACoAAAN112gBmvH2SrW7P9zsZwmFxPYGQLy3u2E&lipi=urn%3Ali%3Apage%3Acompanies_company_people_index%3Bbca381f1-fdbd-4322-a222-8dd337f3a46f,
https://tzbtc.io/transparency,tzBTC,"66,283,359.42",,,,,
https://app.opinion.trade?code=hV0KVj,OPINION,"66,017,095.60",,,,,
https://multipli.fi,Multipli.fi,"63,536,148.58",Paul ,Veradittakit,Managing Partner,https://www.linkedin.com/in/veradittakit,
https://multipli.fi,Multipli.fi,"63,536,148.58",Kelvin ,Koh,Founding Partner,https://hk.linkedin.com/in/kelvin-koh-b22278,
https://www.nucleusearn.io,Nucleus,"63,165,426.59",,,,,
https://sparkdex.ai/home,SparkDEX V3.1,"63,077,856.22",George ,Harrap,CEO,https://uk.linkedin.com/in/george-harrap-826a1292,
https://www.pendle.magpiexyz.io/stake,Penpie,"62,994,820.66",,,,,
https://www.yo.xyz/,YO Protocol,"62,930,204.96",Driss ,Benamour,Co-Founder & CEO,https://www.linkedin.com/in/drissb?miniProfileUrn=urn%3Ali%3Afs_miniProfile%3AACoAAAF340sB-4OV5OLkBFDZ-pMCp6949AGCo6A&lipi=urn%3Ali%3Apage%3Acompanies_company_people_index%3B298a2ab9-4a72-4750-a447-3874ec4c0226,
https://reti.nodely.io/,Reti Pooling,"62,828,218.39",Dorota ,Cybuch,CEO,http://www.linkedin.com/in/dorota-cybuch-6a316157,
https://reti.nodely.io/,Reti Pooling,"62,828,218.39",Pawel ,Pierscionek,Founder,http://www.linkedin.com/in/urtho,
https://www.sunx.io/,SunX,"62,420,218.58",Geoffrey ,Lipman,Co-founder & President,https://be.linkedin.com/in/geoffrey-lipman-85a0256,
https://ekubo.org/,Ekubo,"62,046,615.01",,,,,
https://www.helius.dev,Helius Staked SOL,"61,912,993.02",Mert ,Mumtaz,Co-Founder & CEO,http://www.linkedin.com/in/mertmumtaz,
https://www.helius.dev,Helius Staked SOL,"61,912,993.02",Nicolas ,Pennie,Co-founder & CTO,http://www.linkedin.com/in/nicolas-pennie-799b72aa,
https://merchantmoe.com/,Merchant Moe Liquidity Book,"61,764,444.49",,,,,
https://flipster.io,Flipster,"61,067,746.98",Jaewon ,An,Chief Executive Officer,http://www.linkedin.com/in/jaewonan,
https://www.nodedao.com,NodeDAO,"60,529,854.02",,,,,
https://pancakeswap.finance/,PancakeSwap Infinity,"60,455,356.69",Henry ,Cavill,CEO,http://www.linkedin.com/in/henry-cavill-6b6ab6229,
https://ring.exchange/#/earn,Ring Few,"59,835,979.07",,,,,
https://stusdt.io/#/home,stUSDT,"58,965,748.41",,,,,
https://b.watch/#/,Bwatch,"58,324,019.00",,,,,
https://bridge.sx.technology/,SX Rollup Bridge,"57,837,178.72",Andrew ,Young,Co-Founder & Project Lead,http://www.linkedin.com/in/andrew-young-6590b39a,
https://bridge.sx.technology/,SX Rollup Bridge,"57,837,178.72",Julian ,Wilson,Co-founder & CTO,http://www.linkedin.com/in/julianwlsn,
https://eosauthority.com/rex/statistics?network=eos,Vaulta REX,"57,818,709.27",Lucas ,Bolander,Co-Owner ,https://www.linkedin.com/in/lucas-bolander-0854122a8/,
https://ember.so/,Ember Protocol,"57,741,549.82",Kurt ,Avarell,CEO & Co-founder,https://www.linkedin.com/in/kurtavarell/,
https://ember.so/,Ember Protocol,"57,741,549.82",Clay ,Alexander, Founder,https://www.linkedin.com/in/claytonalexander/,
https://turtle.club,Turtle Club,"57,686,060.37",Benedikt ,Schulz,Co-founder & CCO,http://www.linkedin.com/in/schulzb,
https://resupply.fi/,Resupply,"57,422,690.82",Paul ,Tocci,CEO & Founder,https://www.linkedin.com/in/paul-tocci-4a9bab69/,
https://veno.finance/,Veno Finance,"56,584,063.89",,,,,
https://metapool.app,Meta Pool Near,"56,004,880.96",Claudio ,Cossio,Co-Founder,http://www.linkedin.com/in/claudio-cossio-8b3497367,
https://metapool.app,Meta Pool Near,"56,004,880.96",Lucio ,Tato,Co-Founder,http://www.linkedin.com/in/lucio-tato,
https://hylo.so/leverage?ref=XG3NTI,Hylo Protocol,"55,924,026.85",Narek ,A,"Co-Founder, CEO",https://www.linkedin.com/in/narek-asadorian?miniProfileUrn=urn%3Ali%3Afs_miniProfile%3AACoAAAcL7cwBLQglGygt5UGNvaFiVuR1TdVZyO8&lipi=urn%3Ali%3Apage%3Acompanies_company_people_index%3B6626000e-2ea5-4952-a9c1-5a22483d1cc6,
https://vfat.io/yield,vfat.io,"55,466,503.50",,,,,
https://satlayer.xyz/,SatLayer,"54,892,107.96",Luke ,Xie,Co-Founder & CEO,http://www.linkedin.com/in/lukex,
https://xrpl.org/,XRPL DEX,"54,595,546.66",A ,B,Talent Partner ,http://www.linkedin.com/in/a-b-b72290357,
https://hypurr.fi,HypurrFi Pooled,"54,166,537.93",,,,,
https://anvil.xyz/,Anvil,"53,663,491.23",Cody ,Steinmetz,CEO,https://www.linkedin.com/in/codysteinmetz/,
https://www.prjx.com/@DEFILLAMA,Project X,"52,895,327.79",Rounak ,Adhikary,Founder & CEO ,https://www.linkedin.com/in/rounakadhikary/,
https://app.rate-x.io/referral?ref=VS71Wksp,RateX,"52,863,087.85",Goh ,Kai,CEO & Co-founder,https://www.linkedin.com/in/akujk,
https://app.trufin.io/,TruStake,"52,333,958.52",Matt ,Molloy,Chief Executive Officer,http://www.linkedin.com/in/mattmolloy123,
https://cbridge.celer.network/#/transfer,cBridge,"52,021,153.76",Xiaozhou ,Li,Cofounder & Engineering Lead,https://www.linkedin.com/in/lixiaozhou?miniProfileUrn=urn%3Ali%3Afs_miniProfile%3AACoAAANgfZEBYEl1ftFXVS69sBJY_-PmR-ho3Eg&lipi=urn%3Ali%3Apage%3Acompanies_company_people_index%3B44e90256-ebfa-41b4-86fc-bff53ba406c2,
https://cbridge.celer.network/#/transfer,cBridge,"52,021,153.76",Junda ,Liu ,Co-Founder,https://www.linkedin.com/in/openflow?miniProfileUrn=urn%3Ali%3Afs_miniProfile%3AACoAAAfOPdABtBJFCI009J3XuqgWNA20x0v61Ak&lipi=urn%3Ali%3Apage%3Acompanies_company_people_index%3B44e90256-ebfa-41b4-86fc-bff53ba406c2,
https://www.vesu.xyz,Vesu,"51,971,935.20",Nils ,Bundi,Co-Founder & CEO,http://www.linkedin.com/in/nilsbundi,
https://www.vesu.xyz,Vesu,"51,971,935.20",Johannes ,E,Co-Founder,http://www.linkedin.com/in/johannes-e,
https://www.seamlessprotocol.com,Seamless Vaults,"51,905,105.31",Haise ,Issaki,Founder ,http://www.linkedin.com/in/haise-issaki-1852a81b0,
https://hyperion.xyz/,Hyperion,"51,810,728.16",David ,Hewitt,Chief Executive Officer,https://www.linkedin.com/in/davidehewitt/,
https://firelight.finance/,Firelight,"51,557,624.54",Emily ,Palmer,Co-Founder + CEO,https://www.linkedin.com/in/emily-palmer-548742293/,
https://idex.io/,IDEX,"51,526,154.45",Gene ,Karpinski,Owner,http://www.linkedin.com/in/gene-karpinski-7b11a55,
https://idex.io/,IDEX,"51,526,154.45",Cisco ,Arrieta,Business Owner,http://www.linkedin.com/in/cisco-arrieta,
https://xion.burnt.com,XION Finance,"51,446,906.11",Anthony ,Anzalone,Founder | CEO,http://www.linkedin.com/in/anthony-anzalone-bba2b5230,
https://big.one,BigONE,"51,382,420.20",Ian ,Tian,Founder and CEO,https://www.linkedin.com/in/ian-tian-29307919?miniProfileUrn=urn%3Ali%3Afs_miniProfile%3AACoAAAO_RU8B3oHC81okFel1AlEMVojxRcLEBak&lipi=urn%3Ali%3Apage%3Acompanies_company_people_index%3Bc91a04e0-b336-431c-89a5-78c9bdba555b,
https://www.origyn.com/,ORIGYN,"51,308,507.68",Vincent ,Perriard,Co-Founder,http://www.linkedin.com/in/vincent-perriard-22042010b,
https://www.onre.finance/,OnRe,"51,287,377.19",Dan ,Roberts,"Co-Founder, CEO",http://www.linkedin.com/in/danielajroberts,
https://www.onre.finance/,OnRe,"51,287,377.19",Ayyan ,Rahman,Co-Founder ,http://www.linkedin.com/in/ayyan-rahman-55a445187,
https://www.yei.finance,YeiLend,"51,268,777.66",Austin ,Chien,Co-Founder,http://www.linkedin.com/in/austin-chien-,
https://www.yei.finance,YeiLend,"51,268,777.66",Ivan ,Koh,Founding member,http://www.linkedin.com/in/ivankkk,
https://grvt.io,Grvt Bridge,"51,254,939.46",Matthew ,Quek,Co-Founder & COO,http://www.linkedin.com/in/matthew-quek-01403274,
https://grvt.io,Grvt Bridge,"51,254,939.46",Hong ,Yea,"Co-founder, CEO",http://www.linkedin.com/in/hong-gyu-yea-b5264728,
https://grvt.io,Grvt Bridge,"51,254,939.46",Chris ,Thomas,Founder,http://www.linkedin.com/in/chris-thomas-9a8bb578,
https://across.to,Across,"49,708,047.33",Melissa ,Quinn,COO,http://www.linkedin.com/in/melissaannquinn,
https://lite.zksync.io/,zkSync Lite Bridge,"49,671,276.09",,,,,
https://www.cetus.zone,Cetus CLMM,"49,048,522.48",,,,,
https://steer.finance,Steer Protocol,"49,002,290.92",Derek ,Barrera,Founder,http://www.linkedin.com/in/derekbarrera,
https://steer.finance,Steer Protocol,"49,002,290.92",Deepak ,Gupta,Co-founder,http://www.linkedin.com/in/deepak-gupta-7a7438106,
https://minswap.org,Minswap,"48,562,790.02",Long ,Nguyen,Founder,http://www.linkedin.com/in/ngnlong,
https://minswap.org,Minswap,"48,562,790.02",Richard,Nguyen,Co-Founder,http://www.linkedin.com/in/richard-nguyen-700739163,
https://jito.network,Jito Restaking,"47,735,758.35",Brian,Smith,Executive Director,https://www.linkedin.com/in/brian-smith-00431288/,
https://jito.network,Jito Restaking,"47,735,758.35",Thomas ,Uhm,CCO ,https://www.linkedin.com/in/thomas-uhm/,
https://www.sygnum.com/,Sygnum FIUSD Liquidity Fund,"46,762,228.08",Gerald,Goh,Co-Founder,http://www.linkedin.com/in/gerald-goh-2a75b541,
https://www.sygnum.com/,Sygnum FIUSD Liquidity Fund,"46,762,228.08",Jason,French,Executive Director,http://www.linkedin.com/in/jason-french,
https://www.ankr.com/,Ankr,"46,579,029.86",Stanley (Liangnan) .,W,Co-Founder,https://www.linkedin.com/in/stanley-w-5714a4163/,
https://www.ankr.com/,Ankr,"46,579,029.86",MoNoico,dot Com,Founder ,https://www.linkedin.com/in/monoico-dot-com-ab37bb165/,
https://idle.finance,Idle,"46,374,482.21",William,Bergamo,Co-founder,https://www.linkedin.com/in/william-bergamo-14822860/,
https://idle.finance,Idle,"46,374,482.21",Matteo ,Pandolfi,Founder ,https://www.linkedin.com/in/pandolfimatteo/,
https://amnis.finance,Amnis Finance,"46,309,752.16",Eric Hung,"Nguyen, CFA",CEO ,https://www.linkedin.com/in/hungngocnguyen/,
https://docs.neopin.io/earn-with-neopin/stake,NEOPIN Staking,"45,887,050.22",Ethan,Kim,CEO ,https://www.linkedin.com/in/ethankim2202/,
https://linearprotocol.org,LiNEAR Protocol,"45,713,750.24",,,,,
https://v2.liqwid.finance/,Liqwid,"45,688,329.03",Dewayne,Cameron,CEO ,https://www.linkedin.com/in/dewayne-cameron-698177145/,
https://v2.liqwid.finance/,Liqwid,"45,688,329.03",Tashoma,Vilini,Marketing Director,https://www.linkedin.com/in/tashoma/,
https://app.extrafi.io/,Extra Finance Leverage Farming,"45,585,650.56",,,,,
https://dinari.com,Dinari,"45,423,252.95",Gabriel,Otte,Co-founder,https://www.linkedin.com/in/gabrielotte/,
https://dinari.com,Dinari,"45,423,252.95",Garrett,W,Chief Financial Officer,https://www.linkedin.com/in/garrettwong/,
https://www.bitget.com/,Bitget bgBTC,"45,137,973.69",Estanislao,J.,CEO ,https://www.linkedin.com/in/estanislao-j-b230b3a/,
https://www.bitget.com/,Bitget bgBTC,"45,137,973.69",Patrick,Podvorica,CEO ,https://www.linkedin.com/in/patrick-podvorica-9b0319352/,
https://omni.apex.exchange/referral?referralCode=T0S8V482,Apex Omni,"44,927,014.53",,,,,
https://www.ostium.io/,Ostium,"44,860,187.02",Kaledora Fontana Kiernan,Linn,co-founder,https://www.linkedin.com/in/kaledora/,
https://www.orangex.com,OrangeX,"44,751,359.14",,,,,
https://www.poly.network,Poly Network,"44,728,247.74",Abhay,Agarwal,CEO,https://www.linkedin.com/in/abhaykagarwal/,
https://lfj.gg/arbitrum/trade,Joe V2.2,"44,626,968.71",,,,,
https://vesper.finance/,Vesper,"44,546,978.19",Manoj,Patidar,Principal,http://www.linkedin.com/in/manoj-patidar-18164b14,
https://app.beraborrow.com/,Beraborrow,"43,899,006.95",,,,,
https://clearpool.finance/tpool/,Clearpool TPOOL,"43,872,719.86",Jakob,Kronbichler,CEO,http://www.linkedin.com/in/jakob-kronbichler-73737746,
https://clearpool.finance/tpool/,Clearpool TPOOL,"43,872,719.86",David,Kronenberg,CEO Co,http://www.linkedin.com/in/david-kronenberg-683b68231,
https://cedefi.manta.network,Manta CeDeFi,"43,669,263.05",Duane,Parrish,Chief Executive Officer,https://www.linkedin.com/in/duane-parrish-8a7131133/,
https://cedefi.manta.network,Manta CeDeFi,"43,669,263.05",James,Zhou,Managing Partner,https://www.linkedin.com/in/metajames/,
https://yieldnest.finance/,YieldNest,"43,623,999.35",Amadeo,Brands,Co-Founder,http://www.linkedin.com/in/amadeobrands,
https://yieldnest.finance/,YieldNest,"43,623,999.35",Shawn,Fladager,Co-Founder & CPO,http://www.linkedin.com/in/shawnfladager,
https://pharaoh.se/,Pharaoh,"43,459,505.97",,,,,
https://www.neutral.trade/,Neutral Trade,"43,166,110.31",Derek,Lee,"Co-Founder, CEO",http://www.linkedin.com/in/derekleekh,
https://glif.io,GLIF,"42,996,223.21",Jon,Schwartz,Founder & CEO,http://www.linkedin.com/in/schwartzz8990,
https://clearstar.xyz,Clearstar,"42,944,529.73",Jakub,Crhonek,Managing Partner,https://www.linkedin.com/in/jakub-crhonek-3570142/,
https://nest.credit/,Nest Credit,"42,869,157.48",,,,,
https://bitkan.com/,BitKan,"42,713,693.73",Ruby,Chen,Partner ,https://www.linkedin.com/in/ruby-chen-01a37912a/,
https://bitkan.com/,BitKan,"42,713,693.73",Yang,Liu,CEO,https://www.linkedin.com/in/yang-liu-6b59b636/,
https://alchemix.fi/,Alchemix,"42,699,890.48",,,,,
https://wemix.fi,WEMIX.FI Staking,"42,659,215.07",Kim,Shane,CEO ,https://www.linkedin.com/in/%EC%84%9D%ED%99%98-shane-%EA%B9%80-kim-4ab98a65/,
https://www.liqi.com.br/,Liqi,"42,519,418.36",Daniel,Coquieri,CEO ,https://www.linkedin.com/in/danielcoquieri/,
https://www.liqi.com.br/,Liqi,"42,519,418.36",Marcelo Teixeira de,Freitas,CFO ,https://www.linkedin.com/in/marcelot1/,
https://fluxfinance.com,Flux Finance,"42,377,853.47",Justin,Joffe,Co-Founder,https://www.linkedin.com/in/justin-joffe/,
https://app.realms.today/realms,Realms,"42,255,282.69",,,,,
https://www.tangible.store,Tangible RWA,"41,910,053.76",Daniel,Kuppitz,Co-Founder,http://www.linkedin.com/in/daniel-kuppitz-5a60b119a,
https://app.pacifica.fi?referral=defillama,Pacifica,"41,595,289.18",Constance,W,Co-Founder,https://www.linkedin.com/in/constancewz/,
https://app.aegis.im,Aegis,"41,468,999.07",Ermin,Sharich,"Co-Founder, CEO",http://www.linkedin.com/in/ermin-sharich-530b29219,
https://www.alpacafinance.org/,Alpaca Leveraged Yield Farming,"41,449,726.92",,,,,
https://gopluslabs.io,GoPlus Locker,"41,160,625.43",Jiayi,Li,Co-Founder,https://www.linkedin.com/in/jiayili0620/,
https://www.brickken.com,Brickken,"41,104,817.35",Alexandra,Poggioli,Directora ,https://www.linkedin.com/in/alexandra-poggioli/,
https://www.brickken.com,Brickken,"41,104,817.35",Edwin,Mata,CEO & Co-Founder,https://www.linkedin.com/in/edwinmatanavarro/,
https://sailor.finance/,Sailor,"40,921,148.42",Ryan,Jackson,Business Owner,https://www.linkedin.com/in/ryan-jackson-772a74202/,
https://app.mmt.finance/trade,Momentum,"40,852,577.81",Jacky (YanXiang),Wang,Co-founder,https://www.linkedin.com/in/yanxiang-wang/,
https://lending.metalx.com,MetalX Lending,"40,494,539.64",,,,,
https://www.biconomy.com,Biconomy.com,"40,371,720.30",Dmitriy,Sheludko,CEO ,https://www.linkedin.com/in/dmitriysheludko/,
https://daoaas.io/swap,Dswap,"40,275,793.92",,,,,
https://app.spectra.finance/fixed-rate,Spectra,"40,105,840.03",,,,,
https://dx.app,DxSale,"39,983,550.79",Hash,Latif,Co-Founder,http://www.linkedin.com/in/hash-latif-67a673245,
https://app.ston.fi/,STON.fi,"39,322,088.86",Slavik,Baranov,Founder,https://www.linkedin.com/in/slavik-baranov/,
https://agni.finance/,Agni Finance,"38,989,373.35",,,,,
https://app.canopyhub.xyz,Canopy,"38,226,985.34",Wilson,Meng,Co-Founder,https://www.linkedin.com/in/wilsonmeng/,
https://farm.bucketprotocol.io,Bucket Farm,"37,981,837.75",,,,,
https://app.debridge.com/r/32425,deBridge,"37,314,920.26",Thomas,DeMoss,Owner,https://www.linkedin.com/in/thomas-demoss-7382255/,
https://app.folks.finance/liquid-staking,xALGO Liquid Staking,"37,238,066.74",Benedetto,Biondi,Chief Executive Officer,http://www.linkedin.com/in/benedettobio,
https://app.folks.finance/liquid-staking,xALGO Liquid Staking,"37,238,066.74",Pietro,Guarracino,Senior Business Partner,http://www.linkedin.com/in/pietro-guarracino-8681639a,
https://app.debridge.com/r/32425,deBridge,"37,314,920.26",Alex,Smirnov,Co-Founder,https://www.linkedin.com/in/alekseismirnov/,
https://app.debridge.com/r/32425,deBridge,"37,314,920.26",ROBBY,RIJSSEL,Owner,https://www.linkedin.com/in/robby-r-rijssel-86b38a13/,
https://alphaping.ch/,AlphaPing,"37,236,977.34",,,,,
https://www.3jane.xyz/,3jane Lending,"36,898,122.52",Jeremy,Obadia,Risk - Founding Team,http://www.linkedin.com/in/jeremy-obadia-118515128,
https://wrapped.com,Wrapped,"36,545,954.82",,,,,
https://app.endur.fi/,Endur,"36,542,703.06",Venkat,Kunisetty,Founder,https://www.linkedin.com/in/kunisettyvenkatteja/,
https://bridge.botanixlabs.com/,Botanix Bridge,"36,206,914.65",Alisia,Painter,"Co-Founder, COO",http://www.linkedin.com/in/alisiapainter,
https://bridge.botanixlabs.com/,Botanix Bridge,"36,206,914.65",Willem,Schroe,Founder,http://www.linkedin.com/in/willem-schro%c3%a9-64543a45,
https://coinmarketcap.com/currencies/usdx-money/,Stables Labs USDX,"36,109,684.09",Rush,Lu,CEO,https://www.linkedin.com/in/mai-rush-lu/,
https://coinmarketcap.com/currencies/usdx-money/,Stables Labs USDX,"36,109,684.09",Serge,Brillon,CFO,https://www.linkedin.com/in/serge-brillon-3b71a322a/,
https://coinmarketcap.com/currencies/usdx-money/,Stables Labs USDX,"36,109,684.09",Coinmarketcap,Reviews,CEO,https://www.linkedin.com/in/coinmarketcap-reviews-4530ba174/,
https://aqua.network,Aquarius Stellar,"35,173,611.88",,,,,
https://www.volo.fi/,Volo Vault,"35,170,165.50",,,,,
https://www.gogopool.com,Hypha,"35,087,954.01",Jennifer,New,Founder,https://www.linkedin.com/in/jennifer-new-a30016a7/,
https://fragmetric.xyz,Fragmetric,"33,919,600.75",Sang,Kim,Co-Founder & COO,http://www.linkedin.com/in/sangyeupkim,
https://fragmetric.xyz,Fragmetric,"33,919,600.75",Daniel,Kim,Chief Technology Officer,http://www.linkedin.com/in/dehypnosis,
https://www.more.markets,MORE Markets,"33,748,199.58",Altan,Tutar,Co-Founder / CEO,https://www.linkedin.com/in/tutaraltan/?locale=en_US,
https://www.more.markets,MORE Markets,"33,748,199.58",Firat,Sertgoz,Co-founder/CTO ,https://www.linkedin.com/in/firat-sertgoz/,
https://venomstake.com,VenomStake,"33,175,726.73",,,,,
https://www.zoomex.com,Zoomex,"33,053,574.83",Amos,Z,Co-Founder,https://www.linkedin.com/in/amos-z/,
https://www.zoomex.com,Zoomex,"33,053,574.83",Pony,M,Senior Director,https://www.linkedin.com/in/pony-m-67b2a1230/,
https://zkevm.cronos.org/,Cronos zkEVM Bridge,"32,737,702.51",,,,,
https://www.gizatech.xyz/,Giza,"32,641,905.28",Cem,Dagdelen,Co-Founder,http://www.linkedin.com/in/cemfdagdelen,
https://www.gizatech.xyz/,Giza,"32,641,905.28",Xavier,Constantini,Founder ,https://www.linkedin.com/in/xavier-constantini/,
https://camelot.exchange/,Camelot,"32,499,167.44",,,,,
https://bridge.taiko.xyz/,Taiko Bridge,"32,371,272.03",Joaquin Mendes,Izard,COO ,https://www.linkedin.com/in/joaquin-mendes-izard/,
https://bridge.taiko.xyz/,Taiko Bridge,"32,371,272.03",Ruben,Portela,Founder ,https://www.linkedin.com/in/ruben-portela-172b1138/,
https://frankencoin.com,Frankencoin,"31,772,172.76",Johannes,Kern,Managing Director,http://www.linkedin.com/in/johanneskern93,
https://moonlander.trade/,Moonlander,"31,654,441.65",,,,,
https://ipor.io,IPOR Fusion,"31,324,710.55",Pasteur,Tran,Founder ,https://www.linkedin.com/in/pasteurtran/,
https://ipor.io,IPOR Fusion,"31,324,710.55",Vladislav,Dramaliev,Director ,https://www.linkedin.com/in/vdramaliev/,
https://arkm.com/,Arkham Exchange,"31,304,953.06",Darren,Camas,Co-founder,http://www.linkedin.com/in/dcamas,
https://arkm.com/,Arkham Exchange,"31,304,953.06",Dimitar,Dinev,Co-Founder,http://www.linkedin.com/in/dimitar-dinev,
https://sovryn.app,Sovryn Zero,"31,109,424.36",,,,,
https://www.saucerswap.finance,SaucerSwap,"30,984,674.13",Peter,Campbell,Chief Executive Officer,http://www.linkedin.com/in/peter-sinclair-campbell,
https://www.saucerswap.finance,SaucerSwap,"30,984,674.13",Joseph,Bergvinson,Co-Founder,http://www.linkedin.com/in/joseph-bergvinson,
https://portal.arbitrum.io/bridge?l2ChainId=42170,Arbitrum Nova Bridge,"30,558,014.58",Abhirup,Banerjee,Co-Founder,https://www.linkedin.com/in/abhirup-banerjee-651537223/,
https://portal.arbitrum.io/bridge?l2ChainId=42170,Arbitrum Nova Bridge,"30,558,014.58",Lino,Velev,Founder,https://www.linkedin.com/in/lvelev/,
https://www.mento.org/,Mento,"30,000,051.52",Bogdan,Dumitru,Co-Founder,http://www.linkedin.com/in/bowd,
https://www.mento.org/,Mento,"30,000,051.52",Roman,Croessmann,Co-Founder,http://www.linkedin.com/in/roman-croessmann-450734126,
https://blur.io/,Blur Bids,"29,800,233.69",,,,,
https://www.40acres.finance/,40 Acres,"29,573,154.58",,,,,
https://app.bancor.network/,Bancor,"29,438,701.07",Olivier Nathan,Cohen,Founder ,https://www.linkedin.com/in/olivier-nathan-cohen/,
https://app.bancor.network/,Bancor,"29,438,701.07",Geoff,V,CFO ,https://www.linkedin.com/in/geoffvincentpole/,
https://www.figuremarkets.com/c/democratized-prime/,Figure Markets Democratized Prime,"29,085,733.60",Victoria,Bennett,Director,http://www.linkedin.com/in/victoriabennett4714,
https://solayer.org,Solayer Restaking,"28,893,734.17",,,,,
https://use.deficarrot.com?code=0eb6b6,Carrot Liquidity,"28,688,835.27",James,Blair,Co-Founder,https://www.linkedin.com/in/jsblair9/,
https://ts.finance/termmax/,TermMax,"28,615,295.19",,,,,
https://astar.network,Astar dApps Staking,"28,480,307.65",Sota,Watanabe,Founder,https://www.linkedin.com/in/sota-watanabe-b962b3110/,
https://eth.verusbridge.io/,Verus Market,"28,415,903.70",,,,,
https://www.aevo.xyz,Aevo Perps,"28,243,669.78",,,,,
https://www.colend.xyz,Colend Protocol,"28,081,263.07",,,,,
https://gravity.xyz/,Gravity by Galxe,"27,863,399.23",,,,,
https://www.loopingcollective.org/,Looping Collective,"27,717,933.85",Jannik,Schmiedl,Co-Founder,https://www.linkedin.com/in/jannik-schmiedl-47239815a/,
https://magmafinance.io/,Magma,"27,685,681.28",,,,,
https://bridge.wanchain.org,Wanchain,"27,655,432.41",Temujin,Louie,Owner,https://www.linkedin.com/in/temujinlouie/,
https://vishwanetwork.xyz/,Vishwa,"27,108,249.57",Sebastian,Rivera,Co-Founder,https://www.linkedin.com/in/sebricla/,
https://vishwanetwork.xyz/,Vishwa,"27,108,249.57",Nathan,Liang,CEO,https://www.linkedin.com/in/shujia-liang/,
https://mor.org,Morpheus,"27,035,793.50",,,,,
https://orderly.network,Orderly Bridge,"26,542,937.15",Elizabeth,Taylor,Owner,https://www.linkedin.com/in/elizabethjoytaylor/,
https://orderly.network,Orderly Bridge,"26,542,937.15",Dor,Benshimon,Founder,https://www.linkedin.com/in/madebydor/,
https://badger.com/,Badger DAO,"26,451,020.63",,,,,
https://flare.sceptre.fi,Sceptre Liquid,"26,417,646.59",,,,,
https://www.bitu.io,BitU Protocol,"26,363,775.29",,,,,
https://www.bitvenus.com,BitVenus,"26,319,578.51",Pedro,Perez,CEO,https://www.linkedin.com/in/perezpedro/,
https://www.bitvenus.com,BitVenus,"26,319,578.51",JL,Zhang,CFO,https://www.linkedin.com/in/jlzhangweb3/,
https://bonkcoin.com,Bonk Staked SOL,"26,242,597.97",Theo,Dawg,Co-Founder,https://www.linkedin.com/in/theo-dawg-14a670346/,
https://curvance.com/,Curvance,"26,162,439.72",,,,,
https://almanak.co,Almanak,"26,122,270.59",Pan,Luq,Co-Founder,https://www.linkedin.com/in/pan-luq-83b6b296/,
https://www.osl.com/en,OSL,"25,936,256.55",Beverly,Graham,CEO,https://www.linkedin.com/in/beverly-graham-215b3617/,
https://www.osl.com/en,OSL,"25,936,256.55",Kin,Leow,CEO,https://www.linkedin.com/in/kin-leung-leow-1b66943b/,
https://app.reya.xyz/trade?referredBy=z9hwcwwd,Reya Perps,"25,899,417.94",,,,,
https://www.okcoin.com,Okcoin,"25,853,383.51",John,Feng,CEO,https://www.linkedin.com/in/john-feng-82631/,
https://www.okcoin.com,Okcoin,"25,853,383.51",rahul,chavan,Owner,https://www.linkedin.com/in/rahul-chavan-2a2960237/,
https://www.gravitybridge.net,Gravity Bridge,"25,413,939.86",Mutti,Lewis,CEO,https://www.linkedin.com/in/mutti-lewis-a1b09a26/,
https://www.kava.io/,Kava Mint,"25,380,630.03",,,,,
https://app.increment.fi/swap,Increment Swap,"25,313,249.40",Edward ,Wells,Founder,http://www.linkedin.com/in/edward-wells-788a94264,
https://app.youves.com,Youves,"25,294,331.71",,,,,
https://unitas.so/,Unitas,"25,294,025.86",Chloe ,Lo,Co-Founder,http://www.linkedin.com/in/chloe-lo-66b104101,
https://unitas.so/,Unitas,"25,294,025.86",Madao ,Chan,Co-Founder,http://www.linkedin.com/in/madao-chris,
https://syncswap.xyz/,SyncSwap,"25,205,474.96",,,,,
https://osmosis.zone/,Osmosis DEX,"25,142,149.32",Dev ,Ojha,Cofounder,https://www.linkedin.com/in/dev-ojha-0?miniProfileUrn=urn%3Ali%3Afs_miniProfile%3AACoAACO1dGEBTaLBuooAcPhE7kGVPmD6q1dwkgE&lipi=urn%3Ali%3Apage%3Acompanies_company_people_index%3B8c952b84-31e2-4926-abc8-2f67d455b886,
https://vectis.finance,Vectis Finance,"24,953,480.14",,,,,
https://www.bitlo.com/,Bitlo,"24,876,350.93",Mustafa ,Alpay,CEO,https://tr.linkedin.com/in/mustafaalpay,
https://www.bitlo.com/,Bitlo,"24,876,350.93",Hakan ,Bas,Co-Founder,https://tr.linkedin.com/in/hakanbas,
https://adrastea.fi/,Adrastea Validator,"24,654,539.53",,,,,
https://www.wasabi.xyz,Wasabi,"24,617,975.59", David ,Friend,CEO,https://www.linkedin.com/in/david-friend-a03958296,
https://app.noon.capital,Noon,"24,382,863.63",Arpan ,Gautam,Founder,http://www.linkedin.com/in/arpan-gautam,
https://www.royco.org,Royco Protocol,"24,342,860.35",Shiv ,Kapoor ,Partner,https://www.linkedin.com/in/shivaanshk,
https://republic.com/note,Republic Note,"24,326,681.32",Kendrick ,Nguyen,Founder/Co-CEO,http://www.linkedin.com/in/kendrick-nguyen-7145bb5,
https://republic.com/note,Republic Note,"24,326,681.32",Timothy ,Ayoola,Owner,http://www.linkedin.com/in/timothy-ayoola-3a6a99262,
https://app.stackingdao.com,StackingDAO,"24,111,614.18",,,,,
https://guarda.com/staking/ethereum-staking/,GETH,"23,834,426.41",Lorenzo ,Polimeno,Founder,http://www.linkedin.com/in/lorenzopolimeno,
https://app.rysk.finance/join?code=DEFILLAMA,Rysk V12,"23,601,705.35",Daniele ,Ugolini ,Co-Founder,https://it.linkedin.com/in/danugolini,
https://btcproxy.io/,Proxy,"23,585,813.67",Denis ,Mars,ceo,https://www.linkedin.com/in/denismars,
https://octusbridge.io/bridge,Octus Bridge,"23,429,028.65",Mikhail ,Berdichevskii,Chief Operating Officer,https://www.linkedin.com/in/mikhail-berdichevskii-13393b62/,
https://app.myx.finance/referrals?invitationCode=H43P6XB,MYX Finance,"23,351,233.30",Mark ,Zhang,CEO,https://cn.linkedin.com/in/markzhang0130,
https://merlinswap.org,MerlinSwap,"23,341,663.98",,,,,
https://synapseprotocol.com,Synapse,"23,340,178.36",Sankaet ,Pathak,Founder & CEO,https://www.linkedin.com/in/sankaet/,
https://synapseprotocol.com,Synapse,"23,340,178.36",Ali ,Taghikhani,CEO and Co-founder,https://www.linkedin.com/in/alitaghikhani/,
https://www.term.finance,TermFinance Vaults,"23,313,993.30",Oliver ,Sabga,Founder & CEO,https://www.linkedin.com/in/oliversabga/?originalSubdomain=tt,
https://www.ichi.org,ICHI,"23,290,239.14",Brandon ,Levey,Founder & CEO,https://www.linkedin.com/in/brandonlevey/,
https://www.t-rize.io,T RIZE,"23,000,000.00",Madani ,Boukalba,Co-Founder and CEO,https://www.linkedin.com/in/madani-boukalba/,
https://www.t-rize.io,T RIZE,"23,000,000.00",Michael ,Duchesne,Founding Partner,https://www.linkedin.com/in/michael-duchesne-4384871a2/,
https://www.t-rize.io,T RIZE,"23,000,000.00",Eduardo ,Furtado,"Founding Partner, CTO",https://www.linkedin.com/in/pinkfromthefuture/,
https://ariesmarkets.xyz,Aries Markets,"22,966,099.85",Pash ,deLunae,Co-Founder & COO,https://www.linkedin.com/in/pash-delunae-b1a64859?miniProfileUrn=urn%3Ali%3Afs_miniProfile%3AACoAAAxgGEYBYq5ZQwpDGBPIbqeTkVZFa8KXlGM&lipi=urn%3Ali%3Apage%3Ad_flagship3_company%3BrM4UKiVhSFGoqU5LCPgsTg%3D%3D,
https://ariesmarkets.xyz,Aries Markets,"22,966,099.85",Reda ,Falih,Chief Executive Officer,https://www.linkedin.com/in/reda-falih-b5b641160/,
https://app.katana.network/krates?p=deposit,Katana Pre-Launch,"22,956,985.03",Priit ,Kaasik,Co-founder,https://www.linkedin.com/in/priitkaasik/?originalSubdomain=ee,
https://app.katana.network/krates?p=deposit,Katana Pre-Launch,"22,956,985.03",Kristjan ,Vilosius,"Co-Founder, Co-CEO",https://www.linkedin.com/in/kristjan-vilosius/?originalSubdomain=ee,
https://zklink.io,zkLink Nova,"22,879,024.51",,,,,
https://core.allbridge.io,Allbridge Core,"22,875,151.39",Yuriy ,Savchenko,Co-Founder and CTO,http://www.linkedin.com/in/yuriy-savchenko,
https://rocksolid.network/,RockSolid Network,"22,861,758.35",Steven ,Pack,Co-Founder & CEO,http://www.linkedin.com/in/stevenpack1,
https://rocksolid.network/,RockSolid Network,"22,861,758.35",Ben ,Ward,COO & Co-founder,https://www.linkedin.com/in/benjaminpeterward/,
https://liminal.money/join/DEFILLAMA,Liminal,"22,851,760.30",Steven ,Walchek,Founder and CEO,https://www.linkedin.com/in/swalchek?miniProfileUrn=urn%3Ali%3Afs_miniProfile%3AACoAAABG2-0B7rUP8VySmZHc0G37pFizzajxpB8&lipi=urn%3Ali%3Apage%3Acompanies_company_people_index%3B2bf83f1c-67d0-4d06-a831-7d9bc4c0e613,
https://liminal.money/join/DEFILLAMA,Liminal,"22,851,760.30",Aaron ,Bach,Co-Founder,https://www.linkedin.com/in/aaronbach?miniProfileUrn=urn%3Ali%3Afs_miniProfile%3AACoAAAER5akBRwJlQaA6_WNpdE1ruT8mV32NnT0&lipi=urn%3Ali%3Apage%3Acompanies_company_people_index%3B2bf83f1c-67d0-4d06-a831-7d9bc4c0e613,
https://etherex.finance/,Etherex CL,"22,817,520.09",,,,,
https://yieldyak.com,Yield Yak Aggregator,"22,489,426.67",,,,,
https://dinero.xyz,Dinero (pxETH),"22,486,853.11",,,,,
https://bridge.orbitchain.io,Orbit Bridge,"22,403,463.13",,,,,
https://goldfinger.finance/en,GoldFinger,"22,351,427.62",,,,,
https://hakutora.xyz,Hakutora,"22,159,902.78",,,,,
https://kai.finance,Kai Finance,"21,842,541.40",,,,,
https://www.metronome.io/synth,Metronome Synth,"21,155,948.24",Jordan ,Kruger,Co-Founder,https://www.linkedin.com/in/jordanjkruger/,
https://overnight.fi,Overnight Finance,"21,022,141.53",Max .,E,Founder & CEO,https://www.linkedin.com/in/maxim-ermilov/,
https://xsy.fi,XSY,"20,974,947.88",Sean ,Ford,Chief Executive Officer,https://www.linkedin.com/in/w-sean-ford-63a1478?miniProfileUrn=urn%3Ali%3Afs_miniProfile%3AACoAAAFxws4BokVFv6e9-bOi7TQyHV36Zk_zpIE&lipi=urn%3Ali%3Apage%3Acompanies_company_people_index%3B78bfc0b2-f53f-45e0-9079-1b908946d360,
https://xsy.fi,XSY,"20,974,947.88",David ,Markley,Chief Operating Officer,https://www.linkedin.com/in/david-b-markley?miniProfileUrn=urn%3Ali%3Afs_miniProfile%3AACoAAAVSSNUB8RwBJ7goCP50gu7fd1gZKWHf-x0&lipi=urn%3Ali%3Apage%3Acompanies_company_people_index%3B78bfc0b2-f53f-45e0-9079-1b908946d360,
http://cex.io/,CEX.IO,"20,874,526.98",Oleksandr ,Lutskevych,Chief Executive Officer,https://www.linkedin.com/in/olutskevych/?originalSubdomain=uk,
http://cex.io/,CEX.IO,"20,874,526.98",Rich ,Evans,CEO,https://www.linkedin.com/in/richevansuk/?originalSubdomain=uk,
https://app.nado.xyz/,Nado Spot,"20,863,907.44",,,,,
https://app.thala.fi/lsd,Thala LSD,"20,761,911.56",,,,,
https://coinsquare.com,Coinsquare,"20,707,485.20",Martin ,Piszel,Chief Executive Officer,https://www.linkedin.com/in/martin-piszel-b40819/?originalSubdomain=ca,
https://fulcrom.finance,Fulcrom Perps,"20,643,521.07",Pablo ,Priu,Managing Member ,https://www.linkedin.com/in/paul-priu/,
https://vestaequity.net,Vesta Equity,"20,634,337.00",Michael ,Carpentier,Chief Executive Officer,https://www.linkedin.com/in/businessdigitalstrategist/,
https://vestaequity.net,Vesta Equity,"20,634,337.00",Jake ,Kelley,Co-Founder & CIO,http://www.linkedin.com/in/jakekelley23,
https://www.qearn.org/home,Qearn,"20,593,094.16",Joe,Tom,Developer / Advisor,https://www.linkedin.com/in/roman-thommen/,
https://app.granite.world/,Granite,"20,387,630.85",Michael ,Dardick,Executive Chairman,https://www.linkedin.com/in/michael-dardick-3368839/,
https://app.granite.world/,Granite,"20,387,630.85",Will ,Hendrickson,Chief Executive Officer ,https://www.linkedin.com/in/will-hendrickson-b3904257/,
https://www.opentrade.io,OpenTrade,"20,358,895.01",David ,Sutter,"Chief Executive Officer, Co-Founder",http://www.linkedin.com/in/sutterdavid,
https://www.opentrade.io,OpenTrade,"20,358,895.01",Hamzah ,Aziz,Founder,http://www.linkedin.com/in/hamzah-abdul-aziz-735023203,
https://www.valantis.xyz,Valantis STEX,"20,348,170.65",Deven ,Matthews,co-founders,https://www.linkedin.com/in/devenmatthews,
https://yuzu.money/,Yuzu Money,"20,344,990.82",,,,,
https://yield.fi/,YieldFi,"20,013,329.73",Shailesh ,Gupta,Founder & CEO,http://www.linkedin.com/in/shaileshgupta88,
https://www.dhedge.org/,dHEDGE Vaults,"19,817,871.06",Kim ,Philip,Managing Member,http://www.linkedin.com/in/kim-philip-cfa-51a978245,
https://harvest.finance/,Harvest Finance,"19,584,673.17",John ,Fattibene,Owner,https://www.linkedin.com/in/johnfattibene/,
https://dodoex.io/,DODO AMM,"19,555,603.08",Dodo ,Joon,Chief Executive Officer,http://www.linkedin.com/in/dodo-joon-815813279,
https://dodoex.io/,DODO AMM,"19,555,603.08",Diane ,Dai,Co-Founder,http://www.linkedin.com/in/diane-dai-649890a7,
https://zeusnetwork.xyz/,Zeus Network,"19,528,579.83",Anatoly ,Yakovenko,Co-Founder,https://www.linkedin.com/in/anatoly-yakovenko,
https://zeusnetwork.xyz/,Zeus Network,"19,528,579.83",Muneeb ,Ali,Co-Founder,https://www.linkedin.com/in/muneebali,
https://zeusnetwork.xyz/,Zeus Network,"19,528,579.83",Andrew ,Kang,Founder,https://www.linkedin.com/in/andrew-s-kang,
https://app.angle.money,Angle,"19,314,151.90",Guillaume ,Nervo,Co-founder,http://www.linkedin.com/in/guillaume-nervo-98a50614b,
https://native.org,Native Credit Pool,"19,308,740.54",Olivia ,Yao, Co-founder,http://www.linkedin.com/in/olyao,
https://www.immutable.com/,ImmutableX,"19,182,837.24",James ,Ferguson,CEO,http://www.linkedin.com/in/jamesanthonyferguson,
https://www.immutable.com/,ImmutableX,"19,182,837.24",Alex ,Connolly,"Co-Founder, CTO",http://www.linkedin.com/in/alex-connolly,
https://www.immutable.com/,ImmutableX,"19,182,837.24",Robbie ,Ferguson,Co-Founder and President,http://www.linkedin.com/in/robbieferguson,
https://injective.com,Injective Bridge,"19,135,355.67",Zhongyuan ,Sun,Founder,http://www.linkedin.com/in/zhongyuan-sun-2b6a161b0,
https://pando.im,Pando Leaf,"18,785,248.93",,,,,
https://www.moremarkets.xyz/,MoreMarkets.xyz,"18,701,867.79",Altan ,Tutar,Co-Founder / CEO,http://www.linkedin.com/in/tutaraltan,
https://www.moremarkets.xyz/,MoreMarkets.xyz,"18,701,867.79",Donovan ,Dall,Co-Founder,http://www.linkedin.com/in/donovandall,
https://www.ethereal.trade/,Ethereal Season Zero,"18,660,501.19",Min ,Teo,Managing Partner & Co-Founder,https://www.linkedin.com/in/minteo/?originalSubdomain=uk,
https://pico-sol.com,Pico Staked SOL,"18,546,524.70",,,,,
https://knightrade.io/,Knightrade,"18,507,608.03",,,,,
https://stake.laine.one,Laine SOL,"18,341,664.18",Michael ,Hubbard,Founder & Managing Director,https://www.linkedin.com/in/michael-hubbard-cpt/?originalSubdomain=nz,
https://app.hyperswap.exchange/#/swap?referral=defillama,HyperSwap,"18,151,512.04",,,,,
https://app.hatom.com/bridge,Hatom TAO Bridge,"18,135,179.67",Ahmed ,Serghini,ceo,https://ae.linkedin.com/in/ahmed-serghini-430327233,
https://bonzo.finance/,Bonzo Finance,"18,109,823.80",Brady ,Gentile,Co-Founder & CEO,http://www.linkedin.com/in/bradygentile,
https://bonzo.finance/,Bonzo Finance,"18,109,823.80",Gaurang ,Torvekar,Co-Founder and CTO,http://www.linkedin.com/in/gaurangtorvekar,
https://loopring.org/#/,Loopring,"17,910,431.50",,,,,
https://drop.money/,Drop,"17,691,547.51",Mitya ,Argunov,Co-Founder,http://www.linkedin.com/in/dmitryargunov,
https://app.fuel.network/bridge,Fuel Bridge,"17,572,376.93",Joel ,Math,Chief Executive Officer,http://www.linkedin.com/in/joel-math-88a84834a,
https://app.fuel.network/bridge,Fuel Bridge,"17,572,376.93",Tim ,Stevenson,Owner,http://www.linkedin.com/in/tim-stevenson-7045b018,
https://astroport.fi,Astroport,"17,516,081.97",Sam ,Ximenes,CEO,https://www.linkedin.com/in/sam-ximenes-975b694/,
https://hibt.com,Hibt,"17,426,604.09",,,,,
https://nostra.finance,Nostra Money Market,"17,408,967.49",David ,Garai,Founder and Chairman of the Board,https://www.linkedin.com/in/davidgarai/,
https://btcfi.one,BTCFi CDP,"17,340,604.61",,,,,
https://flokifi.com,FlokiFi Locker,"17,332,126.55",,,,,
https://fluxbeam.xyz,FluxBeam,"17,071,083.08",,,,,
https://www.universal.xyz,Universal Bridge,"17,028,304.16",Murugan ,Chettiar,Senior Executive Officer,https://www.linkedin.com/in/murugan-chettiar-3b690731/?originalSubdomain=in,
https://www.superlend.xyz/,Superlend,"16,850,355.12",Bernd ,Oostrum,Chief Executive Officer,https://nl.linkedin.com/in/bernd-oostrum/en,
https://www.superlend.xyz/,Superlend,"16,850,355.12",Ajit ,Grandhi,Chief Operation Officer,https://in.linkedin.com/in/ajit-grandhi-11662822,
https://beets.fi,Beets LST,"16,750,407.89",,,,,
https://www.hashkey.com,HashKey Global,"16,741,942.90",Anna ,Liu,CEO,http://www.linkedin.com/in/anna-liu-aa793830,
https://www.hashkey.com,HashKey Global,"16,741,942.90",Ben ,El-Baz,"Managing Director,",http://www.linkedin.com/in/ben-el-baz,
https://zoofi.io,Zoo Finance,"16,727,821.84",Stuart ,Green,CEO,https://uk.linkedin.com/in/stuartagreen,
https://zoofi.io,Zoo Finance,"16,727,821.84",Gillian ,Wilmot,Chairman ,https://uk.linkedin.com/in/gillian-wilmot-cbe-2b41885,
https://bend.berachain.com,BEND,"16,561,634.42",,,,,
https://dragonswap.app,Dragon Swap Sei,"16,356,382.57",Teimur ,Shternlib,CEO,https://cy.linkedin.com/in/shternlib,
https://app.sentiment.xyz?refCode=dcd82abec7,Sentiment,"16,327,565.91",,,,,
https://asseto.finance/product,Asseto AoABT,"16,197,298.63",,,,,
https://juicebox.money/,Juicebox,"16,049,634.52",Dave ,Craige,Founder,http://www.linkedin.com/in/davidcraige,
https://rings.money/,Trevee Earn,"15,870,426.66",,,,,
https://defituna.com/,DefiTuna Liquidity,"15,774,455.15",Moty ,Povolotski,Co-Founder,http://www.linkedin.com/in/moty-povolotski-700912b8,
https://www.troves.fi/,Troves,"15,631,470.62",Terry ,Boyle, CEO,https://www.linkedin.com/in/terry-boyle-46222,
https://belt.fi/,Belt Finance,"15,622,357.64",Denis ,Gagnon,Chief Executive Officer ,https://www.linkedin.com/in/denis-gagnon-jr-0725503/,
https://www.chainge.finance,Chainge Finance,"15,549,172.51",Dejun ,Qian,Chief Executive Officer,http://www.linkedin.com/in/dejun-qian-aa027136,
https://abracadabra.money/,Abracadabra Spell,"15,547,793.12",,,,,
https://mansorytoken.io/,Mansory,"15,374,619.65",Kourosh ,Mansory,Owner,https://www.linkedin.com/in/kourosh-mansory-a5b1929?miniProfileUrn=urn%3Ali%3Afs_miniProfile%3AACoAAAGgyGcBISRS0esCQnbLCn4N-KzEecb0CKQ&lipi=urn%3Ali%3Apage%3Acompanies_company_people_index%3Bedaf6d7f-ccd6-4d9c-bfbe-52c714ac3775,
https://apeswap.finance,ApeSwap AMM,"15,269,502.72",Ape ,Kombat,CEO,https://www.linkedin.com/in/apekombat/,
https://comtechgold.com/Digitalgold,ComTech Gold,"14,851,714.96",Jignesh ,Ved,CEO and Co-Founder,http://www.linkedin.com/in/jignesh-ved-b730984,
https://comtechgold.com/Digitalgold,ComTech Gold,"14,851,714.96",Ritika ,Bhardwaj,Chief Operating Officer,http://www.linkedin.com/in/ritika-bhardwaj-3826a413a,
http://www.lolik.com,Lolik Liquid Staking,"14,843,130.27",,,,,
https://app.hyperwavefi.xyz/hyperfren/DEFILLAMA,HyperWave,"14,793,440.31",Abishek ,Kannan,Chief Executive Officer ,http://www.linkedin.com/in/abishek-kannan-55b9b7191,
https://catfee.io/staking/,CatFee Staking Vault,"14,736,748.07",,,,,
https://savings.latch.io/,Latch,"14,710,181.95",Luke ,Schoenfelder,"CEO, Chairman, and Co-Founder",https://www.linkedin.com/in/lukeschoenfelder/,
https://savings.latch.io/,Latch,"14,710,181.95",Brenden ,Hewko,Co-Founder & Partner,https://www.linkedin.com/in/brenden-hewko-2b936b32/?originalSubdomain=ca,
https://brotocol.xyz/,Brotocol,"14,652,549.03",,,,,
https://www.verio.network/staking,Verio,"14,628,275.47",Hideyuki ,Yamasawa,CEO,https://www.linkedin.com/in/hideyuki-yamasawa-335285209,
https://app.roninchain.com/swap#/swap,Katana DEX,"14,547,006.03",,,,,
https://alphafi.xyz,AlphaFi Agg,"14,291,185.76",Mitul ,Garg,Founding Engineer,http://www.linkedin.com/in/mitul-garg-165aa1204,
https://stakee.org,Stakee,"14,055,084.33",,,,,
https://www.mayaprotocol.com,Maya Protocol,"14,034,707.00",,,,,
https://www.flash.trade/,FlashTrade,"14,004,143.94",Felipe ,Freitas,Founder,http://www.linkedin.com/in/felipe-freitas-402080129,
https://mudigital.net,Mu Digital,"13,894,619.98",Patrick ,Hizon,Co-Founder and CEO,http://www.linkedin.com/in/patrick-hizon,
https://mudigital.net,Mu Digital,"13,894,619.98",Cholo ,Maputol,Co-Founder,http://www.linkedin.com/in/cholo-maputol,
https://goblin.fi/,Goblin,"13,771,273.48",,,,,
https://biswap.org/,Biswap,"13,752,518.49",,,,,
https://fxdao.io,FxDAO,"13,493,175.85",,,,,
https://app.init.capital,INIT Capital,"13,478,694.01",Tascha ,Punyaneramitdee,CEO and Founder,https://th.linkedin.com/in/tascha-panpan,
https://djed.one,Djed Stablecoin,"13,436,026.21",,,,,
https://app.solera.market/,Solera,"13,408,590.47",Darko ,Dejanovic,Chief Executive Officer ,https://www.linkedin.com/in/darkodejanovic,
https://app.solera.market/,Solera,"13,408,590.47",Alberto ,Cairo,Chief Financial Officer ,https://www.linkedin.com/in/alberto-cairo-9b9309?miniProfileUrn=urn%3Ali%3Afs_miniProfile%3AACoAAAALpl0BndLwL6jeHSJJ6SyocpbHdVrOH34&lipi=urn%3Ali%3Apage%3Acompanies_company_people_index%3B083b31bb-f7ed-4803-ade9-69daf9d2c572,
https://marsprotocol.io,Mars Lend,"13,122,128.28",Colin ,Maher,Chief Executive Officer ,https://ie.linkedin.com/in/colin-maher-822a362a,
https://p.network,pNetwork,"13,099,805.90", Nicolas ,Kokkalis,CEO ,https://www.linkedin.com/in/kokkalis,
https://www.splashing.xyz/,Splashing Stake,"13,055,290.78",,,,,
https://storm.tg,Storm Trade,"12,974,389.55",Andrey ,Kurenkov,Chief Operating Officer,http://www.linkedin.com/in/a-kurenkov,
https://storm.tg,Storm Trade,"12,974,389.55",Nestor ,Arhangelsky,Owner,http://www.linkedin.com/in/%d0%bd%d0%b5%d1%81%d1%82%d0%be%d1%80-%d0%b0%d1%80%d1%85%d0%b0%d0%bd%d0%b3%d0%b5%d0%bb%d1%8c%d1%81%d0%ba%d0%b8%d0%b9-1ab209198,
https://www.coffer.network,Coffer Network,"12,966,883.90",Justin ,Chow,Co-Founder,http://www.linkedin.com/in/justin-chow-a4944aaa,
https://potatoswap.finance,PotatoSwap,"12,959,187.36",Kelvin,A,owner,https://ng.linkedin.com/in/kelvin-a-3722181b2,
https://www.altitude.fi/,Altitude.Fi,"12,933,286.90",Tobias ,Amstel,Co-Founder & CEO,http://www.linkedin.com/in/tobiasvanamstel,
https://www.hegic.co/?ref=0x798ff1e6d7afd28c333ee6ebe03125d30ec6ef10,Hegic,"12,911,502.37",,,,,
https://www.goose.farm/,Goose,"12,814,360.32",Drew ,Brinkoetter,owner,https://www.linkedin.com/in/drewbrinkoetter,
https://supra.com/data/validators,Supra Staking,"12,798,273.12",Gabriel ,Merlo,CEO,http://www.linkedin.com/in/gabriel-merlo-89515b51,
https://supra.com/data/validators,Supra Staking,"12,798,273.12",Carlos ,Lima,Chief Operations Officer,http://www.linkedin.com/in/carlos-lima-7b2121143,
https://backed.fi,BackedFi,"12,760,814.26",Yehonatan ,Goldman,Co-Founder,http://www.linkedin.com/in/yehonatan-goldman-90a437a0,
https://backed.fi,BackedFi,"12,760,814.26",Roberto ,Klein,Co-Founder,http://www.linkedin.com/in/kleinroberto,
https://danogo.io,Danogo,"12,631,554.31",,,,,
https://app.odyssey.finance/en,Odyssey Finance,"12,609,067.00",,,,,
https://theautopilot.xyz/app,Autopilot,"12,467,588.14",Chris ,Josephs,owner,https://www.linkedin.com/in/chris-josephs-677641114,
https://www.parasail.network/,Parasail,"12,392,203.36",Mike ,Henry,CEO,https://www.linkedin.com/in/mike-henry-72204123,
https://www.estateprotocol.com,Estate Protocol,"12,374,215.43",Parv ,Prabhakar,Founder and CEO,http://www.linkedin.com/in/parvprabhakar,
https://www.mysticfinance.xyz/,Mystic Finance Lending,"12,248,502.83",Joao ,Moreira,Founder & CEO,http://www.linkedin.com/in/jo%c3%a3o-moreira-752922b5,
https://evaa.finance,EVAA Protocol,"12,204,113.03",Vlad ,Kamyshov,Chief Executive Officer,http://www.linkedin.com/in/vlad-kamyshov-194a1b220,
https://evaa.finance,EVAA Protocol,"12,204,113.03",Alexander ,Sudeykin,Co-Founder,http://www.linkedin.com/in/alexander-sudeykin-28001b18a,
https://tranchess.com,Tranchess Yield,"12,183,297.17",Danny ,Chong,ceo,https://sg.linkedin.com/in/danny-chong-cftp-75364384,
https://app.indigoprotocol.io/,Indigo,"12,049,047.54", Rahul ,Bhatia,owner,https://www.linkedin.com/posts/vipul-kumar-83763913_rahul-bhatia-is-the-co-founder-and-managing-activity-7387892174211923968-ilNM,
https://www.superfluid.finance/home,Superfluid,"11,981,406.24",Francesco ,George,owner,https://ee.linkedin.com/in/francescogeorgerenzi,
https://app.harmonix.fi/?ref=s4rk2Hrs,Harmonix Finance,"11,948,380.20",Hung ,Dang, Founder,http://www.linkedin.com/in/hung-dang-75b72856,
https://app.harmonix.fi/?ref=s4rk2Hrs,Harmonix Finance,"11,948,380.20",Bao ,Nguyen,Co-Founder,http://www.linkedin.com/in/bao-nguyen-b2bb36207,
https://csigma.finance,cSigma Finance,"11,921,455.57",Anil ,Jaladi,Founder,http://www.linkedin.com/in/ajaladi,
https://stable.kittypunch.xyz/,KittyPunch StableKitty,"11,860,199.00",,,,,
https://kofi.finance,Kofi Finance,"11,842,472.91",Vaibhav ,Arora,Co-founder,https://in.linkedin.com/in/vaibhav-arora-a233321b7,
https://iotube.org,ioTube,"11,825,219.16",,,,,
https://hydrex.fi,Hydrex Integral,"11,779,366.77",,,,,
https://deepbook.tech,DeepBook,"11,776,680.97",,,,,
https://www.desyn.io/#/,DeSyn Basis Trading,"11,750,438.31",Lekeith ,Taylor,Co-Founder ,http://www.linkedin.com/in/lekeithtaylor,
https://www.lbank.com,LBank,"11,717,683.14",Johnason ,Chan,Chief Operating Officer,http://www.linkedin.com/in/xiangzhang20,
https://www.lbank.com,LBank,"11,717,683.14",Yikang ,Yang,Chief Operating Officer ,http://www.linkedin.com/in/%e4%b8%80%e6%85%b7-%e6%9d%a8-1687701b9,
https://chainflip.io,Chainflip,"11,531,062.31",Niklas ,Husten,COO,http://www.linkedin.com/in/niklas-husten-3baa07173,
https://stride.zone/,Stride,"11,528,479.06",Riley ,Edmunds,Co-Founder,http://www.linkedin.com/in/rileyedmunds,
https://stride.zone/,Stride,"11,528,479.06",Aidan ,Salzmann,Co-Founder,http://www.linkedin.com/in/aidansalzmann,
https://mux.network/,MUX Perps,"11,433,259.08",,,,,
https://www.templarfi.org/,Templar Protocol,"11,420,107.65",,,,,
https://x.woo.org/en/trade,WOO X,"11,408,272.36",Fabio ,Cortinovis,Chief Operating Officer,https://www.linkedin.com/in/fabio-cortinovis-8689611a9?miniProfileUrn=urn%3Ali%3Afs_miniProfile%3AACoAADC6rZABS3UF1yi90QiuNBE7ENVYdlcYATc&lipi=urn%3Ali%3Apage%3Acompanies_company_people_index%3Bbf423c19-c8ee-49a8-a92d-4317ac4b8363,
https://x.woo.org/en/trade,WOO X,"11,408,272.36",Ben ,Fleming,CEO,https://www.linkedin.com/in/benfleming80?miniProfileUrn=urn%3Ali%3Afs_miniProfile%3AACoAAAE79koBSbSy488RqTLOLUDjAXckyE4JjaI&lipi=urn%3Ali%3Apage%3Acompanies_company_people_index%3Bbf423c19-c8ee-49a8-a92d-4317ac4b8363,
https://www.liquidloans.io,LiquidLoans,"11,370,813.20",Cristian ,Ulloa,"Co-Founder, CEO",http://www.linkedin.com/in/cristianmulloa,
https://support.exinpool.com/en,ExinPool,"11,269,329.00",Aaron ,Arnold,co-owner,https://www.linkedin.com/in/aaron-arnold-52621562,
https://www.eclipse.xyz,Eclipse Bridge,"11,156,482.03",Sydney ,Huang,CEO,https://www.linkedin.com/in/sydney-huang?miniProfileUrn=urn%3Ali%3Afs_miniProfile%3AACoAAApmdO8B8cWR6buQJaWdg5Ib-FHnytoSVY4&lipi=urn%3Ali%3Apage%3Acompanies_company_people_index%3B282877b1-176a-4e88-b3ae-860883a8e3d3,
https://www.byreal.io/,Byreal,"11,116,282.61",,,,,
https://shmonad.xyz/,ShMonad,"10,750,969.97",,,,,
https://levex.com/en/assets/proof-of-reserve,LeveX,"10,747,487.07",Harvey ,Liu,Chief Executive Officer,http://www.linkedin.com/in/harveylevex,
https://ferra.ag,Ferra DLMM,"10,693,645.37",Owen ,Jones,owner,https://ca.linkedin.com/in/owen-jones-3b3725aa,
https://app.dexalot.com/,Dexalot Portfolio,"10,674,852.14",Nihat ,Gurmen,Co-Founder,https://www.linkedin.com/in/nihatgurmen/,
https://www.acryptos.com/,ACryptoS,"10,566,312.61",,,,,
https://aftermath.finance,Aftermath afSUI,"10,456,555.96",,,,,
https://toros.finance,Toros,"10,393,983.25",,,,,
https://helixapp.com,Helix Perp,"10,374,038.21",,,,,
https://deri.io/#/trade/options,Deri V4,"10,359,434.59",,,,,
https://www.elfi.xyz,ELFi Protocol,"10,329,804.49",,,,,
https://www.swaap.finance,Swaap Maker,"10,307,464.86",Cyrille ,Pastour,Co-CEO & Cofounder,http://www.linkedin.com/in/cyrille-pastour-baa54886,
https://www.swaap.finance,Swaap Maker,"10,307,464.86",David ,Bouba,Co-ceo & Founder,http://www.linkedin.com/in/davidbouba,
https://lair.fi,Lair Finance,"10,280,865.70",Jung ,Kim,co-founder,https://www.linkedin.com/in/goranyjgkim/?originalSubdomain=kr,
https://securitize.io/primary-market/hl-scope,Hamilton Lane Senior Credit Opportunities Securitize Fund,"10,194,943.33",Carlos ,Domingo,Founder and CEO,http://www.linkedin.com/in/carlosdomingo,
https://securitize.io/primary-market/hl-scope,Hamilton Lane Senior Credit Opportunities Securitize Fund,"10,194,943.33",Billy ,Miller,Chief Operating Officer,http://www.linkedin.com/in/billy-miller-89bb1038,
https://shardingdao.io,ShardingDAO,"10,158,632.62",,,,,
https://strongholdsol.com/,Stronghold Staked SOL,"10,096,794.62",,,,,
https://swirlstake.com/app/,Swirl,"10,086,271.99",Eric ,Tomosunas,owner,https://www.linkedin.com/in/eric-tomosunas-1678a447,
https://app.tropykus.com,Tropykus RSK,"9,980,255.22",Mauricio ,Gutierrez,Co-Founder,http://www.linkedin.com/in/mauricio-tovar-gutierrez,
https://www.valdora.finance/,Valdora Finance,"9,975,975.62",Mark ,Mandall,Chief Executive Officer,https://au.linkedin.com/in/mark-mandall-582065276,
https://app.mode.network,Mode Bridge,"9,956,602.31",James ,Ross,Founder ,http://www.linkedin.com/in/jrtjrtjrt,
https://tokentool.bitbond.com/,Bitbond Lockers,"9,934,472.61",Radoslav ,Albrecht,Founder & CEO,http://www.linkedin.com/in/radoslavalbrecht,
https://app.balanced.network/trade,Balanced Exchange,"9,912,248.49",Catherine ,Miller,Owner,https://www.linkedin.com/in/catherine-miller-11284151/,
https://meld.gold,Meld Gold,"9,905,032.00",Michael ,Cotton,Founder & CEO,https://au.linkedin.com/in/michael-cotton-aus,
https://basin.exchange,Basin Exchange,"9,890,801.91",,,,,
https://www.probit.com,ProBit Global,"9,866,471.58",Fran ,Lin,Partner ,https://www.linkedin.com/in/fran-lin-83b958378?miniProfileUrn=urn%3Ali%3Afs_miniProfile%3AACoAAF1mu68BrhUmZLHiGAnqPBAVH0959_XB4o4&lipi=urn%3Ali%3Apage%3Acompanies_company_people_index%3B18ce8ef9-404d-44cd-8e34-99865b6e17a6,
https://www.probit.com,ProBit Global,"9,866,471.58",Steve ,Woo,Co-Founder,https://www.linkedin.com/in/steve-woo-16a10667?miniProfileUrn=urn%3Ali%3Afs_miniProfile%3AACoAAA4TZWIBtRctsLk_X9nwdK97XnYznBHWXoo&lipi=urn%3Ali%3Apage%3Acompanies_company_people_index%3B18ce8ef9-404d-44cd-8e34-99865b6e17a6,
https://www.bio.xyz/,Bio Protocol,"9,836,177.75",Paul ,Kohlhaas,Founding Member,https://www.linkedin.com/in/kohlhaas/,
https://wildcat.finance,Wildcat Protocol,"9,827,195.61",,,,,
https://mole.fi,Mole,"9,814,055.01",,,,,
https://app.thedeep.ink/,TheDeep,"9,777,088.94",Peter ,Richards,Chief Executive Officer,https://uk.linkedin.com/in/peter-richards-a16536,
https://www.ribbon.finance/,Ribbon,"9,719,663.71",Bruce ,McClelland,CEO,https://www.linkedin.com/in/bruce-mcclelland-0052251,
https://waterneuron.fi/,WaterNeuron,"9,693,757.05",,,,,
https://www.meridian.money,Meridian AMM,"9,691,265.84",,,,,
https://rifonchain.com/,RIF ON CHAIN,"9,685,354.95",Diego ,Zaldívar,Chairman & Co-founder ,https://www.linkedin.com/in/diegogutierrezzaldivar/?originalSubdomain=ar,
https://zora.co/,Zora Bridge,"9,657,758.11",Jacob ,Horne,Cofounder,http://www.linkedin.com/in/hornejacob,
https://zora.co/,Zora Bridge,"9,657,758.11",Dee ,Goens,Co-Founder,http://www.linkedin.com/in/dee-goens-b1aa449a,
https://zora.co/,Zora Bridge,"9,657,758.11",Tyson ,Battistella,Co-founder ,http://www.linkedin.com/in/tysonbattistella,
https://amptoken.org/,Flexa,"9,636,027.73",Daniel ,McCabe,Cofounder and CEO,https://www.linkedin.com/in/danielcmccabe,
https://www.ousd.com,Origin Dollar,"9,605,860.27",Josh ,Fraser,Cofounder,https://www.linkedin.com/in/joshuafraser,
https://www.ousd.com,Origin Dollar,"9,605,860.27",Matthew ,Liu,Cofounder,https://www.linkedin.com/in/matthewliu,
https://www.ousd.com,Origin Dollar,"9,605,860.27",Micah ,Alcorn,COO,http://www.linkedin.com/in/micahalcorn,
https://shibaswap.com,ShibaSwap,"9,587,290.50", Shytoshi ,Kusama,Cofounder,https://www.linkedin.com/posts/cryptos-newss_shiba-inus-shytoshi-kusama-unveils-shibaswap-activity-7191283410588332032-ZaMR,
https://www.pencilfinance.io,Pencil Finance,"9,584,176.01",Frank ,Li,Founder,https://www.linkedin.com/in/frank-li-91664/,
https://alpha.vestmarkets.com/join/LLAMA,Vest Markets,"9,583,636.57",Karan ,Sood,Chief Executive Officer,https://www.linkedin.com/in/karan-sood-b45370,
https://bifi.finance/,BiFi,"9,523,992.03",Dohyun ,Pak,CEO,https://kr.linkedin.com/in/dohyun-pak-682781a,
https://sorare.com/,Sorare Bridge,"9,478,860.72",Nicolas ,Julia,CEO & Co-founder,https://fr.linkedin.com/in/nicolas-julia,
https://kyros.fi,Kyros,"9,461,611.09",Satyam ,Suvagiya,Founder & CEO,https://www.linkedin.com/in/satyam-suvagiya/?originalSubdomain=in,
https://symbiosis.finance,Symbiosis,"9,404,141.25",Aleksei ,Lushnikov,Co-Founder,http://www.linkedin.com/in/alexey-lushnikov,
https://app.lendle.xyz/markets,Lendle Pooled Markets,"9,398,895.60",,,,,
https://lifinity.io/pools,Lifinity,"9,325,283.21",Bhavesh ,Dhamecha,Founder,https://uk.linkedin.com/in/bhaveshdhamecha,
https://aborean.finance,Aborean AMM,"9,263,038.91",,,,,
https://www.aktionariat.com/,Aktionariat,"9,243,129.56",Murat ,Ogat,Co-Founder & CEO,http://www.linkedin.com/in/muratogat,
https://www.aktionariat.com/,Aktionariat,"9,243,129.56",Luzius ,Meisser,Co-Founder,http://www.linkedin.com/in/luziusmeisser,
https://app.gyro.finance/,Gyroscope Protocol,"9,223,460.47",Ariah ,Mundt,Co-Founder,http://www.linkedin.com/in/aklagesmundt,
https://app.gyro.finance/,Gyroscope Protocol,"9,223,460.47",Daniel ,Perez,Co-Founder,http://www.linkedin.com/in/danhper,
https://app.bracket.fi/,Bracket Vaults,"9,107,482.31",Michael ,Wasyl,Co-Founder,http://www.linkedin.com/in/michael-wasyl-7b110322,
https://app.stakestone.io/u/vault,StakeStone Berachain Vault,"8,892,518.46",Charles ,K,Founder,http://www.linkedin.com/in/charles-k-110416316,
https://app.moveposition.xyz,MovePosition,"8,777,495.21",Wonjun ,Jeong,Founder and CEO,https://www.linkedin.com/in/wonjunjeong,
https://primestaking.xyz/,Prime Staking,"8,753,098.05", Arturo ,Carrasco,CEO and Founder,https://ae.linkedin.com/in/arturocantera,
https://www.gobob.xyz,BOB Bridge,"8,724,187.60",,,,,
http://www.quarrylp.com/,Quarry,"8,663,004.66",Tanvir  ,K.,Chief Financial Officer ,https://www.linkedin.com/in/tanvir-k-nyc/,
http://www.quarrylp.com/,Quarry,"8,663,004.66",Ian   ,Tousignant,Principal,https://www.linkedin.com/in/ian-tousignant-b755593/,
https://easedefi.org,Easedefi.org,"8,658,884.18",Robert  ,Forster,Co-Founder/CEO,https://www.linkedin.com/in/robert-m-c-forster-439b4110a/,
https://ferroprotocol.com,Ferro,"8,612,751.04",Michael ,Ferro ,Owner,https://www.linkedin.com/in/mferrojr,
https://www.inceptionlrt.com/,InceptionLRT (Isolated Restaking),"8,488,726.81",,,,,
https://vnx.li,VNX,"8,477,548.09",Alexander ,Tkachenko,Founder and CEO,http://www.linkedin.com/in/alexander-tkachenko-2117434,
https://vnx.li,VNX,"8,477,548.09",Frederic ,Verboomen,Owner,http://www.linkedin.com/in/fr%c3%a9d%c3%a9ric-verboomen-8a8b3631,
https://d2.finance/strategies,D2 Finance,"8,462,512.73",Denis ,Spirin,Managing partner,https://www.linkedin.com/in/denis-spirin-8b137378/?originalSubdomain=pt,
https://www.symm.io/,SYMMIO,"8,460,756.83",Lafa  ,Chief,Founder,https://www.linkedin.com/in/lafa-chief-35540a136/?originalSubdomain=mt,
https://zerolend.xyz/,ZeroLend Lending,"8,437,125.57",Steven ,Enamakel,Founder,http://www.linkedin.com/in/enamakel,
https://zerolend.xyz/,ZeroLend Lending,"8,437,125.57",Gafoor ,Khan,Co-Founder,http://www.linkedin.com/in/gafoorkhann,
https://zerolend.xyz/,ZeroLend Lending,"8,437,125.57",Pooja ,Khanna,Founding Member,http://www.linkedin.com/in/pooja-khanna27,
https://app.turbos.finance/,Turbos,"8,428,534.68",Ted ,Shao,Chief Executive Officer,https://www.linkedin.com/in/ted-shao-259056204?miniProfileUrn=urn%3Ali%3Afs_miniProfile%3AACoAADP5_uUB3aRH_w0Jn4rc16q4SnhKs6XzNOQ&lipi=urn%3Ali%3Apage%3Acompanies_company_people_index%3Be172acff-7989-45fa-8760-753d8076738a,
https://www.theidols.io,The Idols,"8,417,095.29", Pascal ,Bittard,Founder,https://fr.linkedin.com/in/pascal-bittard-1617a81,
https://pickle.finance/,Pickle,"8,398,120.58",Daniel ,Park ,Co-Founder & CEO,https://www.linkedin.com/in/danielpkl,
https://woodswap.org,WoodSwap,"8,390,360.66",,,,,
https://varlamore.capital/,Varlamore Capital,"8,379,658.11",,,,,
https://zyf.ai,ZyFAI,"8,342,000.90",Gauthier ,Vila,Founder,https://www.linkedin.com/posts/gauthier-vila_zyfi-just-released-zyfai-our-own-ai-agent-activity-7283162410859786240-UVHF,
https://arcadia.finance,Arcadia,"8,327,315.35",Thomas ,Smets,Co-Founder,http://www.linkedin.com/in/thomas-smets-a379a3123,
https://arcadia.finance,Arcadia,"8,327,315.35",Jasper ,Pee,Co-Founder | CTO,http://www.linkedin.com/in/jasper-van-pee-661b875a,
https://deltaprime.io,DeltaPrime,"8,315,685.70",Gavin ,Hasselbaink,Founder ,http://www.linkedin.com/in/gavinhasselbaink,
https://deltaprime.io,DeltaPrime,"8,315,685.70",Kamil ,Muca,Co-Founder,http://www.linkedin.com/in/mucakamil,
https://cvault.finance/,cVault Finance,"8,291,091.83",,,,,
https://revert.finance/#/lending,Revert Lend,"8,210,974.38",Mario ,Zavala,Founder ,http://www.linkedin.com/in/mario-romero-zavala-44a986137,
https://www.splash.trade,Splash Protocol,"8,175,260.06",Mark ,Lee ,Founder & CEO,https://www.linkedin.com/in/marklee2000/,
https://nonkyc.io,NonKYC,"8,095,715.68",,,,,
https://hawksight.co,HawkFi,"8,059,794.38",Bradian ,Muliadi,Co-Founder & CEO,https://sg.linkedin.com/in/bradian,
https://hawksight.co,HawkFi,"8,059,794.38",Lorenzo ,Ampil,Co-Founder,https://sg.linkedin.com/in/lorenzoampil,
https://app.ramses.exchange/dashboard,Ramses CL,"8,044,016.59",,,,,
https://synatra.xyz,Synatra,"8,040,128.99",,,,,
https://layerbank.finance,LayerBank,"8,005,070.82",,,,,
https://aptin.io,Aptin Finance,"7,957,553.54",,,,,
https://www.app.ethena.fi/join/3y20d,Ethena tsUSDe,"7,906,978.62",Guy ,Young,Founder,https://www.linkedin.com/in/guy-young-a11914279/?originalSubdomain=pt,
https://www.app.ethena.fi/join/3y20d,Ethena tsUSDe,"7,906,978.62",Elliot ,Parker,COO,https://www.linkedin.com/in/elliot-parker-3454a4167?miniProfileUrn=urn%3Ali%3Afs_miniProfile%3AACoAACfC5uUB2g0NgLVUvRwjXvzHjIeukA7_OIE&lipi=urn%3Ali%3Apage%3Acompanies_company_people_index%3Bc2e1117f-067a-4ed0-84a7-56de5cb38035,
https://kinza.finance,Kinza Finance,"7,868,501.49",,,,,
https://www.synnax.fi,Synnax Protocol,"7,834,294.28",Robert ,Alcorn,Co-Founder & CEO,https://www.linkedin.com/in/robertalcorncfa/?originalSubdomain=ae,
https://www.synnax.fi,Synnax Protocol,"7,834,294.28",Dario ,Capodici,Co-Founder,https://www.linkedin.com/in/dario-capodici-58925637/?originalSubdomain=hk,
https://www.hotcoin.com/,Hotcoin,"7,813,341.57",,,,,
https://ramses.xyz,Ramses HL,"7,795,179.99",,,,,
https://www.etherfuse.com/,Etherfuse,"7,764,206.01",David ,Taylor,CEO & Co-founder,https://www.linkedin.com/in/lifehug/,
https://www.etherfuse.com/,Etherfuse,"7,764,206.01",AJ ,Taylor,CTO & Co-founder,https://www.linkedin.com/in/aj-taylor-977a5481/,
https://vires.finance,Vires Finance,"7,761,296.61",,,,,
https://teller.org,Teller,"7,729,523.61",Greg ,Wong,COO,http://www.linkedin.com/in/gregtwong,
https://teller.org,Teller,"7,729,523.61",Dan ,Palmer,Co-Founder,http://www.linkedin.com/in/dan-palmer-79a3023b,
https://aztec.network,Aztec,"7,714,627.26",Lisa ,Bunin,Chief Operating Officer,http://www.linkedin.com/in/lisacuestabunin,
https://aztec.network,Aztec,"7,714,627.26",Hillel ,Braun,CEO,http://www.linkedin.com/in/hillel-braun-88a29016,
https://aztec.network,Aztec,"7,714,627.26",Matt ,Upson,Owner,http://www.linkedin.com/in/matt-upson-a83a513a,
https://www.stafi.io/,Stafi,"7,696,617.86",Raquel ,Gomes,Founder & CEO ,https://www.linkedin.com/in/raquel-gomesstafi/,
https://bifrost.finance,Bifrost Dex,"7,637,951.63",Lurpis ,Wang,CoFounder,https://www.linkedin.com/in/lurpis?miniProfileUrn=urn%3Ali%3Afs_miniProfile%3AACoAABmerVMBJbo22r3T1GdCUtOkM1SP0FzPa60&lipi=urn%3Ali%3Apage%3Acompanies_company_people_index%3Ba8866a05-affe-4ba9-b51d-b12c762e292b,
https://autofarm.network/,Autofarm,"7,635,193.93",Michael ,Wastie,Co Owner ,https://www.linkedin.com/in/michael-mikey-wastie-758187a9/?originalSubdomain=uk,
https://peapods.finance,Peapods Finance,"7,623,795.84",Pouja ,Magdani,Founding Member,https://www.linkedin.com/in/pouja-magdani-88144140/?originalSubdomain=uk,
https://tinyman.org,Tinyman,"7,617,011.85",Kaan ,Eryilmaz,Co-Founder,https://www.linkedin.com/in/kaaneryilmaz/?originalSubdomain=tr,
https://woofi.com/en/trade?ref=DEFILLAMA,WOOFi Swap,"7,570,754.69",Mark ,Pimentel,Co-Founder,https://www.linkedin.com/in/markfpimentel/?originalSubdomain=tw,
https://mstable.io,Metastable,"7,509,319.20",George  ,Chikovani,Managing Partner/CEO,https://www.linkedin.com/in/chikovanigeorge/,
https://www.hydro-int.com/,Hydro International,"7,461,151.73",Simon  ,Humphrey,Managing Director,https://www.linkedin.com/in/simon-humphrey-0056b214/?originalSubdomain=uk,
https://www.stfil.io,STFIL,"7,407,504.26",Wenxin ,Chen,Co-Founder,http://www.linkedin.com/in/wenxin-stfil,
https://app.uniswap.org/,Uniswap,"7,399,842.88",Hayden ,Adams,Founder & CEO,http://www.linkedin.com/in/haydenadams,
https://confluxpos.cn,ABC Pool,"7,329,495.01",Dan ,Letourneau,Owner ,https://www.linkedin.com/in/dan-letourneau-043ab371/,
https://xexchange.com/,xExchange,"7,312,132.00",Hrayr ,Arshaluysyan,CEO and Founder,https://www.linkedin.com/in/hrayr-arshaluysyan-8467a5226/?originalSubdomain=am,
https://www.hydro-int.com/,Hydro International,"7,461,151.73",Clive  ,Evans,Managing Director,https://www.linkedin.com/in/clive-evans-4307923/,
http://fenix.life/,FENIX,"7,240,243.13",Jaideep  ,Dhanoa,Co-Founder and CEO,https://www.linkedin.com/in/jaideepdhanoa/,
https://stakingverse.io,Stakingverse,"7,236,245.90",,,,,
https://www.thrustertech.com/,"Thruster Technologies, LLC","7,234,129.36",john  ,mcgill,President,https://www.linkedin.com/in/john-mcgill-102940155/,
https://www.gamma.xyz,Gamma,"7,233,052.06",Pjotr ,Oosterom,Owner,http://www.linkedin.com/in/pjotr-oosterom-b71b3a218,
https://www.thrustertech.com/,"Thruster Technologies, LLC","7,234,129.36",Robert  ,Ward,Managing Partner,https://www.linkedin.com/in/robert-bradley-ward-99a66325/,
https://www.earn.powercity.io/,POWERCITY Earn Protocol,"7,221,229.61",,,,,
https://www.hiveswap.io/,HiveSwap,"7,198,653.55",,,,,
https://saberdao.io/,Saber,"7,159,093.65",Shmuel ,Aber,Owner,https://www.linkedin.com/in/shmuel-aber/,
https://hakka.finance/,Hakka Finance,"7,140,156.54",,,,,
https://www.binaryx.com,Binaryx Platform,"7,113,163.89",Oleg ,Kurchenko,"Co-Founder, CEO",http://www.linkedin.com/in/oleg-kurchenko-a5335471,
https://www.binaryx.com,Binaryx Platform,"7,113,163.89",Andrii ,Makaveli,COO and Co-Founder,http://www.linkedin.com/in/andrii-makaveli-b25259150,
https://radiant.capital/#/markets,Radiant,"7,042,890.52",Isaac  ,Prada,Director ,https://www.linkedin.com/in/isaac-prada-y-nogueira,
https://legion.cc/,Legion,"7,026,441.38",Matt ,O'Connor,Founder,https://www.linkedin.com/in/mattroconnor?miniProfileUrn=urn%3Ali%3Afs_miniProfile%3AACoAAALIJ7QB9EIInW2YudD5R9dO_nndHjaODM4&lipi=urn%3Ali%3Apage%3Acompanies_company_people_index%3Bcd5da558-6f08-4b02-b651-3446a675e528,
https://legion.cc/,Legion,"7,026,441.38",Fabrizio ,Giabardo,Founder,https://www.linkedin.com/in/fabriziogiabardo?miniProfileUrn=urn%3Ali%3Afs_miniProfile%3AACoAAA3rIwYBewF_nngLoOEF7dm7O-Wb5mwQuQ0&lipi=urn%3Ali%3Apage%3Acompanies_company_people_index%3Bcd5da558-6f08-4b02-b651-3446a675e528,
https://explorer.rss3.io/bridge,RSS3 Bridge,"7,022,239.03",Zui ,Chen,COO,http://www.linkedin.com/in/zui-chen-3b732690,
https://explorer.rss3.io/bridge,RSS3 Bridge,"7,022,239.03",Joshua ,Meng,Founder ,http://www.linkedin.com/in/joshua-meng-047704261,
https://uranium.io/en,Uranium.io,"7,013,859.51",,,,,
https://apps.acala.network/ldot,Acala Liquid Staking,"6,876,434.98",Ruitao ,Su,Co-Founder,http://www.linkedin.com/in/ruitaosu,
https://apps.acala.network/ldot,Acala Liquid Staking,"6,876,434.98",Antonia ,Chen,Co-founder ,http://www.linkedin.com/in/antonia-chen-5945221b,
https://soroswap.finance/,Soroswap,"6,759,965.23",Esteban ,Iglesias,Founder & CEO,linkedin.com/in/esteban-iglesias,
https://soroswap.finance/,Soroswap,"6,759,965.23",Francisco ,Catrileo,Co-Founder,https://www.linkedin.com/in/francisco-catrileo-3908646a/,
https://neoburger.io/home,NeoBurger,"6,743,978.37",Mr. Neo ,Kiat,"Founder, Chairman & Chief Executive Officer",https://www.linkedin.com/in/bryan-neo-kah-kiat-7b4498152,
https://xfx.flr.finance/,Enosys AMM,"6,726,914.13",Christodoulakis ,Nik,CEO,https://www.linkedin.com/in/bannik/?originalSubdomain=nl,
https://pooltogether.com/,PoolTogether V5,"6,541,701.78",,,,,
https://boros.pendle.finance/markets,Boros,"6,536,929.45",TN  ,Lee,Director ,https://www.linkedin.com/in/tnlee/,
https://www.bitflow.finance/,Bitflow,"6,504,243.03",Diego ,Mey,Founder ,http://www.linkedin.com/in/diegomey,
https://www.bitflow.finance/,Bitflow,"6,504,243.03",Dylan ,Floyd,Co-Founder,https://www.linkedin.com/in/dylan-floyd-65988742?miniProfileUrn=urn%3Ali%3Afs_miniProfile%3AACoAAAkHOuUBDRjhbGT7oKOMmjaKOfy_ZRBH4-k&lipi=urn%3Ali%3Apage%3Acompanies_company_people_index%3Bfd968f65-80c1-41cd-881e-e608cca787eb,
https://xwin.finance,xWin Finance,"6,489,868.55",Calvin ,Thong,Founder CEO,http://www.linkedin.com/in/calvin-thong-b5b85116,
https://xwin.finance,xWin Finance,"6,489,868.55",Fumi ,Arasawa,Co-Founder,http://www.linkedin.com/in/fumi-arasawa-7b5832118,
https://app.hord.fi,Hord,"6,473,546.80",Johan  ,Zamora,Marketing Manager ,https://www.linkedin.com/in/johan-zamora-a6101612b/?locale=en_US,
https://app.morpho.org/ethereum/curator/avantgarde,Avantgarde,"6,473,434.53",Gabriela ,Ibanez,CEO / Founder,http://www.linkedin.com/in/gabriela-alcantara-2163931b9,
https://app.morpho.org/ethereum/curator/avantgarde,Avantgarde,"6,473,434.53",Merlin ,Egalite,Cofounder,http://www.linkedin.com/in/merlin-egalite,
https://wing.finance,Wing Finance,"6,380,162.25",Jake ,Flomenberg,Partner,https://www.linkedin.com/in/jacobflomenberg/,
https://pharaoh.exchange/swap/,Pharaoh CL,"6,356,874.41",Jacques ,Bolivar,Founder,https://www.linkedin.com/in/pharaohfinancialgroupinc/,
https://beta.dooar.com/swap,DOOAR,"6,240,263.27",,,,,
https://aegis.markets/,Aegis Markets,"6,231,535.68",Bryan ,Sansbury,CEO ,https://www.linkedin.com/in/bryan-sansbury-6508856/,
https://sphere.finance,Sphere Finance,"6,204,491.94",Emily ,Halley,Founder ,https://www.linkedin.com/in/emily-halley-87594877/?originalSubdomain=uk,
https://dedust.io,DeDust,"6,148,206.80",Vitaliy  ,Kitaev,Marketing & Partnerships Lead,https://ae.linkedin.com/in/vitalii-kitaev-46b0b8168/en,
https://francium.io,Francium,"6,144,136.00",,,,,
http://virtuelabs.com/,Virtue Labs LLC,"6,131,774.31",Melisse  ,Shaban,Founder & CEO,https://www.linkedin.com/in/melisse-shaban/,
https://trade.synfutures.com/#/trade,SynFutures,"6,100,014.45",Mark ,Lee,Partner,https://www.linkedin.com/in/mark-lee-6ba88638/,
http://virtuelabs.com/,Virtue Labs LLC,"6,131,774.31",Jose   ,Palacios,CEO,https://www.linkedin.com/in/joselpalacios/,
http://virtuelabs.com/,Virtue Labs LLC,"6,131,774.31",Martine  ,Wareham,Director ,https://www.linkedin.com/in/martine-wareham-385aa0b7/,
https://www.doubleupldn.com/,DoubleUp,"6,090,815.91",Al  ,Barouti,Founder/Director,https://www.linkedin.com/in/al-barouti-237428210/?originalSubdomain=uk,
https://www.wingriders.com,WingRiders,"6,036,418.06",,,,,
https://app.fanx.xyz,FanX Protocol,"6,028,966.92",,,,,
https://endurance-bridge.fusionist.io/,Endurance Bridge,"5,996,265.28",Ike ,T,Founder,https://www.linkedin.com/in/ikewitht/,
https://h2.finance,H2 Finance,"5,954,775.46",,,,,
https://stablehodl.com/,StableHodl,"5,946,216.17",,,,,
https://unitus.finance/,Unitus,"5,944,576.12",,,,,
https://tapp.exchange/,Tapp Exchange,"5,932,625.46",Zhimin ,Y,Co-Founder,https://sg.linkedin.com/in/zhiminyou,
https://hermetica.fi,Hermetica USDh,"5,899,740.34",,,,,
https://www.unichain.org,Unichain Bridge,"5,886,818.76",,,,,
https://p2pb2b.com/,P2PB2B,"5,885,489.81",Vlad  ,Fesenko,Partnership Manager,https://www.linkedin.com/in/fesenko-vlad/,
https://p2pb2b.com/,P2PB2B,"5,885,489.81",Shyam  ,Thakur,Partner,https://www.linkedin.com/in/shyam-thakur/details/experience/,
https://p2pb2b.com/,P2PB2B,"5,885,489.81",Deniz  ,Söğüt,Partner,https://www.linkedin.com/in/deniz-g%C3%B6kmer-s%C3%B6%C4%9F%C3%BCt-959ba6231/,
https://kasu.finance/,Kasu,"5,884,315.71",,,,,
https://affluent.org,Affluent,"5,870,980.81",Justin ,H,Co-Founder,https://www.linkedin.com/in/justinhyun/,
https://equilibrefinance.com/swap,Equilibre,"5,866,618.55",,,,,
https://invest.scrub.money/,Scrub Invest,"5,852,205.68",William ,Cherniak,Limited Partner,https://www.linkedin.com/in/dr-william-cherniak-b791523a/,
https://invest.scrub.money/,Scrub Invest,"5,852,205.68",Michael ,Docktor,Limited Partner,https://www.linkedin.com/in/michaeldocktor/,
https://ariaprotocol.xyz,Aria Protocol,"5,796,335.30",David ,Kostiner,Co-Founding Partner,https://www.linkedin.com/in/david-kostiner-1615a911/,
https://ariaprotocol.xyz,Aria Protocol,"5,796,335.30",Paloma ,Rodriguez, Marketing Director,https://www.linkedin.com/in/palomaro1120/,
https://honeypop.app,Honeypop DEX,"5,764,234.67",,,,,
http://www.thefootballfunfactory.co.uk/,Football Fun Factory®,"5,711,805.63",Jonny  ,Martin,Co-Founder & Director,https://www.linkedin.com/in/jonnymartinfff/?originalSubdomain=uk,
https://intentx.io,IntentX,"5,677,859.51",,,,,
https://sablier.com/,Sablier Lockup,"5,653,485.59",Paul ,Berg,Co-Founder and CEO,linkedin.com/in/prberg/?miniProfileUrn=urn%3Ali%3Afs_miniProfile%3AACoAAB4RSbcBQ79Am6wXoS8SuR9Zln6h_y-ym64&lipi=urn%3Ali%3Apage%3Acompanies_company_people_index%3Bb083676f-8a36-4f6c-828e-9611bc14d86b,
https://sablier.com/,Sablier Lockup,"5,653,485.59",Razvan ,Apostu,Co-Founder,https://www.linkedin.com/in/razgraf/,
https://www.linkedin.com/company/awaken-capital/about/,Awaken Capital,"5,579,246.97",Jeffrey  ,Klunzinger,Founder and General Partner,https://www.linkedin.com/in/jeffrey-klunzinger/,
https://hf.growi.fi/,GrowiHF,"5,556,164.34",Marcos ,Lorenzo,Co-Founder,https://www.linkedin.com/in/marcos-riol-lorenzo-957798238/,
https://hf.growi.fi/,GrowiHF,"5,556,164.34",Valentin ,Martinez,Co-Founder,https://www.linkedin.com/in/valentin-garcia-martinez/,
https://www.linkedin.com/company/awaken-capital/about/,Awaken Capital,"5,579,246.97",Doug  ,Lorenzen,Partner,https://www.linkedin.com/in/douglorenzen/,
https://www.linkedin.com/company/awaken-capital/about/,Awaken Capital,"5,579,246.97",Lily  ,Kim,"General Partner, Chief Scientific Officer, Cofounder",https://www.linkedin.com/in/lilykim/,
https://keep3r.network,Keep3r Network,"5,532,525.22",,,,,
https://app.mai.finance,QiDao,"5,525,697.81",,,,,
https://payprotocol.network,Pay Protocol,"5,494,969.94",Yolanda ,Liu,Co-founder,https://www.linkedin.com/in/yolanda-liu-267759174/,
https://trade.polynomial.fi,Polynomial Trade,"5,480,028.25",Gautham ,Santhosh,Founder,https://www.linkedin.com/in/gauthamzz/,
https://trade.polynomial.fi,Polynomial Trade,"5,480,028.25",Mubaris ,Nendukanni,Founder,https://www.linkedin.com/in/mubaris-nk/,
https://piku.co/,Piku,"5,449,346.27",,,,,
https://www.siriusai.com/,Sirius AI,"5,447,067.02",Sanjay  ,Ojha,Co-Founder & CEO,https://www.linkedin.com/in/ojhasanjay/?originalSubdomain=in,
https://www.siriusai.com/,Sirius AI,"5,447,067.02",Divyank  ,Sinha,Partner,https://www.linkedin.com/in/divyanksinha/,
https://www.siriusai.com/,Sirius AI,"5,447,067.02",Tommy  ,Marshall,Co-Founder,https://www.linkedin.com/in/tommy-marshall/,
https://parrot.fi,Parrot Protocol,"5,415,575.37",,,,,
http://www.charmimpact.com/,Charm Impact,"5,412,624.75",Gavriel  ,Landau,Founder & CEO,https://www.linkedin.com/in/gavriel-landau-a4082165/?originalSubdomain=uk,
https://eni.orbiter.finance/,ENIBridge,"5,395,282.86",,,,,
https://rosswap.com/#/swap,RosSwap,"5,386,886.03",,,,,
https://www.everdex.app/,Everdex,"5,345,285.82",,,,,
https://llama.airforce,Llama Airforce,"5,342,222.21",,,,,
https://www.bosonprotocol.io,Boson Protocol,"5,332,374.92",Justin ,Banon,Co-Founder,https://www.linkedin.com/in/justinbanon/,
https://www.bosonprotocol.io,Boson Protocol,"5,332,374.92",Gregor ,Boroša,Co-Founder,linkedin.com/in/gregorborosa/?miniProfileUrn=urn%3Ali%3Afs_miniProfile%3AACoAAAI9EMABxblHjPWNvM0Je0o8EExiYl8e1Lw&lipi=urn%3Ali%3Apage%3Acompanies_company_people_index%3B04a8fbb6-9dd6-4434-bb82-97e38dc3a46e,
https://withflow.com/,Flow ,"5,303,747.77",Daan  ,Klinken,Founder & CEO,https://www.linkedin.com/in/daanvanklinken/?originalSubdomain=nl,
https://withflow.com/,Flow ,"5,303,747.77",Niels  ,Mulder,Founder & COO,https://www.linkedin.com/in/nmulder/,
https://four.meme?code=DZ9DF74J64FA,four.meme,"5,299,322.57",,,,,
https://www.izicart.com/,IZI,"5,289,219.27",Ishan  ,Haydn,Founder ,https://www.linkedin.com/in/ishan-haydn/?originalSubdomain=in,
https://dgswap.io,DragonSwap Kaia,"5,242,829.60",,,,,
https://www.parcl.co,Parcl,"5,193,956.89",Trevor ,Bacon,CEO,https://www.linkedin.com/in/trevor-bacon-1a81b221/,
https://steamm.fi,STEAMM,"5,190,762.42",,,,,
https://swapspace.ai/,Swap.space,"5,160,969.84",Han  ,Tsung,CEO,https://www.linkedin.com/in/han-tsung-492318309/?originalSubdomain=hk,
https://www.wombat.exchange/,Wombat Exchange,"5,156,829.46",Alex ,Lee,Founder,http://www.linkedin.com/in/definidude,
https://biquid.io,Biquid,"5,112,534.90",,,,,
https://www.sundaeswap.finance,SundaeSwap,"5,097,439.45",,,,,
https://bulbaswap.io,BulbaSwap,"5,085,026.96",Jem  ,Xe,CEO ,https://www.linkedin.com/in/jem-xe-617a92311/?originalSubdomain=hk,
https://gmx.io/,GMX Perps,"5,063,591.47",,,,,
http://www.hyperdriveagile.com/,Hyperdrive,"5,058,666.19",Mary  ,Louie,President & COO,https://www.linkedin.com/in/mary-louie1/,
https://crosscurve.fi,CrossCurve,"5,048,080.25",Alexander,I,Co-Founder,https://www.linkedin.com/in/alexander-i-874169a2/?originalSubdomain=ae,
https://crosscurve.fi,CrossCurve,"5,048,080.25",Виталик ,Кривенко,Chief Executive Officer,https://www.linkedin.com/in/%D0%B2%D0%B8%D1%82%D0%B0%D0%BB%D0%B8%D0%BA-%D0%BA%D1%80%D0%B8%D0%B2%D0%B5%D0%BD%D0%BA%D0%BE-b62769280/?originalSubdomain=by,
https://hop.exchange,Hop Protocol,"5,032,557.91",Christopher ,Whinfrey,Co-Founder,https://www.linkedin.com/in/christopher-whinfrey-5a166783/,
https://alienbase.xyz,Alien Base,"5,028,728.83",,,,,
https://blueshift.fi/,Blueshift,"5,012,640.57",Vijay ,Chittoor,Co-Founder & CEO,https://www.linkedin.com/in/vijaychittoor?miniProfileUrn=urn%3Ali%3Afs_miniProfile%3AACoAAAAV7FEBjE7TeT1mc5sU3tXud8DjdbBUn0E&lipi=urn%3Ali%3Apage%3Acompanies_company_people_index%3B0f4743ee-6d6e-47a7-b15d-2191955016b6,
https://blueshift.fi/,Blueshift,"5,012,640.57",Travis ,Adlman,CFO,https://www.linkedin.com/in/travis-adlman/,
https://typus.finance,Typus DOV,"4,996,839.06",Tommy  ,Chen,Founder and CEO,https://tw.linkedin.com/in/pentameal,
http://merklescience.com/,Merkle Science,"4,995,701.59",Mriganka  ,Pattnaik,Co-Founder and CEO,https://www.linkedin.com/in/mriganka-pattnaik-80295b28/,
https://www.thena.fi,THENA INTEGRAL,"4,980,717.10",Heikki ,Pirhonen,CMO & CO-FOUNDER,https://www.linkedin.com/in/heikki-pirhonen-69b99818?miniProfileUrn=urn%3Ali%3Afs_miniProfile%3AACoAAAO0ftcB908D-ZbbjrWE8437wX81xrqXDP0&lipi=urn%3Ali%3Apage%3Acompanies_company_people_index%3B0a2680cd-16fd-47e0-96f7-2e6c8a57aa73,
https://www.zenrocklabs.io/,Zenrock Bridge,"4,949,320.17",Aditya ,Dave,Co-Founder,https://www.linkedin.com/in/aditdave?miniProfileUrn=urn%3Ali%3Afs_miniProfile%3AACoAADAZtKwBTZI6yparEHpjdlDiDqmtjUBmVzs&lipi=urn%3Ali%3Apage%3Acompanies_company_people_index%3B4e022b36-f2ff-4333-85e9-bf0b9cf50f94,
https://www.zenrocklabs.io/,Zenrock Bridge,"4,949,320.17",Sasha ,Duke,Chief Architect & Founding Engineer,https://www.linkedin.com/in/sasha-duke?miniProfileUrn=urn%3Ali%3Afs_miniProfile%3AACoAADgs7SgB4wTpvfdakHn9JZ2kqOOR8fn0Qrw&lipi=urn%3Ali%3Apage%3Acompanies_company_people_index%3B4e022b36-f2ff-4333-85e9-bf0b9cf50f94,
https://ambient.finance/,Ambient,"4,936,902.15",Douglas ,Colkitt,Founder,https://www.linkedin.com/in/douglas-colkitt-1481a720a?miniProfileUrn=urn%3Ali%3Afs_miniProfile%3AACoAADUQxggBQIUrQu-OtgPBlkDeaF0vVr5DW8E&lipi=urn%3Ali%3Apage%3Acompanies_company_people_index%3B92b12aad-b1e9-48a3-817b-460f89859d91,
http://merklescience.com/,Merkle Science,"4,995,701.59",Hrishikesh  ,Adiga,Manager,https://www.linkedin.com/in/rishiadiga/,
http://www.utonic.com/,Utonic Beverages Pty Ltd,"4,928,622.16",Tyson  ,Goldsack,Co-Founder,https://www.linkedin.com/in/tyson-goldsack-b6288113/,
https://dapp.velvet.capital/,Velvet,"4,914,530.45",Vasily ,Nikonov,Founder & CEO,https://www.linkedin.com/in/vasily-nikonov?miniProfileUrn=urn%3Ali%3Afs_miniProfile%3AACoAABi4n50BDmkkthltDBqLKf6uD2N25nui9lA&lipi=urn%3Ali%3Apage%3Acompanies_company_people_index%3Bf2b69a8e-ce09-43c9-b9b1-b4254589c20d,
https://bit.ly/3Za7kfV,UNLEASH ,"4,904,570.01",Marc  ,Coleman,Founder & CEO,https://www.linkedin.com/in/marccoleman/?originalSubdomain=hu,
https://bit.ly/3Za7kfV,UNLEASH ,"4,904,570.01",Allison  ,Yamoyany,CFO,https://www.linkedin.com/in/allisonyamoyany/,
https://bit.ly/3Za7kfV,UNLEASH ,"4,904,570.01",Todor  ,Blajev,Managing Partner  ,https://www.linkedin.com/in/todorblajev/,
https://swap.reservoir.tools/#/swap,Reservoir Tools AMM,"4,903,108.84",,,,,
https://anyhedge.com/,AnyHedge,"4,863,333.48",,,,,
https://dfs.land,DFS Network,"4,831,787.78",,,,,
https://app.kiloex.io/#/trade,KiloEx,"4,811,313.91",Joey  ,Ni,Co-Founder,https://www.linkedin.com/in/joey-ni-0b187785/?originalSubdomain=hk,
https://www.bakeryswap.org,BakerySwap,"4,796,414.06",,,,,
https://blend.com/,Blend ,"4,782,439.83",Nima  ,Ghamsari,Founder,https://www.linkedin.com/in/nghamsari/,
https://blend.com/,Blend ,"4,782,439.83",Mukesh  ,J.,General Manager,https://www.linkedin.com/in/mukesh-j-6154401/,
https://blend.com/,Blend ,"4,782,439.83",Amir  ,Jafari,CFO,https://www.linkedin.com/in/amirjafari/,
https://klayswap.com/dashboard,KlaySwap,"4,764,313.25",,,,,
https://www.bumpin.trade/,Bumpin Trade,"4,732,784.05",,,,,
https://www.compound.blue/,Compound Blue,"4,729,172.73",Jason  ,Mitzo,Founder and CEO,https://www.linkedin.com/in/jasonmitzo/,
https://www.compound.blue/,Compound Blue,"4,729,172.73",Anna  ,Stover,Co-Founder and Creative Director,https://www.linkedin.com/in/annacstover/,
https://www.pools.finance,Pools Finance,"4,722,895.87",Mohit  ,Chug,Co-Founder & CTO,https://www.linkedin.com/in/mohitchug07/,
https://www.pools.finance,Pools Finance,"4,722,896.87",Chirag  ,Rameja,Co-Founder,https://www.linkedin.com/in/chirag-rameja/,
https://www.pools.finance,Pools Finance,"4,722,897.87",Vedant  ,Sharma,CEO & Co Founder,https://www.linkedin.com/in/vedant-sharma29/,
https://surflending.org/,Surf Lending,"4,717,608.44",,,,,
https://phoenix.trade,Phoenix,"4,695,316.21",Roman  ,Boronbekov,Founder & CEO,https://www.linkedin.com/in/roman-boronbekov-5565b7107/,
https://app.icpswap.com/,ICPSwap,"4,654,303.00",,,,,
https://chakrachain.io/home,Chakra,"4,650,968.63",Jingyi ,Yao,Chief Operating Officer,https://www.linkedin.com/in/jingyi-yao-207a7a337/?originalSubdomain=sg,
https://www.strikefinance.org/,Strike Finance Perpetuals,"4,627,010.77",Shan ,Zhang,Founder,https://www.linkedin.com/in/shanyuzhang/,
https://www.strikefinance.org/,Strike Finance Perpetuals,"4,627,010.77",Jay ,Ponz,CEO,https://www.linkedin.com/in/jay-ponz-35915b27/,
https://app.sakefinance.com/,SakeFinance,"4,589,094.88",,,,,
https://exmo.com,Exmo,"4,497,587.71",Serhii ,Zhdanov,Chief Executive Officer,https://www.linkedin.com/in/serhii-zhdanov-fcca-79374082/,
https://exmo.com,Exmo,"4,497,587.71",Vasyl ,Lysko,Chief Executive Officer,https://ua.linkedin.com/in/vasyl-lysko,
https://must.finance/,Mustang Finance,"4,464,191.11",,,,,
https://www.phoenixgroupuae.com/,Phoenix Group,"4,462,393.26",Bijan  ,Alizadeh,Co-Founder,https://www.linkedin.com/in/bijan-alizadeh-301745193/?originalSubdomain=ae,
https://www.phoenixgroupuae.com/,Phoenix Group,"4,462,393.26",Munaf  ,Ali,Founder & CEO,https://www.linkedin.com/in/munafali/,
https://www.phoenixgroupuae.com/,Phoenix Group,"4,462,393.26",Reza  ,Nedjatian,CEO,https://www.linkedin.com/in/rezanedjatian/,
http://www.getcarbon.co/,Carbon ,"4,446,314.61",Ngozi  ,Dozie,Co-Founder,https://www.linkedin.com/in/ngozidozie/,
https://moar.market,Moar Market,"4,440,584.50",,,,,
https://www.reya.ai/,Reya.ai,"4,436,459.47",Samir  ,Mitra,Founder & CEO,https://www.linkedin.com/in/samir-mitra-1623164/,
https://bunny.net/,bunny.net,"4,421,507.40",Dejan  ,Pelzel,Founder & CEO,https://www.linkedin.com/in/dejanpelzel/?originalSubdomain=th,
https://gammaswap.com,Gammaswap,"4,419,438.85",Roberto ,Martinez,Co-Founder,https://www.linkedin.com/in/robertomartinez21,
https://gammaswap.com,Gammaswap,"4,419,438.85",Devin ,Goodkin,Co-Founder,https://www.linkedin.com/in/devingoodkin,
https://www.hashport.network,Hashport,"4,373,454.61",Jesse,Whiteside,Director,https://www.linkedin.com/in/jesse-whiteside-cim-6559881b/,
https://www.oroswap.org,OroSwap,"4,371,686.94",Katerina ,Vdovichenko,Co-Founder,https://www.linkedin.com/in/katerina-vdovichenko,
https://www.rumpel.xyz,Rumpel Labs,"4,346,013.77",Kenton ,Prescott,Co-founder and CEO,https://www.linkedin.com/in/kentonprescott,
https://www.rumpel.xyz,Rumpel Labs,"4,346,013.77",Steven ,Valeri,Founding Engineer,linkedin.com/in/steven-valeri-69a64349,
https://bunny.net/,bunny.net,"4,421,507.40",Yumika  ,B.,COO,https://www.linkedin.com/in/yumikabr/,
https://swapscanner.io/staking,Swapscanner LSD,"4,331,813.45",,,,,
https://yield.app/,Yield App,"4,296,475.17",Tim , F.,CEO and co-founder,https://www.linkedin.com/in/timfrost55/?originalSubdomain=th,
https://www.mangrove.exchange,Mangrove,"4,289,106.85",Vincent ,Danos,Co-Founder,https://www.linkedin.com/in/vdanos,
https://www.mangrove.exchange,Mangrove,"4,289,106.85",Joseph ,Bosselut,CEO,https://www.linkedin.com/in/joseph-bosselut,
https://bemo.fi/,bemo,"4,271,671.90",Yulia ,Lokteva,Deputy CFO,https://www.linkedin.com/in/yulia-lokteva-149b1456,
https://app.neutron.org/orderbook/NTRN/USDC,Duality,"4,269,766.64",Nicholas ,Evans,Co-Founder,https://www.linkedin.com/in/nicholas-evans-b1592b151,
https://1inch.io,1inch,"4,250,512.11",Chae ,Shin,Chief Financial Officer,https://www.linkedin.com/in/chaeho,
https://www.escher.finance/,Escher,"4,234,613.31",Jose ,Larragain,Co-Founder,https://www.linkedin.com/in/jvaldo,
https://www.escher.finance/,Escher,"4,234,613.31",Ohad ,Bachner ,Founding Member,https://il.linkedin.com/in/ohad-bachner-06559ab4,
https://dex.9mm.pro/,9mm,"4,197,777.64",,,,,
https://venombridge.com,VenomBridge,"4,196,099.15",,,,,
https://www.linkedin.com/company/waves-tech/about/,Waves Tech,"4,190,584.92",Sasha  ,Ivanov,Founder ,https://www.linkedin.com/in/sasha-ivanov/?originalSubdomain=ae,
https://www.linkedin.com/company/waves-tech/about/,Waves Tech,"4,190,584.92",Sasha  ,Borisov,CTO,https://www.linkedin.com/in/imetasasha/,
https://docs.eosnetwork.com/docs/latest/core-concepts/resources/#ram,Vaulta RAM,"4,138,737.00",Benjamin  ,Gorman,Director,https://www.linkedin.com/in/benjamin-gorman-pmp,
https://www.citycoins.co,CityCoins,"4,136,845.67",,,,,
https://mendi.finance,Mendi Finance,"4,127,501.54",Barnabás ,Kiss,Co-Founder,https://www.linkedin.com/in/barnab%C3%A1s-kiss,
http://www.themavericksindia.com/,The Mavericks,"4,082,850.47",Chetan  ,Mahajan,Founder & CEO,https://www.linkedin.com/in/cmahajan/?originalSubdomain=in,
http://www.themavericksindia.com/,The Mavericks,"4,082,850.47",Gaurav  ,Tuli,Director,https://www.linkedin.com/in/gaurav-tuli/,
http://www.artemisgrowth.com/,Artemis Growth Partners,"4,079,784.97",Will  ,Muecke,Co-Founder,https://www.linkedin.com/in/wmuecke/?originalSubdomain=uk,
http://www.artemisgrowth.com/,Artemis Growth Partners,"4,079,784.97",E. Stanton  ,McLean,Managing Member,https://www.linkedin.com/in/e-stanton-mclean-1027a4166/,
https://uscapital.com/,US Capital,"4,060,441.51",Jeffrey  ,Sweeney,Founder & Chairman,https://www.linkedin.com/in/jeffreysweeney1/,
https://gateway.boba.network,Boba Bridge,"4,042,488.04",Chunxi ,Zhao,Co-Founder,https://www.linkedin.com/in/chunxi-zhao-368a77127,
https://uscapital.com/,US Capital,"4,060,442.51",Zoe  ,Emelianova,Director,https://www.linkedin.com/in/zoe-emelianova-902a8990/,
https://uscapital.com/,US Capital,"4,060,443.51",Roger  ,Allen,Managing Director,https://www.linkedin.com/in/roger-allen-uk/,
https://alpha.trex.trade,Tea-REX,"4,016,717.49",,,,,
https://www.bitmart.com,BitMart,"3,980,050.85",Sheldon ,Xia,Founder and President,https://www.linkedin.com/in/sheldonxia,
https://www.bitmart.com,BitMart,"3,980,050.85",Javen ,Lou,Co-Founder,https://www.linkedin.com/in/javen-lou-385319153,
https://fathom.fi/,Fathom CDP,"3,957,818.79",Richard ,White,Founder / CEO,https://www.linkedin.com/in/rrwhite/,
https://app.shui.finance,SHUI,"3,957,433.22",James ,Wong,Owner,https://www.linkedin.com/in/james-wong-39526612/?originalSubdomain=hk,
https://kingprotocol.org/,King Protocol,"3,951,567.78",Joe ,Bjornsen,Founder ,https://www.linkedin.com/in/joe-bjornsen-036354158,
https://www.hskhodlium.xyz/,hskhodlium,"3,938,194.06",,,,,
https://thetanuts.finance,Thetanuts Finance,"3,925,454.79",,,,,
https://usdaf.asymmetry.finance/,Asymmetry USDaf,"3,880,991.56",Justin ,G.,Co-Founder,https://www.linkedin.com/in/justin--w,
https://rosen.tech,Rosen Bridge,"3,863,524.45",Cheegen ,Moo,Chief Executive Officer,http://www.linkedin.com/in/cheegen-moo-631219111,
https://rosen.tech,Rosen Bridge,"3,863,524.45",Yinyu ,Yang,Co-Founder,http://www.linkedin.com/in/yinyu-yang-30a2741a1,
https://dnax.us/,Dnax,"3,860,646.96",Adam ,Starr,Company Owner,https://www.linkedin.com/in/adam-starr-14489a174/?originalSubdomain=ca,
https://www.nftstrategy.fun/,TokenWorks,"3,856,521.46",,,,,
https://maxshot.ai/,MaxShot,"3,849,714.44",,,,,
https://puzzleswap.org/,Puzzle Swap,"3,820,839.73",,,,,
https://staq.io/,Staq.io,"3,765,791.32",Amer ,Abulaila,Founder / CEO,https://www.linkedin.com/in/amerabulaila/?originalSubdomain=ae,
https://staq.io/,Staq.io,"3,765,791.32",Petr ,Vybornov,Director,https://www.linkedin.com/in/petr-vybornov-111992233?miniProfileUrn=urn%3Ali%3Afs_miniProfile%3AACoAADpYAx0BOKs4bv6-_g-4lpdWkbbHB5AxeuE&lipi=urn%3Ali%3Apage%3Acompanies_company_people_index%3B97425d35-9cf2-4146-ae59-f1c204f7a524,
https://www.whaleex.com/,WhaleEx,"3,762,529.08",,,,,
https://www.ethstrat.xyz/,ETH Strategy,"3,752,337.90",,,,,
https://mstable.org/,mStable,"3,727,441.24",,,,,
https://www.hiyield.xyz,HiYield,"3,721,935.64",Scott ,Smiley,Co-Founder,http://www.linkedin.com/in/smileyscott,
https://smilee.finance/,Smilee Finance gBERA,"3,714,375.97",,,,,
https://smardex.io,SMARDEX USDN,"3,663,103.73",Jean ,Rausis,Co-Founder,https://www.linkedin.com/in/jeanrausis,
https://smardex.io,SMARDEX USDN,"3,663,103.73",Eric ,Rabl,Co-Founder,https://www.linkedin.com/in/eric-rabl-6708a570,
https://nept.finance/,Neptune Finance,"3,659,362.35",,,,,
https://bima.money/,BIMA CDP,"3,637,891.13",Siddarth ,Sridhar,Founder,https://www.linkedin.com/in/siddarthsridhar,
https://bima.money/,BIMA CDP,"3,637,891.13",Ruth ,Mbithe,Barbershop Owner,https://www.linkedin.com/in/ruth-mbithe-644a18320,
https://yusd.bitzap.ai/#/bitlayer/markets/btc/create,BitZap yUSD,"3,611,746.39",,,,,
https://app.nerite.org/,Nerite,"3,604,418.36",,,,,
https://delea.finance,Delea,"3,572,603.68",,,,,
https://pirex.io/,Pirex,"3,558,404.97",Osvaldo ,Pirex,President,https://www.linkedin.com/in/osvaldopirex/,
https://getmejuice.com/,Juice,"3,555,037.67",Katherine ,Chan,Chief Executive Officer,https://www.linkedin.com/in/chankatherine00/?originalSubdomain=uk,
https://getmejuice.com/,Juice,"3,555,037.67",James ,Bouza,Chief Financial Officer,https://www.linkedin.com/in/james-bouza-720a90202?miniProfileUrn=urn%3Ali%3Afs_miniProfile%3AACoAADPF9QgBlL90dwpTkqbtmDc3eMlnjAOyH5g&lipi=urn%3Ali%3Apage%3Acompanies_company_people_index%3B130873b4-abc7-4bc8-a6b3-7acc92c69301,
https://getmejuice.com/,Juice,"3,555,037.67",Rajeev ,Saxena,Co-Founder,https://www.linkedin.com/in/rajeev-saxena-224b02121/,
https://www.shadow.so,Shadow Exchange CLMM,"3,545,399.72",,,,,
https://syntropia.ai/,Syntropia,"3,538,365.99",Vlad ,Degen,Co-Founder,http://www.linkedin.com/in/vlad-horilyi,
https://exact.ly,Exactly,"3,537,648.99",Gabriel ,Gruber,Founder,https://www.linkedin.com/in/gabrielgruber,
https://rank.trading/,Rank Trading,"3,533,113.67",Nicolas ,Gates,Co-Founder,https://www.linkedin.com/in/nicolas-gates/,
https://rank.trading/,Rank Trading,"3,533,113.67",Focus ,Yam,Chief Executive Officer APAC,https://www.linkedin.com/in/focusyam/,
https://www.nirvana.finance/,Nirvana,"3,526,986.11",kurt ,cobain,Owner,https://www.linkedin.com/in/kurt-cobain-74b70428/,
https://mimo.exchange,Mimo,"3,509,676.13",,,,,
https://dyorswap.finance/?chainId=34443,DyorSwap AMM,"3,498,654.66",Stefan ,Ionescu,Co-Founder,https://www.linkedin.com/in/stefan-ionescu-555000292/?originalSubdomain=uk,
https://reflexer.finance/,Reflexer,"3,492,344.15",,,,,
https://blazeswap.xyz/,BlazeSwap,"3,488,645.72",,,,,
https://stake.tensorplex.ai/,Tensorplex,"3,484,593.08",Ck ,C.,Co-Founder,https://www.linkedin.com/in/cktensorplex,
https://www.letsgethai.com,Lets Get HAI,"3,477,642.65",Bogdan ,Pshonyak,Founder,https://www.linkedin.com/in/bpshonyak/,
https://kintsu.xyz/,Kintsu,"3,468,484.83",Stephen ,Novenstern,Founder,https://www.linkedin.com/in/stovenlabs,
https://flat.money,Flat Money,"3,467,403.15",,,,,
https://aurora.plus/,Aurora Plus,"3,465,543.50",,,,,
https://bitzy.app/,Bitzyapp,"3,462,265.79",Aaryan ,Pandey,Founder,https://www.linkedin.com/in/codewithaaryan/?originalSubdomain=in,
https://angles.fi/stake,Angles Stake,"3,460,672.65",,,,,
https://nftx.org,NFTX,"3,450,752.31",,,,,
https://arena.social/,Arena DEX,"3,418,936.61",Jason ,Desimone,Chief Executive Officer,https://www.linkedin.com/in/jason-desimone-7603a6220,
https://arena.social/,Arena DEX,"3,418,936.61",Phillip ,Liu,Co-Founder,https://www.linkedin.com/in/phillipliujr,
https://flamingo.finance/,Flamingo Finance,"3,413,041.84",Jude ,Chiy,Founder,https://www.linkedin.com/in/judechiy/,
https://app.initia.xyz/swap,InitiaDEX,"3,394,925.22",Ezaan ,Mangalji,Co-Founder,https://www.linkedin.com/in/ezaan,
https://app.initia.xyz/swap,InitiaDEX,"3,394,925.22",Stanford ,Liu,Chief Executive Officer,https://www.linkedin.com/in/stanford-liu-b62416131,
https://zero.network/,Zero Network,"3,373,952.39",,,,,
https://www.maskex.com,MaskEX,"3,371,153.14",James ,Ng,Chief Financial Officer,https://www.linkedin.com/in/james-ng-cpa,
https://dapp.phiat.io/#/markets,Phiat Protocol,"3,370,864.54",,,,,
https://www.mugenfinance.com,MugenFinance,"3,354,846.66",,,,,
https://stsui.com,AlphaFi stSUI,"3,353,547.56",,,,,
https://app.swappi.io,Swappi,"3,318,293.20",,,,,
https://sunny.ag,Sunny,"3,317,361.30",Sunny ,Chaudry,President & CEO,https://www.linkedin.com/in/sunny-chaudry-15603110/,
https://sunny.ag,Sunny,"3,317,361.30",Bob ,Donson,Vice President,https://www.linkedin.com/in/bob-donson-09a83523b/,
https://icon.community,sICX,"3,285,726.80",,,,,
https://sanko.xyz/bridge,Sanko Bridge,"3,274,847.15",,,,,
https://www.wweb3.org/,World Web3 Association,"3,231,500.00",Prateek ,D.,Founder,https://www.linkedin.com/in/prateekfire/,
https://swap.gala.com/,Gala Swap,"3,193,538.49",Akshay ,Vyas,VP of Engineering,https://www.linkedin.com/in/akshayvyas21,
https://portal.yay.space/stake,Yay!,"3,185,324.22",Anas ,Koujan,‏owner,http://www.linkedin.com/in/anas-koujan-b6860560,
https://staking.masternode.stratisevm.com/stake/?tab=stake,Stratis mSTRAX,"3,180,869.63",,,,,
https://sonic.ooo,Sonic ICP,"3,171,394.39",Rahul ,Pillai,Co-Founder,https://www.linkedin.com/in/rahulpillai20,
https://www.arch.finance,Arch,"3,167,796.97",Gavin ,Holder,Chief Operating Officer,http://www.linkedin.com/in/gavin-holder-615173210,
https://bridge.coredao.org/bridge,CORE Bridge,"3,160,412.70",Alvin ,Nyika,Founder & CEO,https://zw.linkedin.com/in/alvin-nyika-89127b35,
https://www.vanswap.org/#/home,VanSwap,"3,156,449.86",,,,,
https://www.benddao.xyz/en/apecoin-staking/explore/pairing-listings/,BendDAO APE Staking,"3,151,197.56",,,,,
https://www.rooster-protocol.xyz/,Oraicle.me,"3,134,501.83",Ivan ,Jolicic,Founder & Chief Technology Officer (CTO),https://oraicle.me/,
https://rainbowbridge.app/transfer,Rainbow Bridge,"3,122,458.84",Deborah ,McFall,Owner,https://www.linkedin.com/in/deborah-mcfall-5390563a/,
https://klaystation.io,KLAYstation,"3,118,577.93",,,,,
https://notional.finance/,Notional,"3,096,346.81",Teddy ,Woodward,Co-Founder,https://www.linkedin.com/in/teddy-woodward-829b204a,
https://notional.finance/,Notional,"3,096,346.81",Jeff ,Wu,Co-Founder,https://www.linkedin.com/in/jeffywu,
https://xoxno.com,XOXNO Liquid Staking,"3,088,565.20",Mihai ,E,Chief Executive Officer,https://www.linkedin.com/in/mihaieremia,
https://xoxno.com,XOXNO Liquid Staking,"3,088,565.20",Ulyana ,Medukha,Co-Founder,https://www.linkedin.com/in/ulyana,
https://www.friend.tech,friend.tech,"3,052,905.90",Matthew ,Miceli,Limited Partner,https://www.linkedin.com/in/matthew-miceli3/,
https://glowlabs.org/,Glow International,"3,029,391.89",David ,Vorick,Chief Executive Officer,https://www.linkedin.com/in/david-vorick-6758a66a/,
https://ethos.network/,Ethos Network,"3,026,646.79",Vitalii ,Saienko,Founding Engineer,http://www.linkedin.com/in/vitalii-saienko-eng,
https://ethos.network/,Ethos Network,"3,026,646.79",Trevor ,Thompson,Cofounder & CEO,http://www.linkedin.com/in/trevor-thompson-atx,
https://kuma.bond,ONE OF US .fit,"3,007,680.95",Fady ,Jaber,Co-Founder,https://www.linkedin.com/in/fady-jaber-2221a262/,
https://angstrom.xyz/,Angstrom,"3,000,666.89",Nagesh ,Palakurthi,President & CEO,https://www.linkedin.com/in/nagesh-palakurthi-a95bb33/,
https://www.orby.ai/,Orby AI - A Uniphore Company,"2,996,959.24",Bella ,Liu,Co-Founder & CEO,https://www.linkedin.com/in/bella-liu/,
https://www.orby.ai/,Orby AI - A Uniphore Company,"2,996,959.24",WILL ,LU,Co-Founder & CTO,https://www.linkedin.com/in/will-dongxu-lu-9b9b972b?miniProfileUrn=urn%3Ali%3Afs_miniProfile%3AACoAAAZngd0BqBdhldo9dulsnCZzYwlnkC8hixA&lipi=urn%3Ali%3Apage%3Acompanies_company_people_index%3Ba30bde82-ee6f-47c9-9a75-59bab8e3a0fc,
https://hanji.io,Hanji Protocol,"2,982,075.45",Dmitry ,Kovalevskiy,Founder,https://www.linkedin.com/in/dmitry-kovalevskiy/?originalSubdomain=cy,
https://alexlab.co/,ALEX,"2,973,869.78",Chiente ,Hsu,Co-Founder,http://www.linkedin.com/in/chiente-hsu,
https://alexlab.co/,ALEX,"2,973,869.78",Rachel ,Yu,Co-Founder,http://www.linkedin.com/in/rachel-yu-alex,
https://www.suzaku.network/,Suzaku,"2,972,983.98",Leo ,Schoukroun,Co-Founder,https://fr.linkedin.com/in/leo-schoukroun/en,
https://rmm.realtoken.network/markets/,RealT RMM Marketplace,"2,971,841.97",Scott ,stolte,Owner,https://www.linkedin.com/in/scott-stolte-43a4994/,
https://sigma.money,Sigma Money,"2,969,124.92",Vineet ,Budki,CEO & Partner,https://www.linkedin.com/in/vineetbudki?miniProfileUrn=urn%3Ali%3Afs_miniProfile%3AACoAAAH-wRcB6XSnw1tnGrjelLMI7-_rmCBsjXA&lipi=urn%3Ali%3Apage%3Acompanies_company_people_index%3Bcb84e88c-ed0e-4cc4-8b23-c9b9200ca133,
https://singularityfinance.ai/,Singularity Finance,"2,955,034.40",Gabriel ,Perez,VP of Finance,http://www.linkedin.com/in/perezgabrieluk,
https://sigma.money,Sigma Money,"2,969,124.92",Dirk ,Lueth,Venture Partner,https://www.linkedin.com/in/dirklueth/,
https://www.nemoprotocol.com/,Nemo Vault,"2,949,499.96",Alex,Yeung,Founder & CEO,[NOT FOUND],https://iq.wiki/wiki/nemo-protocol
https://manifest.trade/,Manifest Trade,"2,916,637.56",Michael ,Miller,Co-founder,https://www.linkedin.com/in/mikemillercrypto,
https://www.nxfinance.info/,NX Finance,"2,903,501.77",Gauthier ,Meur,Co-Founder,https://www.linkedin.com/in/gauthierlemeur,
http://www.mitosiscreative.com/,Mitosis,"2,896,054.39",Tyler ,Back,President & Chief Executive Officer,https://www.linkedin.com/in/tylerback/,
https://stellaswap.com,StellaSwap V4,"2,876,727.76",Aziz ,Zainuddin,Co-Founder,http://www.linkedin.com/in/azizzainuddin,
https://neverland.money,Neverland,"2,853,580.71",,,[PSEUDONYMOUS - co-founders known only as Alice_nvr and other pseudonyms],[NOT FOUND],https://x.com/Neverland_Money
https://www.kongswap.io/swap,KongSwap,"2,842,398.00",,,[ANONYMOUS - team not publicly identified; operates as SNS DAO on ICP],[NOT FOUND],https://forum.dfinity.org/t/introducing-kongswap/35607
https://bitomato.com/,BiTomato,"2,834,392.95",Olga ,Kostina,Chief Operating Officer,http://www.linkedin.com/in/olga-kostina-683339117,
https://bitomato.com/,BiTomato,"2,834,392.95",Olena ,Kartova,Founder,http://www.linkedin.com/in/olena-kartova-78b955333,
https://leadfillc.com/,LeadFi leadBTC,"2,817,980.96",Mallory ,Fleming,Director,https://www.linkedin.com/in/mallory-fleming-16364a59/,
https://leadfillc.com/,LeadFi leadBTC,"2,817,980.96",Jason,Figueroa,President,https://www.linkedin.com/in/jasonfigueroaleadfi/,
https://messina.one,Messina Bridge,"2,792,539.29",Tse Kai,H.,Founder,https://www.linkedin.com/in/tsekaih/,https://tracxn.com/d/companies/messina/
https://hydraesupport.com/,Hydra eSupport,"2,788,524.81",Aditya ,Chavan,Founder,https://www.linkedin.com/in/aditya-chavan-3566a6224/?originalSubdomain=in,
https://app.napier.finance/,Napier,"2,786,318.37",Yusuke ,Osoegawa,Founder and CEO,https://www.linkedin.com/in/yusukeosoegawa/,
https://app.napier.finance/,Napier,"2,786,318.37",Motoki,Yoneji,Founder & CEO,https://www.linkedin.com/in/motoki-yoneji-4a3a63247/,
https://app.pangolin.exchange/,Pangolin,"2,782,086.68",Erdem, E.,CEO,https://www.linkedin.com/in/erd866x/,
https://aspidanet.com,Aspida,"2,775,562.09",Lou,Hensley,CEO,https://www.linkedin.com/in/louhensley/,
https://aspidanet.com,Aspida,"2,775,562.09",Reid,McGhee,Vice President,https://www.linkedin.com/in/reid-mcghee-67697b45/,
https://app.pact.fi,Pact,"2,774,722.00",Matt ,Pasienski,Chief Executive Officer / Co-founder,https://www.linkedin.com/in/pasienski/,
https://app.pact.fi,Pact,"2,774,722.00",Julián ,Núñez,Co-founder,https://www.linkedin.com/in/julianlimon?miniProfileUrn=urn%3Ali%3Afs_miniProfile%3AACoAAAILe-4BbURVGm8icLkltCTglTyns3OtlPA&lipi=urn%3Ali%3Apage%3Acompanies_company_people_index%3B7a19b47d-1767-45ee-ba83-94e05aac181d,
https://sumer.money,Sumer.money,"2,773,018.28",Joaquín ,Serrno,Co-Founder & CEO,https://www.linkedin.com/in/joaquinserranomorales/?originalSubdomain=co,
https://cyber.co/stake,stCYBER,"2,737,761.45",Shiyu,Z,Co-founder,https://www.linkedin.com/in/sqsqsqsq/,
https://app.thresholdusd.org,Threshold thUSD,"2,736,507.61",Hassan,Khedr,Creative Director,https://www.linkedin.com/in/hassan-khedr-426b8b307/,
https://app.thresholdusd.org,Threshold thUSD,"2,736,507.61",Ferkan,M,Managing Director,https://www.linkedin.com/in/ferkanmemedi/,
https://www.symmetry.com/,Symmetry,"2,721,918.90",Tom,Reahard,"Payroll Geek, Founder",https://www.linkedin.com/in/tom-reahard-03318a4/,
https://www.symmetry.com/,Symmetry,"2,721,918.90",Amber ,Corey,Partner ,https://www.linkedin.com/in/ambercorey/,
https://www.segmentcapital.com/,Segment Capital Advisors,"2,689,564.14",Evan ,Schwartzfarb,Founder,https://www.linkedin.com/in/evan-schwartzfarb/,
https://privacypools.com/,Privacy Pools,"2,680,064.07",Ameen,Soleimani,Co-Founder,https://www.linkedin.com/in/ameen-soleimani-97181942,https://www.theblock.co/post/348959
https://allstake.org/,Allstake,"2,652,856.56",Saul ,Ortiz,Owner,https://www.linkedin.com/in/saul-ortiz-7a5001a4/,
https://allstake.org/,Allstake,"2,652,856.56",Steven D,Chafin,Agency Owner,https://www.linkedin.com/in/steven-d-chafin-cfp%C2%AE-crpc%C2%AE-b799831/,
http://www.goldswangroup.com/,Golden Swan Group,"2,647,526.16",Abdul,Hameed,Founder & Group Managing Director,[NOT FOUND],https://business.gulfvisit.com/companies/view/Golden-Swan-Group/799
https://www.stablejack.xyz,Stable Jack,"2,624,330.85",Ulvi Kağan,Dağdeviren,Co-Founder,https://www.linkedin.com/in/ulvika%C4%9Fanda%C4%9Fdeviren/,
https://www.omnibtc.finance,OmniBTC,"2,616,100.47",Yadira,Melgar,Vice President,https://www.linkedin.com/in/yadira-melgar/,
https://tenderize.me,Tenderize,"2,613,408.85",Nico,Vergauwen,Founder,https://www.linkedin.com/in/nicovergauwen/,https://www.theblock.co/post/156282
https://app.venus.io/#/isolated-pools/,Venus Isolated Pools,"2,608,803.10",Vênus,Labs,CEO ,https://www.linkedin.com/in/v%C3%AAnus-labs-5591a1358/?originalSubdomain=br,
https://goldfinch.finance,Goldfinch,"2,561,988.80",Claudine,Ise,Owner,https://www.linkedin.com/in/claudine-ise-17520950/,
https://goldfinch.finance,Goldfinch,"2,561,988.80",Mike,Sall,Cofounder and CEO,https://www.linkedin.com/in/michaelsall/,
https://bamm.market/,BAMM,"2,560,302.32",Anthony,Martin,Global CEO,https://www.linkedin.com/in/anthony-martin-4aa03611/,
https://bamm.market/,BAMM,"2,560,302.32",Mara,Baldissoni,Director ,https://www.linkedin.com/in/mara-baldissoni-8557b995/,
https://www.jaspervault.io/,Jasper Vault,"2,543,610.15",joe,juan,Director,https://www.linkedin.com/in/joe-juan-3486a9321/?originalSubdomain=sg,
https://app.perp.com,Perpetual Protocol,"2,532,308.68",Hana,Chang,Co-Founder,https://www.linkedin.com/in/hanachang/,
https://app.perp.com,Perpetual Protocol,"2,532,308.68",Yenwen,Feng,Co-Founder,https://www.linkedin.com/in/tempofeng/,
https://www.ithacaprotocol.io,Ithaca Protocol,"2,523,854.87",Juan C,Dorado,Founder,https://www.linkedin.com/in/jcstack/,
https://www.ithacaprotocol.io,Ithaca Protocol,"2,523,854.87",Dimitrios,Kavvathas,Director,https://www.linkedin.com/in/dimitrios-kavvathas-3bb3654/,
https://solomonlabs.org/,Solomon USDv,"2,520,492.08",,,[PSEUDONYMOUS - founder publishes as Ranga C],[NOT FOUND],https://blog.solomonlabs.org/p/introducing-solomon
https://erasure.world/,Erasure,"2,511,325.96",Francis,Pedraza,Founder,https://www.linkedin.com/in/francispedraza/,
https://erasure.world/,Erasure,"2,511,325.96",Joey,Krug,Partner ,https://www.linkedin.com/in/joeykrug/,
https://nbx.com,NBX,"2,509,530.70",Nicolai,Lunde,CFO,https://www.linkedin.com/in/nicolai-lunde-168a5b42/,
https://claystack.com,ClayStack ETH,"2,501,309.12",Mohak ,Agarwal,Founder & CEO,https://www.linkedin.com/in/mohakagr/,
https://dashboard.internetcomputer.org/sns,Service Nervous Systems,"2,485,282.83",Ryan,Newman,Director,https://www.linkedin.com/in/ryannewman/,
https://dashboard.internetcomputer.org/sns,Service Nervous Systems,"2,485,282.83",Dan,Blackadder,Co-Founder,https://www.linkedin.com/in/danblackadder/,
https://ftm.guru,Guru Network Classic,"2,480,192.03",,,[PSEUDONYMOUS - team operates under handle FTM1337],[NOT FOUND],https://ftm.guru/
https://www.spinup.zone/,SpinUp Liquid Staking,"2,471,844.03",Martin,Edwards,Founder,https://www.linkedin.com/in/martin-edwards-271a4226/,
https://astekgroup.fr/?lang=en,Astake,"2,461,397.77",Mathilde,DEBERSE,Product Owner,https://www.linkedin.com/in/productowner-lille-mathilde-deberse/,
https://astekgroup.fr/?lang=en,Astake,"2,471,844.03",Michał,Kulczycki,Service Owner,https://www.linkedin.com/in/micha%C5%82-kulczycki-a89b43b/,
https://app.lumi.finance,Lumi Finance,"2,459,936.49",Yanir,Yakutiel,Owner,https://www.linkedin.com/in/yaniryakutiel/?originalSubdomain=au,
https://www.augur.net/,Augur,"2,459,100.32",Nikhil ,Mulani,Founder,https://www.linkedin.com/in/nmulani/,
https://app.katana.so,Katana,"2,453,515.55",Eric,N,Co-Founder,https://www.linkedin.com/in/eric-h-nie/,
https://internationalmeme.fund,International Meme Fund,"2,444,013.21",,,[PSEUDONYMOUS - founded by Gami (gami.eth)],[NOT FOUND],https://www.bankless.com/read/imf-banking-memecoins
https://www.revault.network/,Revault,"2,441,983.03",Uriel,Peled,Co-Founder & Head of BD,https://www.linkedin.com/in/uriel-peled-61073b29/,https://www.crunchbase.com/person/uriel-peled
https://www.klimadao.finance,KlimaDAO,"2,409,984.46",Joshua ,Bijak,Partner,https://www.linkedin.com/in/ghsdsdafasdfgh,
https://nerve.network/swap,NerveSwap,"2,409,643.00",,,[PSEUDONYMOUS - Reaper Ran is NULS co-founder],https://sg.linkedin.com/in/reaper-ran-a1779a111,https://nuls.medium.com/
https://babydogeswap.com,BabyDogeSwap,"2,406,769.87",Ábel,Czupor,Owner ,https://www.linkedin.com/in/%C3%A1belc/,
https://www.everrise.com,EverRise,"2,403,675.18",Jenna,Keesey,Founder ,https://www.linkedin.com/in/jenna-keesey-28541b74/,
https://www.everrise.com,EverRise,"2,403,675.18",Ashley,Olson,Vice President,https://www.linkedin.com/in/olson-ashley/,
https://truemarkets.org,Truemarkets,"2,399,514.88",Vishal  ,Gupta,Founder/CEO,https://www.linkedin.com/in/vishalkg/,
https://www.milkyway.zone/,MilkyWay Liquid Staking,"2,394,827.52",Vishal K,Gupta,CEO ,https://www.linkedin.com/in/vishalkg/,
https://app.elys.network/earn/staking,Elys Earn,"2,360,173.68",Prashant,Srivastava,Co-Founder,https://www.linkedin.com/in/prash-srivastava/,
https://app.elys.network/earn/staking,Elys Earn,"2,360,173.68",Casey,Arrington,Founder ,https://www.linkedin.com/in/caseyturnerarrington/,
https://truemarkets.org,Truemarkets,"2,399,514.88",Patrick ,McCreary,CTO & Founder,https://www.linkedin.com/in/patmccreary?miniProfileUrn=urn%3Ali%3Afs_miniProfile%3AACoAAALxS5YB5BKl9OSSghvQb_cEI1Hzj82uPdY&lipi=urn%3Ali%3Apage%3Acompanies_company_people_index%3B0096c1cf-646a-4415-9633-b8fd97257e8d,
https://www.isc.money,International Stable Currency,"2,344,964.36",,,[ANONYMOUS - team operates under ISC Foundation],[NOT FOUND],https://www.rootdata.com/Projects/detail/International%20Stable%20Currency
https://www.coinw.com,CoinW,"2,341,631.27",Wade,Ｗ,CEO,https://www.linkedin.com/in/wade-%EF%BD%97-58b266b7/,
https://www.coinw.com,CoinW,"2,341,631.27",Chevan,Cipriani S.,Director,https://www.linkedin.com/in/chevv/,
https://flowx.finance,FlowX,"2,327,241.60",ioan ,iacob,Founder and CEO,https://www.linkedin.com/in/ioaniacob/,
http://tetu.io,Tetu Earn,"2,322,142.59",Vsevolod,Grigorovich,Founder ,https://www.linkedin.com/in/belbix/,
https://vyfi.io,VyFinance Dex,"2,320,570.09",Dylan,McCoy,Chief Operating Officer,https://www.linkedin.com/in/dylan-mccoy-1028ba141/,
https://www.alterscope.org/,Alterscope,"2,316,807.77",Marijo,Radman,Co-Founder & CEO,http://www.linkedin.com/in/marijo-radman-19013220,
https://flowx.finance,FlowX,"2,327,241.60",Serban ,Chiricescu,Co-Founder and CTO,https://www.linkedin.com/in/serban-chiricescu?miniProfileUrn=urn%3Ali%3Afs_miniProfile%3AACoAAARAoPkBnNwBAyp77M4Y8Ob-d6F4-EROHmU&lipi=urn%3Ali%3Apage%3Acompanies_company_people_index%3B5dcd3b2a-3f9f-48ce-b684-5120bc01e651,
https://flowx.finance,FlowX,"2,327,241.60",Robert ,Szilagyi,Product Owner,https://www.linkedin.com/in/robert-szilagyi-9b105693?miniProfileUrn=urn%3Ali%3Afs_miniProfile%3AACoAABPDMxUB2uMLUPwUjRV3quxgObEyE29p3JA&lipi=urn%3Ali%3Apage%3Acompanies_company_people_index%3B5dcd3b2a-3f9f-48ce-b684-5120bc01e651,
https://ddex.io/,DDEX,"2,316,230.61",Tian,Li,Co-Founder & CEO,https://www.linkedin.com/in/tianfl/,https://defiprime.com/ddex
https://app.piperx.xyz/,PiperX,"2,315,896.26",Dr Sohm,Shivkumar,Chief Executive Officer,https://www.linkedin.com/in/dr-sohm-shivkumar-2665bb11a/,
https://tac.build,TAC Cross Chain Layer,"2,315,497.33",Nizar,Shanaah,Business Owner,https://www.linkedin.com/in/nizar-shanaah-673b711/,
https://tac.build,TAC Cross Chain Layer,"2,315,497.33",Serge,Suchkov,Co-founder,https://www.linkedin.com/in/serge-suchkov/,
https://moicdigital.com/,MOIC Digital,"2,311,535.49",Pedro ,Veiga,Co-Founder,https://www.linkedin.com/in/pedro-veiga-726592226/,
https://lithos.to/,Lithos,"2,296,287.02",Dawei,Li,Co-founder,https://www.linkedin.com/in/daweili/,
https://lithos.to/,Lithos,"2,296,287.02",Rahul,Sethuram ,Crypto Founder,https://www.linkedin.com/in/rksethuram/,
https://moicdigital.com/,MOIC Digital,"2,311,535.49",Rogério ,Berfran,Founder and CEO,https://www.linkedin.com/in/rogerio-berfran?miniProfileUrn=urn%3Ali%3Afs_miniProfile%3AACoAADdye78BL_pkBaGj3k-rqFdmnl8VNFwZng8&lipi=urn%3Ali%3Apage%3Acompanies_company_people_index%3B348cf4ce-84e0-438c-9a4e-8093092eb365,
https://www.yamato.llc/,YAMATO LLC,"2,295,354.45",Tomoyuki ,YAMATO,CEO,https://www.linkedin.com/in/tomoyuki-yamato/?originalSubdomain=in,
https://app.ultrasolid.xyz/@DEFILLAMA,Ultrasolid,"2,259,070.08",Mojo,Soh,Co-founder,https://www.linkedin.com/in/mojo-soh-56b215108/,
https://bridge.alephium.org,Alephium Bridge,"2,200,882.87",Alexandre,Poltorak,Co-Founder,https://www.linkedin.com/in/polto/,
https://bridge.alephium.org,Alephium Bridge,"2,200,882.87",Philipp,Richner,Founder ,https://www.linkedin.com/in/philipp-richner-2b0b82a5/,
https://zoth.io/,ZTLN-P,"2,200,340.96",Pritam,Dutta,CEO ,https://www.linkedin.com/in/pritamdutta/,
https://zoth.io/,ZTLN-P,"2,200,340.96",Saumyajit,Roy,Founder’s ,https://www.linkedin.com/in/royprotocol/,
https://invariant.group/,Invariant Group,"2,192,216.49",Jorge Cuartero,García,Founding Partner,https://www.linkedin.com/in/jorgecuarterogarcia/,
https://invariant.group/,Invariant Group,"2,192,216.49",Fernando,Salvago,Founding Partner,https://www.linkedin.com/in/fernandosalvago/,
https://neemo.finance/,Neemo Finance,"2,167,041.21",Seiya,Chida,VP ,https://www.linkedin.com/in/seiya-chida-7a9717165/,
https://app.iaero.finance/,iAero Protocol,"2,154,493.19",Ben ,Klein,CEO,https://www.linkedin.com/in/ben-klein-01b8736?miniProfileUrn=urn%3Ali%3Afs_miniProfile%3AACoAAAEyC1cBezr9h-3bywqFTdoanqG8j-vnKug&lipi=urn%3Ali%3Apage%3Acompanies_company_people_index%3B7fbb982d-3fbd-46de-ad87-e9e0780cfb00,
https://stabble.org,stabble,"2,149,599.37",Talent,Tsatse,Investment Director,https://www.linkedin.com/in/talent-tsatse-94a7491b/,
https://balancer.fi,Balancer CoW AMM,"2,145,940.47",Fernando,Martinelli,Co-Founder,https://www.linkedin.com/in/fernandomartinelli/,
https://balancer.fi,Balancer CoW AMM,"2,145,940.47",Daniel,Koch,Director ,https://www.linkedin.com/in/0xdanko/,
https://www.axial.net/,Axial,"2,145,722.83",Peter ,Lehrman,CEO ,https://www.linkedin.com/in/plehrman/,
https://www.axial.net/,Axial,"2,145,722.83",Nick,Coetzee,VP ,https://www.linkedin.com/in/nickcoetzee/,
https://app.iaero.finance/,iAero Protocol,"2,154,493.19",Trent ,Livingston,Company Owner,https://www.linkedin.com/in/trent-livingston-5336b3241/,
https://port.finance,Port Finance,"2,137,511.91",Anthony ,McDonald,Owner,https://www.linkedin.com/in/amcdonaldportfinance/?originalSubdomain=au,
https://app.feather.zone/,Feather,"2,132,448.16",Do,Kwon,Founder (Terraform Labs),[NOT FOUND],https://www.dlnews.com/articles/defi/
https://www.cove.finance/,Cove Protocol,"2,126,050.22",Sunil,Srivatsa,Founder & CEO (Storm Labs),https://www.linkedin.com/in/sunilsrivatsa/,https://blockworks.co/news/exclusive-cove-launches-mainnet-coveusd
https://classic.cream.finance/eth2/,CRETH2,"2,121,056.70",Jeffrey,Huang,Founder,https://tw.linkedin.com/in/jeffrey-huang-33b711157,https://www.crunchbase.com/person/jeffrey-huang
https://www.overtime.io/,Overtime,"2,108,658.21",terrence,crawford,Owner ,https://www.linkedin.com/in/terrence-crawford-a4645331/,
https://www.overtime.io/,Overtime,"2,108,658.21",Kern,Egan,Founder and CEO,https://www.linkedin.com/in/kernegan/,
https://wavesbridge.io/,WavesBridge,"2,102,422.50",,,[ANONYMOUS - no publicly identified team],[NOT FOUND],https://wavesbridge.io/
https://app.planet.finance/,Planet Farm,"2,097,300.53",Daniele,Benatoff,Co-Founder & Co-CEO,https://www.linkedin.com/in/daniele-benatoff/,
https://app.planet.finance/,Planet Farm,"2,097,300.53",Joost,Saris,Co-Owner,https://www.linkedin.com/in/joostsaris/,
https://beta.dual.finance,Dual Finance,"2,088,306.93",Britt,Cyr,Co-Founder,https://www.linkedin.com/in/britt-cyr-5b949634/,
https://www.butterflynetwork.com,Butter Network,"2,084,392.65",Nevada,Sanchez,Co-Founder,https://www.linkedin.com/in/nevadasanchez/,
https://www.butterflynetwork.com,Director ,"2,084,392.65",Ross,Martin,Director ,https://www.linkedin.com/in/ross-martin-0/,
https://oxium.xyz/,Oxium,"2,084,135.63",,,[ANONYMOUS - no publicly identified team],[NOT FOUND],https://www.rootdata.com/Projects/detail/Oxium
https://remoramarkets.xyz/,Remora Markets,"2,065,118.31",Paul,Paul Gross,CEO ,https://www.linkedin.com/in/paulagross/,
https://sx.bet,SX Bet,"2,062,266.07",Andrew,Young,Co-Founder & CEO,https://www.linkedin.com/in/andrew-young-6590b39a/,https://docs.sx.technology/sx-overview/sx-executive-team
https://portaltobitcoin.com,Portal To Bitcoin,"2,060,852.76",Jack,Mills,COO ,https://www.linkedin.com/in/jack-mills-16755/,
https://portaltobitcoin.com,Portal To Bitcoin,"2,060,852.76",Chandra,Duggirala,"Co-Founder, CEO",https://www.linkedin.com/in/csentropy/,
https://www.udonswap.io/,UdonSwap,"2,059,802.83",,,[ANONYMOUS - no public team identified],[NOT FOUND],https://www.udonswap.io/
https://www.ionic.money,Ionic Protocol,"2,042,238.81",,,[ANONYMOUS - team carries over from Midas Capital],[NOT FOUND],https://medium.com/@ionicmoney/
https://hubbleprotocol.io,Hubble,"2,041,494.18",Marius George,Ciubotariu,Co-Founder,https://uk.linkedin.com/in/marius-george-ciubotariu-743b9319,https://gritdaily.com/marius-george-ciubotariu/
https://flaunch.gg,flaunch,"2,032,569.37",Ali vasaya,Vasaya,Business Owner,https://www.linkedin.com/in/ali-vasaya-vasaya-3780b929b/?originalSubdomain=in,
https://vedelegate.vet/,veDelegate,"2,025,295.67",,,[PSEUDONYMOUS - built by developer known as favo],[NOT FOUND],https://www.vechain.org/
https://www.erisprotocol.com,Eris Protocol,"2,024,973.46",,,[ANONYMOUS - team operates pseudonymously],[NOT FOUND],https://github.com/erisprotocol
https://coltstable.com/,Colt,"2,022,035.21",Kory,Hoang,Co-Founder & CEO,https://www.linkedin.com/in/koryhoang/,https://cryptoslate.com/people/kory-hoang/
https://blackwing.fi/,Blackwing,"2,021,298.39",Zorayr,Khalapyan,Co-Founder,https://www.linkedin.com/in/zkhalapyan?miniProfileUrn=urn%3Ali%3Afs_miniProfile%3AACoAAAS2t6YBgaXOD7i_DXwtak0BOZMDHYO-3dc&lipi=urn%3Ali%3Apage%3Acompanies_company_people_index%3B85875720-6c69-449b-9dd7-881dd9867e3a,
https://www.superreturn.ai/,SuperReturn,"2,013,111.54",Dr. Dorothy,Kelso,Managing Director,https://www.linkedin.com/in/dr-dorothy-kelso-4247101/?originalSubdomain=uk,
https://baofinance.io/,Bao Masterchef,"2,011,736.00",,,[PSEUDONYMOUS - founded by Baoman],[NOT FOUND],https://thebaoman.medium.com/
https://credit.cash/,Credit,"2,001,825.27",Daniele Marco,Ronchese,Founder & CEO,https://za.linkedin.com/in/daniele-marco-ronchese,https://coinmarketcap.com/currencies/credit/
http://www.satoriadvisory.com.au/,Satori Advisory,"1,999,882.28",Tim  ,Hobart,CEO & Co-Founder,https://www.linkedin.com/in/tim-hobart-61baa820/?originalSubdomain=au,
http://www.satoriadvisory.com.au/,Satori Advisory,"1,999,882.28",Brett  ,Piercy,Partner ,https://www.linkedin.com/in/brettpiercy/?originalSubdomain=au,
http://www.satoriadvisory.com.au/,Satori Advisory,"1,999,882.28",Josh  ,Perkins,"Director, COO",https://www.linkedin.com/in/josh-perkins-07464913/?originalSubdomain=au,
https://www.landxcapital.com.au/,LandX Capital,"1,999,080.56",Ram  ,Vel,Founder & Director ,https://www.linkedin.com/in/ram-vel/?originalSubdomain=au,
https://www.filet.finance,Filet Finance,"1,974,903.28",Steve,Wei,Founder & CEO (TOP Network),[NOT FOUND],https://www.crunchbase.com/person/steve-wei
https://app.kton.io,KTON,"1,974,602.08",Alex,Chien,Co-Founder (Darwinia Network),https://www.linkedin.com/in/alex-chien-46448216/,https://www.cbinsights.com/company/darwinia-network/people
https://www.microchain.systems,Microchain,"1,966,444.76",David,Mihal,Co-Founder,https://www.linkedin.com/in/dmihal/,https://charlymartin.me/projects/microchain-systems
https://nolus.io/,Nolus Protocol,"1,963,234.59",Bilyana,Christova,CEO ,https://www.linkedin.com/in/bilyanastancheva/,
http://grupogondi.com,Gondi,"1,953,177.84",Marcos,Romero,Director ,https://www.linkedin.com/in/marcos-romero-a66135265/?originalSubdomain=mx,
https://www.button.finance,Button Tranche,"1,946,026.75",Manny,Rincon-Cruz,Founder,https://www.linkedin.com/in/manuelr5/,https://blockchain.works-hub.com/
https://impermax.finance/,Impermax,"1,934,336.78",Simone,Rigolon,Founder,https://www.linkedin.com/in/simone-rigolon-650992119?miniProfileUrn=urn%3Ali%3Afs_miniProfile%3AACoAAB2C5hwBKTOXwFpw0Vp71jjrDd0zZvsuSbY&lipi=urn%3Ali%3Apage%3Acompanies_company_people_index%3Bbb32d7a4-39bc-47e9-8f91-2312d04c67ca,
https://www.tryrook.io,Rook,"1,933,685.96",Jonas,Dücker,COO ,https://www.linkedin.com/in/jonas-ducker-37460bb3/,
https://www.tryrook.io,Rook,"1,933,685.96",Marco,Benitez,CEO ,https://www.linkedin.com/in/marcobzg/,
https://app.storyhunt.xyz/,Story Hunt,"1,921,026.03",Sunil,Thapa,Co-Founder,https://www.linkedin.com/in/sunil-thapa-01/,
https://cellana.finance,Cellana Finance,"1,920,329.28",Andy,Hoang,Chief Executive Officer,http://www.linkedin.com/in/andy-hoang-1189882b6,
https://kaoyaswap.org/,KaoyaSwap,"1,902,566.06",,,[ANONYMOUS - no public team identified],[NOT FOUND],https://tokeninsight.com/en/coins/kaoyaswap/
https://liquidswap.com/,LiquidSwap,"1,900,456.30",Alejo,Pinto,Co-Founder,https://www.linkedin.com/in/alejo-pinto-18985aa1/,https://pontem.network/posts/
https://www.minefi.cz,MineFi,"1,893,432.00",Michal,Nemec,Founder ,https://www.linkedin.com/in/minemec81/,
https://rollx.trade/,RollX,"1,877,192.34",,,[PSEUDONYMOUS - team led by Danny Lee as key contributor],[NOT FOUND],https://www.weex.com/wiki/article/introducing-rollx
https://app.chainport.io,ChainPort,"1,858,635.63",Andrii,Pindiura,Director ,https://www.linkedin.com/in/aydnep/,
https://app.chainport.io,ChainPort,"1,858,635.63",Erez,Ben-Kiki,"Co-founder, CEO ",https://www.linkedin.com/in/erezbk/,
https://meetdex.ai/,Dex,"1,857,937.34",Paddy  ,Lambros,CEO & Co-Founder,https://www.linkedin.com/in/patricklambros/?originalSubdomain=uk,
https://capx.ai,Capx AI,"1,854,870.71",Vaibhav,Tyagi,Founder ,https://www.linkedin.com/in/vaibt/,
https://capx.ai,Capx AI,"1,854,870.71",Sharvil,Malik,Founder ,https://www.linkedin.com/in/sharvil-malik/,
https://davincigraph.io/devs/locks,DaVinciGraph,"1,851,744.00",,,[ANONYMOUS - no publicly disclosed founding team],[NOT FOUND],https://davincigraph.io/
https://meson.fi/home,Meson,"1,849,928.27",Sam,Sun,Co-founder,https://www.linkedin.com/in/0xsaam/,
https://hope.money,HOPE Collateral,"1,837,517.71",Flex,Yang,Founder,https://www.linkedin.com/in/flex-yang/,https://www.coindesk.com/tech/2023/03/13/
https://clovis.network/,Clovis,"1,836,392.71",Andrew,Baker,President & CEO,https://www.linkedin.com/in/andrew-baker-a1a7531/,
https://www.dipcoin.io/perp/,DipCoin Perps,"1,825,697.39",,,[ANONYMOUS - founders undisclosed],[NOT FOUND],https://zycrypto.com/dipcoin/
https://spacefi.io,SpaceFi zkSync,"1,824,274.66",,,[ANONYMOUS - cross-chain DEX with undisclosed team],[NOT FOUND],https://tokeninsight.com/en/coins/spacefi-space/team
http://www.mahindrafinance.com/,Mahindra Finance,"1,820,585.83",Raul  ,Rebello,CEO ,https://www.linkedin.com/in/raul-rebello-6446535/?originalSubdomain=in,
http://www.mahindrafinance.com/,Mahindra Finance,"1,820,585.83",Santosh  ,Hagwane,Owner ,https://www.linkedin.com/in/santosh-hagwane-6b76221b/?trk=people_directory&originalSubdomain=in,
http://www.mahindrafinance.com/,Mahindra Finance,"1,820,585.83",Aishwarya  ,Sonawane,HR Business Partner ,https://in.linkedin.com/in/aishwarya-sonawane-2ba4a1166,
https://sunpump.meme/,SunPump,"1,810,734.09",Justin,Sun,Founder (TRON/SunPump),https://www.linkedin.com/in/justinsuntron/,https://www.coindesk.com/business/2024/08/16/
https://www.btse.com,BTSE,"1,805,699.59",Brent ,B,Co-Founder,https://www.linkedin.com/in/brent-b-13bbb0178/,
https://www.btse.com,BTSE,"1,805,699.59",Aleksandra (Aleksa),Miroslavskaia,Co-Founder,https://www.linkedin.com/in/aleksa-w/,
https://portal.dymension.xyz/amm/swap,Dymension DEX,"1,797,363.97",Yishay,Harel,Co-Founder & CEO,https://www.linkedin.com/in/yishay-harel-4875982a3/,https://iq.wiki/wiki/yishay-harel
https://netswap.io/#/home,NetSwap,"1,784,674.30",,,[ANONYMOUS - anonymous community-driven team],[NOT FOUND],https://medium.com/@netswapofficial/
https://bbbfi.com,BBBFI,"1,784,168.38",,,[ANONYMOUS - no publicly identifiable team],[NOT FOUND],https://bbbfi.com
https://www.gro.xyz,Gro,"1,781,999.37",Wendy,Xiao,Partner ,https://www.linkedin.com/in/wendyxs/,
https://incprinter.com/,Incprinter,"1,779,395.66",,,[ANONYMOUS - no publicly identifiable team],[NOT FOUND],https://incprinter.com/
https://app.euler.finance/governor/apostro,Apostro,"1,779,296.62",Tim, I.,Co-founder,https://www.linkedin.com/in/timismi/,
https://www.phuture.finance,Phuture,"1,766,093.75",Oliver,Mehr,CEO ,https://www.linkedin.com/in/oliver-mehr-475074128/,
https://www.phuture.finance,Phuture,"1,766,093.75",Anton,Sinovich,Founder,http://www.linkedin.com/in/anton-sinovich-ba483125,
https://hinkal.pro,Hinkal,"1,764,544.76",Georgi,Koreli,CEO,linkedin.com/in/gegelz,
https://datadex.me/,DataDex,"1,763,648.00",,,[ANONYMOUS - Web3 and DeFi veterans on Vana Network],[NOT FOUND],https://www.vana.org/posts/spotlight-datadex
https://www.kuru.io/,KURU Footwear,"1,762,958.48",Bret ,Rasmussen,Founder ,https://www.linkedin.com/in/bretrasmussen/,
https://swapx.fi/,SwapX Algebra,"1,762,831.06",Quintin,Kieser,Founder ,https://www.linkedin.com/in/quintin-kieser-24b21065/?originalSubdomain=za,
https://www.kuru.io/,KURU Footwear,"1,762,958.48",Tyler  ,Christensen,Chief Operations Officer,https://www.linkedin.com/in/christensentyler/,
https://www.kuru.io/,KURU Footwear,"1,762,958.48",Matt  ,Barnes,CFO ,https://www.linkedin.com/in/mattbarnescpa/,
https://parallel.best/,Parallel Protocol,"1,762,297.66",Claude,Eguienta,Founder & CEO,https://www.linkedin.com/in/claudeeguienta/,https://medium.com/bittrexglobal/
https://www.denario.swiss,Denario,"1,758,233.38",Thomas,Winkler,Chairman & Founder,http://www.linkedin.com/in/thomaswinkler1,
https://bridgers.ai/,Bridgers,"1,755,402.83",Laith Bani,Slamh,CEO ,https://www.linkedin.com/in/laith-bani-slamh-427255169/,
https://app.monday.trade/,Monday Trade Perps,"1,742,778.41",,,[ANONYMOUS - incubated via SynFutures Builder Program],[NOT FOUND],https://knowledgehub.synfutures.com/
https://hirofinance.com/,Hiro Finance,"1,738,068.34",Ethan  ,Bloch,Founder & Co-CEO,https://www.linkedin.com/in/ebloch/,
https://hirofinance.com/,Hiro Finance,"1,738,068.34",Samar  ,Shah,COO,https://www.linkedin.com/in/samar-shah-63861812/,
https://hirofinance.com/,Hiro Finance,"1,738,068.34",Rushabh  ,Doshi,Founder & Co-CEO,https://www.linkedin.com/in/radoshi/,
https://www.hizuno.com/four-wheeler-insurance,Zuno General Insurance,"1,732,620.25",Shanai  ,Ghosh,Managing Director and CEO,https://www.linkedin.com/in/shanaighosh/?originalSubdomain=in,
https://www.hizuno.com/four-wheeler-insurance,Zuno General Insurance,"1,732,620.25",Satyajit  ,Senapati,Director ,https://in.linkedin.com/in/satyajit-senapati-53b6981a,
http://arkadikopartners.com/,Arkadiko Partners,"1,718,636.37",Colin  ,Melvin,Founder and Managing Director,https://www.linkedin.com/in/colinmelvin/?originalSubdomain=uk,
https://sendit.fun,Sendit,"1,718,329.99",Joe ,White,CEO and Founder,https://www.linkedin.com/in/josephwhite90/,
http://arkadikopartners.com/,Arkadiko Partners,"1,718,636.37",Nina  ,Cieslinska,Manager ,https://www.linkedin.com/in/ninacieslinska/,
https://dex.bluemove.net/,BlueMove DEX,"1,711,600.60",Dragon,Vu,Co-Founder & CTO,[NOT FOUND],https://suipiens.com/blog/bluemove/
https://www.trado.trade/,TRADO ,"1,710,608.75",Shubhendra  ,Gautam,Founder ,https://www.linkedin.com/in/shubhendragautam/?originalSubdomain=in,
https://app.fluidtokens.com,FluidTokens,"1,700,775.23",Matteo,Coppola,CEO ,http://www.linkedin.com/in/matteo-coppola-mazzetti,
https://www.trado.trade/,TRADO ,"1,710,608.75",VIVEK  ,YADAV,Co-founder,https://www.linkedin.com/in/vivek-yadav-a012611a9/,
https://www.trado.trade/,TRADO ,"1,710,608.75",Adarsh  ,Kumar,Co-founder,https://www.linkedin.com/in/adarsh-kumar-trado/,
https://www.usekoi.com/,Koi,"1,700,558.74",Gavin  ,Lifrieri,Co-founder/COO,https://www.linkedin.com/in/gavin-lifrieri/,
https://www.usekoi.com/,Koi,"1,700,558.74",Christien  ,Williams,Co-Founder & CEO,https://www.linkedin.com/in/christienwilliams/,
https://lemfi.com/,LemFi,"1,692,498.63",Ridwan  ,Olalere,Chief Executive Officer,https://www.linkedin.com/in/darilldrems/?originalSubdomain=ng,
https://lemfi.com/,LemFi,"1,692,498.63",Donal  ,Whelan,General Manager,https://www.linkedin.com/in/dowhelan/,
https://lemfi.com/,LemFi,"1,692,498.63",Rian  ,Cochran,Co-founder,https://www.linkedin.com/in/rian-cochran-a3a9404/,
https://www.baseline.markets/,Baseline Protocol,"1,687,781.86",,,[PSEUDONYMOUS - founders Fully Allocated and Indigo],[NOT FOUND],https://podcasts.apple.com/
https://unchainx.io,Unchain X,"1,684,782.41",,,[ANONYMOUS - no publicly identifiable team],[NOT FOUND],https://docs.unchainx.io
https://home.babyswap.finance,BabySwap,"1,684,280.70",,,[ANONYMOUS - anonymous team led by pseudonymous Baby A],[NOT FOUND],https://coinwire.com/babyswap-ama-recap/
https://www.sommelier.finance,Sommelier,"1,680,886.95",Rebecca,Liao,Co-Founder and CEO,https://www.linkedin.com/in/rebecca-liao/,
https://cometa.vc/,Cometa,"1,675,662.96",Pepe  ,Bolaños,Managing Partner,https://www.linkedin.com/in/pepe-bola%C3%B1os-4374a710/,
https://dapp.filliquid.io,FILLiquid,"1,655,063.06",Arthur,Tan,Chief Executive Officer,https://www.linkedin.com/in/arthur-tan/,
https://cometa.vc/,Cometa,"1,675,662.96",Diego  ,Rivero,Founding Partner,https://www.linkedin.com/in/diegovargas1/,
https://cometa.vc/,Cometa,"1,675,662.96",Ernesto  ,Vargas,Founding Partner,https://www.linkedin.com/in/ernestov2/,
https://btcsol.co/,Zeus btcSOL,"1,645,756.53",Justin,Wang,Founder & CEO,https://ca.linkedin.com/in/justin-wang,https://webx-asia.com/speaker/3373778
http://www.complexemdex.com/,Complexe Mdex,"1,644,856.30",Dr Bak  ,Nguyen,CEO ,https://www.linkedin.com/in/drbaknguyen/?originalSubdomain=ca,
http://www.complexemdex.com/,Complexe Mdex,"1,644,856.30",Tranie , Vo,Co-Founder,https://www.linkedin.com/in/tranievo/,
https://www.reaper.farm,Reaper Farm,"1,637,414.42",Justin,Bebis,Founder,https://www.linkedin.com/in/jbcrypto/,https://podcasts.apple.com/ky/podcast/6-justin-bebis-reaper-farm/
https://exchange.fastex.com,Fastex,"1,631,218.81",Vigen,Badalyan,Badalyan,https://www.linkedin.com/in/vigenbadalyan/,
https://exchange.fastex.com,Fastex,"1,631,218.81",Armen,Baghdasaryan,COO ,https://www.linkedin.com/in/menemra/,
https://spooky.fi/#/,SpookySwap,"1,625,047.53",,,[PSEUDONYMOUS - anonymous co-founders Eerie and ooGwei],[NOT FOUND],https://blog.fantom.foundation/fantom-ecosystem-spotlight-spookyswap/
https://phux.io,PHUX,"1,619,640.68",,,[ANONYMOUS - community-owned Balancer V2 fork on PulseChain],[NOT FOUND],https://ph-defi.gitbook.io/phux-protocol/
https://cyclone.xyz,Cyclone Hub,"1,611,001.67",M. Anas  ,Maqbool,CEO ,https://www.linkedin.com/in/m-anas-maqbool-a18802280/?originalSubdomain=pk,
https://goatgroup.com/,GOAT Group,"1,608,661.56",Eddy  ,Lu,Co-founder and CEO,https://www.linkedin.com/in/eddylu/,
https://app.ashswap.io/swap/,Ashswap,"1,607,907.73",Francis (David),Jerry,Decentragri Nigeria - CEO,https://www.linkedin.com/in/francis-jerry/,
https://app.ashswap.io/swap/,Ashswap,"1,607,907.73",Hieu,Phan,Founder & CTO,https://www.linkedin.com/in/phanletrunghieu/,
https://goatgroup.com/,GOAT Group,"1,608,661.56",De'Undra  ,Williams,Global Partner,https://www.linkedin.com/in/deundrawilliams/,
https://goatgroup.com/,GOAT Group,"1,608,661.56",Jeffrey  ,S.,COO,https://www.linkedin.com/in/jeffrey-s-b8930b1a7/,
https://1sec.to/,1sec,"1,607,624.50",,,[ANONYMOUS - no public team found],[NOT FOUND],https://1sec.to/
https://www.rain.one/,Rain,"1,605,511.44",Eyal,Milstein,COO ,https://www.linkedin.com/in/eyal-milstein/,
https://www.rain.one/,Rain,"1,605,511.44",Roy,Shaham,CEO ,https://www.linkedin.com/in/royshaham/,
https://www.levana.finance,Levana Perps,"1,603,790.29",John Brian,Carthy,Founder ,https://www.linkedin.com/in/johnbriancarthy/,
https://www.levana.finance,Levana Perps,"1,603,790.29",Ryan,Hexspoor,ceo founder,https://www.linkedin.com/in/ryan-hexspoor-504715131/,
http://www.convergencepartners.com/,Convergence Partners,"1,587,421.70",Laurentius  ,Human,Managing Partner,https://www.linkedin.com/in/mlhuman/,
http://www.convergencepartners.com/,Convergence Partners,"1,587,421.70",Brandon  ,Doyle,CEO & Founding Partner,https://www.linkedin.com/in/brandondoyle1/,
https://www.resonateglobal.com/,Resonate Global Advisors LLP,"1,583,336.00",Jackie  ,Horne,Founding Partner,https://www.linkedin.com/in/jackie-horne-aa315916/?originalSubdomain=uk,
https://www.resonateglobal.com/,Resonate Global Advisors LLP,"1,583,336.00",Nick  ,Lord,Founding Partner,https://www.linkedin.com/in/nick-lord-9582b35/,
https://www.resonateglobal.com/,Resonate Global Advisors LLP,"1,583,336.00",Karl  ,A.,CFO,https://www.linkedin.com/in/karl-a-38003318/,
https://seer.pm/,Seer,"1,581,992.14",,,[ANONYMOUS - built at ETHBerlin3 hackathon],[NOT FOUND],https://devfolio.co/projects/seer-3a1d
https://squadswap.com/,SquadSwap WOW,"1,571,323.66",,,[ANONYMOUS - community-governed by PancakeSquad NFT holders],[NOT FOUND],https://techbullion.com/squadswap/
https://www.xfai.com,Xfai,"1,570,859.91",Taulant,Ramabaja,Co-Founder & Chief Scientist,https://www.linkedin.com/in/taulant-ramabaja-b60bb71b0/,https://medium.com/xfai-official/xfai-an-overview-9a12a93b9072
https://llamapay.io,LlamaPay,"1,561,535.73",,,[PSEUDONYMOUS - founded by 0xngmi],[NOT FOUND],https://iq.wiki/wiki/0xngmi
https://app.weft.finance,Weft,"1,551,044.65",Yetinin Olivier,Coulibaly,Co-Founder,https://www.linkedin.com/in/yetininoliviercoulibaly/,https://medium.com/@weft_finance/the-story-behind-weft-team
https://kittenswap.finance,Kittenswap Algebra,"1,549,458.85",,,[ANONYMOUS - community-owned DEX on HyperEVM],[NOT FOUND],https://docs.kittenswap.finance/introduction
https://mimo.capital,Parallel Protocol,"1,539,478.32",Noah,Boisserie,Founder,https://www.linkedin.com/in/noah-boisserie-5a3142223/,
https://mimo.capital,Parallel Protocol,"1,539,478.32",Yacine,Farouk,Co-founder,https://www.linkedin.com/in/yacine-farouk/,
https://app.swaylend.com,Swaylend,"1,531,549.12",,,[ANONYMOUS - Reserve Labs Ltd.],[NOT FOUND],https://docs.swaylend.com/welcome/team
https://hsuite.finance,HbarSuite,"1,529,053.00",,,[PSEUDONYMOUS - CEO known as Topachi],[NOT FOUND],https://www.barchart.com/story/news/24797078
https://www.opyn.co/,Opyn Gamma,"1,514,265.32",Andrew,Leone,CEO ,https://www.linkedin.com/in/andrew-leone-34775614/,
https://reactor.exchange/,Reactor DEX,"1,510,781.29",,,[ANONYMOUS - no public team found],[NOT FOUND],https://reactor.exchange/
https://www.chickenbonds.org,LUSD ChickenBonds,"1,500,652.08",Robert,Lauko,Founder & CEO (Liquity),https://www.linkedin.com/in/robert-lauko/,https://www.liquity.org/team
https://optim.finance,Optim Finance,"1,500,189.91",Tahar,J.,CEO,https://www.linkedin.com/in/taharj/,https://www.cbinsights.com/company/optim-finance/people
https://swap.onbeam.com/,Beam Swap,"1,498,076.17",Thale,Sonnemans,COO ,https://www.linkedin.com/in/thalesonnemans/,
https://swap.onbeam.com/,Beam Swap,"1,498,076.17",Marco van den,Heuvel,Co-Founder,https://www.linkedin.com/in/marcovdheuvelnl/,
https://www.navigator.exchange/,Navigator,"1,489,757.20",,,[ANONYMOUS - no public team found],[NOT FOUND],https://www.navigator.exchange/
https://scrt.onl/,SCRT,"1,488,826.50",Adam  ,Kirk,Founding Partner & Managing Director,https://www.linkedin.com/in/adamakirk/?originalSubdomain=uk,
https://scrt.onl/,SCRT,"1,488,826.50",Jeremy  ,Maurin,Business Owner,https://www.linkedin.com/in/jeremy-maurin-83089a78/,
https://scrt.onl/,SCRT,"1,488,826.50",Chris  ,Narey,Creative Director,https://www.linkedin.com/in/chris-narey-82090653/,
http://diffusionventurestudio.com/,Diffusion Venture Studio,"1,483,656.15",Sandro  ,Olivieri,COO,https://www.linkedin.com/in/sandroolivieri/,
https://evedex.com/en-US/,Eventum Bridge,"1,481,207.99",Leyla,Greenhill,CEO,http://www.linkedin.com/in/leylagreenhill,
https://www.canto.com/,Canto ,"1,477,440.70",Wain  ,Kellum,CEO ,https://www.linkedin.com/in/kellum/,
https://www.canto.com/,Canto ,"1,477,440.70",O  ,Alneghimshi,CEO ,https://www.linkedin.com/in/o-m-a-r-alneghimshi-52a09316b/?originalSubdomain=sa,
https://www.canto.com/,Canto ,"1,477,440.70",Kay  ,Groeger,Partner Manager,https://www.linkedin.com/in/kay-groeger-53013138/?originalSubdomain=de,
http://dexlabs.xyz/,DEX Labs,"1,477,396.67",Aditya  ,Palepu,Co-Founder & CEO,https://www.linkedin.com/in/aditya-palepu-567a2756/,
http://dexlabs.xyz/,DEX Labs,"1,477,396.67",Frédéric  ,Fortier,Co-Founder,https://www.linkedin.com/in/fredfortier/,
https://sprinter.tech/,Sprinter,"1,474,811.61",Gregory,Markou,Co-Founder,https://www.linkedin.com/in/gregory-markou/,https://www.theblock.co/post/377952
https://namada.net,Namada Shielded Pools,"1,474,804.04",Daniel,Reinoso,Founder ,https://www.linkedin.com/in/daniel-reinoso-4a6994336/,
https://lockon.finance,LOCKON,"1,472,895.05",Shogo,Nishida,Co-Founder,http://www.linkedin.com/in/shogo-nishida-8481b923a,
https://lockon.finance,LOCKON,"1,472,895.05",Masahiro,Kubota,Founder & CEO,http://www.linkedin.com/in/masahiro-kubota-16978b121,
https://apechain.com/portal#bridge,ApeChain Bridge,"1,468,724.87",Cameron,Kates,CEO (Ape Foundation),https://www.linkedin.com/in/cameron-kates-27324254,https://www.cryptoninjas.net/news/apecoin-foundation/
https://deuro.com/,Decentralized Euro,"1,464,729.17",Cyrill,T,Founder & CEO,https://www.linkedin.com/in/cyrill-thommen/,
https://www.nucleon.space,Nucleon,"1,463,095.75",,,[PSEUDONYMOUS - founder known as Artii],[NOT FOUND],https://medium.com/conflux-network/conflux-ama-recap-with-nucleon
https://myhippo.life/,"Hippo Technologies, Inc.","1,459,084.95",Patrick  ,Quinlan,Chief Executive Officer,https://www.linkedin.com/in/patrick-quinlan-md-mha-9053b61a6/,
https://myhippo.life/,"Hippo Technologies, Inc.","1,459,084.95",Richard  ,Kile,COO,https://www.linkedin.com/in/richard-kile-819425179/,
https://www.finbox.uk/,FINBOX.uk,"1,456,352.41",Artem  ,Sagdiiev,Founder ,https://www.linkedin.com/in/sagdiiev-artem/?originalSubdomain=uk,
https://shape.network/bridge,Shape Bridge,"1,453,772.88",Han ,Lee,Founder,https://www.linkedin.com/in/bonafidehan,
https://moonswap.fi,Moon Swap,"1,453,364.18",,,[ANONYMOUS - founder known as Mr. Moon],[NOT FOUND],https://www.cypherhunter.com/en/p/moonswap/
http://scopuly.com,Scopuly,"1,448,582.83",Vladimir,Parmon,Co-Founder & CEO,[NOT FOUND],https://communityfund.stellar.org/projects/scopuly
https://defichain.com/dex,DefiChain DEX,"1,447,585.57",Julian,Hosp,Co-Founder & Chairman,https://sg.linkedin.com/in/julianhosp,https://cryptopotato.com/defichain/
https://www.fiammalabs.io/,Fiamma,"1,445,051.16",Haiyang ,Chen,co-founder and CTO,https://www.linkedin.com/in/haiyangchen,
http://www.larixpartners.com/,Larix Capital Partners,"1,436,299.62",DANIEL  ,SCHWARTZ,Partner ,https://www.linkedin.com/in/dschwartz65/,
http://www.larixpartners.com/,Larix Capital Partners,"1,436,299.62",Carl  ,Traynor,Managing Partner,https://www.linkedin.com/in/carltraynor/,
https://goldstation.io,GOLDSTATION Staking,"1,435,783.00",James,Lim,CEO (CREDER),[NOT FOUND],https://www.lelezard.com/en/news-21203768.html
https://moola.sa/,MOOLA,"1,432,358.85",Wasim  ,Hamoud,Founder & CEO,https://www.linkedin.com/in/whh89/?originalSubdomain=sa,
https://moola.sa/,MOOLA,"1,432,358.85",Mostafa  ,Magdy,CCO,https://www.linkedin.com/in/mostafa-magdy-metwally/,
https://moola.sa/,MOOLA,"1,432,358.85",Mia  ,Patel,CEO/Owner,https://www.linkedin.com/in/mia-patel-8476942b7/?originalSubdomain=uk,
https://app.kamigotchi.io/,Kamigotchi,"1,431,052.54",Suraya,Mohd Nasir,Founder (Asphodel Studio),https://www.linkedin.com/in/suraya-mohd-nasir-mohd-nasir-34871b182/,https://www.kamigotchi.io/
https://bmx.morphex.trade,BMX Classic Perps,"1,429,220.94",Deez ,N,Chief Operating Officer,http://www.linkedin.com/in/deez-n-1a77a1283,
https://thelevel.ai/,Level AI,"1,413,718.02",Ashish  ,Nagar,Founder & CEO,https://www.linkedin.com/in/ashishnagar/,
https://app.ebisusbay.com/,Ebisus Bay,"1,406,132.04",Nathan ,Schwermann,Founder / CEO,http://www.linkedin.com/in/nathanschwermann,
https://thelevel.ai/,Level AI,"1,413,718.02",Bethany  ,Ragna,Manager,https://www.linkedin.com/in/bethany-ragna-451b012/,
https://klayportal.hashquark.io,Klayportal,"1,403,272.25",Leo,Li,CEO (HashQuark),https://www.linkedin.com/in/sheungli/,https://www.zoominfo.com/p/Leo-Li/
https://www.beradrome.com,Beradrome,"1,402,387.77",,,[ANONYMOUS - team not publicly disclosed],[NOT FOUND],https://followin.io/en/feed/18325930
https://nomiswap.io,Nomiswap,"1,401,845.90",Pavel,Shkitin,Co-Founder & CEO,https://www.linkedin.com/in/pavel-shkitin/,https://support.nominex.io/
https://mountainprotocol.com,Mountain Protocol,"1,401,239.99",Martin,Carrica,Co-Founder & CEO,https://www.linkedin.com/in/mcarrica/,https://mountainprotocol.com/company/
https://defx.com/home,Defx,"1,396,096.70",Darshan ,Bathija,"Co-founder, CEO",https://www.linkedin.com/in/darshanbathija1,
https://whitewhaleweb.com/,White Whale Web,"1,391,577.61",Aaron  ,Day,CEO,https://www.linkedin.com/in/aaronbday/,
https://whitewhaleweb.com/,White Whale Web,"1,391,577.61",Jason  ,Pontius,President,https://www.linkedin.com/in/jasonpontius/,
https://whitewhaleweb.com/,White Whale Web,"1,391,577.61",Ryker  ,Jackson,CEO,https://www.linkedin.com/in/ryker-jackson-40a33a1a7/,
http://www.letspingup.com/,Ping Up,"1,388,705.88",Wajahat  ,Jafri,Co-Founder & CEO,https://www.linkedin.com/in/wajahatjafri/,
https://vault.teahouse.finance,Teahouse Managed,"1,382,795.15",Fenix ,Hsu,Founder and CEO,https://www.linkedin.com/in/fenix-hsu-74b2759a,
https://www.yield.xyz/,Yield.xyz,"1,378,199.41",Serafin  ,Lion ,CEO ,https://www.linkedin.com/in/serafinlion/?locale=en_US,
https://www.yield.xyz/,Yield.xyz,"1,378,199.41",Apurv  ,Mishra,Co-Founder,https://www.linkedin.com/in/apurvmishra/,
https://umami.finance/,Umami Finance,"1,377,513.95",Alex,O'Donnell,CEO & Founder,https://www.linkedin.com/in/lex-o/,https://protos.com/defi-protocol-umami-finance/
https://www.trisolaris.io/#/swap,Trisolaris,"1,374,731.09",,,[ANONYMOUS - anonymous founding team on Aurora/NEAR],[NOT FOUND],https://www.cypherhunter.com/en/p/trisolaris/
https://app.kromatika.finance/limitorder#/pool,Kromatika,"1,370,868.26",,,[PSEUDONYMOUS - lead dev McFred],[NOT FOUND],https://docs.kromatika.finance/about/team
https://www.gold-dao.org/,Gold DAO,"1,368,696.66",Julien,Aerni,CEO of DAO.Link,https://www.linkedin.com/in/julien-aerni-04b247152/,https://forum.dfinity.org/t/sns-the-gold-dao/
https://yieldstreet.com/,Yieldstreet,"1,360,476.09",Milind  ,Mehere,Founder & CEO,https://www.linkedin.com/in/milindmehere/,
https://realtyx.co/,RealtyX,"1,353,649.67",Jade ,Gao,Partnership Director,https://www.linkedin.com/in/jg-33135064,
https://dsf.finance,DSF.Finance,"1,352,988.52",David ,Sabghi,CEO,https://www.linkedin.com/in/david-sabghi-6b425833,
https://yieldstreet.com/,Yieldstreet,"1,360,476.09",Michael  ,Weisz,Founder ,https://www.linkedin.com/in/michael-weisz-7845626/,
https://yieldstreet.com/,Yieldstreet,"1,360,476.09",Karan  ,Vazirani,CFO,https://www.linkedin.com/in/karanvazirani63260a56/,
https://megaton.fi,Megaton Finance,"1,348,780.42",Jinhan,Choi,CEO of Ozys,[NOT FOUND],https://coinmarketcap.com/community/articles/641956f70a1e31489dba54da/
https://tothemoon.com,Tothemoon,"1,341,057.06",Alice ,Dimick,Owner,https://www.linkedin.com/in/alice-dimick-0b708536,
https://tothemoon.com,Tothemoon,"1,341,057.06",Aleksandr ,Petrushin,Chief Executive Officer,http://www.linkedin.com/in/aleksandrpetrushin,
https://app.townsq.xyz/,TownSquare,"1,337,579.58",,,[ANONYMOUS - team not publicly identified],[NOT FOUND],https://www.rootdata.com/Projects/detail/townsquare
https://bridge.pepe.team,PepeTeam Bridge,"1,324,524.20",,,[ANONYMOUS - anonymous independent dev team],[NOT FOUND],https://pepe.team/
https://www.crossvale.com/,Crossvale ,"1,312,417.57",Conor  ,Brankin,CEO and Chairman,https://www.linkedin.com/in/cbrankin/,
https://www.crossvale.com/,Crossvale ,"1,312,417.57",Todd  ,Millard,CEO ,https://www.linkedin.com/in/toddmillard/,
https://www.crossvale.com/,Crossvale ,"1,312,417.57",Michael  ,Kohorst,Director ,https://www.linkedin.com/in/michael-kohorst-49a4b37a/,
http://dex.ag/,DEX,"1,307,574.22",Richard  ,Melton,CEO & Founder,https://www.linkedin.com/in/richard-melton-972872249/?originalSubdomain=sg,
https://sft.network,SFT Protocol,"1,303,660.98",Rufus,Wright,CEO,https://www.linkedin.com/in/rufus-wright/,https://www.globenewswire.com/news-release/2024/04/15/
http://www.thejaynegroup.com/,The Jayne Group,"1,302,279.92",Camille  ,Jayne,Founder & President,https://www.linkedin.com/in/thejaynegroup/,
https://rarichain.org/,Rari Chain,"1,302,217.13",Alexei,Falin,Co-Founder (Rarible),https://www.linkedin.com/in/alxfal/,https://og.rarible.com/blog/meet-alexei/
https://meso.network/,Meso,"1,302,079.22",Ben  ,Mills,Co-Founder,https://www.linkedin.com/in/ben-mills/,
https://ancient8.gg/,Ancient8,"1,298,454.26",Howard,Xu,Co-Founder,https://www.linkedin.com/in/howardxu30,https://techcrunch.com/2022/01/19/ancient8/
https://jonesdao.io,Jones DAO,"1,289,184.89",,,[ANONYMOUS - team operates anonymously],[NOT FOUND],https://exponential.fi/protocols/jones-dao/
http://screampromos.com/,Scream Promos,"1,288,676.91",Patrick  ,Daly,Owner ,https://www.linkedin.com/in/patrick-daly-13962a14/,
https://perena.org,Perena,"1,279,797.41",Anna ,Y.,Founder,https://www.linkedin.com/in/gizmogiz,
http://screampromos.com/,Scream Promos,"1,288,676.91",Maureen  ,Daly,Owner ,https://www.linkedin.com/in/maureen-daly-23bb1525/,
https://www.deepr.finance/,Deepr Finance,"1,276,720.06",Robert,Daykin,Co-Founder (Nakama Labs),https://je.linkedin.com/in/robert-daykin-501ab933,https://x.com/Nakama_Labs/
https://linktr.ee/thisismagma,MAGMA ,"1,274,707.64",Matthieu  ,Merchadou,CEO ,https://www.linkedin.com/in/matthieu-merchadou-melki-18b50429/?locale=en_US,
https://linktr.ee/thisismagma,MAGMA ,"1,274,707.64",Eliabel  ,Cocher,Founder,https://www.linkedin.com/in/eliabel-martin-cocher-a4a915b0/,
https://tbtc.network/,KEEP Network,"1,272,091.12",Md Tanvir  ,Rahaman,Co-Founder,https://www.linkedin.com/in/bitbd/?originalSubdomain=uk,
https://crypto.com/defi/swap,Defi Swap,"1,253,217.55",Alyssa ,Lloyd,CEO,https://www.linkedin.com/in/alyssa-lloyd-ab86101b7,
https://solido.money/,Solido Cash,"1,263,989.05",,,[PSEUDONYMOUS - team uses pseudonyms like Mr. Square],[NOT FOUND],https://www.rootdata.com/Projects/detail/Solido%20Money
https://reserve.org/,Reserve,"1,253,154.40",Nevin  ,Freeman,Coh-Foundoooooooor  ,http://linkedin.com/in/nevinfreeman/,
https://www.ibtc.network,iBTC Network,"1,253,138.72",Aki ,Balogh,Co-Founder and CEO,http://www.linkedin.com/in/akibalogh,
https://www.ibtc.network,iBTC Network,"1,253,138.72",Jesse ,Eisenberg,Co-founder / CTO,http://www.linkedin.com/in/jesses16,
https://reserve.org/,Reserve,"1,253,154.40",Thomas  ,Mattimore,CEO ,https://www.linkedin.com/in/tmattimore/,
https://reserve.org/,Reserve,"1,253,154.40",Cathleen  ,Kilgallen,CFO,https://www.linkedin.com/in/cathleen-kilgallen-1022981b/,
http://www.ellipsista.com/,Ellipsis,"1,249,685.09",Jeff  ,Majtyka,Founder & President,https://www.linkedin.com/in/jeffmajtyka/,
https://rhino.fi,Rhino.fi,"1,244,884.66",Daniel ,Yanev,Chief Executive Officer,https://www.linkedin.com/in/daniel-yanev-38604185,
https://rhino.fi,Rhino.fi,"1,244,884.66",Ross ,Middleton,Cofounder,linkedin.com/in/rossmiddleton1,
http://www.biddytarot.com/,Biddy Tarot,"1,244,022.32",Brigit  ,Esselmont,CEO & Founder,https://www.linkedin.com/in/brigitesselmont/?originalSubdomain=au,
https://baseswap.fi/swap,BaseSwap,"1,243,701.98",,,[ANONYMOUS - anonymous team],[NOT FOUND],https://exponential.fi/protocols/baseswap/
https://www.machinex.xyz/,MachineX CL,"1,242,043.98",JD,Cook,Co-Founder,https://www.linkedin.com/in/jd-cook-7185791b5/,https://www.peaq.xyz/blog/machinex/
https://kolibrilab.com/,Kolibri,"1,235,665.54",Lars  ,Brandén,CEO ,https://www.linkedin.com/in/larsbranden/?originalSubdomain=fr,
https://kolibrilab.com/,Kolibri,"1,235,665.54",Gabriel  ,Dumy,Co-Founder,https://www.linkedin.com/in/gabrieldumy/,
https://kolibrilab.com/,Kolibri,"1,235,665.54",Tamsin  ,Lacourte,COO,https://www.linkedin.com/in/tamsinlacourte/,
https://lynx.co/,Lynx,"1,219,385.89",Ben  ,Pelled,CEO & Founder,https://www.linkedin.com/in/benpelled/?originalSubdomain=il,
https://lynx.co/,Lynx,"1,219,385.89",Amir  ,Karlin,Marketing Manager,https://www.linkedin.com/in/amir-karlin-5a295b165/,
https://mint.club,Mint Club,"1,215,633.92",DongHyeok,Kim,Founder,[NOT FOUND],https://startupanz.com/startups-101-mint-club/
https://www.btcst.finance,BTCST,"1,209,372.31",Alex,Zhao,CEO & Co-Founder,[NOT FOUND],https://www.securities.io/alex-zhao-ceo-of-standard-hashrate/
http://www.shift.com.au/,Shift ,"1,209,336.96",Jamie  ,Osborn,CEO ,https://www.linkedin.com/in/jamieosborn/?originalSubdomain=au,
http://www.shift.com.au/,Shift ,"1,209,336.96",Jack  ,McKinnon,Partner,https://www.linkedin.com/in/jackmckinnon/,
http://www.ridewithloop.com/,Loop,"1,207,285.36",John  ,Henry,Cofounder & Co-CEO,https://www.linkedin.com/in/johnhenrystyle/,
https://kyberswap.com/#/swap,KyberSwap Classic,"1,200,996.31",Victor ,Tran,Co-Founder and CEO,https://www.linkedin.com/in/vutranhuy,
https://kyberswap.com/#/swap,KyberSwap Classic,"1,200,996.31",Phu ,Ngo,Engineering Owner,linkedin.com/in/ngokimphu,
http://www.ridewithloop.com/,Loop,"1,207,285.36",Carey  ,Nadeau,CEO ,https://www.linkedin.com/in/careyannenadeau/,
https://lens.xyz,Lens Chain,"1,194,938.62",Stani,Kulechov,Founder & CEO,https://www.linkedin.com/in/stani-kulechov-361284132,https://blockchain.news/news/aave-stani-kulechov-launches-lens-protocol
https://tokenbridge.rsk.co,RSK Bridge,"1,194,591.46",Diego,Gutierrez Zaldivar,CEO & Co-Founder,https://www.linkedin.com/in/diegogutierrezzaldivar,https://www.crunchbase.com/person/diego-guti%C3%A9rrez-zald%C3%ADvar
https://silotech.xyz/,SiloTech.xyz,"1,193,877.40",Marius  ,Silo,CEO and Co-founder,https://www.linkedin.com/in/marius-silenskis/?originalSubdomain=lt,
https://silotech.xyz/,SiloTech.xyz,"1,193,877.40",Jack  ,Vinijtrongjit,Partner,https://www.linkedin.com/in/jackvinijtrongjit/,
https://jetswap.finance,JetSwap,"1,193,749.12",,,[PSEUDONYMOUS - led by Flight Commander Miro],[NOT FOUND],https://bsctimes.com/jetfuel-finance-ama/
https://hiddenhand.finance,Hidden Hand,"1,191,400.40",Sami,Tannir,Co-Founder,https://www.linkedin.com/in/samitannir/,https://www.listennotes.com/podcasts/based-space/ep56-sami-tannir-co-founder-82mHXFA4K6M/
https://www.atrix.ai/?utm_source=li_company,Atrix AI,"1,189,146.41",Vera  ,Kutsenko,CEO and Founder,https://www.linkedin.com/in/verakutsenko/,
https://accumulated.finance/stake,Accumulated Finance Liquid Staking,"1,187,104.79",Anton ,Ilzheev,Founder,linkedin.com/in/ilzheev,
https://accumulated.finance/stake,Accumulated Finance Liquid Staking,"1,187,104.79",Evgeny ,Rozanov,"Co-Founder, CTO",https://www.linkedin.com/in/evgeny-rozanov-8a327236,
https://www.atrix.ai/?utm_source=li_company,Atrix AI,"1,189,146.41",Josh  ,Irwin,Partnerships,https://www.linkedin.com/in/irwinjoshua/,
http://futureswap.com/,FutureSwap,"1,181,080.83",Derek,Alia,Co-Founder & CEO,https://www.linkedin.com/in/derekalia/,https://www.crunchbase.com/person/derek-alia-a29c
https://www.just.bet,JustBet,"1,181,026.77",Ali Ömer,Horzum,Founder,https://www.linkedin.com/in/aliomerhorzum/,https://www.crunchbase.com/person/ali-%C3%B6mer-horzum
https://portal.skale.space/bridge,SKALE Network Bridge,"1,179,160.59",Jack ,O'Holleran,Co-Founder and CEO,linkedin.com/in/oholleran,
https://portal.skale.space/bridge,SKALE Network Bridge,"1,179,160.59",Konstantin ,Kladko,Co-founder,https://www.linkedin.com/in/konstantin-kladko-017249,
https://mortgagefi.app,MortgageFi,"1,176,554.08",,,[ANONYMOUS - pseudonymous team using handles DrDerivative and Snape],[NOT FOUND],https://www.bitget.com/news/detail/12560604479123
https://www.solanahub.app/,SolanaHub Staked SOL,"1,172,888.48",,,[ANONYMOUS - team behind Avaulto/block-sync-one],[NOT FOUND],https://github.com/Avaulto/SolanaHub
https://perpdex.velar.com/trades,Velar Perps,"1,169,184.42",Mithil ,Thakore,Co-Founder and CEO,linkedin.com/in/mithilthakore,
https://perpdex.velar.com/trades,Velar Perps,"1,169,184.42",Sadman ,Shawmik,Founder,https://www.linkedin.com/in/sadmansh,
https://www.wepiggy.com/,WePiggy,"1,165,043.89",Ron,Zheng,Founder & CEO,[NOT FOUND],https://tracxn.com/d/companies/wepiggy/
https://babelfish.money,BabelFish,"1,156,228.03",,,[ANONYMOUS - DAO-governed with pseudonymous contributors],[NOT FOUND],https://babelfish.gitbook.io/the-babelfish-gitbook/getting-started/the-team
https://bonkswap.io,Bonkswap,"1,152,573.52",,,[ANONYMOUS - built by anonymous team of 22 Solana developers],[NOT FOUND],https://www.coindesk.com/business/2023/04/13/
https://moltencloud.com/,Molten Cloud,"1,141,684.86",Arjun ,Mendhi,CEO,https://www.linkedin.com/in/arjunmendhi/,
https://moltencloud.com/,Molten Cloud,"1,141,684.86",Aysha ,A.,Co-Founder,https://www.linkedin.com/in/aysha-a-222a38299/?originalSubdomain=ae,
https://saddle.finance/,Saddle Finance,"1,127,369.96",Susan ,Goldenberg,Adm. Vice-President,https://www.linkedin.com/in/susan-goldenberg-4a0957a/,
https://www.gullnetwork.com,GullNetwork AMM,"1,125,726.47",,,[ANONYMOUS - no public founder identified],[NOT FOUND],https://www.rootdata.com/Projects/detail/Gull%20Network
http://www.redstonevt.com/,Redstone,"1,116,631.22",Larry ,Williams,Owner,https://www.linkedin.com/in/larry-williams-8841767/,
http://www.redstonevt.com/,Redstone,"1,116,631.22",Jeffrey ,Bak,Vice President of Asset Management,https://www.linkedin.com/in/jeffreybak?miniProfileUrn=urn%3Ali%3Afs_miniProfile%3AACoAABH-IbkBzzf8RMl8uJaV9eBXQC55v2noB2M&lipi=urn%3Ali%3Apage%3Acompanies_company_people_index%3B6387ee79-8699-485c-a2c1-ee8e84134a80,
http://www.redstonevt.com/,Redstone,"1,116,631.22",Glenn ,Bernewitz,Partner/CFO,https://www.linkedin.com/in/glenn-von-bernewitz-9a6b002?miniProfileUrn=urn%3Ali%3Afs_miniProfile%3AACoAAACE6Y4BCktDuNco7FhDm077r8_nHLC_WBo&lipi=urn%3Ali%3Apage%3Acompanies_company_people_index%3B6387ee79-8699-485c-a2c1-ee8e84134a80,
https://zkswap.finance,zkSwap,"1,106,863.19",Ryan,Yang,Founder & CEO,[NOT FOUND],https://docs.zkswap.finance/team-certik-kyc-silver-verified
https://rheo.info/,rheo,"1,106,175.17",Philipp ,Vetter,CEO and Founder,https://www.linkedin.com/in/philipp-vetter-health?miniProfileUrn=urn%3Ali%3Afs_miniProfile%3AACoAAAA4PLkBip5Z1IFgAeWeaPtwP5GttbwmZYA&lipi=urn%3Ali%3Apage%3Acompanies_company_people_index%3Bbcb402ca-fcbe-4db8-b252-c4a22e56499f,
http://www.openbooklearning.ai/,OpenBook AI,"1,099,624.27",Chris ,McDowell,CEO & Co-founder,https://www.linkedin.com/in/chris-mcdowell-4204957a/?originalSubdomain=ca,
http://www.openbooklearning.ai/,OpenBook AI,"1,099,624.27",William ,Cameron,Co-founder & CTO,https://www.linkedin.com/in/wdlcameron?miniProfileUrn=urn%3Ali%3Afs_miniProfile%3AACoAACS39EwBEzeb8vwRgqfo-eJb_aMHZ3UX9n8&lipi=urn%3Ali%3Apage%3Acompanies_company_people_index%3B79d81f08-3445-418f-875f-9b0c4d455d5a,
http://www.ironweave.io/,"Upheaval Corporation, creators of IronWeave","1,096,979.94",David ,Iseminger,Founder and CEO,https://www.linkedin.com/in/davidiseminger/,
https://solo.io/,solo.io,"1,089,610.79",Idit ,Levine,Founder & CEO,https://www.linkedin.com/in/iditlevine/,
https://www.delv.tech/,DELV Yield,"1,085,299.81",Jonny ,Rhea,Co-Founder and CTO,https://www.linkedin.com/in/jrhea,
https://www.delv.tech/,DELV Yield,"1,085,299.81",Will ,Villanueva,Chief Executive Officer,https://www.linkedin.com/in/williamvillanueva,
https://solo.io/,solo.io,"1,089,610.79",Brian ,Gracely,Vice President Of Product Management,https://www.linkedin.com/in/brian-gracely-000719244?miniProfileUrn=urn%3Ali%3Afs_miniProfile%3AACoAADyeYcABodGSHK7PeLBhGS4uKCp1dwqHbrA&lipi=urn%3Ali%3Apage%3Acompanies_company_people_index%3Ba7b6c85b-54b4-4c3b-a5e0-aa4945660609,
https://solo.io/,solo.io,"1,089,610.79",Robert ,Bailer,CFO,https://www.linkedin.com/in/robbailer?miniProfileUrn=urn%3Ali%3Afs_miniProfile%3AACoAAAC0BmMB5JnwA2-l3_fkfsKMrpez8rv0uL0&lipi=urn%3Ali%3Apage%3Acompanies_company_people_index%3Ba7b6c85b-54b4-4c3b-a5e0-aa4945660609,
https://metacoinswap.io/,MetaCoin Swap,"1,077,078.03",James,Chae,Founder & CEO (INBLOCK/Metacoin),https://www.linkedin.com/in/james-chae-748650167/,https://www.apollo.io/people/James/Chae/
https://www.fhenix.io/,Fhenix,"1,076,497.41",Guy ,Zyskind,Founder,https://www.linkedin.com/in/gguyz/,
https://www.fhenix.io/,Fhenix,"1,076,497.41",Guy ,Zyskind,Founder ,https://www.linkedin.com/in/gguyz?miniProfileUrn=urn%3Ali%3Afs_miniProfile%3AACoAAAWlvLwBB5DjnoSihll67OESFa54iXfv0J8&lipi=urn%3Ali%3Apage%3Acompanies_company_people_index%3Ba82888e1-bd5d-4c2a-b15a-987cb7c1780f,
https://www.shipyardsoftware.org/,Shipyard Software,"1,076,292.55",Mark,Lurie,Co-Founder & CEO,https://www.linkedin.com/in/mlurie/,https://www.crunchbase.com/person/mark-lurie
https://www.therig.sa/,THE RIG.,"1,074,060.57",Raed ,Bakhrji,Chief Executive Officer,https://www.linkedin.com/in/bakhrji?miniProfileUrn=urn%3Ali%3Afs_miniProfile%3AACoAAAQP-Y0BBarqKK3vuWV1Uy1d7x8Q6iYy6Cc&lipi=urn%3Ali%3Apage%3Acompanies_company_people_index%3Bd3c5c5a8-3add-4f76-b788-d98859731400,
https://www.therig.sa/,THE RIG.,"1,074,060.57",Maurits ,Stichter,Chief Financial Officer,https://www.linkedin.com/in/maurits-stichter-b6348714b/,
https://cswap.fi,CSWAP DEX,"1,071,172.18",Jon ,Kravetz,Founder & CEO,https://www.linkedin.com/in/jon-kravetz-74b5331b/,
http://www.brinks.com/,Brink’s Inc,"1,065,665.66",Mark ,Eubanks,Chief Executive Officer,https://www.linkedin.com/in/mark-eubanks-60a0162/,
http://www.brinks.com/,Brink’s Inc,"1,065,665.66",William ,Ryder,"Vice President, Fleet Operations",https://www.linkedin.com/in/william-mathew-ryder-6a832b6b?miniProfileUrn=urn%3Ali%3Afs_miniProfile%3AACoAAA7SBCABhP_3IqjpTjDL800evuoeQtt7yrU&lipi=urn%3Ali%3Apage%3Acompanies_company_people_index%3Bfd437587-45be-4bc7-9079-146cc3fdf8b8,
https://bridge.mintchain.io/,Mint Bridge,"1,054,236.72",Mahesh ,Gangwani,Co-Founder,https://www.linkedin.com/in/mahesh-gangwani-9144872bb?miniProfileUrn=urn%3Ali%3Afs_miniProfile%3AACoAAEzHXGABtiD0woCpryu7LshV7cgnmVhePlI&lipi=urn%3Ali%3Apage%3Acompanies_company_people_index%3B8501611a-b920-40b7-8aaa-92b2cc4b69e3,
https://passport.meter.io,Meter Passport,"1,049,865.40",Xiaohan ,Zhu,CEO,https://www.linkedin.com/in/xiaohanzhu,
https://www.propbase.app/,Propbase,"1,047,223.34",Kevin ,Goos,CEO and Founder,https://www.linkedin.com/in/kevingoos,
https://app.magicsea.finance/swap,MagicSea LB,"1,036,593.82",,,[ANONYMOUS - BlueLabs team with pseudonymous contributors],[NOT FOUND],https://magicseadex.medium.com/magicsea-42cdbf2d86db
,Envio,"1,035,677.92",Jonathan ,Clark,Co-Founder,https://www.linkedin.com/in/jonathan-clark-637344143?miniProfileUrn=urn%3Ali%3Afs_miniProfile%3AACoAACLBdosB8R3vqO8hn5wiv_-WxlGpGHC5AUY&lipi=urn%3Ali%3Apage%3Acompanies_company_people_index%3Bdab071e6-4136-4a22-8ab6-1403cae55cd1,
,Envio,"1,035,677.92",Jason ,Smythe,Co-Founder,https://www.linkedin.com/in/jason-smythe?miniProfileUrn=urn%3Ali%3Afs_miniProfile%3AACoAABKJwHwBOeyCXJBl-vJVfJzGmjzKoqiNkEc&lipi=urn%3Ali%3Apage%3Acompanies_company_people_index%3Bdab071e6-4136-4a22-8ab6-1403cae55cd1,
https://jediswap.xyz,JediSwap,"1,032,165.82",Rohit,Goyal,Founder,https://www.linkedin.com/in/r0hitgoyal/,https://tracxn.com/d/companies/jediswap/
https://dforce.network/,dForce,"1,025,871.73",Mindao ,YANG,Founder,https://www.linkedin.com/in/mindaoyang,
https://ponder.finance,Ponder Finance,"1,025,803.04",james ,ponder,President,https://www.linkedin.com/in/james-ponder-1233012b0/,
https://www.melega.finance/,Melegaswap,"1,019,539.21",,,[ANONYMOUS - team not publicly identified],[NOT FOUND],https://www.melegaswap.finance/about
https://lvrg.in/LinkedIn,Leverage,"1,010,228.21",Akshay ,Chaturvedi,Founder & CEO,https://www.linkedin.com/in/akshaychaturvedi/?originalSubdomain=in,
https://lvrg.in/LinkedIn,Leverage,"1,010,228.21",Amitoj ,Kaur,Manager,https://www.linkedin.com/in/amitoj-kaur-9ba516191?miniProfileUrn=urn%3Ali%3Afs_miniProfile%3AACoAAC0ayx4BuOphOGm2Ot4Eu8kfmSxddQs8nBw&lipi=urn%3Ali%3Apage%3Acompanies_company_people_index%3Bd93e5794-1296-4074-bd97-d419bc5142e2,
https://lvrg.in/LinkedIn,Leverage,"1,010,228.21",Neha ,Wadhwani,Manager - Student Servicing,https://www.linkedin.com/in/neha-wadhwani-142163162?miniProfileUrn=urn%3Ali%3Afs_miniProfile%3AACoAACbSZwIBxgOKCNPILUVOGiWqPfvIMPnXRak&lipi=urn%3Ali%3Apage%3Acompanies_company_people_index%3Bd93e5794-1296-4074-bd97-d419bc5142e2,
https://inkyswap.com/,InkySwap,"1,008,782.96",,,[ANONYMOUS - team not publicly identified],[NOT FOUND],https://docs.inkyswap.com/
https://ethervista.app,Ethervista,"1,008,656.74",,,[ANONYMOUS - pseudonymous founder Vitalik Nakamoto],[NOT FOUND],https://crypto.ro/en/education/what-is-ethervista/
http://www.liquidcapitalcorp.com/,Liquid Capital,"1,007,810.17",David ,Zhang,Founder,https://www.linkedin.com/in/dazhengzhang?miniProfileUrn=urn%3Ali%3Afs_miniProfile%3AACoAAA7T5-4BUQZmRc3etE8tt5DnWnTHAqSxULQ&lipi=urn%3Ali%3Apage%3Acompanies_company_people_index%3B7e43e965-ce90-44e9-8eee-573bcc01dc20,
https://uncap.finance/,Uncap Finance,"1,006,581.86",Maxime ,Servais,Co-Founder,https://www.linkedin.com/in/maximeservais,
https://smartcredit.io,SmartCredit,"985,490.04",Tarmo ,Ploom,Co-Founder,https://www.linkedin.com/in/tarmo-ploom,
http://www.liquidcapitalcorp.com/,Liquid Capital,"1,007,810.17",Ron ,Edinger,Owner,https://www.linkedin.com/in/ron-edinger-5280865/,
https://www.liquidron.com/,Liquid Ron,"981,514.66",,,[ANONYMOUS - team not publicly identified],[NOT FOUND],https://www.liquidron.com/about
https://www.strater.xyz/,Strater,"980,982.54",Eric ,Strater,Owner,https://www.linkedin.com/in/eric-strater-964a5b97/,
https://app.umee.cc/#/markets,"Umeed Inc.,","978,244.46",Brent,Xu,Founder & CEO,https://www.linkedin.com/in/brent-xu-ba698315/,https://www.crunchbase.com/person/brent-xu
https://www.sofa.org,SOFA.org,"978,106.62",Shankai ,Ji,Co-Founder,https://www.linkedin.com/in/jishankai,
https://whales.market/,Whales Market,"974,420.29",Hung,Dinh,Founder,[NOT FOUND],https://www.bitget.com/news/detail/12560604210028
https://tokenlon.im,Tokenlon AMM,"973,434.13",Ben,He,Founder & CEO (imToken/Tokenlon),https://www.linkedin.com/in/beenhero/,https://www.coingecko.com/learn/interview-with-ben-he-bin-ceo-imtoken
https://ubeswap.org,Ubeswap,"957,814.33",Ian,Macalinao,Co-Founder,https://www.linkedin.com/in/macalinao/,https://medium.com/ubeswap/introducing-ubeswap-e864666fd61c
https://www.cytonic.com/,Cytonic Airdrop Campaign,"953,948.92",Ivan ,Miskovic,Founder,https://www.linkedin.com/in/misk0vic,
https://www.ra.exchange/swap,Ra Exchange,"951,922.88",,,[ANONYMOUS - pseudonymous team known as DOG and North],[NOT FOUND],https://iq.wiki/wiki/ra-exchange/
https://www.chicagoatlantic.com/,Chicago Atlantic,"951,658.59",Ben ,Vinograd,"Partner, Private Equity & Workouts",https://www.linkedin.com/in/ben-vinograd/,
https://www.chicagoatlantic.com/,Chicago Atlantic,"951,658.59",Sam ,E.,"Associate Vice President, Analytics",https://www.linkedin.com/in/samevarts?miniProfileUrn=urn%3Ali%3Afs_miniProfile%3AACoAABjwfEMB7n1JTsblKRPfLQR-SEo-2dpoa_s&lipi=urn%3Ali%3Apage%3Acompanies_company_people_index%3Bba0611d9-f6fd-4bf7-9280-22905ecc64b2,
https://zoomswap.io,ZoomSwap,"951,354.09",,,[ANONYMOUS - no public team identifiers],[NOT FOUND],https://docs.zoomswap.io/
http://www.thesmoothcompany.com/,The Smooth Company,"949,482.92",Aine ,Kennedy,Founding Director & CEO,https://www.linkedin.com/in/ainekennedythesmoothcompany/?originalSubdomain=ie,
http://www.thesmoothcompany.com/,The Smooth Company,"949,482.92",Eimear ,K.,Brand Manager,https://www.linkedin.com/in/eimear-kennedy?miniProfileUrn=urn%3Ali%3Afs_miniProfile%3AACoAABsISRwB8XKNQTOMjtcLOgcbAkdRJGyNQ1k&lipi=urn%3Ali%3Apage%3Acompanies_company_people_index%3B06a55b71-82e9-4e8e-abd3-67860c5f1974,
https://azuro.org,Azuro,"948,669.15",Sudhanshu ,Mishra,Co-Founder and Chief Business Officer,https://www.linkedin.com/in/sudhanshu-mishra-a6838349/?originalSubdomain=in,
https://greenhouse.finance/,Greenhouse Finance,"948,275.74",Andrew ,G.,Co-Founder and Director,https://www.linkedin.com/in/andrew-r-gristwood,
https://azuro.org,Azuro,"948,669.15",Sudhanshu ,Mishra,Co-Founder and Chief Business officer,https://www.linkedin.com/in/sudhanshu-mishra-a6838349?miniProfileUrn=urn%3Ali%3Afs_miniProfile%3AACoAAAozFjABv0wEPZ2OywdQqrpWiY1-wi86g-Y&lipi=urn%3Ali%3Apage%3Acompanies_company_people_index%3Bff7efa24-1443-461f-8064-1ec681d3c3e5,
,DASTAN,"947,882.66",Farokh ,Sarmad,President,https://www.linkedin.com/in/farokhsarmad/?originalSubdomain=ca,
https://app.alphbanx.com/,AlphBanX,"942,065.75",Timothy,Konrad,Founder,https://de.linkedin.com/in/timothy-konrad-435553156,https://theorg.com/org/alphbanx/org-chart/timothy-konrad
https://shoebill.finance,Shoebill,"941,810.91",,,[ANONYMOUS - team uses pseudonyms Bob Bsquared and Kava],[NOT FOUND],https://www.rootdata.com/Projects/detail/Shoebill%20Finance
https://www.tanx.fi,TanX.fi,"938,287.34",Shaaran,Lakshminarayanan,Co-Founder & CEO,https://ae.linkedin.com/in/shaaran-lakshminarayanan,https://tracxn.com/d/companies/tanx/
https://www.caviarnine.com/earn/simple-pool,CaviarNine Simple Pools,"936,959.93",Oliver ,Scott-Simons,Co-Founder and CEO,https://www.linkedin.com/in/oliver-scott-simons,
https://pumpspace.io/,PumpSpace,"936,517.36",Spandana ,Nakka,CEO,https://www.linkedin.com/in/spndn07?miniProfileUrn=urn%3Ali%3Afs_miniProfile%3AACoAAAYarpEB8Za6JGesmpl3ZqxJSbGD70_NVrk&lipi=urn%3Ali%3Apage%3Acompanies_company_people_index%3Bdfdc674d-a182-4881-9e30-42fad370b6b1,
https://pumpspace.io/,PumpSpace,"936,517.36",Devanti ,Dillard,Founding Account Executive,https://www.linkedin.com/in/devantidillard?miniProfileUrn=urn%3Ali%3Afs_miniProfile%3AACoAAFQVG_YBnjaC4wCrAUryi9VO0JCYYePTQ00&lipi=urn%3Ali%3Apage%3Acompanies_company_people_index%3Bdfdc674d-a182-4881-9e30-42fad370b6b1,
https://pumpspace.io/,PumpSpace,"936,517.36",Branko ,Sciortino,Founding GTM,https://www.linkedin.com/in/branko-sciortino-247686233?miniProfileUrn=urn%3Ali%3Afs_miniProfile%3AACoAADpMadcBEJB3hQk_pfy46DBqHjBD7eQybVY&lipi=urn%3Ali%3Apage%3Acompanies_company_people_index%3Bdfdc674d-a182-4881-9e30-42fad370b6b1,
https://tradegpt.finance/,TradeGPT,"925,619.20",,,[ANONYMOUS - built by Zia Finance team],[NOT FOUND],https://docs.zia.finance/
https://apricot.one/#/,Apricot Finance,"923,968.74",Ace ,Tsui,Co-Founder,http://www.linkedin.com/in/ace-tsui-baa99a20b,
https://apricot.one/#/,Apricot Finance,"923,968.74",Rachel ,Wu,COO,https://www.linkedin.com/in/rachel-wu-029462210,
http://teamliquid.com/,Team Liquid,"919,113.11",Steve ,Arhancet,Co-CEO and Owner,https://www.linkedin.com/in/stevearhancet/,
https://krystal.app,Krystal,"911,389.04",Jarvis ,Nguyen,CEO and Co-Founder,https://www.linkedin.com/in/jarvisn,
http://teamliquid.com/,Team Liquid,"919,113.11",Juan ,DeBiedma,Co-Owner,https://www.linkedin.com/in/hungrybox?miniProfileUrn=urn%3Ali%3Afs_miniProfile%3AACoAABhTMjQBnR36nsFWSLa-LNiJWOwpkW_x_y0&lipi=urn%3Ali%3Apage%3Acompanies_company_people_index%3Bbb59e1ed-fc57-45b6-8dcc-0eb62e662017,
http://teamliquid.com/,Team Liquid,"919,113.11",John ,Patterson,CFO,https://www.linkedin.com/in/johnpatterson44?miniProfileUrn=urn%3Ali%3Afs_miniProfile%3AACoAAABecnoBcRxnB2XrrZZie5MYniolddMDKBA&lipi=urn%3Ali%3Apage%3Acompanies_company_people_index%3Bbb59e1ed-fc57-45b6-8dcc-0eb62e662017,
https://app.9inch.io/?chain=pulsechain,9inch,"909,726.53",,,[ANONYMOUS - founder known only as Hexy Bastard],[NOT FOUND],https://hexplained.com/9inch/
https://honeyswap.org/,Honeyswap,"907,627.19",Luke,Duncan,Founder (1Hive DAO),https://www.linkedin.com/in/lukasduncan/,https://rocketreach.co/luke-duncan-email_28697292
https://zofai.io,ZO Perps,"904,364.82",,,[ANONYMOUS - team behind Sudo Finance on Sui],[NOT FOUND],https://defillama.com/protocol/zo-perps
https://hedgey.finance/,Hedgey,"897,090.60",Alex ,Michelsen,Co-Founder and CFO,https://www.linkedin.com/in/alex-michelsen-cfa-59357421,
https://hedgey.finance/,Hedgey,"897,090.60",Lindsey ,Winder,Co-Founder and CEO,https://www.linkedin.com/in/lindsey-winder-14897b46,
https://knightswap.financial,KnightSwap Finance,"895,193.36",Jason ,Chao,Relationship Director,https://www.linkedin.com/in/jason-chao-0b4809244/,
https://www.cauldronferm.com/,Cauldron Ferm,"887,040.45",Michele ,Stansfield,Co-Founder and CEO,https://www.linkedin.com/in/michele-stansfield-microbes/?originalSubdomain=au,
https://www.cauldronferm.com/,Cauldron Ferm,"887,040.45",David ,Kestenbaum,CFO and Co-Founder,https://www.linkedin.com/in/david-kestenbaum-6a430640?miniProfileUrn=urn%3Ali%3Afs_miniProfile%3AACoAAAiWkFwB22ch-7kCY9KHg9wDuDZ8wgapovk&lipi=urn%3Ali%3Apage%3Acompanies_company_people_index%3B46753742-8ced-4ab4-b071-647f10cbf6fc,
https://www.capybara.exchange,Capybara Dexs,"884,588.05",,,[ANONYMOUS - DEX on Kaia chain],[NOT FOUND],https://www.rootdata.com/Projects/detail/Capybara
https://app.hadouken.finance/lend,Hadouken Lend,"882,567.79",,,[ANONYMOUS - DeFi on Nervos Godwoken],[NOT FOUND],https://edgein.io/companies/hadouken-finance/
http://sperax.io,Sperax USD,"880,891.93",Jinglan,Wang,Co-Founder & CEO,https://www.linkedin.com/in/jinglanwangweb3/,https://www.crunchbase.com/organization/sperax
https://app.leverup.xyz?code=DEFILLAMA,LeverUp,"875,269.40",,,[ANONYMOUS - LP-free perps on Monad],[NOT FOUND],https://chainwire.org/2025/11/06/
https://app.tokos.fi/,Tokos,"874,998.91",,,[ANONYMOUS - lending protocol on Somnia],[NOT FOUND],https://docs.somnia.network/
https://www.airpuff.io,AirPuff,"866,671.93",,,[ANONYMOUS - leveraged airdrop farming protocol],[NOT FOUND],https://cryptorank.io/ico/airpuff
https://www.clarity.community/,Clarity,"864,313.36",Logan ,Panchot,Co-Founder,https://www.linkedin.com/in/logan-panchot,
https://trebleswap.com,Treble Spot,"862,466.20",Robert,Paone,Co-Founder & CEO,https://www.linkedin.com/in/robertpaone,https://www.cypherhunter.com/en/p/robert-paone/
https://flex.trade,Flex Perpetuals,"862,387.39",,,[ANONYMOUS - perps DEX on Base],[NOT FOUND],https://www.rootdata.com/Projects/detail/Flex%20Perpetuals
https://levva.fi,Levva,"861,569.80",Peter,Sergeev,Co-Founder & CPO,https://www.linkedin.com/in/peter-sergeev-a6a90658,https://thedefiant.io/news/press-releases/marginly-transforms-into-levva-protocol
https://sun.io,SUN.io,"856,623.09",Damien ,Simbou,Owner,http://www.linkedin.com/in/damien-caly-simbou-24b1451a7,
https://10kswap.com/,10KSwap,"856,555.01",,,[ANONYMOUS - team not publicly identified],[NOT FOUND],https://medium.com/@trinattapong/10kswap
https://app.newswap.org/,Newswap,"854,767.23",Jizhe,Xu,Founder & CEO,https://cn.linkedin.com/in/xujizhe,https://newtonproject.medium.com/
https://vestige.fi,Vestige,"854,571.39",Greg ,Raczek,Founder,https://www.linkedin.com/in/grzracz,
https://v2.sturdy.finance/,Sturdy,"852,311.13",Sam ,Forman,"CEO, Co-Founder",linkedin.com/in/sam-forman,
https://bridge.enosys.global/,Enosys Bridge,"845,531.41",Christodoulakis ,Nik,Chief Executive Officer,https://www.linkedin.com/in/bannik,
https://bridge.enosys.global/,Enosys Bridge,"845,531.41",Brett ,Whervin,COO,linkedin.com/in/brettwhervin,
https://sigmausd.io,Sigmausd,"844,340.19",Alexander,Chepurnoy,Co-Founder & Core Developer (Ergo Platform),https://www.linkedin.com/in/alexander-chepurnoy-3b454b1a3/,https://ergoplatform.org/en/blog/2021_02_26-sigmausd-released/
https://ocean.one,Ocean One,"839,656.22",Cedric,Fung,Founder & CEO (Mixin Network),https://cn.linkedin.com/in/cedricfung,https://www.crunchbase.com/person/cedric-fung
https://app.arthswap.org/#/swap,ArthSwap,"836,852.20",,,[ANONYMOUS - team not publicly identified],[NOT FOUND],https://pitchbook.com/profiles/company/513171-46
https://plutusdao.io,PlutusDAO,"835,322.80",,,[ANONYMOUS - original team anonymous],[NOT FOUND],https://docs.plutusdao.io/plutus-docs/
https://maseer.finance/,CANA Holdings California Carbon Credits,"832,282.75",Bradley ,A,CEO and Founder,https://www.linkedin.com/in/allgoodfuturist,
https://maseer.finance/,CANA Holdings California Carbon Credits,"832,282.75",Jawaad ,Bokhari,Chief Product Officer | Co Founder,linkedin.com/in/jbokhari,
https://about.just.money,JustMoney,"830,404.05",,,[ANONYMOUS - pseudonymous team],[NOT FOUND],https://book.just.money/jmguide
https://antfarm.finance,Antfarm finance,"827,641.35",,,[ANONYMOUS - team not publicly identified],[NOT FOUND],https://docs.antfarm.finance
https://narwhalswap.org/#/swap,Narwhalswap,"823,791.16",,,[ANONYMOUS - pseudonymous team],[NOT FOUND],https://medium.com/narwhalswap/
https://x.rho.trading/,Rho X,"822,017.58",Alex ,Ryvkin,Founder,http://www.linkedin.com/in/alexryvkin,
https://tradoor.io,Tradoor,"820,680.02",Balal,Khan,Co-Founder,[NOT FOUND],https://www.crunchbase.com/person/balal-khan-4435
https://www.berapaw.com,BeraPaw,"819,187.70",,,,,
https://yield.pods.finance,Pods Yield,"815,940.42",Robson ,Silva,Co-Founder,https://www.linkedin.com/in/robsonsjre,
https://yield.pods.finance,Pods Yield,"815,940.42",Guilherme,Viana,Co-Founder,https://www.linkedin.com/in/ggviana,
https://www.pbg.io/,PBG,"814,969.09",Pablo ,Bejarano,CEO & Founder,http://www.linkedin.com/in/pablo-antonio-bejarano-g-aa5424206,
https://moria.money,Moria Protocol,"810,873.07",,,,,
https://iclight.io,ICDex,"805,914.98",,,,,
https://amm.skatechain.org/swap,Skate AMM,"802,465.38",Siddharth ,Lalwani,Chief Executive Officer,https://www.linkedin.com/in/siddharthl,
https://amm.skatechain.org/swap,Skate AMM,"802,465.38",Tony ,Sun,"Cofounder, COO",https://www.linkedin.com/in/tonygongshisun,
https://www.lpeth.xyz,lpETH,"797,532.42",,,,,
https://soo.network/,Soon,"796,437.39",Joanna ,Zeng,Co-Founder and CEO,https://www.linkedin.com/in/joanna-zeng-4a85bb5,
https://nitrocartel.finance,Arbitrove,"786,013.49",,,,,
https://www.ajna.finance/,Ajna,"784,830.06",Matt ,Cushman,Co-Founder,https://www.linkedin.com/in/matt-cushman-11b20b1,
https://www.ajna.finance/,Ajna,"784,830.06",Ian ,Harvey,Co-Founder,https://www.linkedin.com/in/ith-harvey,
https://reactorfusion.xyz,ReactorFusion,"784,122.74",,,,,
https://yaka.finance,Yaka,"784,098.30",,,,,
https://kuma.bid/,Kuma Perpetuals DEX,"783,892.55",,,,,
https://kleva.io,Kleva Farm,"783,812.15",,,,,
https://app.ergodex.io/,ErgoDEX,"782,289.67",,,,,
https://sable.finance,Sable Finance,"780,705.22",,,,,
https://bitty.io,Bitty,"778,168.67",,,,,
https://app.orbitlending.io/,Orbit Protocol,"775,672.33",,,,,
https://aquabank.io/,AquaBank,"771,503.75",,,,,
https://bridge.elysiumchain.tech,Elysium Bridge,"769,225.26",,,,,
https://dapp.phame.io,PHAME Protocol,"768,878.66",,,,,
https://app.dsu.money,DSU Money,"762,911.90",,,,,
https://www.hashking.fi/,HashKing,"761,605.10",,,,,
https://verse.bitcoin.com,Verse,"756,668.82",,,,,
https://www.thefiva.com,FIVA,"754,502.66",,,,,
https://www.superposition.finance,Superposition,"753,399.02",,,,,
https://hyperiondex.com/,Hyperion DEX,"748,982.43",,,,,
https://www.aarna.ai,Aarna Protocol,"747,372.56",Srikumar ,Misra,Founder,http://www.linkedin.com/in/srimisra,
https://integral.link/,Integral,"740,699.81",,,,,
https://thecabal.xyz,Cabal,"740,384.09",,,,,
https://otsea.io/,OTSea,"738,803.73",,,,,
https://savmswap.io,savmSwap,"737,560.38",,,,,
https://eklipse.finance,Eklipse Finance,"729,100.71",,,,,
https://pos-staking.thundercore.com,ThunderCore Staking,"724,088.93",Chris ,Wang,Co-Founder,https://www.linkedin.com/in/chris0804,
https://pos-staking.thundercore.com,ThunderCore Staking,"724,088.93",Scott ,Tsai,Chief Executive Officer,https://www.linkedin.com/in/scotttsai,
https://untitledbank.co/,UntitledBank,"721,024.06",,,,,
https://nile.build,Nile CL,"714,801.11",,,,,
https://www.set.wtf,set.wtf,"714,353.06",,,,,
https://www.geode.fi/,Geode,"702,406.03",,,,,
https://herewallet.app/stake,HERE Wallet staking,"701,933.08",,,,,
https://app.rocketswap.cc/exchange/swap,RocketSwap Base,"699,077.31",,,,,
https://liquidity.house,Liquidity House,"691,594.97",,,,,
https://app.isle.finance/,Isle Finance,"689,709.88",,,,,
https://www.gaming-dex.com,Gaming DEX,"687,442.98",,,,,
https://app.bastionprotocol.com/,Bastion,"683,783.52",,,,,
https://www.taofi.com/swap,TaoFi,"682,372.25",,,,,
https://www.radioshack.com/,RadioShack,"681,732.70",Robert ,Craze,Chief Executive Officer,https://www.linkedin.com/in/robert-craze-6b738722b,
https://www.radioshack.com/,RadioShack,"681,732.70",Beau ,Carey,Owner,https://www.linkedin.com/in/beau-carey-42795a9,
https://sudoswap.xyz,Sudoswap,"679,947.24",,,,,
https://app.timeswap.io,Timeswap,"677,898.14",Ameeth ,Devadas,Co-Founder,https://www.linkedin.com/in/ameeth-devadas-9717679,
https://app.timeswap.io,Timeswap,"677,898.14",Ricsson ,Ngo,Founder,https://www.linkedin.com/in/ricssontimeswap,
https://www.psyoptions.io,PsyOptions,"676,199.43",,,,,
https://universal.page,Universal Page,"674,624.39",,,,,
https://nabla.fi,Nabla Finance,"674,047.18",,,,,
https://www.kinto.xyz/,Kinto Bridge,"672,216.88",Hannah ,J.,Chief Operating Officer,https://www.linkedin.com/in/hellohannahj,
https://jpegd.io,JPEG'd,"667,626.64",,,,,
https://app.stellaxyz.io/,Stella,"666,604.57",,,,,
https://www.spot.cash,SPOT Cash,"657,502.28",,,,,
https://ante.finance,Ante Finance,"651,226.58",Marcus ,Butler,Co-Founder,https://www.linkedin.com/in/marcus-butler-0a2851197,
https://limitless.exchange/?r=0UWWSGL92U,Limitless Exchange,"651,149.68",CJ ,Hetherington,Co-Founder and CEO,https://www.linkedin.com/in/cjhweb3,
https://limitless.exchange/?r=0UWWSGL92U,Limitless Exchange,"651,149.68",Roman ,Mogylnyi,Co-Founder,linkedin.com/in/rmogylnyi,
https://www.pinkswap.finance/,PinkSwap,"647,848.25",,,,,
https://definix.com/en,Definix,"647,257.62",,,,,
https://alongside.xyz/,Alongside,"647,025.88",Gauthier ,Meur,Co-Founder and COO,linkedin.com/in/gauthierlemeur,
https://alongside.xyz/,Alongside,"647,025.88",Austin ,Diamond,Co-Founder and CEO,linkedin.com/in/austindiamond,
https://stability.farm,Stability,"646,076.09",,,,,
https://snowball.network,Snowball,"642,239.50",,,,,
https://premia.finance,Premia,"641,623.40",,,,,
https://lenen.network/home,Lenen,"641,490.51",,,,,
https://www.hashflow.com,Hashflow,"640,005.26",Varun ,Kumar,Founder and CEO,https://www.linkedin.com/in/varunvruddhula,
https://www.hashflow.com,Hashflow,"640,005.26",Vinod ,Raghavan,Co-Founder and Chief Operating Officer,linkedin.com/in/vinod-raghavan,
https://www.vapordex.io,VaporDex,"639,292.27",,,,,
https://toucan.earth,Toucan Protocol,"638,780.39",Anna ,Morrogh,Chief Operating Officer,https://www.linkedin.com/in/anna-morrogh,
https://toucan.earth,Toucan Protocol,"638,780.39",Adam ,Spiers,CTO and Co-founder,linkedin.com/in/adamspiers,
https://www.teloscan.io/staking,sTLOS Liquid Staking,"638,704.60",,,,,
https://ebisu.money/,Ebisu,"638,466.29",,,,,
https://www.goldilocksdao.io/,Goldilocks,"638,228.60",,,,,
https://www.lisalab.io,LISA,"634,755.43",,,,,
https://goldsand.fi/,Goldsand by InshAllah,"631,931.48",,,,,
https://fullsail.finance,Full Sail,"631,274.72",Akshay ,Gupta,Co-Founder and CPO,https://www.linkedin.com/in/glupta,
https://www.betafinance.org/,Beta Finance,"626,041.95",,,,,
https://www.bake.io,Bake.io,"625,733.86",Shayne ,Tan,Executive Director,https://www.linkedin.com/in/0xshayne,
https://www.bake.io,Bake.io,"625,733.86",Gift ,Nkom,Chief Executive Officer,https://www.linkedin.com/in/gift-nkom-a598702bb,
https://swop.fi,Swop,"624,901.03",,,,,
https://swap.blocto.app/#/,BloctoSwap,"623,841.21",Hsuan ,Lee,CEO,linkedin.com/in/hleetw,
https://swap.blocto.app/#/,BloctoSwap,"623,841.21",Wei-Tso ,YEN,Co-Founder and COO,https://www.linkedin.com/in/edwin-wt-yen,
https://v60.io/,v60,"623,281.08",,,,,
https://aldrin.com,Aldrin,"622,902.76",,,,,
https://gt3.finance/,GT3,"619,104.42",,,,,
https://liquid.stratisplatform.com/STRAX/,Stratis Liquid Staking,"618,755.10",,,,,
https://landshare.io,Landshare,"618,553.85",Jordan ,Friske,Founder,https://www.linkedin.com/in/jordan-friske-a62505210,
https://zomma.pro,Zomma Protocol,"618,472.43",Tso-Jung ,Tomsoong,Chief Executive Officer,https://www.linkedin.com/in/tomsoong,
https://zomma.pro,Zomma Protocol,"618,472.43",Chi-Chun ,Kao,COO,https://www.linkedin.com/in/takasaky,
https://itrust.finance,iTrust Finance,"618,132.53",,,,,
https://prdt.finance,PRDT,"618,125.93",,,,,
https://app.primeprotocol.xyz,Prime Protocol,"613,010.80",Neeraj ,Kohirkar,Chief Executive Officer,https://www.linkedin.com/in/neerajkohirkar,
https://defidollar.io/,DeFi Dollar,"612,322.44",,,,,
https://www.myswap.xyz,mySwap,"610,949.84",,,,,
https://app.dem.exchange/,Demex Perp,"608,901.53",,,,,
https://www.bearn.fi/,BearnFi,"608,787.30",,,,,
https://www.zunami.io,Zunami Protocol,"607,371.21",Kirill ,Kozlov,CEO,https://www.linkedin.com/in/kirill-kozlov-719095167,
https://www.velar.co,Velar AMM,"602,977.62",Mithil ,Thakore,Co-Founder and CEO,https://www.linkedin.com/in/mithilthakore,
https://www.velar.co,Velar AMM,"602,977.62",Sadman ,Shawmik,Founder,linkedin.com/in/sadmansh,
https://earn.sherpa.trade,Sherpa,"601,201.66",Ivan ,Sharko,Co-Founder,https://www.linkedin.com/in/ivansharko?miniProfileUrn=urn%3Ali%3Afs_miniProfile%3AACoAAAHavXEBsymW3WyH-dbPjUqeJ1qlENisQMk&lipi=urn%3Ali%3Apage%3Acompanies_company_people_index%3Bf0ad94d0-65db-476e-a1dc-1f11c4e6ad19,
https://earn.sherpa.trade,Sherpa,"601,201.66",Max ,Tremaine,CEO,https://www.linkedin.com/in/maxtremaine?miniProfileUrn=urn%3Ali%3Afs_miniProfile%3AACoAAAWhnIAB_y8nMWOKwZmm_3wH1DwB2UgbVII&lipi=urn%3Ali%3Apage%3Acompanies_company_people_index%3Bf0ad94d0-65db-476e-a1dc-1f11c4e6ad19,
https://zuit.xyz/,Zuit Swap,"600,772.81",,,,,
https://ghost.kujira.app,Ghost,"598,581.57",,,,,
https://www.gravitaprotocol.com/,Gravita Protocol,"597,342.96",Rhett ,Shipp,Founder,https://www.linkedin.com/in/rhett-shipp-0a117823/,
https://glidefinance.io,Glide Finance,"596,297.15",,,,,
https://julswap.com/#/swap,JulSwap,"594,476.88",,,,,
https://common.fund/supra-citadel,Citadel Vaults,"594,043.84",,,,,
https://www.eddy.finance/,EddyFinance AMM,"588,657.16",Mrigank ,Bhargava,Co-Founder,https://www.linkedin.com/in/mrigankbh99,
https://www.tempestfinance.xyz/,Tempest Finance,"587,847.78",,,,,
https://exchange.bim.finance/,BIM,"583,622.60",Léo ,PESTRE,CEO,https://www.linkedin.com/in/leo-pestre?miniProfileUrn=urn%3Ali%3Afs_miniProfile%3AACoAAC35gN4Be8YLxOcwyqOy5FNeQBK0YBD0GDk&lipi=urn%3Ali%3Apage%3Acompanies_company_people_index%3Bafc82c78-487a-4b0b-8174-7883610b31d0,
https://exchange.bim.finance/,BIM,"583,622.60",Damian ,Py,CEO & Founder,https://www.linkedin.com/in/damianpy/,
https://holdstation.exchange,HoldStation DeFutures,"582,179.86",Nam ,Hoài,Chief Executive Officer,https://www.linkedin.com/in/nam-l%C3%AA-ho%C3%A0i-10077b24b/?originalSubdomain=vn,
https://holdstation.exchange,HoldStation DeFutures,"582,179.86",Long ,Vu,Product Owner,https://www.linkedin.com/in/vuthanhlong-me/,
https://sonex.so,Sonex,"580,623.34",,,,,
https://aavegotchi.com,Aavegotchi,"579,787.82",,,,,
https://mito.fi,Mito Finance,"571,143.61",,,,,
https://brownfi.io/,BrownFi,"570,069.90",Vu ,Hiep,Co-founder / CEO,https://www.linkedin.com/in/hiepcopywriter/,
https://vaultcraft.io/,VaultCraft,"569,661.18",,,,,
https://valasfinance.com/,Valas Finance,"569,477.79",,,,,
https://www.bulla.exchange,Bulla Exchange,"567,608.41",,,,,
https://seafi.app,SeaFi,"567,351.22",Myrtle,A,CEO ,https://www.linkedin.com/in/myrtleology/,
https://secured.finance,Secured Finance Lending,"565,286.42",Masa (Senshi),Kikuchi,Founder & CEO,https://www.linkedin.com/in/masa-senshi-kikuchi-55185a23/,
https://alpha.wtf,Alpha,"564,415.91",,,,,
https://www.vaultka.com,Vaultka,"563,706.95",,,,,
https://salvor.io,Salvor,"560,909.58",,,,,
https://astrol.io/,Astrol,"560,899.99",,,,,
https://ritsu.xyz,Ritsu Protocol,"559,577.19",,,,,
https://powpeg.rootstock.io,PowPeg Fast Mode,"558,807.43",,,,,
https://www.elixir.xyz,Elixir,"557,876.84",Philip,Forte,Founder ,https://www.linkedin.com/in/philip-forte/,
https://www.elixir.xyz,Elixir,"557,876.84",Vytautas,Zabulis,Founder,https://www.linkedin.com/in/vytautaszabulis/,
https://app.eralend.com/,EraLend,"556,708.54",,,,,
https://cache.gold/,CACHE.Gold,"552,288.39",,,,,
https://jumbo.exchange/swap,Jumbo Exchange,"548,894.88",,,,,
https://www.enkixyz.com/mint,ENKI Protocol,"547,786.89",,,,,
https://app.spiritswap.finance/#/,SpiritSwap AMM,"545,097.64",,,,,
https://torch.finance,Telegram USD,"541,137.58",,,,,
https://rain.fi,Rain.fi,"540,108.18",Quentin,Crépy,CEO ,https://www.linkedin.com/in/quentincrepy/,
https://rain.fi,Rain.fi,"540,108.18",Mara,Gonzalez,Co-founder,https://www.linkedin.com/in/mara-gonzalez-malagon/,
https://omni.app/,Omni Liquid Staking,"539,153.77",Tomasz,Pochylski,Chief Operational Officer,https://www.linkedin.com/in/tomasz-pochylski/,
https://equalizer.exchange,Equalizer Exchange,"534,977.30",,,,,
https://mochi.fi,MochiFi,"534,711.85",,,,,
https://www.fortifi.com/,FortiFi,"534,274.93",Michelle,G,HR Director,https://www.linkedin.com/in/michellegoldman7/,
https://www.fortifi.com/,FortiFi,"534,274.93",Mesafint (Finn),Goldfeld,Founder ,https://www.linkedin.com/in/mesafint-goldfeld-a71938312/,
https://rabbitswap.xyz,Rabbit Swap,"533,804.75",,,,,
https://tymio.com/,TYMIO,"533,799.33",Georgii,Verbitskii,Founder ,https://www.linkedin.com/in/georgii-verbitskii/,
https://catinabox.finance,Cat in a Box,"533,346.35",,,,,
https://muscadine.io,Muscadine,"533,230.37",Nicholas,Connelly,Founder ,https://www.linkedin.com/in/nicholas-connelly/,
https://bridge.degen.tips,Degen Bridge,"532,873.73",,,,,
https://terraswap.io,Terraswap,"531,124.21",,,,,
https://app.forgeyields.com,ForgeYields,"526,343.63",,,,,
https://www.harvestflow.io/?lng=en,HARVEST FLOW,"523,884.14",,,,,
https://www.boringdao.com/,BoringDAO,"522,189.18",,,,,
https://adamant.finance,Adamant Finance,"519,696.27",Artem,Tiha,Business Owner,https://www.linkedin.com/in/artem-tiha-2308b327a/?originalSubdomain=ae,
https://www.margined.io/,Margined Protocol,"519,536.90",,,,,
https://app.cronaswap.org,CronaSwap,"518,863.72",,,,,
https://axion.network,Axion,"518,469.61",,,,,
https://www.mojitoswap.finance,MojitoSwap,"516,121.88",,,,,
https://shido.io/,Shido Dex,"513,972.61",Bernd,Joschke,Business Owner,http://www.linkedin.com/in/dr-bernd-joschke-5542b186,
https://cryptex.finance/,Cryptex,"513,942.70",Joe,Sticco,Co-Founder,https://www.linkedin.com/in/joe-sticco-5338bb300/,
https://cryptex.finance/,Cryptex,"513,942.70",Thomas,Matzner,Co-Founder,https://www.linkedin.com/in/thomas-matzner-86aa0719/,
https://quipuswap.com,QuipuSwap,"513,826.26",,,,,
https://cyclo.finance,Cyclo,"513,743.17",,,,,
https://singularitydao.ai,SingularityDAO,"513,047.06",Andrea,Politi,VP ,https://www.linkedin.com/in/andreapoliti/,
https://singularitydao.ai,SingularityDAO,"513,047.06",Gabriel,Perez,Chief Financial Officer,https://www.linkedin.com/in/perezgabrieluk/,
https://superbridge.app/soneium,Soneium Bridge,"512,664.09",Alex,Harley,Co-founder,https://www.linkedin.com/in/alex-harley-74b322b6/,
https://superbridge.app/soneium,Soneium Bridge,"512,664.09",James,Stackhouse,Co-founder,https://www.linkedin.com/in/james-stackhouse-5151a15b/,
https://basketdao.org/,BasketDAO,"507,827.47",,,,,
https://app.hercules.exchange,Hercules,"507,821.29",,,,,
https://bescswap.com/,BESCSWAP DEX,"506,738.10",,,,,
https://kvants.ai,Kvants,"505,159.85",Michal,Horvath,CEO ,https://www.linkedin.com/in/michalhorvath/,
https://kvants.ai,Kvants,"505,159.85",Aman,Kanojia,Co founder,https://www.linkedin.com/in/aman-kanojia-a8315315b/,
https://sherlock.xyz,Sherlock,"504,985.57",Jack,Sanford,CEO,https://www.linkedin.com/in/jacksanford/,
https://sherlock.xyz,Sherlock,"504,985.57",Alec,Pakzad,Director ,https://www.linkedin.com/in/alecpakzad/,
https://tomo.inc,Tomo,"504,495.26",,,,,/
https://www.opus.money,Opus,"503,024.95",Cristiano  ,T.,Founder,https://www.linkedin.com/in/cristiano-t/,
https://dex.colorpool.xyz/,ColorPool,"502,538.17",,,,,
https://www.picwe.org/en,PICWE,"499,384.43",,,,,
https://sudo.finance,Sudo Perps,"497,341.78",,,,,
https://ensuro.co,Ensuro,"495,716.14",Guillermo  ,Narvaja,Co-founder,http://www.linkedin.com/in/guillermo-narvaja-1209434,
https://ensuro.co,Ensuro,"495,716.14",Marco  ,Mirabella,Founder & CEO ,https://www.linkedin.com/in/marco-mirabella/,
http://www.fyde.fi,Fyde Protocol,"492,287.75",,,,,
https://www.dfyn.network/,Dfyn Network,"491,544.67",,,,,
https://app.yuzu.finance/,Yuzu Finance,"491,532.88",,,,,
https://www.winterwalrus.com/,Winter Walrus,"489,919.89",,,,,
https://swapr.eth.link/#/swap,Swapr,"485,579.67",Zunaid  ,Munshi,Director ,http://www.linkedin.com/in/zunaid-munshi-77561066,
https://www.gumball.fi,GumBall Protocol,"485,126.95",,,,,
https://blasterswap.com/,Blasterswap,"484,341.88",Samuel  ,Flambard,Founder,https://fr.linkedin.com/in/samuelflambard,
https://www.capricorn.exchange/,Capricorn,"483,759.08",,,,,
https://usecorn.com/,Corn Kernels,"483,036.32",,,,,
https://ethos.markets/,Ethos Markets,"476,978.37",,,,,
https://app.pryzm.zone,Pryzm Liquid Staking,"476,497.85",,,,,
https://levvy.fi/,Levvy for Tokens,"474,009.54",,,,,
https://www.woofswap.finance,WoofSwap Shibarium,"473,269.85",,,,,
https://www.21.co/tokens,21.co,"472,992.29",,,,,
https://www.aurigami.finance,Aurigami,"472,416.75",,,,,
https://astarter.io/,Astarter Launch ISPO,"471,542.54",,,,,
https://backbonelabs.io,BackBone Labs,"471,397.18",,,,,
https://blackpanther.fi,Black Panther,"470,675.35",,,,,
https://www.alchemist.wtf,Alchemist,"468,176.89",,,,,
https://solidly.com,Solidly,"467,436.12",,,,,
https://app.clober.io/,Clober Liquidity Vault,"466,919.68",,,,,
https://www.arkis.xyz/,Arkis,"466,813.66",Oleksandr  ,Proskurin,Co-founder,https://uk.linkedin.com/in/proskurinolexandr,
https://www.arkis.xyz/,Arkis,"466,813.66",Serhii  ,Tyshchenko,Co-Founder and CEO,https://uk.linkedin.com/in/serhii-tyshchenko-8059a282,
https://starswap.xyz,Starswap Starcoin,"465,777.62",,,,,
https://inrt.fi/,Inertia Bridge,"462,910.86",,,,,
https://www.bitsmiley.io,bitSmiley,"462,477.31",,,,,
https://www.flrbank.com/,FlareBank,"460,332.55",,,,,
https://latoken.com,Latoken,"459,073.66",Valentin  ,Preobrazhenskiy,Founder,https://sg.linkedin.com/in/vpreobrazhenskiy,
https://latoken.com,Latoken,"459,073.66",Attah  ,Francis,Founder,http://www.linkedin.com/in/attah-francis-4a5a52246,
https://bundles.fi/,Bundles,"458,962.71",,,,,
https://app.breadchain.xyz,Breadchain,"457,860.74",,,,,
https://lybra.finance,Lybra,"457,756.95",,,,,
https://oraclefreedollar.org,OracleFreeDollar,"457,506.01",,,,,
https://neutrino.at,Neutrino,"455,256.31",,,,,
https://kona.surf/,Kona Stableswap,"454,654.92",,,,,
https://sharkswap.xyz,SharkSwap,"454,442.59",,,,,
https://v2.monstro.fun,MONSTRO,"453,896.24",,,,,
https://bitmap.game,Bitmap Game,"453,608.39",,,,,
https://www.valence.zone/,Valence,"449,976.78",,,,,
https://kinetix.finance/,Kinetix AMM,"447,790.01",,,,,
https://hmx.org/arbitrum,HMX,"446,136.21",,,,,
https://diamondswap.com/exchange,Diamondswap,"445,808.74",Henry  ,Wyatt,Founder,https://www.linkedin.com/in/henrywyatt/,
https://b-lucky.gg/,B-Lucky,"443,545.36",,,,,
https://atmos.ag,Atmos DEX,"441,826.82",,,,,
https://www.zkp2p.xyz/,ZKP2P,"441,197.07",Sachin  ,Kumar,Co-Founder,http://www.linkedin.com/in/sachin-kumar-b69418258,
https://conv.finance,Convergence,"440,673.64",,,,,
https://secretswap.net,SecretSwap,"440,280.18",,,,,
https://88mph.app/,88mph,"440,237.52",Mc ,Fly,Co-Founder,https://www.linkedin.com/in/guillaumepalayer/,
https://clutch.market,Clutch Markets,"440,053.63",,,,,
https://prismafinance.com,PrismaLST,"439,137.64",Evan ,Nison,Co-Founder,http://www.linkedin.com/in/evan-nison-b6606a1b,
https://www.oneswap.net,OneSwap,"437,360.60",,,,,
https://rings.tholgar.xyz/,Tholgar Rings Auto Voter,"436,551.17",,,,,
https://www.joule.finance,Joule Finance,"434,539.28",,,,,
https://jup.ag/prediction,Jupiter Prediction,"429,591.82",Xiao-Xiao ,Zhu,President,https://www.linkedin.com/in/xiao-xiao-j-zhu-12078730,
https://orion.xyz/,Orion Pools,"429,453.99",,,,,
https://dojo.trading,Dojoswap AMM,"428,626.32",,,,,
https://www.lake.inc/,Lake Protocol,"428,463.45",,,,,
https://app.jigsaw.finance/,Jigsaw,"427,932.11",,,,,
https://hermes.maiadao.io/,Hermes Protocol,"427,369.16",,,,,
https://nawa.finance/,Nawa Protocol,"426,544.74",Amirouch ,M,Co-Founder of Nawa Finance,https://www.linkedin.com/in/amirouch-nawa,
https://www.forthewin.network,Forthewin Network,"425,672.56",,,,,
https://www.hlp0.to/,HLP0,"423,040.40",,,,,
https://www.betterswap.io,BetterSwap,"422,988.25",,,,,
https://midascapital.xyz/,Midas Capital,"421,995.41",,,,,
https://app.elara.finance/markets,Elara,"421,854.72",,,,,
https://impactstake.com,Lido Impact Staking,"420,896.39",Rajesh ,Sinha,Co-Founder,https://www.linkedin.com/in/rajesh-sinha-launchnodes,
https://impactstake.com,Lido Impact Staking,"420,896.39",Yash ,Bhavsar,Co-Founder,https://www.linkedin.com/in/yash-bhavsar-263641a8,
https://thirdfy.com/,Thirdfy,"420,802.53",Felipe ,Rieger,Founder and CEO,http://www.linkedin.com/in/feliperieger,
https://www.dyson.money/,Dyson,"417,848.19",,,,,
https://app.moneyfi.fund/,MoneyFi,"417,816.12",Toan ,Tran,Founder and CEO,http://www.linkedin.com/in/toantq,
https://app.moneyfi.fund/,MoneyFi,"417,816.12",Linh ,Thuy,Co-Founder,https://www.linkedin.com/in/linhpham251185,
https://jetfuel.finance,JetFuel Finance,"417,727.82",,,,,
https://meshswap.fi,Meshswap,"416,281.02",,,,,
https://apy.finance,APY Finance,"413,982.11",,,,,
https://pureswap.finance,PureSwap,"412,267.64",,,,,
https://app.usdfc.net/#/,USDFC,"412,093.15",,,,,
https://invariant.app,Invariant,"412,047.56",John ,Mullin,CEO & Founder,https://www.linkedin.com/in/john-patrick-mullin/,
https://invariant.app,Invariant,"412,047.56",James ,Birney ,CPO & Interim-COO,https://www.linkedin.com/in/birneyjames/,
https://www.ocelex.fi,Ocelex,"411,724.22",,,,,
https://mantra.zone/liquidity-pools,MANTRA Swap,"409,920.92",,,,,
https://center.mesher.io,Mesher,"409,208.81",Seongwon ,Chung,CEO & Co-founder,https://www.linkedin.com/in/seongwonchung/,
https://somnex.xyz/,Somnex Perp,"408,080.72",Krish ,Nirmale,Co-Founder,https://www.linkedin.com/in/krish-nirmale/,
https://www.argofinance.money,Argo Finance,"405,311.08",,,,,
https://muesliswap.com,MuesliSwap,"404,673.17",,,,,
https://app.level.finance,Level Perps,"400,903.07",,,,,
https://appv1.amulet.org/,Amulet Liquidity Staking,"399,526.78",Oliver ,X.,Co-Founder,https://www.linkedin.com/in/link2oliv/?originalSubdomain=sg,
https://counterstake.org,Counterstake,"399,240.95",,,,,
https://app.zealousswap.com/swap,ZealousSwap,"397,694.51",,,,,
https://sonefi.xyz/#/trade,SoneFi Perp,"397,503.24",,,,,
https://valiant.trade,Valiant Trade,"396,448.57",,,,,
https://app.beraji.com/,Jiko,"395,987.18",casey ,tuckett,Company Owner,https://www.linkedin.com/in/casey-tuckett-5aa281279/,
https://onx.finance,OnX Finance,"393,868.29",Polona ,Javornik,Founder & Brand manager,https://www.linkedin.com/in/polona-javornik-04a79349?miniProfileUrn=urn%3Ali%3Afs_miniProfile%3AACoAAApCkXoBEWy6jRb8a8d3MESDUGJpkPsyqbc&lipi=urn%3Ali%3Apage%3Acompanies_company_people_index%3Bb6553ad6-0d11-49a1-8fc9-f8f2d5fc621d,
https://privacycash.org/,Privacy Cash,"392,952.11",,,,,
https://www.jpg.store/,JPG Store,"389,564.43",Blakelock ,Brown,Chief Executive Officer,https://www.linkedin.com/in/blakelock-brown-7b6038266/,
https://www.jpg.store/,JPG Store,"389,564.43",Mutahhar ,Khan,Chief Executive Officer,https://www.linkedin.com/in/mutahhar-mustafa/,
https://sirenmarkets.com/,Siren,"388,552.28",Maria ,Zagar,Product Owner,https://www.linkedin.com/in/maria-zagar-b0558b11?miniProfileUrn=urn%3Ali%3Afs_miniProfile%3AACoAAAJmJHUBeQ9gk0bzBPiOK-DeGFeenbpU65s&lipi=urn%3Ali%3Apage%3Acompanies_company_people_index%3B2d297b12-5af6-4d53-84e6-ad989d748225,
https://sirenmarkets.com/,Siren,"388,552.28",Michael ,Robrock,Chief Executive Officer,https://www.linkedin.com/in/michael-robrock-b3396524?miniProfileUrn=urn%3Ali%3Afs_miniProfile%3AACoAAAUf-hcBDIzeWgx5Uyj66jXpX4uDar-UCz0&lipi=urn%3Ali%3Apage%3Acompanies_company_people_index%3B2d297b12-5af6-4d53-84e6-ad989d748225,
https://knit.finance,Knit Finance,"383,875.61",,,,,
https://orchai.io,Orchai LST,"383,531.63",,,,,
https://aggrelend.com/,AggreLend,"380,521.85",,,,,
https://thevault.finance/dapp/unstakePool/,The Vault Unstake Pool,"379,621.86",,,,,
https://www.cables.finance,Cables Finance,"379,115.59",,,,,
https://www.stratex.finance/,StratEx,"378,148.55",,,,,
https://defive.com/swap,DeFive,"378,136.01",,,,,
https://volmex.finance/,Volmex,"377,983.27",Cole ,Kennelly,Founder & CEO,https://www.linkedin.com/in/colekennelly?miniProfileUrn=urn%3Ali%3Afs_miniProfile%3AACoAABn7lfQBd9zJvzyUOIDVSjR0PdAkfai_srU&lipi=urn%3Ali%3Apage%3Acompanies_company_people_index%3B5bba901b-b151-45bd-bdd1-53a9376f25d4,
https://starlay.finance,Starlay Finance,"376,204.65",,,,,
https://phoenixbonds.org/,Phoenix Bonds,"374,704.15",,,,,
https://pacaswap.com/dashboard,PacaSwap Bridge,"374,067.07",,,,,
https://euclidfinance.io,Euclid Finance,"371,885.93",,,,,
https://unilend.io/dashboard/,Unilend Protocol,"371,158.49",,,,,
https://scientix.finance,Scientix,"369,678.71",,,,,
http://www.vela.exchange/,Vela Exchange,"367,344.34",,,,,
https://paraluni.org,Paraluni Dex,"366,714.97",,,,,
https://contango.xyz/,Contango,"362,774.50",Egill ,Hreinsson,Co-Founder,https://www.linkedin.com/in/egill-hreinsson-38a62b182?miniProfileUrn=urn%3Ali%3Afs_miniProfile%3AACoAACsp1loBH2QY3-6B0DELmeNf8hguonQdVAA&lipi=urn%3Ali%3Apage%3Acompanies_company_people_index%3B8784bc2a-5477-4929-8522-b7cff08a3caf,
https://contango.xyz/,Contango,"362,774.50",Kamel ,Aouane,Co-Founder,https://www.linkedin.com/in/kamel-aouane-00292b14?miniProfileUrn=urn%3Ali%3Afs_miniProfile%3AACoAAAL8GEIBImpUua-C4basHi3U1K78UCVFuBo&lipi=urn%3Ali%3Apage%3Acompanies_company_people_index%3B8784bc2a-5477-4929-8522-b7cff08a3caf,
https://app.zkbob.com,zkBob,"361,600.30",,,,,
https://sandglass.so/markets,Sandglass,"360,966.37",,,,,
https://singlefinance.io,Single Finance,"360,244.83",,,,,
https://koffeeswap.exchange/#/swap,KoffeeSwap,"360,227.38",,,,,
https://www.hyperjump.app,HyperJump,"359,968.31",,,,,
https://zkcandy.io/,ZKcandy Bridge,"358,581.18",Mark ,Tan,Founding Member,https://my.linkedin.com/in/markkktan,
https://app.jswap.finance/#/swap,JSwap,"357,813.77",,,,,
http://shepardes.com/,Shepard,"357,624.34",Steve ,Margos,Chief Operating Officer,https://www.linkedin.com/in/steve-margos-092746b7?miniProfileUrn=urn%3Ali%3Afs_miniProfile%3AACoAABjZMO4Bm4Zr_416yJVCKztD8QvCVn5aKc4&lipi=urn%3Ali%3Apage%3Acompanies_company_people_index%3B8eea8bf1-16ad-4fba-bebe-e7fa14befe84,
http://shepardes.com/,Shepard,"357,624.34",Richard ,Anderson,"Vice President, Strategy & Experience Design",https://www.linkedin.com/in/richardanderson/,
https://teleswap.xyz,TeleSwap,"357,090.94",Niusha ,Moshrefi,Co-founder,https://www.linkedin.com/in/niusha-moshrefi?miniProfileUrn=urn%3Ali%3Afs_miniProfile%3AACoAAA8_QBIBq3cLVtX5Y7S9cRlktsq8qa4RMoE&lipi=urn%3Ali%3Apage%3Acompanies_company_people_index%3Bcda0780f-cede-439b-8e1c-f8e66f11c610,
https://teleswap.xyz,TeleSwap,"357,090.94",Mahyar ,Daneshpajooh,Co-Founder,https://www.linkedin.com/in/mahyar-daneshpajooh/,
https://astrovault.io,Astrovault,"356,937.70",,,,,
https://www.glazecorp.io/,Donut,"355,700.86",,,,,
https://magma.finance,Magma Finance,"355,343.81",,,,,
https://arbswap.io/,Arbswap AMM,"353,917.49",,,,,
https://www.primestaked.com/,Prime Staked ETH,"353,807.22",,,,,
https://www.lodestarfinance.io,Lodestar,"352,197.32",,,,,
https://app.yieldoor.com/,Yieldoor,"351,915.24",,,,,
https://atrium.io/,Atrium,"350,408.17",,,,,
https://stcelo.xyz/,stCELO,"348,812.15",,,,,
https://satoshi.money/,Satoshi,"348,782.02",Rimmon ,Brim,Co-Founder,https://www.linkedin.com/in/rimmon-brim-568a3a264/,
https://app.preon.finance/borrow,Preon Finance,"348,673.49",Dallas ,Rushing,CEO,https://www.linkedin.com/in/dallasrushing?miniProfileUrn=urn%3Ali%3Afs_miniProfile%3AACoAABlnPbUBmUNQ9qEH9D6yMzf4_8vVgA-NKCc&lipi=urn%3Ali%3Apage%3Acompanies_company_people_index%3Bd3cee050-8846-49a8-a721-ee79cd1eb0c3,
https://pumpbase.site/,PumpBase,"348,643.17",,,,,
https://www.yellow.org,Yellow,"346,689.62",Camille ,Meulien,CEO,https://www.linkedin.com/in/camillemeulien?miniProfileUrn=urn%3Ali%3Afs_miniProfile%3AACoAAAJEEmUBy6rXQ2OwuQjuRO1Hr0CKOva7Yw4&lipi=urn%3Ali%3Apage%3Acompanies_company_people_index%3B1aceda77-b12d-4c2e-b45f-fdf7485c9a9e,
https://www.yellow.org,Yellow,"346,689.62",Bakhtiyar ,Mamedov,CFO,https://www.linkedin.com/in/bakhtiyar-mamedov-2175329?miniProfileUrn=urn%3Ali%3Afs_miniProfile%3AACoAAAGuDbMB2fgHxSCHDAGVk6gQlth2IwTmbGk&lipi=urn%3Ali%3Apage%3Acompanies_company_people_index%3B1aceda77-b12d-4c2e-b45f-fdf7485c9a9e,
https://www.colonylab.io/,Colony,"344,974.82",Wessal ,ER,Co-Founder,https://www.linkedin.com/in/wessal-er-1155bb257?miniProfileUrn=urn%3Ali%3Afs_miniProfile%3AACoAAD9FceEBeipwC_HS75xYAGfLP-EBtIdH0MQ&lipi=urn%3Ali%3Apage%3Acompanies_company_people_index%3B8542e276-4859-483d-b254-545d1ba180b9,
https://sienna.network,SiennaSwap,"343,868.26",Aurélien, Y.,COO | Co-Founder,https://www.linkedin.com/in/aur%C3%A9lien-y-aa644710a?miniProfileUrn=urn%3Ali%3Afs_miniProfile%3AACoAABt5SV4BlEYlcTWWazjM7LfKqk1ngfsCG8w&lipi=urn%3Ali%3Apage%3Ad_flagship3_company%3BNO6YBM%2FuSz%2B0So0%2BolsZWw%3D%3D,
https://perennial.finance,Perennial,"343,417.84",Arjun ,R.,Co-Founder,https://www.linkedin.com/in/arjunio?miniProfileUrn=urn%3Ali%3Afs_miniProfile%3AACoAAA-5vYMBCmTF4Wvx89gaE1Ur_vRQnK5y-Wc&lipi=urn%3Ali%3Apage%3Acompanies_company_people_index%3Be5af3306-6430-4cbb-a8c6-6220e9e97c07,
https://perennial.finance,Perennial,"343,417.84",Kevin ,Britz,Co-Founder,https://www.linkedin.com/in/kbrizzle?miniProfileUrn=urn%3Ali%3Afs_miniProfile%3AACoAAA8ddpwB2nB-wJVhZNVwxmEogbw65O0dp04&lipi=urn%3Ali%3Apage%3Acompanies_company_people_index%3Be5af3306-6430-4cbb-a8c6-6220e9e97c07,
https://choice.exchange,Choice Exchange,"342,977.57",Ashish ,More,Franchise Partner,https://www.linkedin.com/in/ashishmore9890/,
https://trade.renegade.fi,Renegade,"341,498.97",Chris ,Bender,Founder,https://www.linkedin.com/in/~~~~/,
https://trade.renegade.fi,Renegade,"341,498.97",Andrew ,Kirillov,Founding Engineer,https://www.linkedin.com/in/andrew-kirillov/,
https://hourglass.com/,Hourglass,"340,285.65",Charlie ,Pyle,Founder,https://www.linkedin.com/in/charliepyle/,
http://interlay.io/,Interlay Lending,"337,856.89",Dominik ,Harz,Co-Founder,https://www.linkedin.com/in/dominik-harz/,
https://hats.finance,Hats.V2,"333,369.43",,,,,
https://snowbl.capital,Snowbl Capital,"333,006.20",Shalabh  ,Agarwal,Partner ,https://www.linkedin.com/in/shalabh-agarwal-6160b58/?originalSubdomain=in,
https://yieldprotocol.com/,Yield Protocol,"332,213.03",Allan ,Niemerg,Co-Founder,https://www.linkedin.com/in/allan-niemerg-8392bb11?miniProfileUrn=urn%3Ali%3Afs_miniProfile%3AACoAAAJbse0B-oq2S2wsU0K0Es0q6msB2u8K8Rg&lipi=urn%3Ali%3Apage%3Acompanies_company_people_index%3B92954373-9cb4-45e5-9895-b0fd7880517b,
https://bit-fire.xyz/,BitFire,"331,817.07",Jim ,Akimchuk,President and CEO,https://www.linkedin.com/in/jim-akimchuk-iii-8b605380?miniProfileUrn=urn%3Ali%3Afs_miniProfile%3AACoAABEXrkoBH0ZLGiOHLW-NXWqjo50LUbY1mGE&lipi=urn%3Ali%3Apage%3Acompanies_company_people_index%3Bfa968828-bde0-4a2e-8686-680fc5a8e12f,
https://bit-fire.xyz/,BitFire,"331,817.07",Jean ,Garrett,VP-Chief Financial Officer,https://www.linkedin.com/in/jean-garrett-17ba84172/,
http://unipower-egypt.com/,UniPower,"331,165.68",Hany  ,Ashour,CEO,https://www.linkedin.com/in/hanyashour/,
https://www.coinswap.space,Coinswap Space,"330,767.47",Martin ,Karus,Co-Founder,https://www.linkedin.com/in/martin-karus-768225167/?originalSubdomain=ae,
https://bitpay.com/,BitPay ,"330,405.80",Stephen  ,Pair,CEO,https://www.linkedin.com/in/stephen-pair-9a332b9/,
https://bitpay.com/,BitPay ,"330,405.80",Jagruti  ,S.,CFO,https://www.linkedin.com/in/jagruti-s-11825810/,
https://saros.xyz/pools,Saros AMM,"329,378.81",Christian  ,Doyle,Co Founder/CEO,https://www.linkedin.com/in/christian-doyle-2b2161107/,
https://elk.finance,Elk,"328,149.93",martin ,kramer,Owner,https://www.linkedin.com/in/martin-kramer-8617769/,
https://streamflow.finance,Streamflow,"327,677.49",Mališa ,Stanojević,CEO,https://www.linkedin.com/in/malisastanojevic?miniProfileUrn=urn%3Ali%3Afs_miniProfile%3AACoAABUs4KwBWGouQCXUVmltkyrqMt3ZttEpP5Q&lipi=urn%3Ali%3Apage%3Acompanies_company_people_index%3B09568748-9206-4a3f-99a5-4d90b208aad1,
http://www.ldrgp.com/,LDR Partners LP,"327,649.21",JD  ,Dolan,Co-Founder | Partner,https://www.linkedin.com/in/jd-dolan-ldr/,
http://www.ldrgp.com/,LDR Partners LP,"327,649.21",William  ,Brame,Partner ,https://www.linkedin.com/in/william-brame-cfa-317598a4/,
http://www.ldrgp.com/,LDR Partners LP,"327,649.21",Ryan  ,Martin,Managing Partner,https://www.linkedin.com/in/ryanphillipmartin/,
https://www.uwulend.fi/,UwU Lend,"327,520.18",,,,,
https://openocean.finance,OpenOcean,"327,224.61",Cindy ,Wu,Co-Founder,https://www.linkedin.com/in/cindy-w-77602421?miniProfileUrn=urn%3Ali%3Afs_miniProfile%3AACoAAARz0UoBV8FQ1J1tQUEOpNfi8WOOlPmVOwo&lipi=urn%3Ali%3Apage%3Acompanies_company_people_index%3B5d3fa6a3-cfd3-4253-98ce-fbcb8999d43f,
https://www.wardenswap.com,WardenSwap,"325,364.12",,,,,
https://0x0.ai,0x0.ai,"324,745.10",,,,,
https://www.antarctic.exchange/,Antarctic,"324,001.12",,,,,
https://1dex.com,1DEX,"323,831.24",,,,,
https://pikaprotocol.com,Pika,"322,229.60",,,,,
https://www.tribe.run/,Tribe.run,"320,594.31",,,,,
https://defifranc.com,DeFi Franc,"320,207.74",,,,,
https://nsure.network/,Nsure,"318,622.23",,,,,
https://app.jewelswap.io/stake/EGLD,JewelSwap Liquid Staking,"318,199.59",Viktor ,V,Co-Founder,https://www.linkedin.com/in/vostrikov-viktor/,
https://sonne.finance,Sonne Finance,"317,895.52",,,,,
https://www.nimbora.io/,Nimbora Yield,"315,752.42",Sacha ,Graff,Co-Founder,http://www.linkedin.com/in/sacha-graff-395987197,
http://www.intercroneswap.com,Intercroneswap,"314,885.88",,,,,
https://app.inswap.ai/,InSwap,"313,839.82",,,,,
https://myth.finance/dualSTAKE,Myth Finance dualSTAKE,"312,686.55",,,,,
https://gra.fun/,GraFun,"311,451.31",,,,,
https://plunderswap.com/swap,PlunderSwap,"311,252.65",,,,,
https://dapp.tokenpocket.pro/StakeVault/#/,TokenPocket,"311,168.75",,,,,
https://zilswap.io/swap,ZilSwap,"310,082.56",,,,,
https://keom.io,Keom Protocol,"309,750.36",,,,,
https://bunni.xyz/,Bunni,"309,178.89",,,,,
https://steroids.finance/,Steroids,"308,885.01",,,,,
https://app.cega.fi,Cega,"308,281.97",,,,,
https://oolongswap.com/#/,OolongSwap,"308,188.44",,,,,
https://www.arcade.xyz,Arcade.xyz,"307,807.19",,,,,
https://www.turboflow.xyz/home,TurboFlow,"307,613.51",,,,,
https://uxd.fi/,UXD,"306,798.38",,,,,
https://ape.bond/,ApeSwap Lending,"306,743.30",Santiago ,S.,Chief Executive Officer,https://www.linkedin.com/in/ssienra?miniProfileUrn=urn%3Ali%3Afs_miniProfile%3AACoAABadR9wB6VA2uv6NajSEYZRYgRmlw8uRuTU&lipi=urn%3Ali%3Apage%3Acompanies_company_people_index%3B2443bfe9-2686-4c26-a8a5-8a310d221756,
https://swerve.fi/,Swerve,"305,413.44",,,,,
https://marsecosystem.com/home,Mars Ecosystem,"304,032.05",,,,,
https://sparklex.ai/,SparkleX,"303,780.12",Kevin ,Liang,Founder ,http://www.linkedin.com/in/k8liang,
https://solid.xyz,Solid Yield,"303,413.99",,,,,
https://jarvis.network/,Jarvis Network,"298,565.58",,,,,
https://www.socialswap.io,SocialSwap,"297,221.81",,,,,
http://auro.finance/,Auro Finance,"295,877.79",,,,,
https://www.gainzswap.xyz,GainzSwap,"295,634.93",,,,,
https://app.rubicon.finance/swap,Rubicon,"291,532.82",Benjamin ,Hughes,Co-Founder & CEO ,https://www.linkedin.com/in/benjaminghughes?miniProfileUrn=urn%3Ali%3Afs_miniProfile%3AACoAACRLwWYBDH7DNq3dVGexGMX0Pd32-OIK6ws&lipi=urn%3Ali%3Apage%3Acompanies_company_people_index%3B541cffcd-8d33-4e95-915a-9f8460817124,
https://electra.trade/,Electra,"289,313.04",,,,,
https://onedex.app,One Dex,"289,123.91",,,,,
https://mvcswap.com,MVCSwap,"287,684.40",,,,,
https://www.yelay.io/,Yelay,"287,351.01",Francisco ,Palminha,Chief Operating Officer (COO) & Strategy and BD Manager,https://www.linkedin.com/in/franciscopalminha/,
https://yam.finance/,Yam Finance,"285,706.12",,,,,
https://www.voltz.xyz,Voltz,"285,700.31",,,,,
https://usdo.finance/en/,USDO,"285,338.36",,,,,
https://app.dezswap.io/trade/swap,Dezswap,"285,085.23",,,,,
https://powerflow.asia,PowerFlow,"284,560.97",,,,,
https://klex.finance,KLEX Finance,"283,235.94",,,,,
https://dfs.fun/swap,DFS,"282,293.53",,,,,
https://defiplaza.net/,DefiPlaza,"281,748.16",Timan ,Rebel,Co-Founder,https://www.linkedin.com/in/timanrebel/,
https://filfi.io,FilFi,"279,413.91",,,,,
https://nightshade.finance/,Nightshade Finance,"279,066.43",,,,,
https://www.astriddao.xyz/,AstridDAO,"278,951.48",,,,,
https://lien.finance/,Lien,"276,694.71",,,,,
https://www.mufex.finance,MUFEX,"276,642.69",,,,,
https://app.layerakira.xyz,LayerAkira,"276,372.71",Nikita  ,Mishin,Chief Technology Officer,https://www.linkedin.com/in/garrancha/,
https://www.taraswap.app,Taraswap,"274,918.67",,,,,
https://ultronswap.com,UltronSwap,"274,116.31",Vusi ,Sibanyoni,Chief Executive Officer,https://www.linkedin.com/in/vusi-sibanyoni-905389280?miniProfileUrn=urn%3Ali%3Afs_miniProfile%3AACoAAERmLdUB8lgRgr31mVPa8qnRRC1YViffNSg&lipi=urn%3Ali%3Apage%3Acompanies_company_people_index%3B7a29c9e1-f416-4446-b503-069211b8caa7,
https://basis.cash/,Basis Cash,"271,367.90",,,,,
https://www.cozy.finance,Cozy,"270,891.15",Payom ,Dousti,"Cofounder, CEO",https://www.linkedin.com/in/payomdousti?miniProfileUrn=urn%3Ali%3Afs_miniProfile%3AACoAAAMYSW4BxLCqnG_Wy46gG5I2HkruTPYG0hY&lipi=urn%3Ali%3Apage%3Acompanies_company_people_index%3Beddc6832-4dba-44ec-bb59-3e9abdad6ae5,
https://www.cozy.finance,Cozy,"270,891.15",Tony ,Sheng,Cofounder,https://www.linkedin.com/in/tonysheng?miniProfileUrn=urn%3Ali%3Afs_miniProfile%3AACoAAALku_UBEAD0RGKvCyZmHFXZ02GEbKAmmeY&lipi=urn%3Ali%3Apage%3Acompanies_company_people_index%3Beddc6832-4dba-44ec-bb59-3e9abdad6ae5,
https://union.finance,Union Protocol,"270,880.03",Jacob ,Shiach,ceo,https://www.linkedin.com/in/jacobshiach?miniProfileUrn=urn%3Ali%3Afs_miniProfile%3AACoAAAITHdUBsfXFozvp0f6igYFTKPCbnWWHfPI&lipi=urn%3Ali%3Apage%3Acompanies_company_people_index%3Bdec448ea-20aa-419a-a7eb-68739ae3ba32,
https://union.finance,Union Protocol,"270,880.03",Max ,Weng,Co-Founder,https://www.linkedin.com/in/minweng/,
https://balmy.xyz,Balmy,"270,591.19",,,,,
https://tonswap.io/swap,FlatQube,"270,453.00",,,,,
https://www.cap.io,Cap Finance v1-v3,"269,834.20",,,,,
https://javsphere.com/,Javsphere,"268,457.66",,,,,
https://garuda-defi.org,GarudaDefi,"267,006.69",,,,,
http://www.ethos.com/,Ethos,"266,634.06",Peter ,Colis,CEO ,https://www.linkedin.com/in/petercolis?miniProfileUrn=urn%3Ali%3Afs_miniProfile%3AACoAAAl142MBqy2p4WVxL38bOPsScAvk3PGeaKM&lipi=urn%3Ali%3Apage%3Acompanies_company_people_index%3B3283710b-2458-4387-9e13-55682103b603,
http://www.ethos.com/,Ethos,"266,634.06",Chris ,Capozzi,Chief Financial Officer,https://www.linkedin.com/in/cmcapozzi?miniProfileUrn=urn%3Ali%3Afs_miniProfile%3AACoAAARY7PIBHk3bAZqH3ey2EpgP9tYjGcKlZJE&lipi=urn%3Ali%3Apage%3Acompanies_company_people_index%3B3283710b-2458-4387-9e13-55682103b603,
https://earnium.io/,Earnium,"265,173.71",Blake ,Trần,CEO/Co-Founder,https://www.linkedin.com/in/quang-dai95?miniProfileUrn=urn%3Ali%3Afs_miniProfile%3AACoAACCHVOUBxRNyYBJ6vDpHDU6rhmUF5x7QgU8&lipi=urn%3Ali%3Apage%3Acompanies_company_people_index%3B5ebc9afa-8f61-406a-86a0-5b708e76cc1b,
https://earnium.io/,Earnium,"265,173.71",Michelle ,Vu,Co-Founder & CMO,https://www.linkedin.com/in/smeiv02/,
https://bladeswap.xyz,BladeSwap AMM,"261,109.65",,,,,
https://umbra.finance/swap,Umbra,"260,884.65",Gabe ,Dominocielo,Co-Founder,https://www.linkedin.com/in/dominocielo?miniProfileUrn=urn%3Ali%3Afs_miniProfile%3AACoAABz4agwBUw3Xzm6l36GBcdzN2wK1Eec--ik&lipi=urn%3Ali%3Apage%3Acompanies_company_people_index%3Bff916297-60d1-4f45-9511-466afa019256,
https://umbra.finance/swap,Umbra,"260,884.65",Todd ,Master,COO ,https://www.linkedin.com/in/toddrmaster?miniProfileUrn=urn%3Ali%3Afs_miniProfile%3AACoAAAByyJ4B_CAuN5D-JGsKciilWk7qEY0CCFQ&lipi=urn%3Ali%3Apage%3Acompanies_company_people_index%3Bff916297-60d1-4f45-9511-466afa019256,
https://wand.fi,Wand Protocol,"260,841.43",,,,,
https://alcor.exchange,Alcor Exchange,"259,691.32",,,,,
https://filda.io/,FilDA,"258,309.31",,,,,
https://app.lynx.finance/,Lynx,"257,362.63",,,,,
https://app.blueberry.garden,Blueberry,"257,207.41",Jonathan ,Thomas,Co-Founder,https://www.linkedin.com/in/jonathandthomas1?miniProfileUrn=urn%3Ali%3Afs_miniProfile%3AACoAABzH18UBPAV2vFJ-nJnDjemi4-IxxJI7Xys&lipi=urn%3Ali%3Apage%3Acompanies_company_people_index%3Ba28d2764-9e6d-422e-bde4-a39a62f3ece5,
https://gambit.financial,Gambit Financial,"254,323.68",Thomas ,Soumagne,Chief Operating Officer,https://www.linkedin.com/in/thomas-soumagne-32672961?miniProfileUrn=urn%3Ali%3Afs_miniProfile%3AACoAAA0ZhI4B6WBonfVOzAVf5anj1d-BjW7Ag-I&lipi=urn%3Ali%3Apage%3Acompanies_company_people_index%3B5ffd2cb3-9c58-43f8-8648-9d9d659fd7fd,
https://gambit.financial,Gambit Financial,"254,323.68",Delphine ,Boufflette,CFO,https://www.linkedin.com/in/delphine-boufflette-80656b1b/,
https://app.slingshot.finance/swap/CANTO,Canto Dex,"253,391.95",,,,,
https://swap.thetatoken.org/swap/,ThetaSwap,"252,522.18",,,,,
https://shimmerbridge.org/bridge,ShimmerBridge,"252,402.10",,,,,
https://ten.finance,TEN Finance,"252,156.72",,,,,
https://spartadex.io/,SpartaDex,"252,112.49",,,,,
https://app.hyperstable.xyz/r/DEFILLAMA,Hyperstable CDP,"251,984.18",,,,,
https://www.pandaswap.xyz/#/,PandaSwap,"251,777.36",,,,,
https://xpressprotocol.com,XPress Protocol,"251,485.06",,,,,
https://suidollar.io/,SuiDollar,"250,525.16",,,,,
https://unsheth.xyz,unshETH,"249,463.39",,,,,
https://01.xyz/,1,"246,183.68",,,,,
http://www.sio2.finance,SiO2 Finance,"245,685.21",,,,,
https://cubdefi.com,Cub Finance,"245,171.51",,,,,
https://TidalDex.com,TidalDex,"245,069.84",,,,,
https://app.alita.finance,Alita Finance,"244,872.70",,,,,
https://oraidex.io,OraiDEX,"244,288.63",,,,,
https://tethys.finance,Tethys AMM,"243,899.34",George,Nikiforidis,CFO,https://www.linkedin.com/in/george-nikiforidis-2413215/,
https://namifi.app/nami-index,Nami Index,"241,214.10",David,Levy,CFO,https://www.linkedin.com/in/dlevy437/,
https://namifi.app/nami-index,Nami Index,"241,214.10",Nano ,,CFO,https://www.linkedin.com/in/%E7%B1%B3%E5%85%AD-%E7%BA%B3-93874b368/,
https://elexium.finance/,Elexium,"240,262.96",,,,,
https://kim.exchange,KIM Exchange,"240,259.35",,,,,
https://polycat.finance,Polycat,"240,231.28",,,,,
https://zivoe.com/,Zivoe,"239,442.66",Jay,Abbasi,Founder,https://www.linkedin.com/in/jay-abbasi/,
https://zivoe.com/,Zivoe,"239,442.66",Kristal,G,Founder,https://www.linkedin.com/in/kristal-gruevski/,
https://burgerswap.org/trade/swap,BurgerSwap,"239,403.28",,,,,
https://www.liquiddriver.finance,Liquid Driver,"238,357.83",,,,,
https://app.solarbeam.io/exchange/swap,Solarbeam,"237,965.06",,,,,
https://kurrency.io,Kurrency,"236,103.15",,,,,
https://leetswap.finance,LeetSwap,"233,925.76",,,,,
https://molten.finance/,Molten,"233,679.80",,,,,
https://swap.assetchain.org,Asset Chain Swap,"231,493.75",Ugochukwu,Aronu,Co-Founder,https://www.linkedin.com/in/ugochukwu-aronu-4477a59b/,
https://swap.assetchain.org,Asset Chain Swap,"231,493.75",Emmanuel,On,Co-Founder,https://www.linkedin.com/in/emmanuel-okoro-9163b480/,
https://tonco.io,TONCO,"230,599.23",,,,,
https://sailfish.finance,SailFish Finance,"230,570.07",,,,,
https://app.voltage.finance/,Voltage V4,"230,514.56",,,,,
https://obsidian.finance,Obsidian,"229,920.35",,,,,
https://horizonprotocol.com/,Horizon Protocol,"229,480.35",,,,,
https://minterest.com,Minterest,"229,466.53",Kyn,Chaturvedi,CEO,https://www.linkedin.com/in/kynchaturvedi/,
https://minterest.com,Minterest,"229,466.53",Jamie,Gilbertson,COO,https://www.linkedin.com/in/jamesgilbertson2024/,
https://o2.app,O2 Exchange,"228,479.55",,,,,
https://omni.exchange,Omni Exchange,"227,952.04",,,,,
https://www.ixs.finance/,IXS,"226,000.65",Asaf,Yosifov,Co-Founder,https://www.linkedin.com/in/asaf-yosifov-3767b951/,
https://www.ixs.finance/,IXS,"226,000.65",Nishtha,Pandey,Partner,https://www.linkedin.com/in/nishtha-pandey-71b906105/,
https://fungify.it/,Fungify,"224,763.96",,,,,
https://www.rangeprotocol.com,Skate Fi,"223,725.39",,,,,
https://tbill.io,ThetaCash,"222,752.64",MAXIMILIAN,PRINCEWILL,Owner,https://www.linkedin.com/in/gworldbllc/,
https://swap.coffee/dex,swap.coffee,"222,513.13",Michele,Inetovsky,CEO,https://www.linkedin.com/in/inetovsky/,
https://swap.coffee/dex,swap.coffee,"222,513.13",Alex,L,COO,https://www.linkedin.com/in/aleksey100/,
https://www.k9finance.com,K9 Finance DAO,"222,395.03",,,,,
https://swap.crodex.app,Crodex,"222,368.87",,,,,
https://www.uniwhale.co,Uniwhale,"222,273.65",,,,,
https://fortunafi.com/,Fortunafi,"221,821.20",Nicholas,Garcia,Founder,https://www.linkedin.com/in/ngarcia3/,
https://chewyswap.dog,ChewySwap,"221,552.33",,,,,
https://rootfinance.xyz/,Root Finance,"221,521.98",,,,,
https://gravityfinance.io/,Gravity Finance,"221,439.72",,,,,
https://wasabix.finance/#/app,Wasabix,"221,095.32",Lim,Hao,Founder,https://www.linkedin.com/in/jjinghao/,
https://www.dopex.io,Stryke CLAMM,"220,914.27",,,,,
https://impossible.finance,Impossible Finance,"220,300.64",,,,,
https://app.energiswap.exchange/#/swap,Energiswap,"220,075.77",,,,,
https://okiedokie.fun/,OkieSwap,"219,269.36",,,,,
https://www.enclabs.finance/,Enclabs,"219,045.17",,,,,
https://www.alphaarcade.com/,Alpha Arcade,"218,095.74",,,,,
https://somnia.exchange/,Somnia Exchange,"217,693.97",,,,,
https://www.gliquid.xyz/swap,Gliquid,"216,918.99",,,,,
https://metalswap.finance,MetalSwap,"216,699.58",,,,,
https://www.g8.xyz,g8keep,"214,685.09",Stephen,P.,Co-Founder,https://www.linkedin.com/in/spleo/,
https://app.quill.finance/,Quill Finance,"214,341.70",Paulo,Gouveia,Co-Founder,https://www.linkedin.com/in/paulogouveiaeth/,
https://killswitch.finance,KillSwitch,"213,793.00",Weeraphat,Jungsomjatepaisal,COO,https://www.linkedin.com/in/weeraphat-jungsomjatepaisal/,
https://killswitch.finance,KillSwitch,"213,793.00",Mr.Chanon,Yaklai,CEO,https://www.linkedin.com/in/chanonyak/,
https://mosaic.ag,Mosaic AMM,"213,723.42",Clint,Gould,Co-Owner,https://www.linkedin.com/in/clint-gould-41831140/,
https://mosaic.ag,Mosaic AMM,"213,723.42",Maksim,Mostovoi,Co-Founder,https://www.linkedin.com/in/maksim-mostovoi-642362176/,
https://app.kriya.finance/spot/liquidity,Kriya CLMM,"213,558.17",,,,,
https://www.starkdefi.com,StarkDeFI,"212,836.70",,,,,
https://percent.com/,Percent Finance,"210,076.02",Nelson,Chu,Founder,https://www.linkedin.com/in/nelson-chu/,
https://percent.com/,Percent Finance,"210,076.02",Prath,Reddy,CEO,https://www.linkedin.com/in/prath/,
https://alkemi.network,Alkemi,"209,857.40",,,,,
https://udonfi.xyz/,UdonFi,"209,342.86",,,,,
https://layer2.finance,Layer2 Finance,"209,289.09",,,,,
https://voltswap.finance,VoltSwap,"208,765.14",,,,,
https://winnieswap.com,WinnieSwap,"208,765.12",,,,,
https://trade.swych.finance/,Swych Perpetual,"208,632.23",,,,,
https://reddex.io,reddex,"207,328.17",,,,,
https://x2y2.io,X2Y2,"206,387.09",,,,,
https://granary.finance/,Granary Finance,"204,670.24",,,,,
https://indexed.finance/,Indexed Finance,"204,578.52",,,,,
https://doubler.pro/#/home,Doubler,"203,897.50",,,,,
https://app.8lends.io,8lends,"203,875.49",,,,,
https://amphor.io,Amphor,"202,332.53",,,,,
https://syno.finance/,SYNO Finance,"202,284.32",,,,,
https://www.ebtc.finance/,eBTC Protocol,"201,936.56",,,,,
https://lsp.finance,LSP.Finance,"201,580.08",Ludwig,Spiesser,Partner,https://www.linkedin.com/in/ludwig-spiesser-9b4324143/,
https://www.usepicnic.com,Picnic,"200,470.04",Joao,Ferreira,CEO,https://www.linkedin.com/in/joaoavf/,
https://www.usepicnic.com,Picnic,"200,470.04",Pedro,Brandao,Co-Founder,https://www.linkedin.com/in/pgbrandao/,
https://app.electroswap.io/swap,ElectroSwap,"199,542.91",,,,,
https://dyson.finance/,Dyson Finance,"199,260.37",,,,,
https://excellion.finance/,Excellion Finance,"199,036.32",Alexander,Rubin,CEO,https://www.linkedin.com/in/alexander-rubin-ceo/,
https://excellion.finance/,Excellion Finance,"199,036.32",Konstantin,Penkovskiy,Co-Founder,https://www.linkedin.com/in/konstantin-penkovskiy-487b22247/,
https://metropolis.exchange,Metropolis DLMM,"198,681.96",,,,,
https://www.cook.finance,Cook Finance,"198,539.68",,,,,
https://ifpool.io,IFPool,"195,977.16",,,,,
https://ociswap.com/,Ociswap Precision,"195,843.97",Lukas,Steffen,Co-Founder,https://www.linkedin.com/in/lukas-steffen/,
https://sharky.fi,Sharky,"195,360.30",Rea,Loretta,Co-Founder,https://www.linkedin.com/in/rea-loretta/,
https://sharky.fi,Sharky,"195,360.30",Anton,Vynogradenko,CEO,https://www.linkedin.com/in/restuta/,
https://zenlink.pro,Zenlink AMM,"194,959.20",,,,,
https://kuswap.finance,KuSwap,"193,999.77",,,,,
https://nested.fi,Nested,"193,181.29",Nested,Wallet,Owner,https://www.linkedin.com/in/nested-27001031b/,
https://infusion.finance,Infusion,"193,023.12",,,,,
https://pstake.finance,pSTAKE LSD,"192,828.20",,,,,
https://deq.fi,Deq,"192,722.01",,,,,
https://www.nuri.exchange,Nuri CL,"192,423.41",,,,,
https://suterusu.io,Suterusu,"191,946.89",,,,,
https://ape.store/,Ape.Store,"191,464.51",,,,,
https://www.opium.network/,Opium,"187,416.27",Andrey,Belyakov,Founder,https://www.linkedin.com/in/andrey-belyakov/,
https://www.opium.network/,Opium,"187,416.27",Ali,Nuraldin,Co-Founder,https://www.linkedin.com/in/ali-nuraldin-1aa50676/,
https://swapx.exchange/en,SwapX Xone Chain,"186,401.65",,,,,
https://mantissa.finance,MantisSwap,"186,378.15",,,,,
https://amanadefi.com/,Amana,"185,748.56",,,,,
https://goatswap.fi/,GoatSwap,"185,296.16",,,,,
https://ionex.trade,Ionex,"185,113.35",,,,,
https://ostable.org,Ostable,"183,828.14",,,,,
https://eggs.finance/,Eggs Finance,"183,368.56",,,,,
https://basic.loans/,Basic,"182,985.31",,,,,
https://kogefarm.io,Kogefarm,"182,941.54",,,,,
https://atlantisdex.xyz/,Atlantis DEX,"182,792.37",,,,,
https://www.frigg.eco/,Frigg.eco,"182,532.15",Paal,Brantzeg,CEO,https://www.linkedin.com/in/paal-a-brantzeg-a671933/,
https://www.frigg.eco/,Frigg.eco,"182,532.15",Philip,Berntsen,Founder,https://www.linkedin.com/in/philip-berntsen-a97b9733/,
https://www.haiko.xyz/,Haiko,"182,359.95",,,,,
https://www.246club.xyz/,246Club,"181,921.72",,,,,
https://savvydefi.io,Savvy,"181,423.81",,,,,
https://nusa.io/,Nusa,"181,210.04",,,,,
https://zkbase.org/,ZKSwap,"180,648.28",,,,,
https://treasure.lol,Treasure Bridge,"180,414.10",,,,,
https://agentfi.io/,AgentFi,"179,964.13",,,,,
https://autoshark.finance,AutoShark,"179,179.44",Chuck,Davis,CEO,https://www.linkedin.com/in/chuck-davis-6b0aa5188/,
https://sithswap.com,SithSwap,"178,616.11",,,,,
https://www.taigaprotocol.io,Taiga Acala,"178,093.69",,,,,
https://www.econialabs.com,Econia,"177,215.82",,,,,
https://www.mummy.finance,Mummy Finance,"175,277.97",,,,,
https://www.bridgemutual.io,Bridge Mutual,"174,079.13",,,,,
https://arbera.io/,Arbera,"174,034.97",,,,,
https://app.particle.trade/,Particle LAMM,"173,669.56",,,,,
https://para.space,ParaSpace Lending,"172,694.90",Yubo,Ruan,Founder,https://www.linkedin.com/in/yubo-ruan/,
https://www.kalax.io/,Kalax,"172,346.93",,,,,
https://www.bitgenie.io/swap,BitGenie AMM,"172,021.81",,,,,
https://realperp.com,Realperp,"171,285.84",,,,,
https://www.spicefi.xyz,Spice Finance,"171,098.85",Dylan,Vu,Co-Founder,https://www.linkedin.com/in/dylanduyvu/,
https://varen.fi/,Varen,"170,376.02",,,,,
https://kord.fi/,KordFi,"170,247.78",,,,,
https://valueliquid.io/#/swap,Value Liquid,"169,667.78",,,,,
https://dapp.multichainz.com/,MultichainZ,"169,371.26",Sash,Jeetun,CEO,https://www.linkedin.com/in/jeetunsash/,
https://dapp.multichainz.com/,MultichainZ,"169,371.26",Aanchal,..,COO,https://www.linkedin.com/in/aanchal-33082218/,
https://www.hotbit.io,Hotbit,"169,083.65",,,,,
https://domani.finance/,Domani Protocol,"168,358.11",Nicola,Lanteri,CEO,https://www.linkedin.com/in/nicola-lanteri/,
https://domani.finance/,Domani Protocol,"168,358.11",Nicola,Dalmazzo,Co-Founder,https://www.linkedin.com/in/nicola-dalmazzo-85a2233/,
https://www.paladin.vote,Paladin Vote,"168,257.31",Romain,Figuereo,Founder,https://www.linkedin.com/in/romain-figuereo-126a3392/,
https://multibit.exchange/,MultiBit Protocol,"168,219.61",,,,,
https://app.persistence.one,Persistence DEX,"167,777.11",Jeroen,Develter,CEO,https://www.linkedin.com/in/jeroendevelter/,
https://carmine.finance,Carmine Options,"166,784.58",Marek,Hauzr,Founder,https://www.linkedin.com/in/marek-hauzr-8016077b/,
https://carmine.finance,Carmine Options,"166,784.58",Andrej,Chepelau,Co-Founder,https://www.linkedin.com/in/andrej-chepelau/,
https://astros.ag/perp,Astros Perp,"166,081.48",,,,,
https://www.shellprotocol.io/,Shell Protocol,"165,806.31",,,,,
https://lending.friendly.market/,Friendly Market,"165,802.77",Jesse,Mann,CEO,https://www.linkedin.com/in/jesse-mann-416a53147/,
https://pluto.so/,Pluto,"165,060.30",,,,,
https://citrus.famousfoxes.com,Citrus,"164,884.45",,,,,
https://basilisk.org,Basilisk,"164,840.06",Hans,K.,Co-Founder,https://www.linkedin.com/in/hanskassier/,
https://btn.group,BtnGroup,"164,612.76",,,,,
https://lending.usdfi.com/usdlend,USDFI Lending,"164,372.83",Tommy,Tietze,COO,https://www.linkedin.com/in/tommy-tietze/,
https://fvm.hashmix.org/#/deposit,HashMix FIL,"164,350.68",,,,,
https://app.affinedefi.com/restake,Affine Restaking,"164,011.78",,,,,
https://dopple.finance/,Dopple Finance,"163,755.32",,,,,
https://ideamarket.io,Ideamarket,"163,242.49",Mike,Elias,Founder,https://www.linkedin.com/in/harmonylion/,
https://magicsquare.io/,Magic Square,"162,827.51",Benjamin,Vodovozov,Co-Founder,https://www.linkedin.com/in/benjamin-vodovozov/,
https://magicsquare.io/,Magic Square,"162,827.51",Andrew,Nayman,Co-Founder,https://www.linkedin.com/in/nayco/,
https://lendonape.com/markets,ApeBank,"162,356.19",,,,,
https://sharkswap.finance,SharkSwap DEX,"162,127.01",,,,,
https://magiceden.io,Magic Eden,"161,962.33",Jack,Lu,CEO,https://www.linkedin.com/in/jacktanlu/,
https://magiceden.io,Magic Eden,"161,962.33",Zhuoxun,Yin,COO,https://www.linkedin.com/in/zhuoxun-yin-3ba93728/,
https://palladiumlabs.org,Palladium Protocol,"161,893.15",Akshay,Sinha,Co-Founder,https://www.linkedin.com/in/sinhaakshay/,
https://palladiumlabs.org,Palladium Protocol,"161,893.15",Akash,Gaurav,CEO,https://www.linkedin.com/in/akashgaurav/,
https://gud.tech,Gud.Tech,"161,886.40",Martin,Derka,Co-Founder,https://www.linkedin.com/in/mderka/,
https://gud.tech,Gud.Tech,"161,886.40",Jan,Gorzny,Co-Founder,https://www.linkedin.com/in/jangorzny/,
https://app.divvy.bet,Divvy.Bet,"161,789.54",Carlos,Liang,CEO,https://www.linkedin.com/in/carlos-liang-38336433/,
https://ironclad.finance/,Ironclad Finance,"160,923.63",,,,,
https://stabull.finance,Stabull Finance,"160,653.13",Jason,Hartgrave,COO,https://www.linkedin.com/in/jasonhartgrave/,
https://kokonutswap.finance,Kokonut Swap,"159,572.56",,,,,
https://zks.gemswap.online/swap,GemSwap,"158,916.32",,,,,
https://duckpools.io,duckpools,"158,734.76",,,,,
https://chimpx.ai/,ChimpX AI,"157,761.76",Saurabh,Sharma,Co-Founder,https://www.linkedin.com/in/saurabh-sharma-8540a8282/,
https://chimpx.ai/,ChimpX AI,"157,761.76",Akshay,Nassa,CEO,https://www.linkedin.com/in/akshaynassa/,
https://www.insurace.io,InsurAce,"157,560.52",,,,,
https://infinitypools.finance/,InfinityPools,"157,267.36",,,,,
https://hundred.finance,Hundred Finance,"157,108.90",,,,,
https://bidask.finance/en/app,Bidask,"156,805.99",Nikita,Kinelovskiy,Co-Founder,https://www.linkedin.com/in/rends-east/,
https://jexchange.io,JEXchangeDefi,"156,758.57",,,,,
https://www.bodegamarket.io,Bodega Market,"156,110.03",Cory,Collombet,CEO,https://www.linkedin.com/in/cory-collombet-416350107/,
https://www.chickenswap.org/#/,ChickenSwap,"155,816.65",,,,,
https://www.aerostrategy.finance/,Aerostrategy,"155,549.08",,,,,
https://revest.finance,Revest Finance,"155,158.24",Rob,Montgomery,Founder,https://www.linkedin.com/in/rhmontgomery/,
https://dexlyn.com/,Dexlyn Labs,"154,594.70",,,,,
https://mev.io/,MEV Protocol,"153,031.40",,,,,
https://www.deltatrade.ai,DeltaTrade,"152,886.01",,,,,
https://www.bondlink.finance,Bondlink Finance,"151,991.52",Colin,MacNaught,CEO,https://www.linkedin.com/in/colinmacnaught/,
https://www.bondlink.finance,Bondlink Finance,"151,991.52",Carl,Query,Co-Founder,https://www.linkedin.com/in/carlquery/,
https://velocore.xyz,Velocore,"151,909.11",,,,,
https://www.degenprime.io,DegenPrime,"151,795.86",,,,,
https://dashboard.libre.org/swap,Libre Swap,"151,791.34",Jacqueline,Bower,Founder,https://www.linkedin.com/in/jacqueline-bower-722802279/,
https://www.crema.finance,Crema Finance,"151,606.98",,,,,
https://www.bmx.trade,BMX Freestyle,"150,896.31",Deez,Deez N,COO,https://www.linkedin.com/in/deez-n-1a77a1283/,
https://www.biconomy.io,Hyphen,"150,540.88",Ahmed,Balaghi,Co-Founder,https://www.linkedin.com/in/ahmedalbalaghi/,
https://www.biconomy.io,Hyphen,"150,540.88",Aniket,Jindal,Co-Founder,https://www.linkedin.com/in/aniket-jindal-23894365/,
https://omm.finance,Omm,"150,406.01",,,,,
https://gudchain.com/,Gudchain,"150,189.93",,,,,
https://www.babylon.finance,Babylon Finance,"149,993.13",,,,,
https://untangled.finance,Untangled Vault,"149,398.60",Manrui,Tang,Co-Founder,https://www.linkedin.com/in/manrui-tang-6a79aa28/,
https://untangled.finance,Untangled Vault,"149,398.60",Quan,Le,Co-Founder,https://www.linkedin.com/in/quan-le-binkabi/,
https://xave.co,Xave Finance,"148,564.92",Jun,Yong,Co-Founder,https://www.linkedin.com/in/jun-ming-yong-a12b9810b/,
https://primefi.xyz/,PrimeFi,"148,210.91",,,,,
https://laserswap.finance,LaserSwap,"146,866.63",,,,,
https://photonswap.finance,PhotonSwap Finance,"146,611.39",,,,,
https://9summits.io,9Summits,"145,977.83",,,,,
https://app.cybro.io,Cybro,"144,374.88",,,,,
https://float.capital,Float,"144,065.65",Jonathan,Clark,Co-Founder,https://www.linkedin.com/in/jonathan-clark-637344143/,
https://float.capital,Float,"144,065.65",Jason,Smythe,Co-Founder,https://www.linkedin.com/in/jason-smythe/,
https://www.hyperbloom.xyz/,HyperBloom,"143,810.66",,,,,
https://app.ostrich.exchange/explore,Ostrich,"143,357.22",,,,,
https://muffin.fi/,Muffin,"143,116.90",,,,,
https://app.hotcross.com,Hot Cross,"142,183.80",,,,,
https://swapbased.finance,SwapBased AMM,"141,849.16",,,,,
https://www.olivenetwork.xyz,Olive Network,"141,217.82",,,,,
https://www.yokaiswap.com,YokaiSwap,"140,999.90",,,,,
https://www.jpow.ai/,JPOW AI,"140,614.31",,,,,
https://app.catex.fi/,Catex,"140,247.39",,,,,
https://quicksilver.zone,Quicksilver Protocol,"138,397.56",,,,,
https://app.laraprotocol.com,Lara Protocol,"138,088.66",,,,,
https://molecular.finance/,Molecular,"137,181.02",,,,,
https://crosschainbridge.org,CrossChain Bridge,"135,909.05",,,,,
https://xai.games/,XAI Bridge,"135,869.65",John ,Shipman,Executive Director,http://www.linkedin.com/in/john-shipman-196a93,
https://cropper.finance,Cropper AMM,"135,831.41",,,,,
https://app.groveswap.io/swap,GroveCoin,"135,290.51",,,,,
https://niob.finance/,Niob Finance,"135,119.63",,,,,
https://illuminex.xyz/swap,illumineX,"134,831.10",,,,,
https://mars.poolin.fi,Mars Poolin,"133,064.90",,,,,
https://www.mindnetwork.xyz,Mind Network,"132,386.53",Christian ,Pusateri,Chief Executive Officer,https://www.linkedin.com/in/christian-pusateri,
https://www.mindnetwork.xyz,Mind Network,"132,386.53",Dennis ,Song,Co-Founder,linkedin.com/in/dennis-song-yh,
https://app.cennz.net/bridge,CENNZnet Bridge,"131,819.15",Eilish ,Thompson,Chief Executive Officer and Founder,https://www.linkedin.com/in/eilish-thompson-,
https://cvi.finance/,CVI Finance,"131,436.66",,,,,
https://www.meridianfinance.net,Meridian Lend,"130,687.37",,,,,
https://www.binaryswap.io/#/swap,Binary Swap,"129,332.91",,,,,
https://derivio.xyz,Derivio,"129,104.11",,,,,
https://archerswap.finance,ArcherSwap,"128,930.25",,,,,
https://www.wagyuswap.app,WagyuSwap,"128,389.46",,,,,
https://fusionx.finance,FusionX,"128,114.71",,,,,
https://www.unagii.com/,Unagii,"127,876.25",,,,,
https://www.surge.trade,Surge Trade,"127,311.93",,,,,
https://alphadex.io,Alphadex,"127,299.53",,,,,
https://www.verified.network/,Verified Network,"126,705.56",Kallol ,Borah,Founder,https://www.linkedin.com/in/kborah,
https://www.yamfore.com,Yamfore,"126,509.06",,,,,
https://app.aethonswap.com/,AethonSwap,"126,230.40",,,,,
https://squidswap.ink,SquidSwap,"126,174.19",,,,,
https://paintswap.io/,Paintswap on Sonic,"126,043.83",,,,,
https://carbonswap.exchange/#/swap,CarbonSwap,"125,972.20",,,,,
https://davos.xyz/,Davos Protocol,"125,740.79",,,,,
https://anetabtc.io,anetaBTC,"125,719.73",,,,,
https://cha.finance/,LuaSwap,"125,145.15",,,,,
https://dex.wynddao.com/pools,WYND DEX,"124,709.48",,,,,
https://sensi.fi/,Sensi,"124,684.30",,,,,
https://www.insuredao.fi,InsureDAO,"123,760.88",Rubio ,Kishigami,COO,https://www.linkedin.com/in/rubio-kishigami-31b029160,
https://penguinfinance.org/,Penguin Finance,"123,439.32",,,,,
https://vexchange.io/swap,Vexchange,"123,348.70",,,,,
https://www.teddyswap.org,TeddySwap,"123,256.75",,,,,
https://app.maxapy.io,maxAPY,"123,066.26",,,,,
https://nakachain.xyz/swap,Naka Dex,"121,834.86",,,,,
https://hydtprotocol.com,HYDT Protocol,"121,778.44",,,,,
https://fiatdao.com/,FIAT DAO,"121,734.18",,,,,
https://openleverage.finance,OpenLeverage,"121,727.04",,,,,
https://agave.finance,Agave,"121,585.66",,,,,
https://blum.io,Blum,"120,862.94",Gleb ,Kostarev,Co-Founder,https://www.linkedin.com/in/gleb-kostarev,
https://blum.io,Blum,"120,862.94",Vladimir ,Smerkis,Co-Founder,https://www.linkedin.com/in/smerkis,
https://ashperp.trade/,AshPerp,"120,438.91",,,,,
https://dew.finance/,DewFinance,"119,237.07",,,,,
https://ainnswap.xyz/home,AINN Swap,"119,022.11",,,,,
https://bitcow.xyz,bitCow,"118,633.02",Willy ,Villagra,Founder y Director,linkedin.com/in/willy-villagra-31a78770,
https://coin.nani.ooo,ZAMM,"118,509.68",,,,,
https://www.emojicoin.fun,Emojicoin.fun,"118,458.61",,,,,
https://lif3.com/swap,Lif3 Swap,"118,102.53",,,,,
https://aloe.capital,Aloe,"117,755.93",,,,,
https://inter.trade,Inter Protocol,"117,671.71",,,,,
https://kaiaswap.org/home,KaiaSwap,"117,534.62",,,,,
https://tankencapital.notion.site/Tanken-Capital-1841505ced0680d88c31feb5f6f83433,Tanken Capital,"117,524.03",Samuel  ,Flambard,Founder,http://www.linkedin.com/in/samuelflambard,
https://www.macaron.xyz,Macaron AMM,"117,468.31",,,,,
https://bakerfi.ai,BakerFi,"117,345.95",,,,,
https://rift.finance,Rift Finance,"115,486.96",,,,,
https://jellyverse.org/,Jellyverse,"115,282.25",,,,,
https://zipswap.fi/#/,ZipSwap,"115,193.14",Mozart ,Freitas,"CEO, Diretor",http://www.linkedin.com/in/mozart-freitas-cga-b975771a6,
https://www.steakhut.finance,SteakHut Liquidity,"114,867.29",,,,,
https://www.elix.fi/,Elix.fi,"114,368.06",,,,,
https://keikofinance.com/,Keiko Finance,"113,244.64",,,,,
https://www.alien.fi,AlienFi,"113,099.72",Thomas ,Alien,Co-Founder & Managing Partner,,
https://www.alien.fi,AlienFi,"113,099.72",Isabella ,Brooks,Chief Financial Officer (CFO) ,,
https://ufarm.digital,UFarm Digital,"112,799.43",Olga ,Tiagunova,Chief Executive Officer,https://www.linkedin.com/in/tiagunova-olga,
https://ufarm.digital,UFarm Digital,"112,799.43",Eugene ,Denisov,"Partner, Product Owner",https://www.linkedin.com/in/eugene-denisov-pmp,
https://www.gysr.io,Geyser,"111,661.13",,,,,
https://icecreamswap.com/,IcecreamSwap,"111,416.32",,,,,
https://bwpm.io,Bluewhale,"111,228.78",,,,,
https://www.stargaze.zone,Stargaze,"110,294.60",,,,,
https://www.sandclock.org,SandClock,"110,222.47",,,,,
https://barnbridge.com/,BarnBridge,"109,913.87",,,,,
https://kokoa.finance,Kokoa Finance,"109,647.68",,,,,
https://qx.qubic.org/,QX,"109,427.63",Leslie ,Kivit,Chief Operations Officer,https://www.linkedin.com/in/leslielapwingkivit,
https://app.lucidly.finance,Lucidly Finance,"108,807.53",Yashish ,Khurana,Founder,https://www.linkedin.com/in/yashish-khurana-a9b36a1a5,
https://v2.vanillaswap.org/#/swap,VanillaSwap,"108,524.52",,,,,
https://fs.bella.fi/,Bella Protocol,"108,473.68",,,,,
https://www.clip.finance/,Clip Finance,"107,017.71",,,,,
https://www.heliswap.io,HeliSwap,"106,932.68",,,,,
https://crunchy.network,Crunchy,"106,718.98",,,,,
https://conic.finance,Conic Finance,"106,531.68",,,,,
https://www.superp.xyz,Superp,"106,390.26",Michael ,Cameron,Co-Founder,https://www.linkedin.com/in/michael-cameron-337b1760,
https://www.superp.xyz,Superp,"106,390.26",Jon ,H,Chief Executive Officer,http://www.linkedin.com/in/jon-h-a930b6258,
https://kernelprotocol.com,Kernel Protocol,"105,688.77",,,,,
https://fireflydex.io,firefly,"104,456.88",,,,,
https://takoswap.app/,TAKOSWAP,"104,396.88",,,,,
https://www.justlock.io,JustLock,"104,243.56",,,,,
https://www.1intro.com,1INTRO,"104,052.02",,,,,
https://kaching.vip,Kaching,"104,045.35",,,,,
https://snowswap.xyz,SnowSwap AMM,"104,030.53",,,,,
https://friend3.group,Friend3,"103,620.69",Serhat ,Yanar,Chief Business Officer,http://www.linkedin.com/in/serhat-yanar-99112b105,
https://www.bondprotocol.finance/,Bond Protocol,"103,071.53",,,,,
https://tealswap.com,Tealswap,"103,022.74",,,,,
https://mobius.exchange/,Mobius Exchange,"102,939.10",,,,,
https://velofinance.io,Velo Finance,"102,822.42",,,,,
https://www.cyberperp.io/,Cyberperp,"102,686.19",,,,,
https://basisos.org/,BasisOS,"102,597.53",,,,,
https://swim.io/,Swim Protocol,"102,517.27",,,,,
https://dex.10kx.com,10KDex,"102,249.61",,,,,
https://joinstakehouse.com/,Stakehouse,"101,495.18",,,,,
https://app.definitive.fi/r/DEFILLAMA,Definitive,"101,396.22",,,,,
https://swapline.com,Swapline,"101,260.48",,,,,
https://cashcow.finance,CashCow Finance,"100,833.19",,,,,
https://swyrl.finance/,Swyrl CL,"100,807.47",,,,,
https://guacamole.gg,GuacSwap,"100,761.47",,,,,
https://nocturne.xyz/,Nocturne,"100,672.83",Daniel ,Park,Founding Team,http://www.linkedin.com/in/itsdanielpark,
https://app.orki.finance/,Orki Finance,"100,231.38",,,,,
https://app.chronos.exchange/,Chronos,"100,221.25",,,,,
https://jade.money,Jade Money,"99,978.27",,,,,
https://thornprotocol.com,Thorn Protocol,"99,924.59",,,,,
https://fractional.art,Fractional Art,"99,399.03",,,,,
https://bunicorn.exchange,Bunicorn,"98,877.79",,,,,
https://oreoswap.finance/,OreoSwap,"98,556.65",,,,,
https://www.circuit.farm,Circuit Protocol,"97,783.97",,,,,
https://hunny.finance,Hunny Finance,"97,642.31",,,,,
https://nft20.io,NFT20,"97,177.78",,,,,
https://bearn.sucks/home,Bearn,"96,805.71",,,,,
https://koalaswap.app/,KoalaSwap,"96,577.50",,,,,
https://kagla.finance,Kagla Finance,"96,563.44",,,,,
https://ploutos.money/,Ploutos Money,"95,860.99",,,,,
https://www.sir.trading,SIR,"95,756.96",,,,,
https://ambit.finance,Ambit Finance,"95,337.73",,,,,
https://mero.finance,Mero,"95,323.95",Katlyn ,Gallo,Founder,https://www.linkedin.com/in/katlyngallo,
https://mero.finance,Mero,"95,323.95",Tony ,Stubblebine,Chief Executive Officer,https://www.linkedin.com/in/tonystubblebine,
https://zearn.xyz/,Zearn Protocol,"95,105.80",,,,,
https://solid.online,SOLID,"95,006.35",,,,,
https://app.parallel.fi/ethereum/apps/paraspace,Parallel Lending,"94,996.67",,,,,
https://kroma.network/,Kroma,"94,851.61",Derek ,Chang,Chief Operating Officer and Co-Founder,https://www.linkedin.com/in/derek-junyoung-chang-043a941b,
https://kroma.network/,Kroma,"94,851.61",Tk ,Park,Chief Executive Officer,https://www.linkedin.com/in/tk-taekyu-park-1b691b15,
https://app.solidex.finance/swap,SoliDex Finance,"94,830.53",,,,,
https://liveart.io/,LiveArt,"93,752.13",Boris ,Pevzner,CEO and Co-Founder,linkedin.com/in/borispevzner,
https://dapp.goatup.io/,GOATUP,"93,644.17",,,,,
https://sonus.exchange,Sonus Exchange AMM,"92,829.78",,,,,
https://www.poolshark.fi/,Poolshark,"92,782.24",,,,,
https://wigoswap.io/,WigoSwap,"92,742.44",,,,,
https://www.methlab.xyz/puffpenthouse?page=stake,Puff Penthouse,"92,619.26",,,,,
https://app.kryptonite.finance/home,Kryptonite,"92,556.12",,,,,
https://goodentry.io,GoodEntry,"91,450.86",,,,,
https://linktr.ee/sphynxlabs,Sphynx,"91,418.53",Zaidoun ,Al-Owbydi,Chief Executive Officer,https://www.linkedin.com/in/zaidoun-%E2%80%9Clonzo%E2%80%9D-al-owbydi-61b210100,
https://hashstack.finance,Hashstack,"90,980.47",Vinay ,Kumar,Founder,https://www.linkedin.com/in/vinaydkumar,
https://polycub.com,PolyCub,"90,341.87",,,,,
https://www.plenty.network,Plenty,"90,242.95",,,,,
https://mochiswap.io,MochiSwap,"89,160.39",,,,,
https://swarm.markets,Swarm Markets,"88,997.92",Philipp ,Pieper,Co-Founder,https://www.linkedin.com/in/philipppieper,
https://swarm.markets,Swarm Markets,"88,997.92",Timo ,Lehes,Co-Founder and Managing Director,https://www.linkedin.com/in/timolehes,
https://eliteness.network/thick,2THICK,"88,997.13",,,,,
https://horizondex.io,HorizonDEX,"88,736.50",,,,,
https://nad.fun/,Nad.fun,"88,372.15",,,,,
https://hyperdrive.box,Hyperdrive,"87,846.57",,,,,
https://wefi.xyz,wefi,"87,706.79",Pranjal ,Prashar,Founder,http://www.linkedin.com/in/pranjalprashar,
https://w3swap.finance/,W3swap,"87,657.83",,,,,
https://loxodrome.xyz,Loxodrome AMM,"87,336.61",,,,,
https://www.sumswap.org/#/,SumSwap,"86,986.86",,,,,
https://dackieswap.xyz,DackieSwap,"86,628.34",,,,,
https://www.ayin.app,AYIN,"86,335.21",,,,,
https://tradingstrategy.ai/,TradingStrategy,"85,844.35",Mikko ,Ohtamaa,"CEO, co-founder",https://www.linkedin.com/in/ohtis,
https://tradingstrategy.ai/,TradingStrategy,"85,844.35",Teemu ,Sorvisto,Co-Founder,https://www.linkedin.com/in/cryptosaas,
https://winr.games,WINR Protocol,"85,766.92",,,,,
https://sector.finance,Sector Finance,"85,389.71",,,,,
https://app.dfx.finance,DFX,"85,299.02",Chinmay ,Gopal,Co-founder,http://www.linkedin.com/in/chinmay-gopal-721540166,
https://swap.country,Swap Country,"84,626.36",,,,,
https://bluelotusdao.org/?chain=gsys,BlueLotusDao DEX,"84,563.25",,,,,
https://www.orangefinance.io,Orange Finance,"84,485.31",Motoki ,Takahashi,Co-Founder and CEO,https://www.linkedin.com/in/motoki-takahashi-778225203,
https://relend.network,Relend Network,"83,687.55",,,,,
https://x.com/TonSettle,SettleTON,"83,499.54",,,,,
https://www.baryon.network,Baryon Network,"83,286.54",,,,,
https://trava.finance,Trava Finance,"83,282.54",,,,,
https://headstarter.org/,HeadStarter,"83,155.22",,,,,
https://umoja.xyz/smartcoins,Umoja yBTC,"82,895.96",,,,,
https://eos.atomichub.io,AtomicHub,"82,637.07",,,,,
https://vectorreserve.com,Vector Reserve,"82,438.22",,,,,
https://stake.dittofinance.io/,Ditto,"82,058.16",,,,,
https://bean.exchange,Bean Exchange,"82,037.32",,,,,
https://snowswap.org/,SnowSwap,"81,982.18",,,,,
https://spicyswap.xyz/#/app,SpicySwap,"81,600.21",,,,,
https://xswap.ms/swap/,xSwap DEX,"81,242.66",,,,,
https://yodeswap.dog,Yodeswap,"81,149.50",,,,,
https://www.gasp.xyz,Gasp,"80,716.41",Peter ,Kris,"Co-founder, CEO",https://www.linkedin.com/in/peter-kris-a7274054,
https://dapp.avely.fi,Avely Staking,"80,551.42",,,,,
https://pacificswap.xyz,PacificSwap,"80,075.65",,,,,
https://liquidfinance.io,Liquid Finance,"79,765.79",,,,,
https://governordao.org/,Governor DAO,"79,654.36",,,,,
https://app.algebra.finance,Algebra DEX,"79,505.30",Vladimir ,Tikhomirov,Founder,https://www.linkedin.com/in/vtikhomirov,
https://app.algebra.finance,Algebra DEX,"79,505.30",Alexandra ,Korneva,Co-Founder,https://www.linkedin.com/in/alexandrakorneva,
https://hashai.fi,HashAI,"79,477.94",,,,,
https://treedefi.com,TreeDefi,"79,372.72",,,,,
https://yama.finance/,Yama Finance,"79,243.81",,,,,
https://powerpool.finance/,PowerPool,"78,993.97",,,,,
https://zebra.xyz,Zebra,"78,942.12",,,,,
https://hebeswap.com,HebeSwap,"78,870.75",,,,,
https://interestprotocol.io,Interest Protocol,"78,858.99",,,,,
https://zkdx.io,zkDX,"78,532.59",,,,,
https://complusnetwork.com/,Complus Network,"78,351.31",,,,,
https://raccoonswap.finance/,RaccoonSwap,"77,848.28",,,,,
https://post.tech,PostTechSoFi,"77,579.97",,,,,
https://claimswap.org/,ClaimSwap,"76,851.32",,,,,
https://yieldwolf.finance,YieldWolf,"76,790.20",,,,,
https://bitcoin.me/us,Klever Exchange,"76,406.66",,,,,
https://swap.dovish.finance,Dove Swap,"76,308.11",,,,,
https://app.gardens.fund/,Gardens,"76,218.86",,,,,
https://rigoblock.com,Rigoblock,"76,077.37",Gabriele ,Rigo,CEO and Founder,https://www.linkedin.com/in/gabrielerigo,
https://app.quasar.fi,Quasar Vaults,"75,875.40",,,,,
https://memejob.fun,MemeJob,"75,482.04",,,,,
https://rcpswap.com/#/swap,RCPswap,"75,125.87",,,,,
https://nereus.finance/,Nereus Finance,"74,538.51",,,,,
https://saturnswap.io/,Saturn Swap,"74,043.59",,,,,
https://app.niifi.io/#/,NiiFi,"73,878.62",,,,,
https://beamswap.io,BeamSwap Classic,"73,738.28",Tim ,Erjavec,Chief Executive Officer,https://www.linkedin.com/in/timerjavec,
https://dex.noxa.fi/#/swap,NOXA,"73,381.23",,,,,
https://xy.finance,XY Finance,"73,350.57",,,,,
https://vendor.finance,Vendor,"72,992.02",,,,,
https://www.daytona.finance,Daytona Finance,"72,924.09",,,,,
https://algotard.io,Tardly,"72,784.57",,,,,
https://c3.io,C3 Exchange,"72,526.36",,,,,
https://www.baoswap.xyz/#/swap,BAO Swap,"72,079.91",,,,,
https://orderbook.polkadex.ee/trading,Polkadex,"72,043.05",Ajeesh ,Kumar,Chief Executive Officer,https://www.linkedin.com/in/ajeeshkumar,
https://orderbook.polkadex.ee/trading,Polkadex,"72,043.05",Vivek ,Prasannan,Executive Director and Co-founder,https://www.linkedin.com/in/vivekprasannan,
https://app.bido.finance,Bido Finance,"72,013.05",,,,,
https://laminar.xyz,Laminar,"71,704.93",,,,,
https://vesync.finance,veSync,"71,673.02",,,,,
https://liquid.staking.agency/,SALSA,"71,458.94",,,,,
https://atomic.green,Atomic Green,"71,452.28",,,,,
https://app.stackswap.org/swap,StackSwap,"71,306.81",,,,,
https://alienworlds.io,Alien Worlds,"71,227.78",Saro ,M.,Co-Founder,https://www.linkedin.com/in/saro-mckenna,
https://catalist.app,Catalist,"71,160.30",,,,,
https://legacy.tprotocol.io/,TProtocol,"71,120.34",,,,,
https://yieldedu.xyz,yieldEDU,"70,968.54",,,,,
https://defi.kaspa.com/swap,KaspaCom Dex,"70,701.05",Sione ,Milhem,Chief Executive Officer,http://www.linkedin.com/in/sione-milhem,
https://defi.kaspa.com/swap,KaspaCom Dex,"70,701.05",Ben ,Berizovski,Tech Lead/co-founder,http://www.linkedin.com/in/ben-berizovski-97a110167,
https://coinhain.fi/,Coinhain,"70,643.63",Lazar ,Iđoški,Co-Founder,https://www.linkedin.com/in/lazaridjoski,
https://taffy.finance/,Taffy Finance,"69,924.30",,,,,
https://wiselending.com/,Wise Lending,"69,555.85",,,,,
https://fluidprotocol.xyz/,Fluid Protocol,"69,350.49",,,,,
https://benswap.cash,BenSwap,"68,867.78",,,,,
https://app.palmy.finance/,Palmy Finance,"68,828.51",,,,,
https://www.polarise.org/,Pawnfi Lending,"68,663.62",,,,,
https://nemo.renec.org/vi,NemoSwap,"68,630.24",,,,,
https://staking.neptune-lsd.com,Neptune LSD,"67,939.97",,,,,
https://www.locus.finance,Locus Finance,"67,891.49",,,,,
https://starswap.net,StarSwap,"67,663.06",,,,,
https://wavelength.exchange,Wavelength DAO,"67,449.25",,,,,
https://home.kwikswap.org,KwikSwap,"67,315.61",,,,,
https://fluidity.money/,Fluidity Money,"67,152.03",,,,,
https://cubiswap.finance/,CUBISwap,"67,080.65",,,,,
https://ion.wtf,ION DAO,"66,816.94",,,,,
https://pollyfinance.io/,Polly Finance,"66,508.36",,,,,
https://www.marginzero.xyz/,Margin Zero,"66,207.05",,,,,
https://percent.me,Percentme,"66,143.98",,,,,
https://app.aquabera.com,AquaBera,"66,128.55",,,,,
https://frenpet.xyz/,Fren Pets,"66,009.91",,,,,
https://dyadstable.xyz/,DYAD,"65,837.42",,,,,
https://app.burrbear.io/,BurrBear,"64,536.87",,,,,
https://flashstake.io/,Flashstake,"64,104.84",,,,,
https://moor.money/,Moor,"64,024.86",,,,,
https://www.humble.sh,Humble Defi,"63,559.54",,,,,
https://hunnyswap.com,HunnySwap,"63,063.62",,,,,
https://aso.finance,Aso Finance,"62,833.84",,,,,
https://skydrome.finance/,Skydrome,"62,652.95",,,,,
https://ethernity.io/,Ethernity Chain,"61,960.10",,,,,
https://app.aperture.finance/swap,ApertureSwap,"61,920.37",Gao ,Han,Founder,https://www.linkedin.com/in/gao-han-a1131b4b,
https://app.aperture.finance/swap,ApertureSwap,"61,920.37",Miguel  ,Robledales,CEO and Founder,https://www.linkedin.com/in/miguel-%C3%A1ngel-garc%C3%ADa-robledales-a84985304,
https://cipher.rip/,cipher.rip,"61,918.77",,,,,
https://cougarswap.io,CougarSwap,"61,784.56",,,,,
https://bitstable.finance,BitStable Finance,"61,566.82",,,,,
https://www.bakerdao.io/,BakerDAO,"61,364.74",,,,,
https://www.astroswap.app,AstroSwap,"61,283.52",,,,,
https://tinlake.centrifuge.io,Tinlake,"61,274.68",Bhaji,Illuminati,CEO ,https://www.linkedin.com/in/bhajiilluminati/,
https://tinlake.centrifuge.io,Tinlake,"61,274.68",Kevin,Chan,Co-Founder,https://www.linkedin.com/in/kevinchan1207/,
https://www.bitusd.finance,BitUSD,"61,119.06",Luis Verissimo,Medeiros,Co-Founder,https://www.linkedin.com/in/lvgmedeiros/,
https://ordernchaos.finance/,OrderNChaos,"60,530.65",,,,,
https://play.moonpot.com,Moonpot,"60,480.65",,,,,
https://www.poolside.party,Poolside,"60,366.52",,,,,
https://www.atlantisprotocol.so/swap,Atlantis,"60,223.32",John,McArdle,Founder ,https://www.linkedin.com/in/john-mcardle-m-s-71b58178/,
https://www.atlantisprotocol.so/swap,Atlantis,"60,223.32",Doreen Laperdon,Addison,Founder,https://www.linkedin.com/in/doreen-laperdon-addison-ma-cma-rsme-85594456/,
https://silverswap.io,SilverSwap,"59,805.16",,,,,
https://www.lydia.finance/,Lydia,"59,720.26",,,,,
https://flap.sh/board,Flap sh,"59,503.43",Denis (john),Jonet,Vice-président,https://www.linkedin.com/in/denis-jonet-b5b40472/,
https://bridge.helachain.com,HeLa Bridge,"59,305.67",,,,,
https://www.oddz.fi/,Oddz,"59,190.08",Aishwarya,Shivakumar,Co-Founder and CEO,https://www.linkedin.com/in/aishwarya-shivakumar-0b9910164/,
https://dex.swapdegen.tips,DegenSwap,"58,951.93",,,,,
https://www.zyberswap.io,Zyberswap AMM,"58,623.71",,,,,
 https://www.lendos.io/,lendOS,"58,362.02",John,Olesky,CEO ,https://www.linkedin.com/in/johnolesky/,
 https://www.lendos.io/,lendOS,"58,362.02",Amanda,Kaut,Chief Operating Officer,https://www.linkedin.com/in/amandakaut/,
https://pegasys.fi,PegaSys,"58,130.37",,,,,
https://swapmode.fi/,SwapMode,"57,690.62",Laura,Vicaria,Founder ,https://www.linkedin.com/in/laura-vicaria-20b3b857/?originalSubdomain=nl,
https://app.verocket.com,VeRocket,"57,358.24",,,,,
https://vulcanforged.com/,VulcanDex,"57,251.51",Jamie,Thomson,CEO ,https://www.linkedin.com/in/jamie-thomson-22908b26/,
https://vulcanforged.com/,VulcanDex,"57,251.51",Anastasis,Pantazis,CEO ,https://www.linkedin.com/in/anastasis-pantazis-0b157614a/,
https://coffin.meme/,Coffin.Meme,"57,218.78",,,,,
https://time.fun/,time.fun,"56,918.01",,,,,
https://polygonfarm.finance/,PolygonFarm Finance,"56,706.20",,,,,
https://www.velocimeter.xyz/swap,Velocimeter,"56,303.65",,,,,
https://blastoff.zone,Blastoff,"56,030.54",,,,,
https://www.oxygen.org/,Oxygen,"55,916.40",Hussein,Ahmed,Founder & CEO,https://www.linkedin.com/in/husseinahmed/,
https://www.hedge.so,Hedge,"55,634.17",Sebastien,Grubb,CEO ,https://www.linkedin.com/in/sebastiangrubb/,
https://www.hedge.so,Hedge,"55,634.17",Chris,Coudron,Co-Founder and CTO,https://www.linkedin.com/in/coudron/,
http://spiceprotocol.xyz/,SPICE Protocol,"55,582.04",Pramodya,De Alwis,Co-founder,https://www.linkedin.com/in/pramodya-de-alwis/,
http://spiceprotocol.xyz/,SPICE Protocol,"55,582.04",Daks,Gunaratne,Co-founder,https://www.linkedin.com/in/daksg/,
https://app.crescent.network,Crescent Dex,"55,579.77",Jason,Lee,Chief Executive Officer,https://www.linkedin.com/in/jason-l-073146167/,
https://ape.fi,Ape Finance,"55,433.43",,,,,
https://krav.trade,KRAV,"55,185.89",Michael,Michael Pazaratz,CEO ,https://www.linkedin.com/in/michael-pazaratz-5aba64102/?originalSubdomain=ca,
https://www.bamboodefi.com,BambooDeFi,"54,843.20",,,,,
https://daolama.co/,DAOLama,"54,717.22",,,,,
https://cmswap.xyz,CMswap,"54,290.82",,,,,
https://www.altitudedefi.com,Altitude,"53,970.19",,,,,
https://app.k-bit.xyz,K-BIT,"53,954.43",,,,,
https://predict.fun,Predict Fun,"53,580.37",,,,,
https://www.echodex.io/swap,EchoDEX,"53,523.88",,,,,
https://revoswap.com,Revoswap,"53,273.36",,,,,
https://typhoon.cash,Typhoon Cash,"53,192.76",,,,,
https://www.y2k.finance,Y2K,"52,764.00",,,,,
https://app.incaswap.com/swap,IncaSwap,"52,627.49",luiz henrique,lopes,CEO ,https://www.linkedin.com/in/luiz-henrique-lopes-92903194/,
https://cybertime.finance,CyberTime,"52,356.10",,,,,
https://hedgehog.markets/,Hedgehog Markets,"51,808.56",Kyle,DiPeppe,DiPeppe,https://www.linkedin.com/in/kyledipeppe/,
https://astaria.xyz/,Astaria,"51,762.58",Justin,Bram,Co-Founder & CEO,https://www.linkedin.com/in/justinbram/,
https://turtleswap.turtlelabs.finance/,TurtleSwap,"51,671.64",,,,,
https://banx.gg,Banx,"51,661.41",,,,,
https://www.unbound.finance/,Unbound,"51,351.01",Rajaram,Srinivasan,Founder ,https://www.linkedin.com/in/rajaramsrinivasan/,
https://anchorswap.app/,AnchorSwap,"50,951.24",,,,,
https://www.mage.finance,Mage Finance,"50,403.53",,,,,
https://www.cometh.io/,Cometh,"50,386.88",Aurélien,Godderis,Godderis,https://www.linkedin.com/in/aur%C3%A9lien-godderis-5a6268b6/,
https://www.cometh.io/,Cometh,"50,386.88",Olivier,Martret,Partner ,https://www.linkedin.com/in/olivier-martret-8736b965/,
https://www.createmytoken.com/,CreateMyToken,"50,374.98",,,,,
https://www.flairdex.xyz,Flair Dex,"50,315.18",,,,,
https://gryphon.finance,Gryphon,"50,231.43",,,,,
https://wowswap.io,WOWswap,"50,167.43",,,,,
https://roguex.io/,Roguex,"49,925.41",,,,,
https://www.mintswap.finance/,MintSwap Finance,"49,920.50",,,,,
https://rainlang.xyz/,Raindex,"49,904.16",Peter,Donaldson,Founder,https://www.linkedin.com/in/pete-donaldson/,
https://rainlang.xyz/,Raindex,"49,904.16",Josh,Hardy,Co-Founder,https://www.linkedin.com/in/josh-hardy-58a88390/,
https://pit.finance,Pit Finance,"49,680.83",,,,,
https://www.veil.cash/,Veil Cash,"49,506.04",,,,,
https://ridotto.io,Ridotto,"49,236.29",Fayrouz,Stella,Founder and CMO ,https://www.linkedin.com/in/fayrouz-benstella/,
https://cobaltx.io/swap,CobaltX,"49,095.94",,,,,
https://exit10.fi,EXIT10,"49,085.06",,,,,
https://app.hummus.exchange/pool,Hummus Weighted,"49,010.09",,,,,
https://wasabee.xyz/pool,Wasabee,"48,968.60",Axel,Munger,CEO,https://www.linkedin.com/in/axel-munger/,
https://muuu.finance,Muuu Finance,"48,858.79",,,,,
https://shibanova.xyz,ShibaNova,"48,797.56",Adam W,Warner,Director ,https://www.linkedin.com/in/adamwwarner/,
https://shibanova.xyz,ShibaNova,"48,797.56",Aman,Bhutani,Chief Executive Officer,https://www.linkedin.com/in/amanbhutani/,
https://zino.finance,Zino Finance,"48,544.81",,,,,
https://thoreum.finance/,Thoreum Finance,"48,298.68",,,,,
https://form.network/,Form Network,"48,134.88",,,,,
https://www.algem.io,Algem,"48,127.64",Igor,Poroshin,Chief Executive Officer,http://www.linkedin.com/in/igor-poroshin-aa83826b,
https://symmetric.finance,Symmetric,"48,072.15",,,,,
https://yuzu-swap.com,YuzuSwap,"48,058.05",,,,,
https://zarban.io/,Zarban,"47,941.58",Hady,Moslehi,Co-founder,https://www.linkedin.com/in/hady-moslehi-975b9175/,
https://zarban.io/,Zarban,"47,941.58",Ebrahim,Moghaddam,Chief Executive Officer,https://www.linkedin.com/in/ebrahim-moghaddam/,
https://new.candycity.finance/,Bored Candy City,"47,940.39",,,,,
https://sideswap.finance/#/swap,Sideswap,"47,738.37",,,,,
https://w3bank.finance,w3bank,"47,690.20",,,,,
https://app.civitia.org/,Civitia Game,"47,631.73",,,,,
https://retro.finance/,Retro,"47,546.99",,,,,
https://reix.foodcourt.finance,Foodcourt,"47,464.02",,,,,
https://www.ktx.finance,KTX Perps,"47,404.58",,,,,
https://www.aurelius.finance/,Aurelius,"47,331.22",,,,,
https://www.moonchain.com/,Moonchain,"47,256.19",Lester,Lim,Founder ,https://www.linkedin.com/in/lesterlim15/,
https://tai.money/,tai.money,"47,178.11",,,,,
https://www.organicgrowth.wtf/,Organic Growth,"47,144.12",,,,,
https://app.meteraprotocol.io/,Metera Protocol,"47,065.71",Daniel,Sampson,Founder & CEO,https://www.linkedin.com/in/daniel-sampson-26966a225/,
https://liquidops.io,LiquidOps,"47,043.72",Lorimer,Jenkins,Founder ,https://www.linkedin.com/in/lorimerjenkins/,
https://powadap.com,PowaDAP,"47,016.54",,,,,
https://ape.express/,Ape Express,"46,939.59",,,,,
https://boltz.exchange/,Boltz,"46,688.01",,,,,
https://silkswap.me,SilkSwap,"46,662.98",,,,,
https://swap.tacocrypto.io,Taco Studios,"46,610.36",Federico,Gentile,CEO ,https://www.linkedin.com/in/federico-gentile-532b4380/,
https://wavex.fi,waveX,"46,558.81",,,,,
https://app.iloop.finance/,ILoop,"46,274.30",,,,,
https://www.myso.finance,MYSO,"46,001.85",Aetienne,Sardon,Founder,https://www.linkedin.com/in/aetienne-sardon-566908104/,
https://ubq.fi,Ubiquity DAO,"45,749.89",,,,,
https://eulerdebt.com/,EulerDebt,"45,732.28",,,,,
https://quoll.finance,Quoll,"45,680.44",,,,,
https://fairyswap.finance,FairySwap,"45,506.00",,,,,
https://zlot.finance/,zLot,"45,485.07",,,,,
https://hurricaneswap.com,HurricaneSwap,"45,319.81",,,,,
https://ionprotocol.io/,Ion Protocol,"45,279.11",,,,,
https://bunni.pro,Bunni,"45,160.05",,,,,
https://yupana.finance/,Yupana,"45,134.98",,,,,
https://tranche.finance,Tranche Finance,"45,047.57",Clément,Larrue,Co-Founder,https://www.linkedin.com/in/cl%C3%A9ment-larrue-30926b80/,
https://tranche.finance,Tranche Finance,"45,047.57",Michaël,Elalouf,Co-Founder,https://www.linkedin.com/in/miklouf/,
https://morfi.io,MorFi,"44,995.38",,,,,
https://dexpad.io,DexPad,"44,865.95",,,,,
https://yel.finance,Yel Finance,"44,819.53",,,,,
https://www.tswaps.com,Telos Swap,"44,738.19",,,,,
https://rhombusprotocol.io,Rhombus Protocol,"44,169.61",,,,,
https://bxh.com,BXH,"44,096.37",,,,,
https://rootsfi.com/,Roots,"44,096.09",,,,,
https://eesee.io,eesee,"42,903.76",,,,,
https://gloop.finance/,Gloop,"42,867.01",,,,,
https://domination.finance,Domination Finance,"42,482.65",Adrian,Kolody,Founder ,https://www.linkedin.com/in/akolody/,
https://domination.finance,Domination Finance,"42,482.65",Jordan,Mynes,Founder,https://www.linkedin.com/in/jmynes/,
https://frontrun.market,Frontrun Market,"42,471.69",,,,,
https://exit.tech,exit.tech,"42,232.34",,,,,
https://rakeoff.io,Rakeoff,"42,209.49",,,,,
https://hydradex.org/#/swap,Hydradex,"42,152.54",,,,,
https://zkx.fi/,ZKX,"42,070.52",,,,,
https://mahadao.com,MahaDAO Arth,"41,874.95",Steven,Enamakel,Founder ,https://www.linkedin.com/in/enamakel/,
https://mahadao.com,MahaDAO Arth,"41,874.95",Karan,Vaswani,CEO,https://www.linkedin.com/in/karan-vaswani-56ab728/,
https://lunos.xyz/,Lunos,"41,592.98",Bruno de Vargas,Zimpel,Zimpel,https://www.linkedin.com/in/bruno-zimpel/,
https://lunos.xyz/,Lunos,"41,592.98",David Potolski,Lafetá,Co-Founder,https://www.linkedin.com/in/davidpotolskilafeta/,
https://www.redacted.finance,Redacted Protocol,"41,547.03",,,,,
https://puppy.fun,Puppyfun,"41,534.55",,,,,
https://oswap.io,Oswap AMM,"41,517.03",,,,,
https://swapfish.fi/,SwapFish,"41,349.88",,,,,
https://pad.chaingpt.org/staking-pools,ChainGPT,"40,930.54",Ariel,A,COO ,https://www.linkedin.com/in/arielasafov/,
https://pad.chaingpt.org/staking-pools,ChainGPT,"40,930.54",Mahmoud,Mossad,CFO ,https://www.linkedin.com/in/mahmoud-mossad-46947aa4/,
https://solidlizard.finance/,SolidLizard Dex,"40,150.31",,,,,
https://yoshi.exchange,Yoshi Exchange,"40,081.10",,,,,
https://skcs.io,sKCS,"39,859.72",,,,,
https://www.lyvefi.xyz/,LyveFinance,"39,750.13",,,,,
https://kalmy.app,Kalmy App,"39,680.48",,,,,
https://app.megamoon.space,MegaMoon,"39,647.16",,,,,
https://pyreswap.finance/,PyreSwap,"39,314.25",,,,,
https://radlock.io,RadLock,"39,235.24",robert,walker,Owner,https://www.linkedin.com/in/robert-walker-2535a926/,
https://gaspump.tg/#/onboarding,GasPump,"39,052.17",,,,,
https://woken.exchange,Woken Exchange,"38,967.99",,,,,
https://vivaleva.com/,VivaLeva Protocol,"38,798.47",,,,,
https://www.riskharbor.com/,Risk Harbor,"38,742.40",Phil,Gatti,Owner,https://www.linkedin.com/in/independentinsuranceagency/,
https://marquee.fi/,Marquee,"38,698.64",,,,,
https://secta.finance/,Secta Finance,"38,654.31",Matthew,Matthew Gordon,Owner,https://www.linkedin.com/in/matthew-gordon-1483b72a/?originalSubdomain=au,
https://hyfi.pro,Hyper Finance,"38,642.49",,,,,
https://pwn.xyz,PWN,"38,179.69",Josef,Je,"Founder, CEO",https://www.linkedin.com/in/josefje/,
https://unidex.exchange,UniDex Perp,"37,983.98",,,,,
https://www.aquarius.loan/,Aquarius Loan,"37,699.03",,,,,
https://argo.fi/,Argo,"37,657.82",Praveen,Arichandran,CEO & Co-founder,https://www.linkedin.com/in/praveenarichandran/?originalSubdomain=ca,
https://www.olab.xyz/,O.LAB,"37,593.41",Tania,Rosas,Co-founder,https://www.linkedin.com/in/tania-rosas/,
https://compli.fi/,CompliFi,"37,561.03",,,,,
https://etc-mc.com,ETCMC DEX,"37,420.76",,,,,
https://www.witty.game/,Witty,"37,293.31",,,,,
https://vovo.finance,Vovo Finance,"37,290.49",Rish,Agrawal,Director,https://www.linkedin.com/in/rish-agrawal-uk/?originalSubdomain=ca,
https://calculated.fi,CALC,"36,838.44",,,,,
https://app.substancex.io/perpetual/,Substance Exchange,"36,692.82",Celine,Liu,Co-Founder,https://www.linkedin.com/in/celine-liu-247a5b269/,
https://butter.xyz,Butter.xyz,"36,679.03",,,,,
https://pacoca.io,Pacoca,"36,654.00",,,,,
https://app.onyx.org/,Onyx Protocol,"36,518.51",,,,,
https://mobius.finance,Mobius Finance,"36,367.45",,,,,
https://liq.ag/,Liquid Agents,"36,264.99",Sheldon,Arora,CEO,https://www.linkedin.com/in/sheldon-arora-23a2396/,
https://app.amulet.finance,Amulet Finance,"36,164.22",,,,,
https://straxswap.com/#/,StraxSwap,"36,136.83",,,,,
https://www.webera.finance/,WeBera Finance,"36,078.88",,,,,
https://sense.finance,Sense,"36,011.43",,,,,
https://spin.fi,Spin Spot,"35,994.90",Alex,Pavlov,Founder,https://www.linkedin.com/in/propavlov/,
https://app.numoen.com/trade,Numoen,"35,953.27",,,,,
https://octo.exchange/,OctoSwap CL,"35,805.32",,,,,
https://oin.finance,Oin Finance,"35,699.35",,,,,
https://auctus.org/,Auctus,"35,442.83",Adam,Greetis,Partner ,https://www.linkedin.com/in/adam-greetis-45b6634/,
https://apecoinstaking.io,ParaSpace APE Staking,"35,365.45",,,,,
https://dotdot.finance/,Dot Dot Finance,"34,785.84",,,,,
https://stake.ly,Stake.ly,"34,729.72",,,,,
https://oasjumbo.com,OAS Jumbo,"34,581.08",,,,,
https://apexdefi.xyz,Apex DeFi,"34,480.17",,,,,
https://diem.ivx.fi/trade,IVX Protocol,"34,445.13",,,,,
https://icpex.org/exchange,ICPEx,"34,298.14",,,,,
https://topshelf.finance/,TopShelf,"34,153.46",,,,,
https://dex.inkswap.io/#/swap,InkSwap,"34,118.21",,,,,
https://halotrade.zone/swap,HaloTrade Cosmos,"34,087.31",,,,,
https://www.gotchivault.com,GotchiVault,"33,947.28",,,,,
https://www.cycle.finance,Cycle Finance,"33,826.90",Ben,Donnarumma,President,https://www.linkedin.com/in/bendonnarumma/,
https://parrotdefi.com,Parrot Defi,"33,744.77",,,,,
https://liqui.space/,Hedgehog,"33,629.78",,,,,
https://rly.fun/,RlyFun,"33,625.30",,,,,
https://www.darkcrypto.finance,DarkCrypto,"33,458.91",,,,,
https://www.leechprotocol.com/,Leech Protocol,"33,375.35",Oleksandr,Bondar,Co-Founder,https://www.linkedin.com/in/bondaroleksandr?miniProfileUrn=urn%3Ali%3Afs_miniProfile%3AACoAABUgWdoBVNfu1KO9babqvfh3TQUduwpYZaM&lipi=urn%3Ali%3Apage%3Acompanies_company_people_index%3Ba9dc765f-48db-4d90-bc99-6445abf8137a,
https://roci.fi,RociFi,"33,243.67",Chris,Brookins,Co-Founder,https://www.linkedin.com/in/chris-b-8a922414/,
https://vectorfinance.io/,Vector Finance,"33,194.42",,,,,
https://www.bloom.trading,Bloom Trading,"33,168.36",,,,,
https://matterdefi.xyz,Matter Defi,"32,836.26",,,,,
https://www.kewl.exchange,KEWL EXCHANGE,"32,786.14",Ersan,Yakit,Owner,https://www.linkedin.com/in/ersanyakit?miniProfileUrn=urn%3Ali%3Afs_miniProfile%3AACoAABnB_uwBG3KfLSoiAmisZvFT2UB069iLdcE&lipi=urn%3Ali%3Apage%3Acompanies_company_people_index%3B26fbdaf1-6ae3-41f1-a83b-c792e8c15b0b,
https://swapsicle.io,Swapsicle,"32,761.15",,,,,
https://blindex.io/,Blindex,"32,692.84",,,,,
https://bswap.bevm.io/#/info,BSwap Dex,"32,538.27",,,,,
https://agilitylsd.com,Agility LSD,"32,499.44",,,,,
https://shadowswap.xyz,ShadowSwap,"32,443.29",,,,,
https://hyperyield.com/,HyperYield,"32,127.28",,,,,
https://hakuswap.com,HakuSwap,"32,101.39",,,,,
https://app.crowdswap.org/swap,CrowdSwap,"31,822.56",Vahid,Hasani,CEO ,https://www.linkedin.com/in/vahid-hasani-37339032/,
https://supswap.xyz,SupSwap,"31,726.63",,,,,
https://xassets.ms/mint,xAssets,"31,541.08",,,,,
https://lend.betterbank.io/,BetterLend,"31,494.45",,,,,
https://zeno.exchange/metis,Zeno Exchange,"31,395.56",,,,,
https://magicianmv.com/#/swap,Magician MV,"31,391.70",,,,,
https://www.fractalprotocol.org,Fractal Protocol,"31,360.16",Alexandre,Elkrief,"Co-Founder, Co-CEO",https://www.linkedin.com/in/alexandreelkrief/,
https://www.fractalprotocol.org,Fractal Protocol,"31,360.16",Aya,Kantorovich,Co-Founder & Co-CEO,https://www.linkedin.com/in/ayakantorovich/,
https://app.bentfinance.com,Bent Finance,"31,347.83",,,,,
https://polymm.finance/,MM Finance Polygon,"31,344.40",,,,,
https://www.burve.fi/pools/,Burve,"31,321.14",,,,,
https://gacha.game/,Gacha,"31,053.13",,,,,
https://canary.exchange,Canary,"30,809.53",,,,,
https://dusa.io,Dusa Protocol,"30,554.39",Pierre-Louis,Haboury,Co-Founder,https://www.linkedin.com/in/pierre-louis-haboury-807061237/,
https://dusa.io,Dusa Protocol,"30,554.39",Léo,Jouanny,Co-Founder & CEO,https://www.linkedin.com/in/l%C3%A9o-jouanny/,
https://swap.openex.network/,OpenEX,"30,497.85",,,,,
https://dinoswap.exchange,DinoSwap,"30,491.39",,,,,
https://www.huckleberry.finance/,Huckleberry AMM,"30,298.59",,,,,
https://linkswap.finance,Linkswap,"30,260.85",,,,,
https://abex.fi/app/trade,ABEx Finance,"30,260.07",,,,,
https://veax.com/,Veax,"30,103.06",,,,,
https://www.creampan.finance/,Creampan Finance,"30,072.19",,,,,
https://www.asa.gold,ASA.Gold,"30,029.23",Peter,Maletis,President,https://www.linkedin.com/in/peter-maletis-14203722/,
https://derpdex.com/,DerpDEX,"29,685.87", ,,,,
https://fluxtra.xyz/,Fluxtra,"29,348.82",,,,,
https://app.tortuga.finance/,Tortuga,"29,304.10",,,,,
https://stakedicp.com,StakedICP,"28,883.66",,,,,
https://aptoswap.net,Aptoswap,"28,792.51",,,,,
https://coslend.com,Coslend,"28,716.77",,,,,
https://phoenixfi.app,Phoenix Ergo,"28,674.30",,,,,
https://primex.finance,Primex Finance,"28,318.69",,,,,
https://llamalendnft.com/,Llamalend,"27,847.59",,,,,
https://solidexfinance.com,Solidex,"27,826.01",Karen,Matthews,Owner,https://www.linkedin.com/in/karen-matthews-42746791/,
https://waxfusion.io,WaxFusion,"27,746.45",,,,,
https://veplus.io,Veplus,"27,674.75",,,,,
https://universalswaps.io,Universal Swaps,"27,665.78",,,,,
https://superfarm.com/,SuperFarm,"27,622.67",,,,,
https://ipfs-ooki-eth.ipns.dweb.link/lend/asset,Ooki,"27,516.33",,,,,
https://www.pearl.exchange,Pearl,"27,409.30",,,,,
https://www.predy.finance,Predy V3.2,"27,366.45",,,,,
https://titan.tg,Titan Dex,"27,352.69",,,,,
https://collex.fun/,Collex,"27,233.72",Jamie,Clarke,Owner,https://www.linkedin.com/in/jamie-clarke-97390330/?originalSubdomain=ca,
https://app.tezos.finance/dashboard,TezFin,"26,995.97",,,,,
https://hyperbrick.xyz/point?ref=DEFILLAMA,HyperBrick,"26,935.28",,,,,
https://mswap.info/#/swap,MSwap,"26,915.06",,,,,
https://app.tonpound.com,Tonpound,"26,866.45",,,,,
https://vicunafinance.com/borrow,Vicuna Lending,"26,853.42",Scott,R.,Owner ,https://www.linkedin.com/in/critterscience/,
https://struct.fi,Struct Finance,"26,839.02",Ersin,Dalkali,Co-Founder,https://www.linkedin.com/in/ersinda/,
https://struct.fi,Struct Finance,"26,839.02",Louis,Ng,Co-Founder,https://www.linkedin.com/in/louisngcherseng/,
https://zapper.xyz/chat,Chainchat,"26,681.30",,,,,
https://damm.finance/,dAMM Finance,"26,610.14",Marc,"Orenstein, MBA",CFO ,https://www.linkedin.com/in/marc-orenstein-mba-6464a43/,
https://damm.finance/,dAMM Finance,"26,610.14",Joshua,Baker,Chief Executive Officer,https://www.linkedin.com/in/joshua-baker-596b74249/?originalSubdomain=bs,
https://app.jojo.exchange/trade,JOJO,"26,531.00",Shahzaib,Saleem,Saleem,https://www.linkedin.com/in/shahzaib-saleem-350a89216/?originalSubdomain=pk,
https://app.jojo.exchange/trade,JOJO,"26,531.00",Mingda,Lei,Co-Founder & CEO,http://www.linkedin.com/in/mingda-lei-baa102259,
https://interport.fi,Interport Finance,"26,490.77",,,,,
https://enzo.finance,ENZO Finance,"26,477.66",,,,,
https://thunderpokt.fi,ThunderPOKT,"26,453.48",,,,,
https://app.elektrik.network/#/swap,Elektrik,"26,177.24",,,,,
https://titi.finance/,TiTi Protocol,"25,962.93",,,,,
https://truefi.io/,TrueFi,"25,946.42",,,,,
https://cone.exchange,Cone,"25,907.73",,,,,
https://www.zoo.fun/,ZOO.FUN,"25,904.09",,,,,
https://www.gooddollar.org,GoodDollar,"25,801.09",Barret (Ewela),Akhatsokhe,Co-Founder,https://www.linkedin.com/in/barret-akhatsokhe-283139175/,
https://duckswap.xyz/home,DuckSwap,"25,725.75",,,,,
https://www.synthetify.io,Synthetify,"25,674.31",Oleksandr,D,Co-Founder & CTO,http://www.linkedin.com/in/oleksandr0323,
https://www.torches.finance/,Torches,"25,602.46",,,,,
https://rammer.finance/#/,Ram Protocol,"25,524.22",,,,,
https://pine.loans,Pine Protocol,"25,243.32",Ho,Alex,Co-founder,https://www.linkedin.com/in/ho-alex-6511b0120?miniProfileUrn=urn%3Ali%3Afs_miniProfile%3AACoAAB3typ0B9gs-S6AYsGl7NhjwfbYQ2JyNGOk&lipi=urn%3Ali%3Apage%3Acompanies_company_people_index%3Bc1589240-2612-434b-9ac3-88627d59bc05,
https://raft.fi/,Raft,"25,218.57",,,,,
https://opensky.finance,OpenSky Finance,"25,183.71",,,,,
https://timelessfi.com,Timeless Finance,"25,003.90",,,,,
http://www.zkfinance.org/,zkFinance,"24,989.52",,,,,
https://ottopia.app/,Ottopia,"24,866.93",,,,,
https://tsunami.finance,TsunamiX,"24,850.31",,,,,
https://tidal.finance,Tidal Finance,"24,738.12",,,,,
https://www.dexfinance.com/vaults,dexVAULTS,"24,732.91",,,,,
https://www.hana.finance/market,Hana Finance,"24,701.83",,,,,
https://halofi.me,HaloFi,"24,508.18",Francis,Odisi,Co-Founder,http://www.linkedin.com/in/francisodisi,
https://ceremony.silentprotocol.org/,Silent Protocol,"24,499.61",Devika,Tomar,Creative Director,https://www.linkedin.com/in/devika-tomar-483657139/,
https://ceremony.silentprotocol.org/,Silent Protocol,"24,499.61",İsa,Sertkaya,Co-Founder CTO,https://www.linkedin.com/in/isasertkaya/,
https://app.blastup.io,BlastUp,"24,438.06",,,,,
https://solarflare.io,Solarflare,"24,303.16",,,,,
https://solidly.exchange/,Solidly,"24,221.88",,,,,
https://tenet.farm,Tenet,"24,047.01",,,,,
https://png.fi,Penguin,"23,975.34",,,,,
https://app.issuaa.org/,ISSUAA,"23,919.70",,,,,
https://cyberswap.cc/trade/swap,CyberSwap,"23,898.72",,,,,
https://www.scoopit.lol/,scoop,"23,865.46",,,,,
https://www.interest.xyz/,Interest Curve,"23,477.42",Jose,Cerqueira,Co-Founder & CEO,http://www.linkedin.com/in/josemvcerqueira,
https://www.interest.xyz/,Interest Curve,"23,477.42",Jose,Nelumba,Co-Founder,http://www.linkedin.com/in/jose-pedro-cerqueira-nelumba,
https://www.machfi.xyz/,MachFi,"23,383.94",,,,,
https://www.bountive.fi/,Bountive,"23,367.12",Hugo,Boutot,Co-Founder,https://www.linkedin.com/in/hugo-boutot/,
https://www.aquapatina.com,Aqua Patina,"23,308.37",,,,,
https://app.sirio.finance,Sirio Finance,"23,287.46",,,,,
https://www.coupon.finance,Coupon Finance,"23,258.93",,,,,
https://bnplpay.io,BNPL Pay,"23,194.25",,,,,
https://kokomoswap.io/#/,KokomoSwap,"23,166.68",,,,,
https://accountable.capital/,Accountable,"23,150.79",Wojtek,Pawlowski,CEO ,https://www.linkedin.com/in/wojtek-pawlowski-accountable/,
https://accountable.capital/,Accountable,"23,150.79",Ioan,Moldovan,Co-Founder & CTO,https://www.linkedin.com/in/ioan-moldovan/,
https://macaronswap.finance,MacaronSwap,"23,107.32",,,,,
https://tashi.finance,Tashi,"23,093.24",,,,,
https://app.step.exchange,Step Exchange,"23,084.76",,,,,
https://www.brahma.fi/blog/withdrawal-mode-brahma-vaults,Brahma Vaults (Sunset),"23,037.15",Glenn,Langberg,CEO,https://www.linkedin.com/in/glennlangberg/,
https://plasma.finance/quadrat,Quadrat,"22,947.35",,,,,
https://cleo.exchange,Cleopatra CL,"22,938.43",,,,,
https://app.tea-fi.com/swap,Tea-Fi,"22,887.79",Tzahi,Kanza,Co-founder,https://www.linkedin.com/in/tzahikanza/,
https://app.tea-fi.com/swap,Tea-Fi,"22,887.79",Bas van der,Wals,Cofounder/CEO,https://www.linkedin.com/in/basvanderwals/,
https://a51.finance,A51 Finance,"22,846.34",Mubashir,Ali Baig,Co-Founder,https://www.linkedin.com/in/mubashir-ali-baig-866010184?miniProfileUrn=urn%3Ali%3Afs_miniProfile%3AACoAACttlc4Bpg9X8QQ4z0oWJ8q7WrcglcTNsLI&lipi=urn%3Ali%3Apage%3Acompanies_company_people_index%3Ba135f086-028a-4c64-9116-47905bdb468e,
https://optimus.tech/,Optimus,"22,706.00",Swapnil,Mengawade,Founder & CEO,https://www.linkedin.com/in/swapnil-mengawade-ba317539/,
https://doma.xyz,Doma,"22,427.74",,,,,
https://growthdefi.com/,Growth DeFi,"22,401.23",,,,,
https://www.loop.markets,Loop Finance,"22,384.09",Adam J,Cheshier,Co-Founder,https://www.linkedin.com/in/adamcheshier/,
https://www.loop.markets,Loop Finance,"22,384.09",Tom,Norwood,Founder & CEO,https://www.linkedin.com/in/tom-norwood/,
https://forteswap.xyz/,Forteswap,"22,215.80",,,,,
https://senecaprotocol.com,Seneca,"22,151.87",,,,,
https://suirewards.me/,Sui Rewards Me,"22,135.84",,,,,
https://ampleswap.com,AmpleSwap,"22,082.99",,,,,
https://xrise33.com,XRiSE33 Network,"21,953.70",,,,,
https://soswap.rai.finance,Soswap,"21,811.17",,,,,
https://qbt.fi,Qubit,"21,789.66",,,,,
https://openbisea.io,OpenBiSea,"21,766.82",Oksana,Tsibka,COO,http://www.linkedin.com/in/oksana-tsibka-75519631,
https://www.tapbit.com,Tapbit,"21,743.99",Kelley,Jefferson,Director ,https://www.linkedin.com/in/kelley-jefferson-c-e-c-658b8390/,
https://www.composable.finance,Composable Finance,"21,743.59",,,,,
https://app.exinswap.com,ExinSwap,"21,705.49",,,,,
https://www.yieldmillionaire.com/,Yield Millionaire,"21,701.96",,,,,
https://www.gard.money,GARD,"21,606.69",,,,,
https://catalyst.exchange,Catalyst,"21,220.67",,,,,
https://koaladefi.finance/,Koala Defi,"21,147.09",,,,,
https://clob.desk.exchange/,DESK CLOB,"21,051.77",,,,,
https://www.takotako.xyz,TakoTako,"20,926.02",,,,,
https://www.abacus.tech,Abacus,"20,895.32",,,,,
https://arbidex.fi,Arbitrum Exchange,"20,888.56",,,,,
https://teddy.cash,Teddy Cash,"20,786.55",,,,,
https://cykura.io,Cykura,"20,647.87",,,,,
https://alium.finance/,Alium Swap,"20,520.61",Maksim,Milovidov,Co-Founder & CEO,https://www.linkedin.com/in/maksim-milovidov-0a774953/,
https://alium.finance/,Alium Swap,"20,520.61",Ivan,Podoinitsyn,CEO ,https://www.linkedin.com/in/ivan-podoinitsyn-231a32261/,
https://xena.finance,Xena Finance,"20,454.86",,,,,
https://sashimi.cool/home/swap,SashimiSwap,"20,323.89",,,,,
https://getclave.io,Clave,"20,308.16",,,,,
https://app.lfgswap.finance/?chainId=1116,LFGSwap Core,"20,264.38",,,,,
https://app.feefree.fi,FeeFree,"20,127.07",,,,,
https://corex.network/,COREx Network,"20,086.93",,,,,
https://www.coinscope.co/lockers/tokens,Coinscope,"19,999.94",Mike,Michelis,COO ,https://www.linkedin.com/in/mike-michelis/,
https://ucs.finance/pools,UCS Finance,"19,995.76",,,,,
https://www.utopiabnb.com,Utopia,"19,848.40",,,,,
https://eversol.one,Eversol,"19,724.41",,,,,
https://synthswap.io,Synthswap,"19,649.29",,,,,
http://enjoyoors.xyz,Enjoyoors,"19,443.44",,,,,
https://www.copra.finance/,Copra Finance,"19,353.11",Brian,Limiardi,Co-Founder & CEO,http://www.linkedin.com/in/brianlimiardi,
https://www.copra.finance/,Copra Finance,"19,353.11",Christopher Dimitri,Sastropranoto,CoFounder,https://www.linkedin.com/in/christopher-dimitri-sastropranoto-b952a2104/,
https://mmo.finance,MMO Finance,"19,347.10",,,,,
https://xocolatl.finance/,LaDAO Xocolatl,"19,344.47",,,,,
https://tokan.exchange/,Tokan Exchange,"19,250.15",,,,,
https://edbank.xyz/,edBank,"19,221.60",,,,,
https://passdex.finance,PassDEX,"19,187.97",,,,,
https://www.nftfi.com/,NFTfi,"19,151.19",Stephen,Young,Founder and CEO,https://www.linkedin.com/in/stephen101/,
https://www.nftfi.com/,NFTfi,"19,151.19",Jonathan,Gabler,Co-Founder,https://www.linkedin.com/in/jonathangabler/,
https://app.atlendis.io,Atlendis,"19,013.71",Charlotte,Eli,Co-Founder,https://www.linkedin.com/in/elicharlotte/,
https://app.atlendis.io,Atlendis,"19,013.71",Stéphane,COQUET,Co-founder,https://www.linkedin.com/in/st%C3%A9phane-coquet-484992a8/,
https://app.guale.co/,Guale,"18,962.73",,,,,
https://www.fufuture.io,Fufuture,"18,922.64",,,,,
https://cytoswap.com/,cytoswap,"18,816.10",,,,,
https://fan.fun,fan.fun,"18,640.38",,,,,
https://metalend.tech/app,MetaLend,"18,609.76",Nikhil,Bhardwaj,Co-Founder,https://www.linkedin.com/in/nikhil-bhardwaj-89b535a9/,
https://metalend.tech/app,MetaLend,"18,609.76",Sudjeev,Singh,Co-Founder,https://www.linkedin.com/in/sudjeev-singh-7384132a/,
https://antimatter.finance,Antimatter,"18,572.28",,,,,
https://diviswap.io,DiviSwap,"18,499.31",,,,,
https://excellar.finance,Excellar,"18,384.98",Amit,Kaushik,CEO ,https://www.linkedin.com/in/amit-kaushik-excellar/,
https://ttswap.space/#/swap,TTswap,"18,167.47",,,,,
https://b2b.money,B2B,"18,128.07",Virginijus,Krasnickas,COO ,https://www.linkedin.com/in/krasnivi/,
https://b2b.money,B2B,"18,128.07",Jevgenijus,Cernys,Founder ,https://www.linkedin.com/in/jcernys/,
https://bevmswap.xyz/liquidity,Bevmswap,"18,032.14",,,,,
https://hyperswap.pro/en/swap,hyperswap on Areon Network,"18,001.50",,,,,
https://golff.finance/#/,Golff Protocol,"17,991.21",Melody,Gao,Director,http://www.linkedin.com/in/melody-gao-9a06511a1,
https://www.polkamarkets.com,Polkamarkets,"17,976.85",Alexandre Loureiro,Solleiro,CEO ,https://www.linkedin.com/in/alexandresolleiro/,
https://www.polkamarkets.com,Polkamarkets,"17,976.85",Ricardo,Marques,CTO & Co-founder,https://www.linkedin.com/in/rsmarques?miniProfileUrn=urn%3Ali%3Afs_miniProfile%3AACoAAAzt-oMBah02AJYnsWdoR8JCXPXgeqprZDw&lipi=urn%3Ali%3Apage%3Acompanies_company_people_index%3B04978634-07b1-4ce6-bef5-28f63d5f73ec,
https://bethash.io/,BetHash,"17,873.76",,,,,
https://scallop.io,Scallop Pool,"17,629.02",Kris,Lai,Founder ,https://www.linkedin.com/in/djchrisssssss/,
https://scallop.io,Scallop Pool,"17,629.02",Donnie,Chen,Co-Founder,https://www.linkedin.com/in/mr-donor/,
https://yieldfields.finance/,YieldFields,"17,620.69",,,,,
https://mana.win/app/dex,ManaSwap,"17,595.12",,,,,
https://app.quantuslend.xyz/,Quantus Lend,"17,562.67",,,,,
https://blex.io,BLEX,"17,562.04",,,,,
https://cherrylend.org,CherryLend,"17,557.50",,,,,
https://goku.money,Goku Money,"17,363.53",,,,,
https://drops.co,Drops,"17,362.52",,,,,
https://algorai.finance,AlgoRai Finance,"17,313.63",,,,,
https://brunch.finance,Brunch,"17,274.78",,,,,
https://vooi.io,Vooi,"17,267.46",,,,,
https://fringe.fi,Fringe,"17,227.47",,,,,
https://stabil.finance,Stabil Finance,"17,226.07",,,,,
https://paintswap.finance,PaintSwap on Fantom,"17,131.50",,,,,
https://app.compx.io/cdp/vaults,Compx CDP,"16,767.78",Kieran,Nelson,Founder,http://www.linkedin.com/in/kierantnelson,
https://idosgames.com/en/,iDos Games,"16,665.13",Idos,Ryskeldinov,Founder,http://www.linkedin.com/in/idos,
https://panko.finance,Panko Finance,"16,542.19",,,,,
https://rddl.fun/,Riddle,"16,465.68",,,,,
https://beracana.com,Beracana,"16,397.53",,,,,
https://verylongswap.xyz,VeryLongSwap AMM,"16,181.89",,,,,
https://tronnrg.com/,TronNRG,"16,132.81",,,,,
https://bolide.fi/,Bolide,"16,114.54",Dmitry,A,President & CEO,https://www.linkedin.com/in/dmitry-a-413890a/,
https://exotic.markets/,Exotic Markets,"16,083.94",,,,,
https://app.prepo.io,prePO,"16,014.48",Xavier,Ekkel,Founder ,https://www.linkedin.com/in/xavierekkel/,
https://app.croblanc.com/farms,Croblanc,"15,913.26",,,,,
https://www.tonpools.com/,TonPools,"15,876.17",,,,,
https://www.synstation.org/,SynStation,"15,791.76",Eunkwang (Eugene),Joo,CEO ,https://www.linkedin.com/in/ekjoo/,
https://www.blend.fan/,Blend Finance,"15,790.85",,,,,
https://altai.exchange,Altai Exchange,"15,502.77",,,,,
https://dapp.proteodefi.com,Proteo Defi,"15,417.75",,,,,
https://app.goblins.cash/,Goblins AMM,"15,396.72",,,,,
https://vibr.finance/home,Vibrant Finance,"15,357.13",,,,,
https://www.thestandard.io/,The Standard,"15,262.55",Joshua,Scigala,Co-Founder,https://pt.linkedin.com/in/joshuascigala,
https://spec.finance,Spectrum Protocol,"15,254.66",,,,,
https://uniderp.fun,UniDerp,"15,224.45",,,,,
https://factor.fi,Factor,"15,222.92",Andrea,Ritondale,Owner,https://www.linkedin.com/in/andrea-ritondale?miniProfileUrn=urn%3Ali%3Afs_miniProfile%3AACoAACsnwhYBXmBpDh6-TVjzC6LrMGhNDX7wX9E&lipi=urn%3Ali%3Apage%3Acompanies_company_people_index%3B2bcae28d-00ac-4322-8377-0612d176cbb2,
https://weiss.finance,Weiss Finance,"15,150.76",Damien,ROJO,Co-founder,https://www.linkedin.com/in/damien-rojo-b8a43227b/,
https://weiss.finance,Weiss Finance,"15,150.76",Anthony,Rojo,CTO & Co-Founder,https://www.linkedin.com/in/0xantcrypto/,
https://pocketfi.org,BigPump,"15,145.34",,,,,
https://strx.finance,STRX Finance,"15,109.80",,,,,
https://dungeonswap.app,DungeonSwap,"15,045.08",,,,,
https://chat3.one/,Chat3,"14,994.03",,,,,
https://beta.caval.re,CavalRe,"14,850.73",Eric,Forgy,Founder ,https://www.linkedin.com/in/ericforgy/,
https://chiprotocol.io,Chi Protocol,"14,836.43",Arturo,P,Founder,https://www.linkedin.com/in/arturo-paone?miniProfileUrn=urn%3Ali%3Afs_miniProfile%3AACoAAC4Tv1gBdHwnLR80Gu_uCTkHSoZRa19qKVg&lipi=urn%3Ali%3Apage%3Acompanies_company_people_index%3B18913e83-f04c-463d-9e3c-d6e579359bf0,
https://omax.app/,Omax Swap,"14,740.30",,,,,
https://amped.finance/,Amped Finance,"14,691.16",Daniel,Enright,Founder,https://www.linkedin.com/in/danenright/,
https://protoss.org,ProtossDex,"14,620.58",,,,,
https://www.eclipsefi.io/,EclipseFi,"14,521.15",,,,,
https://dx25.com/,DX25,"14,429.90",,,,,
https://sigmafi.app/#/,SigmaFi,"14,405.54",,,,,
https://aux.exchange/,AUX Exchange,"14,323.10",,,,,
https://iguanadex.com,IguanaDEX,"14,321.19",,,,,
https://alternity.finance,Alternity,"14,235.47",,,,,
https://www.iolend.fi/,IOLEND,"14,129.90",,,,,
https://www.guard.insure,Guard-Helmet,"14,069.20",,,,,
https://qilin.fi/,Qilin,"14,015.62",Huan,son,CEO ,https://www.linkedin.com/in/huan-son-248a8222b/?originalSubdomain=de,
https://www.fvm.exchange/home,FVM Exchange,"13,952.67",,,,,
https://www.kaco.finance/,KACO Finance,"13,829.26",,,,,
https://www.toupee.tech,toupee.tech,"13,790.15",,,,,
https://dam.finance,DAM Finance,"13,757.76",,,,,
https://www.dieseldex.com/liquidity/,Diesel Dex,"13,706.10",,,,,
https://thorus.fi/,ThorusFi,"13,650.53",,,,,
https://goldenfinance.xyz/,Golden Finance,"13,637.05",,,,,
https://www.yetiswap.app/,YetiSwap,"13,606.23",,,,,
https://vee.finance/home,Vee Finance,"13,605.81",,,,,
https://carrot-fi.xyz,Carrot Swap,"13,584.15",,,,,
https://www.whalegame.xyz,Whale Game,"13,565.01",,,,,
https://makiswap.com,MakiSwap,"13,533.14",,,,,
https://app.shroomy.io/,Shroomy Protocol Lending,"13,500.49",,,,,
https://otc.pump.markets,Pump Markets,"13,464.00",,,,,
https://www.shieldprotocol.net,Shield Protocol,"13,451.92",,,,,
https://app.omega.xyz/,Omega,"13,450.79",Eric,Ryklin,Co-Founder & Chief Operating Officer,https://www.linkedin.com/in/eric-ryklin?miniProfileUrn=urn%3Ali%3Afs_miniProfile%3AACoAABSTKroBQEf_WpfdG8WUYkhYTO-BvbE7Qcc&lipi=urn%3Ali%3Apage%3Acompanies_company_people_index%3Baa1a3aa4-624e-4918-bc3f-0de72ddb4811,
https://www.kinesislabs.co,Kinesis Labs,"13,450.57",,,,,
https://www.eaglefi.io/,EagleFi,"13,376.11",,,,,
https://blume.fm,Blume,"13,352.64",,,,,
https://vestafinance.xyz,Vesta Finance,"13,342.50",,,,,
https://v12.trade/,V12,"13,335.35",,,,,
https://kaleidocube.xyz/,KaleidoCube,"13,255.78",,,,,
https://mclb.org/fBomb,Bomb Finance,"13,162.78",,,,,
https://increment.finance,Increment Protocol,"13,158.04",,,,,
https://fixes.world,Fixes frc20,"13,149.40",,,,,
https://nuon.fi,NUON Finance,"13,142.04",Cameron,Lee,Co-Founder,https://www.linkedin.com/in/cameron-lee-sp?miniProfileUrn=urn%3Ali%3Afs_miniProfile%3AACoAACxY0-QBEGej5SxTCAGMGiPFq4HbVKK7GWY&lipi=urn%3Ali%3Apage%3Acompanies_company_people_index%3B7312eb54-ef1b-42ce-b6bb-2269b8ba269f,
https://kaidex.io,Kaidex,"13,128.80",,,,,
https://fantombank.protofi.app/,ProtoFi,"12,970.27",,,,,
https://www.oracleswap.io,Oracle Swap,"12,968.15",,,,,
https://swap.fwx.finance/pool,FWX DEX,"12,943.64",Chanon,Jaratsuttikul,Co-Founder,https://www.linkedin.com/in/chanoncharatsuttikul/,
https://swap.fwx.finance/pool,FWX DEX,Co-Founder,Udomsak,Rakwongwan,Co-Founder,https://www.linkedin.com/in/udomsak-rakwongwan-phd-998255119/,
https://loanshark.tech/,Loanshark Core,"12,777.95",,,,,
https://vinuchain.vinuswap.org/,VinuSwap,"12,685.43",,,,,
https://www.tower.fi,Tower DEX,"12,594.99",Valentin,Pletnev,Co-Founder,https://www.linkedin.com/in/valentin-pletnev/,
https://www.tower.fi,Tower DEX,"12,594.99",Laurens,Kubat,Co-founder,https://www.linkedin.com/in/laurens-kubat/?locale=en_US,
https://minerva.money,Minerva,"12,580.01",,,,,
https://seedfi.trade,SeedFi AMM,"12,509.05",,,,,
https://twitter.com/SharesGram,SharesGram,"12,503.66",Ethan,aviles,Owner ,https://www.linkedin.com/in/ethan-aviles-6621b4285/,
https://peerme.io,PeerMe,"12,348.69",Micha,Vie,Founder,https://www.linkedin.com/in/michavie/,
https://dpex.io,DPEX,"12,340.88",,,,,
https://shade.cash,ShadeCash,"12,328.91",,,,,
https://burve.io,Burve Protocol,"12,165.33",,,,,
https://vanillalabs.org,VanillaSwap,"12,042.06",,,,,
https://gmxkey.com,Key Finance,"12,037.27",,,,,
https://shibance.com,Shibance,"12,032.53",,,,,
https://moraswap.com/exchange/swap#,Moraswap,"11,856.82",,,,,
https://animeswap.org,AnimeSwap,"11,834.18",,,,,
https://rivera.money,Rivera Money,"11,797.24",,,,,
https://app.farmix.tg/lending,Farmix,"11,780.61",,,,,
https://polarisfinance.io,Polaris Finance,"11,774.10",,,,,
https://apollo.farm,ApolloDAO,"11,692.37",,,,,
https://mainnet.goat.tech,GoatxTech,"11,658.03",,,,,
https://unlockd.finance,Unlockd,"11,623.61",Shailesh,Sahu,Founder,http://www.linkedin.com/in/shailesh-sahu-9536b7152,
https://spacewhale.ai,SpaceWhale,"11,589.13",,,,,
https://kuraswap.org,KuraSwap CL,"11,546.82",,,,,
https://metavault.trade/apps/swap,Metavault,"11,279.50",,,,,
https://www.everclear.org/,Everclear,"11,250.65",Aryan,Jain,Founder & CEO,https://www.linkedin.com/in/aryan-jain-in/,
https://www.everclear.org/,Everclear,"11,250.65",Arjun,Bhuptani,Founder ,https://www.linkedin.com/in/arjunbhuptani/,
https://monox.finance/,MonoX,"11,179.05",Anthony,Munoz,Co-Founder,http://www.linkedin.com/in/anthonymunozm,
https://wojak.fi,Wojak Finance,"11,176.52",,,,,
https://dego.finance/home/,Dego Finance,"11,125.81",,,,,
https://stormswap.finance,StormSwap,"11,122.33",,,,,
https://lumen.money,Lumen Money,"11,055.79",,,,,
https://www.lobster-protocol.com,Lobster Protocol,"11,029.80",Alexis,Mailley,Founder & CEO,https://www.linkedin.com/in/alexis-mailley/,
https://www.lobster-protocol.com,Lobster Protocol,"11,029.80",Nathan,HERVIER,Co-Founder & CIO,https://www.linkedin.com/in/nathan-hervier-536423253/,
https://dex.penumbra.zone/explore,Penumbra Dex,"10,999.38",,,,,
https://www.mangafi.org/,Manga FI,"10,871.26",,,,,
https://alkimiya.io/,Alkimiya,"10,866.42",,,,,
https://credix.finance,Credix,"10,789.35",Maxim,Piessen,Co-founder,https://www.linkedin.com/in/maximpiessen/,
https://credix.finance,Credix,"10,789.35",Thomas,Bohner,CEO & Founder,https://www.linkedin.com/in/thomas-bohner-a0165597/,
https://app.cswap.one,cSwap,"10,691.21",,,,,
https://pandora.digital,Pandora,"10,682.54",,,,,
https://tifi.net/,TiFi,"10,640.68",Time,Finance,Vice President,http://www.linkedin.com/in/time-finance-5487321ab,
https://arbimm.finance,MM Finance Arbitrum,"10,621.60",,,,,
https://beratrax.com/,BeraTrax,"10,596.43",,,,,
https://blastdex.xyz,BlastDEX,"10,573.68",,,,,
https://asymetrix.io,Asymetrix Protocol,"10,541.90",,,,,
https://pangeaswap.com,Pangea Swap,"10,471.23",,,,,
https://liquix.finance/,LiquiX,"10,437.36",,,,,
https://atrofarm.pages.dev/,Atrofarm,"10,418.32",,,,,
https://www.thenexusportal.io,Nexus Portal,"10,377.03",,,,,
https://molend.org,Molend,"10,330.94",,,,,
https://swap.woofingjace.com/,JaceSwap,"10,314.07",,,,,
https://monroeprotocol.com/,Monroe Protocol,"10,282.29",,,,,
https://www.daoventures.co,DAOventures,"10,243.55",,,,,
https://lander.finance/,Lander,"10,236.28",,,,,
https://liquidfinance.xyz,Liquid Finance Protocol,"10,225.13",,,,,
https://flux.ilikeitstable.com/,Flux,"10,224.00",,,,,
https://bridge.archon.finance/,Archon Bridge,"10,192.47",,,,,
https://symblox.io,Symblox,"10,187.12",,,,,
https://zkera.fi,zkEra Finance,"10,133.58",,,,,
https://shezmu.io/,Shezmu,"10,124.31",,,,,
https://boop.fun/,boop.fun,"10,116.25",,,,,
https://stake.vitc.org,BeefStake,"10,059.58",,,,,
https://exchange.cetoswap.com/#/swap,Ceto Swap,"10,056.05",,,,,
https://crafting.finance,Crafting Finance,"10,014.11",Anray,Z,Co-founder,http://www.linkedin.com/in/anray-z-337531213,
https://app.partyswap.io/#/home,PartySwap,"10,000.12",,,,,
https://lemma.finance,Lemma,"9,967.38",,,,,
https://spartanprotocol.org,Spartan,"9,960.57",,,,,
https://www.routerprotocol.com/,Router Protocol,"9,895.89",Ramani Ram,Ramachandran,CEO,https://www.linkedin.com/in/ramaniram/?originalSubdomain=sg,
https://www.llamarisk.com,LlamaRisk,"9,893.88",Adam,Sadowski,Founder,http://www.linkedin.com/in/adam-sadowski-01a4b7361,
https://tonnel.network,Tonnel Network,"9,834.72",,,,,
https://nextype.finance,MiningTycoon,"9,626.98",,,,,
https://iotabee.com/,Iotabee,"9,613.97",,,,,
https://www.opendollar.com/,Open Dollar,"9,531.55",Patrick,Gallagher,Co-founder,https://www.linkedin.com/in/pi0neerpat/,
https://www.sypher.finance/,Sypher Finance,"9,527.59",,,,,
https://www.mtrader.finance,MyMetaTrader,"9,499.84",,,,,
https://rbxdefi.com,RBX,"9,451.00",,,,,
https://mantradao.com,MANTRA DAO,"9,449.31",Yu Ning,Kong,Co-Founder,https://www.linkedin.com/in/kongyuning/,
https://mantradao.com,MANTRA DAO,"9,449.31",John Patrick,Mullin,Founder & CEO,https://www.linkedin.com/in/john-patrick-mullin/,
https://amphorafinance.com/,Amphora,"9,442.76",,,,,
https://hq.q.org/saving-borrowing/borrowing,Q Borrowing,"9,427.96",,,,,
https://d8x.exchange/,D8X,"9,412.71",,,,,
https://tigris.trade/,Tigris,"9,411.54",,,,,
https://3adao.org,3A DAO,"9,361.89",,,,,
https://baptswap.com,BaptSwap V2.1,"9,360.95",,,,,
https://www.mytrade.org,MyTrade,"9,340.16",,,,,
https://www.gluon.gold,Gluon Gold,"9,318.24",,,,,
https://dex.globiance.com,Globiance,"9,090.64",Irina La,Rosa,Founder ,https://www.linkedin.com/in/irinalarosa/,
https://dex.globiance.com,Globiance,"9,090.64",Oliver Marco,La Rosa,Founder ,https://www.linkedin.com/in/olarosa/,
https://whitehole.finance,Whitehole Finance,"9,077.19",,,,,
https://www.chee.finance,Chee Finance,"9,072.19",Jeremy,Milczewska,Founder and CEO,http://www.linkedin.com/in/jeremy-milczewska-a22734308,
https://www.geniusyield.co,Genius Yield,"9,059.16",,,,,
https://embr.finance,Embr Finance,"8,991.53",,,,,
https://www.gin.finance,Gin Finance,"8,986.37",,,,,
https://croswap.com,CroSwap,"8,976.36",,,,,
https://houstonswap.io/,HoustonSwap,"8,965.67",,,,,
https://agoradefi.io,Agora,"8,939.78",,,,,
https://home.prismprotocol.app,PRISM Protocol,"8,933.50",,,,,
https://bishares.finance,BiShares,"8,878.27",,,,,
https://www.canaryprotocol.com/,Legacy Canary Protocol,"8,789.77",Ali,Azam,Founder and CEO,https://www.linkedin.com/in/ali-a-01112b71/,/
https://rexdex.finance,RexDex,"8,663.81",,,,,
https://cyberblast.io,Cyberblast,"8,518.99",,,,,
https://draculafi.xyz/,Dracula Finance,"8,386.48",,,,,
https://dog-swap.finance/#/swap,DogSwap,"8,283.05",,,,,
https://munchables.app,Munchables,"8,263.92",Sara  ,Tandowsky,CEO ,https://nl.linkedin.com/in/saratandowsky,
https://munchables.app,Munchables,"8,263.92",Samy  ,Pesse,Co-founder ,https://nl.linkedin.com/in/samypesse,
https://app.fuseon.finance/,Fuseon,"8,199.27",,,,,
http://weero.finance,Weero,"8,181.11",,,,,
https://sweepr.finance,Sweep,"8,127.67",Andy  ,Singleton,Founder,http://www.linkedin.com/in/singletonandy,
https://www.interestlabs.io,Interest Protocol Stable Swap,"8,104.53",,,,,
https://zoocoin.cash,ZooCoin,"8,031.57",,,,,
https://ruscet.xyz/,Ruscet,"8,013.62",,,,,
https://pixelswap.io/,PixelSwap (PIX),"7,888.81",,,,,
https://indxs.app/,INDX,"7,868.20",,,,,
https://popsicle.finance,Popsicle Finance,"7,809.61",,,,,
https://cyphereth.com/,Cypher,"7,779.24",,,,,
https://www.nar.bet/,NarBet,"7,753.68",,,,,
https://momodrome.io,Momodrome,"7,724.70",,,,,
https://nordfinance.io,Nord Finance,"7,687.47",Amarnath  ,Reddy T,Co-Founder and CEO,https://www.linkedin.com/in/amarnathreddyt/,
https://pepemon.world,PepeDex,"7,679.56",Maxie A.  ,Soetandi,"Co-founder, Managing Partner",https://www.linkedin.com/in/maxiesoetandi/,
https://lore.finance,Lore Finance,"7,677.62",,,,,
https://coincollect.org,CoinCollect,"7,631.09",Kazim  ,Akgul,Founder,http://www.linkedin.com/in/kazimakgul,
https://auragi.finance,Auragi Finance,"7,617.34",,,,,
https://satoshiapp.xyz/,SATOSHI PERPS,"7,591.18",Cassie  ,Zhang,Chief Executive Officer,http://www.linkedin.com/in/cassie-zhang-1803712b9,
https://dino.exchange,Dino.Exchange,"7,567.82",,,,,
https://www.sirius.finance,Sirius Finance,"7,544.32",,,,,
https://frensly.io/,Frensly,"7,538.12",,,,,
https://defi.money/,defi.money,"7,519.65",,,,,
https://comb.financial,Comb Financial,"7,486.08",,,,,
https://sanko.tv/,Sanko GameCorp,"7,482.50",,,,,
https://www.simps.com/,Simps,"7,447.57",,,,,
https://impls.finance,IMPLS,"7,425.94",,,,,
https://symmetry.trade,Symmetry Trade,"7,367.14",,,,,
https://blockng.money,BlockNG,"7,353.83",,,,,
https://mozaic.finance/,Mozaic,"7,324.08",,,,,
https://uno.farm/,UNO farm,"7,229.83",,,,,
https://summitx.finance/,SummitX Finance,"7,229.15",,,,,
https://swaprum.finance,Swaprum,"7,164.88",,,,,
https://cyb.ai/warp,Warp Dex,"7,136.14",,,,,
https://qian.finance/,QIAN,"7,127.46",,,,,
https://peardao.io,Pear DAO,"7,124.24",,,,,
https://shibex.org,Shibex,"7,120.31",,,,,
https://nether.fi/,Nether.Fi,"7,106.60",,,,,
https://www.neptuneprotocol.xyz/borrow,Neptune Protocol,"7,049.88",,,,,
https://panoptic.xyz,Panoptic,"6,998.51",Tom  ,Grant,COO ,https://www.linkedin.com/in/tomgrantusa,
https://panoptic.xyz,Panoptic,"6,998.51",Guillaume  ,Lambert,Chief Executive Officer,https://www.linkedin.com/in/guillaume-lambert-686591a0,
https://unilend.finance,Unilend,"6,969.31",Chandresh  ,Aharwar,Chief Executive Officer,https://ae.linkedin.com/in/chandresh-aharwar-2642159b,
https://unilend.finance,Unilend,"6,969.31",Tarun  ,Malik,Co Founder,https://au.linkedin.com/in/tarun-malik-1b8b7866,
https://www.immortalx.io/,ImmortalX,"6,948.26",,,,,
https://www.encoins.io,Encoins,"6,913.73",,,,,
https://ghastprotocol.com,Ghast Protocol,"6,837.93",,,,,
https://kaiafun.io,KaiaFun,"6,818.83",,,,,
https://www.cork.tech/,Cork,"6,789.35",Robert  ,Schmitt,Founder ,https://pt.linkedin.com/in/robert-schmitt-425822126,
https://www.cork.tech/,Cork,"6,789.35",Anna  ,Stone,COO & co-Founder ,https://www.linkedin.com/in/annalstone,
https://www.nexton.solutions,Nexton,"6,776.33",,,,,
https://www.twinfinance.io,Twin Finance,"6,744.77",,,,,
https://app.surgedefi.com/,SurgeDefi,"6,701.08",,,,,
https://sboom.fi,Sboom,"6,689.38",,,,,
https://swap.marginx.io/#/swap,MarginX DEX,"6,684.17",Gabriel  ,Marginean,Business Owner,http://www.linkedin.com/in/gabriel-marginean-81258a373,
https://swap.haven1.org/,Haven1 hSwap,"6,670.23",Weslley  ,Duarte,Owner ,http://www.linkedin.com/in/weslley-duarte-365853302,
https://swap.haven1.org/,Haven1 hSwap,"6,670.23",Quoc  ,Ngo,Partner ,http://www.linkedin.com/in/ngoquocbao1980,
https://collectif.finance,Collectif DAO,"6,660.64",Bach  ,Adylbekov,Co-Founder,http://www.linkedin.com/in/bahadylbekov,
https://collectif.finance,Collectif DAO,"6,660.64",Kirill  ,Madorin,"Co-Founder, CTO ",http://www.linkedin.com/in/kirill-madorin,
https://linetoken.org,LINE Token,"6,598.41",,,,,
https://cronusfinance.xyz/#/swap,Cronus Finance,"6,576.14",,,,,
https://sigmaswap.io,SigmaSwap,"6,538.36",,,,,  
https://sentre.io/swap,Sentre,"6,460.49",,,,,
https://www.apollon.fi/,Apollon,"6,458.13",,,,,
https://baklava.space,Baklava Space,"6,423.09",,,,,
https://app.openswap.one,OpenSwap,"6,417.04",,,,,
https://logium.org,Logium,"6,382.71",,,,,
https://www.alfafrens.com,AlfaFrens,"6,358.04",,,,,
https://www.ryze.fi,Ryze.Fi,"6,353.79",Kareer,,Owner ,http://www.linkedin.com/in/kareer-com-my-kareer-102b6214,
https://fizzswap.io,Fizzswap,"6,339.85",,,,,
https://greenhousedex.com/,Greenhouse,"6,305.50",,,,,
https://www.monolend.money/,MonoLend,"6,289.32",,,,,
https://app.hx.finance,HX Finance,"6,200.61",,,,,
https://memebox.fi/#/swap,Memebox,"6,182.06",,,,,
https://trade.volta.markets/,Volta Markets,"6,144.80",,,,,
https://polter.finance,Polter Finance,"6,104.37",,,,,
https://virtuswap.io,VirtuSwap,"6,086.47",Evgeny  ,Lyandres,Founder,https://www.linkedin.com/in/evgeny-lyandres-29633311/,
https://virtuswap.io,VirtuSwap,"6,086.47",Roni  ,Michaely,Co-Founder,https://www.linkedin.com/in/ronimichaely/,
https://www.bounce.finance,Bounce Finance,"6,073.15",,,,,
https://www.interestprotocol.com/,Interest Protocol-SUI,"6,058.46",Jose  ,Nelumba,Co-Founder,https://www.linkedin.com/in/jose-pedro-cerqueira-nelumba/,
https://www.surf.one/,Surf Protocol,"5,999.12",,,,,
https://goswap.exchange/#/swap,GoSwap,"5,981.38",,,,,
https://baki.exchange,Baki,"5,972.03",,,,,
https://www.kodo.exchange,Kodo Exchange,"5,842.00",,,,,
https://app.mantleswap.org/en/swap,MantleSwap,"5,824.90",,,,,
https://elyx.finance,Elyx Finance,"5,787.77",,,,,
https://corepound.xyz/,Corepound,"5,785.38",,,,,
https://carbonfi.io,Carbon Finance,"5,777.89",Aditya  ,Rahadhyan,Co-Founder,https://id.linkedin.com/in/aditya-rahadhyan-445944222,
https://carbonfi.io,Carbon Finance,"5,777.89",Aditya  ,Perdana,Co-Founder,https://id.linkedin.com/in/aditya-perdana-389705244,
https://jetstream.trade/,Jetstream,"5,777.84",,,,,
https://handle.fi,handle.fi,"5,748.14",,,,,
https://ducky.city/,Ducky City SOFI,"5,723.28",,,,,
https://app.blazeswap.io/,Blaze Swap,"5,676.61",,,,,
https://app.joltify.io/,Joltify Lend,"5,653.69",,,,,
https://tulip.garden/,Tulip Protocol,"5,645.50",,,,,
https://unifiprotocol.com,UniFi,"5,569.87",,,,,
https://friendroom.org,FriendRoom,"5,525.93",,,,,
https://www.matchfinance.io,Match Finance,"5,468.16",,,,,
https://www.touch.fan,Touch.fan,"5,468.04",,,,,
https://www.relaychain.com,RelayChain,"5,457.96",,,,,
https://dripit.io/,dripit,"5,438.87",Lefteris  ,Kouklakis,Co-Founder,http://www.linkedin.com/in/lefteris-kouklakis-161ba6b4,
https://dripit.io/,dripit,"5,438.87",John  ,Panagiotopoulos,Co-founder & CEO,http://www.linkedin.com/in/john-panagiotopoulos-98428375,
https://gable.finance,Gable Finance,"5,434.31",Joost ,,Founder,,
https://stake.rivusdao.xyz,Rivus DAO,"5,418.04",,,,,
https://parraton.com,Parraton,"5,405.11",,,,,
https://www.possumlabs.io/,Possum Labs,"5,386.48",,,,,
https://www.edgeprotocol.io,Edge Protocol,"5,373.66",,,,,
https://app2.roke.to/#/authorize,Roketo,"5,335.15",Anna  ,Balakhontseva,Business Partnerships Manager,http://www.linkedin.com/in/anna-balakhontseva-618598240,
https://exchange.themoonbase.app,Moonbase Alpha,"5,307.57",Warren  ,Dixon,Chief Financial Officer,http://www.linkedin.com/in/warren-dixon-005738268,
https://www.m11credit.com/,M11 Credit,"5,277.21",,,,,
https://beamex.exchange,Beamex Perps,"5,267.25",,,,,
https://bridgem.io/,BridgeM,"5,234.16",,,,,
https://nextjs-boilerplate-three-beta-84.vercel.app,Meme Wallet,"5,211.53",,,,,
https://www.neby.exchange,NEBY DEX,"5,202.67",,,,,
https://www.fmoney.market,fMoney,"5,155.88",,,,,
https://hyperblast.io,HyperBlast,"5,135.54",,,,,
https://envelop.is/,Envelop,"5,134.84",Maksim  ,Sizykh,Co-founder,https://www.linkedin.com/in/maksim-sizykh-2688ba7a/,
https://app.seismic.finance/,Seismic,"5,107.73",,,,,
https://strike.org,Strike,"5,052.60",,,,,
https://grace.loans/,Grace,"5,042.89",,,,,
https://app.ennead.farm/home,The Ennead Farm,"5,016.59",,,,,
https://arch.fi/swap,Arch Swap,"5,002.87",,,,,
https://app.commodo.one,Commodo,"4,956.79",,,,,
https://app.jackson.io/earn,Jackson Protocol,"4,925.22",,,,,
https://aptoslaunch.io,AptosLaunch,"4,908.97",,,,,
https://fomo.biz/dex,FomoSwap,"4,880.82",,,,,
https://www.avault.network,Avault,"4,851.19",Avi  ,Ghuntla,Chief Executive Officer,http://www.linkedin.com/in/avisoni07,
https://satoshidex.ai,Satoshi DEX,"4,818.01",,,,,
https://app.kaspafinance.io/swap,Kaspa Finance,"4,805.43",,,,,
https://fxdx.exchange,FXDX,"4,804.54",,,,,
https://hellhound.dog/#/dogedollar,DogeDollar,"4,782.14",,,,,
https://www.mondrianswap.xyz,Mondrian Swap,"4,773.09",,,,,
https://newdex.io,NewDex,"4,694.02",,,,,
https://nfthive.io,NFT Hive,"4,686.96",,,,,
https://app.ionise.io/,Ionise,"4,676.80",,,,,
https://www.rollie.finance,Rollie Finance,"4,664.04",,,,,
https://www.onering.finance,OneRing,"4,651.26",,,,,
https://www.quantumx.network,QuantumX Network,"4,650.19",,,,,
https://sega.so/,Sega Swap,"4,606.77",,,,,
https://mellow.to/,Mellow,"4,597.12",Darpan  ,Munjal,Founder & CEO,https://www.linkedin.com/in/darpanmunjal/,
https://www.sonic.market,Sonic Market OrderBook,"4,583.86",,,,,
https://app.zk-swap.xyz,zk-Swap,"4,557.82",,,,,
https://sobax.app/,SOBAX,"4,502.05",,,,,
https://staked.us/v/robo-advisor-yield/,Robo-Advisor for Yield,"4,487.87",,,,,
https://excalibur.exchange/,Excalibur,"4,479.18",,,,,
https://archly.fi,Archly,"4,472.08",,,,,
https://racks.win/,Racks,"4,372.25",,,,,
https://phi.box,Phi,"4,370.89",,,,,
https://earlyfans.xyz,Earlyfans,"4,339.65",,,,,
https://elephant.ac,Elephantdex,"4,335.86",,,,,
https://shibshift.com,ShibShift,"4,261.52",,,,,
https://orbiter.one,Orbiter One,"4,249.22",Yuriy  ,Sigalov,CEO ,https://www.linkedin.com/in/yuriy-sigalov,
https://scribe.exchange,Scribe V4,"4,226.03",,,,,
https://dahlia.xyz,Dahlia,"4,225.33",,,,,
https://tropicalswap.exchange,TropicalSwap,"4,187.41",,,,,
https://app.raga.finance/,Raga Finance,"4,183.54",Mayank  ,Raj,Founder ,https://www.linkedin.com/in/mayank-raj/?originalSubdomain=ae,
https://app.raga.finance/,Raga Finance,"4,183.54",Rohit  ,Aggarwal,Founder ,http://www.linkedin.com/in/rohit-aggarwal-6045a6b7,
https://fun.tryroll.com/,Roll Fun,"4,183.22",,,,,
https://sonicswap.io,SonicSwap,"4,183.08",,,,,
https://subunit.ca/,Subunit,"4,158.32",Ewa  ,Machura,Co-Owner,https://www.linkedin.com/in/ewa-machura/?originalSubdomain=ca,
https://subunit.ca/,Subunit,"4,158.32",Thomas  ,Machura,Co-Founder,https://www.linkedin.com/in/thomas-machura/,/
https://sharwa.finance/,Sharwa.Finance,"4,151.87",,,,,
https://elasticswap.org,ElasticSwap,"4,108.56",,,,,
https://tcvault.xyz/,TCV Platform,"4,045.95",,,,,
https://www.hypercat.exchange/,HyperCat,"4,004.40",,,,,
https://predx.ai,PredX Ai,"3,991.33",Rein  ,Wu,Founder & CEO,https://www.linkedin.com/in/rein-y-wu-ph-d-0811b420/,
https://vaultlayer.xyz/,VaultLayer,"3,988.06",,,,,
https://neftyblocks.com,NeftyBlocks,"3,932.81",Juan  ,Paniagua,Co-Founder,https://www.linkedin.com/in/juanramonpaniagua/,
https://app.algodex.com/about,Algodex,"3,857.87",,,,,
https://eternalfinance.io,Eternal Finance,"3,845.60",,,,,
https://gplx.io/#/,GPLX,"3,794.22",,,,,
https://soul.sh,SoulSwap,"3,781.63",,,,,
https://www.annex.finance,Annex,"3,714.09",,,,,
https://surfliquid.com/,Surf Liquid,"3,667.74",,,,,
https://logx.network/,LogX,"3,658.31",Akshit ,Bordia,Co-Founder,https://www.linkedin.com/in/akshitbordia?miniProfileUrn=urn%3Ali%3Afs_miniProfile%3AACoAABzByk8BTTsPN0JQa586ZlindKttRThGTNg&lipi=urn%3Ali%3Apage%3Acompanies_company_people_index%3B404b5358-31be-4511-9b24-e31f60db3f7e,
https://logx.network/,LogX,"3,658.31",Anshu ,Agrawal,Co-founder,https://www.linkedin.com/in/anshuagrawal240?miniProfileUrn=urn%3Ali%3Afs_miniProfile%3AACoAABqRaUUBxjilAE4WTMRZ99W4kddk8kCvgC8&lipi=urn%3Ali%3Apage%3Acompanies_company_people_index%3B404b5358-31be-4511-9b24-e31f60db3f7e,
https://tenderize.com/swap,TenderSwap,"3,646.65",,,,,
https://pinot.finance/swap,Pinot,"3,638.57",,,,,
https://www.metavisor.app,Metavisor,"3,587.92",Dave ,Haynes,Partner ,https://www.linkedin.com/in/haynesdave/?originalSubdomain=uk,
https://sonicxswap.com/,Sonicxswap,"3,578.24",,,,,
https://memeswap.fi,Memeswap,"3,577.02",,,,,
https://zeno.finance,ZenoLend,"3,558.84",,,,,
https://zkevmswap.com,zkEVMSwap,"3,536.60",,,,,
https://www.vaquita.fi/,Vaquita Protocol,"3,528.69",Fabio ,Yavi,Founder,https://www.linkedin.com/in/fabio-laura-yavi?miniProfileUrn=urn%3Ali%3Afs_miniProfile%3AACoAABweERABcnWLrdZG-2JRSWseerNWVoKEW9I&lipi=urn%3Ali%3Apage%3Acompanies_company_people_index%3B49fec294-69f3-4964-9cbb-384d2e7f8d98,
https://www.vaquita.fi/,Vaquita Protocol,"3,528.69",Alejandro ,Alvarez,Founder ,https://www.linkedin.com/in/aleregex?miniProfileUrn=urn%3Ali%3Afs_miniProfile%3AACoAACmRTEcBU51fQDmbww-1ByIeuk-B2LbOXbU&lipi=urn%3Ali%3Apage%3Acompanies_company_people_index%3B49fec294-69f3-4964-9cbb-384d2e7f8d98,
https://ciento.exchange,Ciento Exchange,"3,527.75",,,,,
https://world.org/ecosystem/app_8fa94e7384f9634e6797d6fe132fe35a,X3X,"3,522.62",Saturnin ,Pugnet,Managing Partner,https://www.linkedin.com/in/saturnin-pugnet-b32a1a108?miniProfileUrn=urn%3Ali%3Afs_miniProfile%3AACoAABs0EtYBUTba8WiXjBBcr5iFVU0qYSsbSuo&lipi=urn%3Ali%3Apage%3Acompanies_company_people_index%3B276c5bf3-e3b6-44ce-87d6-65c6f198c1f5,
https://world.org/ecosystem/app_8fa94e7384f9634e6797d6fe132fe35a,X3X,"3,522.62",Patricia ,Cookson,Chief Financial Officer,https://www.linkedin.com/in/patricia-cookson-222132341?miniProfileUrn=urn%3Ali%3Afs_miniProfile%3AACoAAFWgXboBRf6uMC4UYn3fahWNqzTNzuIq5XU&lipi=urn%3Ali%3Apage%3Acompanies_company_people_index%3B276c5bf3-e3b6-44ce-87d6-65c6f198c1f5,
https://www.chromatic.finance,Chromatic Protocol,"3,446.03",,,,,
https://polyroll.org,Polyroll,"3,443.56",,,,,
https://www.cryptoyieldfocus.com,CryptoYieldFocus,"3,377.75",,,,,
https://zswap.plus,Subzero ZSwap,"3,362.15",,,,,
https://vinemoney.xyz,Vine Money,"3,319.54",,,,,
https://www.polyquail.finance,Polyquail,"3,285.91",,,,,
https://valoro.fund,Valoro,"3,283.87",,,,,
https://wen.markets,wen markets,"3,271.06",,,,,
https://akronswap.com/,Akronswap,"3,220.53",,,,,
https://uwu.cash,UWU Protocol,"3,219.63",,,,,
https://megalon.app,Megalon,"3,190.97",,,,,
https://pinyottas.com,Pinyottas,"3,188.27",,,,,
https://3xcalibur.com,3xcalibur,"3,187.56",,,,,
https://www.vii.finance/,VII Finance,"3,172.20",,,,,
https://daikodex.io/swap,DaikoDEX,"3,141.29",,,,,
https://app.goosefx.io/gamma,GooseFX,"3,139.92",,,,,
https://copump.xyz/,Copump,"3,139.48",,,,,
https://www.lsdx.xyz/,LSDx Farm,"3,128.84",,,,,
https://neptunex.io,Neptunex,"3,113.32",,,,,
https://hover.market/,Hover,"3,109.94",,,,,
https://mare.finance,Mare Finance,"3,101.16",,,,,
https://runmoney.app,Run Money,"3,090.36",,,,,
https://unamano.io/home,Unamano,"3,064.39",io,unamano,Founder,https://www.linkedin.com/in/io-unamano-408177309/,
https://app.goldlink.io,GoldLink,"3,030.95",,,,,
https://dehive.finance,DeHive,"3,026.97",,,,,
https://oh.finance,Oh Finance,"3,012.50",,,,,
https://www.athenafinance.io/,Athena Finance,"3,007.04",,,,,
https://jibswap.com,JIBSWAP,"2,994.94",,,,,
https://smbswap.finance/,SMBSwap,"2,988.08",,,,,
https://www.microswap.org,MicroSwap,"2,974.99",,,,,
https://wax.fun,WAX.FUN,"2,972.64",,,,,
https://catsluck.com,CatsLuck,"2,962.05",,,,,
https://saru.exchange/,Saru,"2,961.01",,,,,
https://stratumexchange.com,Stratum Exchange,"2,939.34",,,,,
https://perlinx.finance/,Perlin,"2,937.93",Derick ,Clegg,Partner Success Manager,https://www.linkedin.com/in/derickclegg?miniProfileUrn=urn%3Ali%3Afs_miniProfile%3AACoAABPKiQ8BYJUpA8RSwo79H7EEgpGoq__yAZE&lipi=urn%3Ali%3Apage%3Acompanies_company_people_index%3Beb9ab726-33d7-49ce-9e30-23ab997d0173,
https://bakerguild.com/,Baker Guild,"2,874.16",Maria ,Zagar,Product Owner,https://www.linkedin.com/in/maria-zagar-b0558b11?miniProfileUrn=urn%3Ali%3Afs_miniProfile%3AACoAAAJmJHUBeQ9gk0bzBPiOK-DeGFeenbpU65s&lipi=urn%3Ali%3Apage%3Acompanies_company_people_index%3Beb9ab726-33d7-49ce-9e30-23ab997d0173,
https://nftb.io,NFTb,"2,868.17",,,,,
https://dolphinswap.io,DolphinSwap,"2,849.17",,,,,
https://tfm.com,TFM,"2,831.41",Zaid ,Jawad,Chief Executive Officer,https://www.linkedin.com/in/zaid-jawad-8ab158204?miniProfileUrn=urn%3Ali%3Afs_miniProfile%3AACoAADP93AMBC4Ehr04aPxtISJNKEaSla8aauRQ&lipi=urn%3Ali%3Apage%3Acompanies_company_people_index%3B67c29a4d-3670-4572-87dd-900aa2052d89,
https://swapblast.finance/#/swap,SwapBlast,"2,815.10",,,,,
http://mirage.money/,Mirage Protocol,"2,795.94",,,,,
https://corgiswap.org,CorgiSwap,"2,687.46",,,,,
https://cadabra.finance/,Cadabra Finance,"2,675.78",,,,,
https://lendingpond.app,Lending Pond,"2,672.47",,,,,
https://rplanet.io,R-Planet,"2,652.38",,,,,
https://www.physica.finance,Physica Finance,"2,613.01",,,,,
https://intswap.io/,Intswap,"2,611.63",,,,,
https://www.ihavenofriends.ai/,Drawtech,"2,605.52",,,,,
https://app.marginal.network,Marginal,"2,582.75",,,,,
https://www.eazyswap.io/,EazySwap,"2,563.43",,,,,
https://perfectpool.io,Perfect Pool,"2,563.14",,,,,
https://www.liquifyxrd.app/,Liquify Protocol,"2,561.96",,,,,
https://www.spacebar.xyz,Spacebar,"2,554.72",,,,,
https://punk.coffee/,Punk.Coffee,"2,553.71",,,,,
https://lazyotter.finance,LazyOtter Finance,"2,504.41",,,,,
https://bscstation.finance/,BSCStation,"2,494.48",,,,,
https://univoucher.com/,UniVoucher,"2,462.61",,,,,
https://www.unknown.money/,Unknown,"2,454.91",,,,,
https://superdca.org,Super DCA,"2,451.98",,,,,
https://syrup.finance/,Syrup Finance,"2,420.98",,,,,
https://www.arenaswap.com/,ArenaSwap,"2,419.15",,,,,
https://henjin.xyz/,Henjin DEX,"2,411.51",,,,,
https://2pi.network,2Pi Network,"2,390.65",,,,,
https://obric.xyz,Obric,"2,388.24",,,,,
https://behodler.io,Behodler,"2,386.31",,,,,
https://www.vaultedge.fi/,Vaultedge,"2,376.51",,,,,
https://app.withmantra.com,Mantra Protocol,"2,352.00",,,,,
https://www.memeta.fun/,Memeta,"2,347.24",,,,,
https://www.yfx.com,YFX V4,"2,301.61",,,,,
https://hot-labs.org,TON Pump,"2,300.80",,,,,
https://swap.io,Swap.io CLMM,"2,283.62",,,,,
https://www.basex.fi,BaseX Finance,"2,259.86",,,,,
https://mantadex.com,MantaDEX,"2,251.42",,,,,
https://engage.qdev.li/,Q Infinity,"2,245.93",,,,,
https://www.retrodefi.net,RetroDefi,"2,241.29",,,,,
https://iswap.tech,iSwap Tech,"2,231.73",,,,,
https://based.farm,Based Farm,"2,230.47",,,,,
https://deltatheta.tech,DeltaTheta,"2,196.60",,,,,
https://voodoo.trade,Voodoo Trade Base,"2,190.48",,,,,
https://sf.exchange,Stip Flip,"2,187.38",,,,,
https://meowswap.net/,Meowswap,"2,179.87",,,,,
https://app.zprotocol.xyz,Z Protocol DEX,"2,177.31",,,,,
https://bitcointry.com/en,Bitcointry,"2,148.39",,,,,
https://pulsar.money,Pulsar Money,"2,138.96",,,,,
https://dirac.finance,Dirac Finance,"2,084.43",,,,,
https://app.clamm.io,CLAMM,"2,066.35",,,,,
https://ilend.xyz,iLend,"2,050.20",,,,,
https://mistswap.fi,MistSwap,"2,041.72",,,,,
https://pheasantswap.com,PheasantSwap,"2,008.65",,,,,
https://artcpaclub.com,ArtCPAClub,"1,975.14",,,,,
https://www.duckgang.com,DuckGang,"1,965.09",,,,,
https://oni.exchange,Oni Exchange,"1,962.52",,,,,
https://defi.swft.pro,SWFT,"1,932.50",,,,,
http://app.purps.xyz,PurpsExchange,"1,930.20",,,,,
https://www.pegasusfinance.xyz,Pegasus Finance,"1,911.28",,,,,
https://app.citrex.markets/,Citrex Markets,"1,906.44",,,,,
https://app.rabbitx.io/,RabbitX,"1,902.40",,,,,
https://tonstable.xyz,TonStable,"1,900.41",,,,,
https://mantaswap.io/#/swap,MantaSwap,"1,899.01",,,,,
https://asteroneo.com,Asteroneo,"1,898.85",,,,,
https://xrplevm.moai-finance.xyz/swap,Moai,"1,887.26",,,,,
https://poison.finance/,POISON FINANCE,"1,837.18",,,,,
https://app.scoreplay.xyz/compete?chainId=50104,ScorePlay.xyz,"1,834.55",,,,,
https://www.spinaq.xyz,SpinaqDex,"1,804.32",,,,,
https://cronosbet.xyz,Cronos Bet,"1,801.63",,,,,
https://casinocronos.com/#/swap,casinocronos,"1,792.29",,,,,
https://synthetix.io,Synthetix v1+v2,"1,789.22",,,,,
https://common.fi,Common,"1,788.47",,,,,
https://app.comfyswap.com/,ComfySwap,"1,779.37",,,,,
https://app.space-dex.io,SpaceDex,"1,768.14",,,,,
https://flamedefi.io,Flame DeFi,"1,758.64",,,,,
https://www.sharpe.ai,Sharpe Magnum,"1,756.48",,,,,
https://archimedesfi.com/,Archimedes Finance,"1,738.87",,,,,
https://forlend.io,forlend,"1,738.54",,,,,
https://trustswap.com/,TrustSwap,"1,723.11",,,,,
https://app.starfish.finance,Starfish Finance,"1,683.58",,,,,
https://wink.finance,WINK,"1,682.25",,,,,
https://www.bitreserve.xyz,Bit Reserve,"1,681.74",,,,,
https://dex.seascape.network/#/swap,SeaDex,"1,667.87",,,,,
https://narwhal.finance,Narwhal Finance,"1,661.27",,,,,
https://newrl.net/,NewrlRWA,"1,651.94",,,,,
https://volcanofinance.io,Volcano,"1,648.97",,,,,
https://crouton.finance/swap,Crouton Finance,"1,648.54",,,,,
https://nlx.trade/,NLX Protocol,"1,639.08",,,,,
https://cantoswap.fi/#/swap,CantoSwap,"1,575.11",,,,,
https://testnet.meme.cooking/board,Meme Cooking,"1,560.68",,,,,
https://v2.etcswap.org/,ETCswap,"1,552.74",,,,,
https://nep.finance/,Neptune,"1,551.45",,,,,
https://tangoswap.cash/swap,TangoSwap,"1,548.62",,,,,
https://warpgate.pro,WarpGate,"1,539.10",,,,,
https://robots.farm,Robots.Farm,"1,538.01",,,,,
https://aliens.farm,AliensFarm,"1,476.56",,,,,
https://t.me/BeetrootFiBot,Beetroot Finance,"1,474.47",,,,,
https://stakepoint.app,StakePoint,"1,459.73",,,,,
https://concordex.io,Concordex,"1,454.95",,,,,
https://goatswap.xyz,Goat Swap,"1,447.01",,,,,
https://airdao.io/bridge,AirDAO Bridge,"1,440.36",,,,,
https://www.votre.xyz/,Votre,"1,436.99",Jpaul,Meyer,Founder & CEO,https://www.linkedin.com/in/jpaulmeyer?miniProfileUrn=urn%3Ali%3Afs_miniProfile%3AACoAABdnl1YBdxZGslQ0vMvJkaOIAguwASu8acE&lipi=urn%3Ali%3Apage%3Acompanies_company_people_index%3Bcebf4199-1e76-4d14-9ca3-de93dbf4bdf6,
https://www.votre.xyz/,Votre,"1,436.99",Logan,Roberge,founder,https://www.linkedin.com/in/loganroberge?miniProfileUrn=urn%3Ali%3Afs_miniProfile%3AACoAAAaoDocB-of9_WieaNQssryNsax2eR9c9aE&lipi=urn%3Ali%3Apage%3Acompanies_company_people_index%3Bcebf4199-1e76-4d14-9ca3-de93dbf4bdf6,
https://linehub.io/,LineHub,"1,424.71",,,,,
https://simitciswap.com/#/swap?chain=bitcichain,SimitciSwap,"1,420.52",,,,,
https://capitaldex.exchange/#/swap,CapitalDEX,"1,411.73",,,,,
https://litx.xyz/#/swap,Litx,"1,393.98",,,,,
https://tonic.cash,Tonic Cash,"1,385.78",,,,,
https://follows.app,Follows,"1,371.93",,,,,
https://fence.finance/,Fence Finance,"1,367.70",Youssef Lakouifat,Darkaoui,Founder ,https://www.linkedin.com/in/youssefld/,
https://fence.finance/,Fence Finance,"1,367.70",Daniel,Shuttleworth,founder ,https://www.linkedin.com/in/deshuttleworth/,
https://thetis.market,Thetis Perps,"1,329.07",,,,,
https://www.beamdex.xyz,Beam Dex,"1,310.53",,,,,
https://kassandra.finance,Kassandra DAO,"1,301.87",Edgar,Scherer,Co-Founder,https://www.linkedin.com/in/edgarscherer/,
https://mobiusdex.xyz/,MobiusDEX,"1,299.22",,,,,
https://movepump.com/create-token,MovePump,"1,273.80",,,,,
https://pillarprotocol.com,Pillar,"1,251.92",,,,,
https://plur.xyz/,Plur,"1,250.14",,,,,
https://collection.xyz,Collection.xyz,"1,229.05",Amila,Welihinda,Founder ,https://www.linkedin.com/in/amilajack/,
https://beta.contrax.finance,Contrax Finance,"1,214.56",,,,,
https://prophet.ooo,Prophet,"1,213.57",,,,,
https://hamburger.finance,Hamburger Finance,"1,198.78",,,,,
https://omnidex.finance,OmniDex Swap,"1,192.24",,,,,
https://koral.finance/,Koral Finance,"1,179.02",,,,,
https://www.numbersprotocol.io,Numbers Protocol,"1,175.05",Bofu,Chen,Chen,https://www.linkedin.com/in/bofuchen/,
https://www.numbersprotocol.io,Numbers Protocol,"1,175.05",Sofia,Yan,Co-Founder,https://www.linkedin.com/in/sofia-yan-b6318a31/,
https://svn.finance,Savanna Finance,"1,173.05",,,,,
https://trustin.com,Trustin Finance,"1,167.95",,,,,
https://earn.brewlabs.info/swap,BrewSwap,"1,166.20",,,,,
https://app.illuminate.finance/lend,Illuminate,"1,141.20",,,,,
https://delegate.xyz/,Delegate Marketplace,"1,132.01",,,,,
https://app.glyph.fi/,Glyph,"1,130.57",,,,,
https://zedaswap.xyz,ZedaSwap,"1,120.29",,,,,
https://www.hakura.io,Hakura Protocol,"1,116.59",,,,,
https://www.stablecomp.com,Stablecomp,"1,082.75",,,,,
https://moret.io/,Moret,"1,078.57",,,,,
https://risq.capital,Risq Protocol,"1,057.91",,,,,
https://pixelswap.xyz/,PixelSwap,"1,049.59",,,,,
https://app.protectorate.xyz/,Protectorate Protocol,"1,038.07",,,,,
https://orbitdefi.finance,Orbit,"1,029.10",,,,,
https://jolt.finance,Jolt,"1,018.94",,,,,
https://www.mauve.org,Mauve,978.40,Darren,Marco,Company Director,http://www.linkedin.com/in/darren-marco-613b01287,
https://app.quenta.io/,Quenta,963.80,,,,,
https://srwa.io,SRWA Lending,957.19,Nikola,Sologub,Co-Founder & CEO,https://www.linkedin.com/in/nikolasologub/,
https://srwa.io,SRWA Lending,957.19,Branislav,Cerubdzic,Founder ,https://www.linkedin.com/in/branislav-cerubdzic-9965833b/,
https://steadefi.com,Steadefi,949.03,,,,,
https://www.unfederalreserve.com,unFederalReserve,947.82,,,,,
https://www.betmode.io/,BetMode,945.19,,,,,
https://www.mu.exchange,Mu Exchange,940.22,,,,,
https://app.galador.io/swap,Galador,932.97,,,,,
https://hottakes.io,Hot Takes,917.24,,,,,
https://app.berancia.io/berachain,Berancia,915.20,,,,,
https://kingdefi.io,KingDefi,914.89,,,,,
https://www.beracaine.io/,Beracaine,913.62,,,,,
https://sacra.game/,Sacra,900.33,,,,,
https://www.dmu.zone,Dark Matter,886.45,,,,,
https://chedda.finance/,Chedda Finance,882.69,,,,,
https://skeleton.finance,Skeleton Finance,869.09,,,,,
https://kryptodex.org,KryptoDex,865.66,,,,,
https://www.rebalance.finance,Rebalance Finance,856.64,,,,,
https://symphony.finance,Symphony Finance,853.52,,,,,
https://www.nanoswap.xyz/,Nano Swap,846.48,,,,,
https://dyp.finance,Defi Yield Protocol,842.71,Mihai,Nicusor,Chief Executive Officer,https://www.linkedin.com/in/mihai-nicusor/,
https://dyp.finance,Defi Yield Protocol,842.71,Teki,Kolaneci,Chief Operating Officer,https://www.linkedin.com/in/teki-kolaneci/,
https://kawa.finance,Kawa Finance,835.60,,,,,
https://1776.meme/,1776.MEME,832.66,,,,,
https://satsat.exchange,Satsat,831.32,,,,,
https://superbots.finance,SuperBots,829.90,Benjamin,Duval,Chief Operating Officer,https://www.linkedin.com/in/benjaduval/,
https://donkeswap.com,Donkeswap,823.67,,,,,
https://concave.lol,Concave,819.81,,,,,
https://keysea.xyz/,KeySea,812.06,,,,,
https://bas3d.io,BAS3D,796.81,,,,,
https://luckychip.io/,LuckyChip,790.53,,,,,
https://app.bitdrome.finance/#/bevm/swap,Bitdrome Finance,778.81,,,,,
https://powswap.io/,PoWSwap,775.74,,,,,
https://www.unlimited.trade/pools,Unlimited Network,772.84,,,,,
https://www.sweepnflip.io/,Sweep n Flip,760.60,Leonardo,Carvalho,Co-Founder,https://www.linkedin.com/in/leonardoircarvalho?miniProfileUrn=urn%3Ali%3Afs_miniProfile%3AACoAAAuYeYkBCPupB0qyyccWEJVgMRm7vzOY7vE&lipi=urn%3Ali%3Apage%3Acompanies_company_people_index%3B0ed78307-103e-4262-be2f-1ccdf28e4cff,
https://manhattan.finance,Manhattan,755.92,,,,,
https://nfa.zone/,NFA Zone,752.22,,,,,
https://sage.bet,SageBet,750.02,,,,,
https://xei.finance,Xei Finance,743.28,,,,,
https://www.aimstrong.ai/,AImstrong,716.83,,,,,
https://yieldlend.xyz,YieldLend,708.31,,,,,
https://app.particles.money/dapp,Particles Money,699.00,,,,,
https://www.crust.finance,Crust,696.63,,,,,
https://stableswap.info/,Stableswap DEX,694.49,,,,,
https://frogswap.xyz,Frogswap AMM,686.12,,,,,
https://asgarddao.live/,Asgard Dao,672.78,,,,,
https://eclipse.solarstudios.co/swap,Solar Dex,670.83,,,,,
https://taraperps.com/,TaraPerps,645.32,,,,,
https://www.t3rn.io,t3rn Bridge,640.92,Maciej,Baj,Founder,http://www.linkedin.com/in/maciej-baj,
https://www.t3rn.io,t3rn Bridge,640.92,Lourdes,Tandayag,COO,http://www.linkedin.com/in/lourdestandayag,
https://bitbtc.money/#/,BitANT,640.17,,,,,
https://nexionpulse.com/,Nexion,634.09,,,,,
https://www.nebulalending.io/,Nebula Lending,630.81,,,,,
https://jiblend.xyz,JIBLEND,626.17,,,,,
https://salty.io,Salty.IO,622.25,,,,,
https://www.metapoly.org,Metapoly,620.70,,,,,
https://kivach.org/,Kivach,620.44,,,,,
https://dmxdao.com,DAMX,618.59,,,,,
https://gamblefi.io/,Gamblefi,618.42,,,,,
https://www.sentineltraderbot.com/,Sentinel Trader Bot,612.56,,,,,
https://app.wagmi.bot/,Wagmi Memepad,610.63,,,,,
https://fpex.nexapia.xyz/,Nexapia,599.70,,,,,
https://pattieswap.finance/,PattieSwap,591.72,,,,,
https://www.jamfrens.so,JamFrens,587.81,,,,,
https://pankuku.net,PanKUKU,583.33,,,,,
https://binlayer.xyz/,Binlayer,577.73,,,,,
https://www.worldes.io,WorldEs,568.32,,,,,
https://zendex.finance,ZenDEX,552.07,,,,,
https://superswap.fi,SuperSwap,546.69,,,,,
https://app.covo.finance/trade/MATIC-USD,Covo,539.63,,,,,
https://app.scaryswap.com,ScarySwap,534.19,,,,,
https://app.standardweb3.com/,Standard Protocol Mode,528.18,,,,,
https://commudao.xyz/gameswap,CommuDAO GameSwap,524.68,,,,,
https://perpstreet.xyz/,Perpstreet,522.21,,,,,
https://www.muggle.link,MuggleLink,515.14,,,,,
https://app.moriprotocol.io/,Mori Protocol,508.13,,,,,
https://app.bullionfx.com/trade,BullionFX,503.45,,,,,
https://rfx.exchange/,RFX Exchange,499.56,,,,,
https://app.bankofcronos.com,Bank of Cronos Loans,480.50,,,,,
https://zklend.com/,zkLend LST,480.04,,,,,
https://vaults.yiedl.ai,YIEDL Vaults,476.28,,,,,
https://onavax.com,onAVAX,462.93,,,,,
https://luckystake.app/,LuckyStake.app,455.42,,,,,
https://www.poolz.finance,Poolz Network,453.28,,,,,
https://www.bagelswap.com,Bagelswap,446.61,,,,,
https://clinkfi.io,Clink,445.33,,,,,
https://www.xrayswap.com/,Xray Swap,440.00,,,,,
http://mahalend.com,MahaLend,435.17,,,,,
https://tradeogre.com/markets,TradeOgre,432.87,Lisa ,Smith,Chief Executive Officer,https://www.linkedin.com/in/lisa-smith-60b897133,
https://deficurrent.com/,DefiCurrent,423.71,,,,,
https://kellerfinance.app,Keller Finance,418.01,,,,,
https://wagmidao.io,WagmiDAO,413.74,,,,,
https://degen.express,Degen Express,404.80,,,,,
https://stake.opengpu.fi,OpenGPU,396.83,,,,,
https://definer.org/,DeFiner,384.50,,,,,
https://ponzi.market,ponzi.market,382.76,,,,,
https://liqee.io,Liqee,382.37,,,,,
https://lava.ag,Lava,380.41,,,,,
https://credbull.io,Credbull,378.58,,,,,
https://jbc.finance,JBC.Finance,378.49,,,,,
https://app.ola.finance/networks/0x892701d128d63c9856A9Eb5d967982F78FD3F2AE/markets,SpiritSwap Lending,375.74,,,,,
https://baseswap.blog/,BaseFinance,375.53,,,,,
https://ibtc.kiki.finance,iBTC Finance,369.38,,,,,
https://qrolli.com,Qrolli,366.42,,,,,
https://knightdex.cc/,Knight DEX,366.06,,,,,
https://bridge.terra.money,Terra Bridge,365.35,,,,,
https://aeria.finance/,Aeria,365.08,,,,,
https://www.woof.finance/#/swap,Woof Finance,359.43,,,,,
https://next-gen.basedfinance.io/,Based,352.32,,,,,
https://surfdex.io,Surfswap Classic,349.65,,,,,
https://esdt.market/,EsdtMarket,347.40,,,,,
https://biokript.com,Biokript,346.91,Adnan ,Alisic,Founder,https://www.linkedin.com/in/adnan-alisic-baa192242,
https://for.tube/,ForTube,343.37,,,,,
https://lovelyswap.com/,Lovely Swap,339.56,,,,,
https://www.roe.finance/,Roe Finance,336.26,,,,,
https://augmented.finance,Augmented Finance,326.65,,,,,
https://stakeease.com,StakeEase,325.51,,,,,
https://dapp.getketh.com/home/,LST Optimizer,321.76,,,,,
https://www.spookybase.io,Spooky Base,315.14,,,,,
https://unagiswap.xyz/,unagiswap,311.12,,,,,
https://www.degenhive.ai,DegenHive LST,310.86,,,,,
https://xrgb.xyz,XRGB,307.68,,,,,
https://app.liquidbolt.finance/farms,Liquid Bolt,304.46,,,,,
https://kimberlite.rocks/,Kimberlite,304.16,Isaac ,Ekhaguere,Co-Founder,linkedin.com/in/evmlord,
https://zukeswap.xyz,ZukeSwap,298.24,,,,,
https://solanafarm.finance,Solana Farm,295.40,,,,,
https://venice.finance,VeniceSwap,281.67,,,,,
https://www.jax.finance,Jax Finance,280.01,,,,,
https://basket.algomint.io/,Algomint,275.16,Giles ,Campbell,co-founder,linkedin.com/in/giles-campbell-88442a2b0,
https://dapp.themis.capital/,Themis-lsdFil,274.35,,,,,
https://monopoly.finance,Monopoly Finance,267.81,,,,,
https://waxdao.io,WaxDAO,266.96,,,,,
https://app.invar.finance,InVar Finance,261.96,,,,,
https://evoq.finance,Evoq Finance,259.71,,,,,
https://www.lume.finance/,Lume Finance,257.58,,,,,
https://return.finance,Return Finance,255.06,Daniel ,Ishag,Co-Founder and CEO,https://www.linkedin.com/in/danishag,
https://klondike.finance,Klondike Finance,252.42,,,,,
https://dracoforce.com,Draco Force,250.51,Michael ,Howard,CEO and Founder,https://www.linkedin.com/in/federalmodernization,
https://main.powerswap.fi/swap,PowerSwap,247.31,,,,,
https://www.pumpxy.com,PumpXY,243.78,,,,,
https://www.satofi.app/,Satoshi Finance,240.00,,,,,
https://pyth.ooo,Pythagorean,237.96,,,,,
https://vinufinance.app/borrow,VinuFinance,237.61,,,,,
https://quantoswap.org,QuantoSwap,235.50,,,,,
https://1bch.com,1BCH,234.56,,,,,
https://curvesapp.com/,Curves Protocol,229.79,,,,,
https://bring.finance,Bring.Finance,226.08,,,,,
https://swap.chilizswap.com/#/,ChilizSwap,225.58,,,,,
https://app.syde.fi/,Syde,218.63,,,,,
https://ysl.io,YSL.IO,215.48,Hardev ,Dhillon,Co-Founder,https://www.linkedin.com/in/hardevdhillon,
https://aof.global/staking,Arena of Faith,213.74,,,,,
https://www.bumper.fi,Bumper Finance,210.84,Jonathan ,DeCarteret,Chief Executive Officer,https://www.linkedin.com/in/jonathan-decarteret,
https://www.bumper.fi,Bumper Finance,210.84,Gareth ,Ward,Chief Operating Officer,linkedin.com/in/garethward,
https://www.balus.io,Balus,204.84,,,,,
https://monocerus.world,Monocerus,203.52,,,,,
https://www.perseid.finance,Perseid Finance,198.05,,,,,
https://billionhappiness.finance/,Billion Happiness,192.24,,,,,
http://xops.finance,Xops Finance,189.20,,,,,
https://www.xtrade.exchange/,XTrade,187.35,,,,,
https://archi.finance,Archi Finance,185.76,,,,,
https://summitdefi.com,Summit Defi,182.79,,,,,
https://baksdao.com,BaksDAO,182.11,dini ,mirawati,Chief Operating Officer,linkedin.com/in/dinimirawati,
https://standard.im,Standard Spot CLOB,181.34,Hyungsuk ,Kang,CEO,https://www.linkedin.com/in/hyungsukkang,
https://pholend.com/,PhoLend,178.88,,,,,
https://www.klap.finance,Klap,173.14,,,,,
https://dex.superhero.com/,Superhero DEX,171.85,,,,,
https://vega.xyz,Vega Protocol,171.25,Barney ,Mannerings,Founder,http://www.linkedin.com/in/barnabee,
https://shekelswap.finance/#/,ShekelSwap,171.12,,,,,
https://www.belief.market/,Belief Market,165.37,,,,,
https://www.bfx.finance,BFXfi,163.09,,,,,
http://blasterdex.com,Blaster DEX,163.05,,,,,
https://www.rolluper.xyz,ROUP,162.29,,,,,
https://www.deltafi.xyz,DELTAFi,160.77,,,,,
https://www.crovegas.fun/,CroVegas,159.93,,,,,
https://app.degate.com,DeGate,159.36,,,,,
https://blaspace.io,BlaSpace,158.22,,,,,
http://luckypeach.xyz/,Lucky Peaches,157.38,,,,,
https://magnify.cash/,Magnify Cash,157.05,,,,,
https://pandoraswapxyz.org/,Pandora Swap,153.41,,,,,
https://dexilla.com/,Dexilla,149.38,,,,,
https://dre.finance/,Dre Finance,146.90,,,,,
https://www.demodyfi.com,Demodyfi,143.86,,,,,
https://magsin.io/,Magsinio,143.23,,,,,
https://app.yieldhub.finance,YieldHub Finance,143.16,,,,,
https://app.rollup.finance,Rollup Finance Stake,140.67,,,,,
https://0xroulette.com,0xRoulette Protocol,138.53,,,,,
https://www.bondle.xyz/,Bondle,136.54,,,,,
https://chadfinance.xyz,ChadFinance,136.07,,,,,
https://yyex.io,YYEX,133.34,,,,,
https://www.mayfair.fund,Mayfair Fund,130.83,,,,,
https://maduck.club,Maduck Club,130.53,,,,,
https://swap.omniswap.ai/,OmniSwap,130.44,,,,,
https://wonton.fun,Wonton,130.33,,,,,
https://stableswap.to/,StableSwap,126.70,,,,,
https://app.baseyield.finance/,BaseYield,125.81,,,,,
https://www.flashliquidity.finance,FlashLiquidity,123.53,,,,,
http://hakolabs.app/,Hako,123.02,,,,,
https://www.goledo.cash,Goledo,121.05,,,,,
https://defyswap.finance/,DefySwap,120.12,,,,,
https://onedollardcae.xyz/,OneDollarDCAE,119.13,,,,,
https://www.topcut.finance/,TopCut Finance,118.92,,,,,
https://agdex.io,AGDEX,117.49,,,,,
https://thedragonslair.farm,The Dragon's Lair,116.07,,,,,
https://lista.org/rwa,Lista RWA,115.74,Terry ,Huang,Co-Founder,http://www.linkedin.com/in/terry-huang-347028aa,
https://astradao.org/,Astra DAO,114.10,,,,,
https://www.coreswap.io/,CoreSwap,113.04,,,,,
https://aquaprotocol.xyz/,Aqua Protocol,112.27,,,,,
https://multex.network/swap?chain=SHAPE,MultEX,112.20,,,,,
https://hits4.fun/,Hits4fun,112.12,,,,,
https://borb.fi/,BorB,110.77,,,,,
https://plasma.fuzion.app/,Fuzion Plasma,109.66,,,,,
https://dashboard.purefi.io/,PureFi,109.29,Vasily ,Vidmanov,Chief Operating Officer,https://www.linkedin.com/in/vasily-vidmanov-596620126,
https://phase.cash,Phase,109.11,,,,,
https://betfolio.co,BetFolio,105.98,,,,,
https://www.emberswap.com,EmberSwap,104.64,,,,,
https://element.market,Element NFT Marketplace,104.01,,,,,
https://pairex.io/,PairEx,103.93,,,,,
https://www.ginsengswap.org/,Ginseng Swap,102.78,,,,,
https://app.vingt.io/,Vingt.io,102.17,Masud ,F.,CEO and Founder,https://www.linkedin.com/in/masud-farshori,
https://www.voltageswap.xyz,VoltageSwap,93.45,,,,,
https://czodiac.com,CZODIAC,91.07,,,,,
https://www.thriveonmars.com,Thrive On Mars,90.21,Hunter ,Stanchak,Founder,linkedin.com/in/stanchak,
https://www.skullswap.exchange/#/swap,SkullSwap,89.25,,,,,
https://www.tonyielding.com/,Tonyielding,86.88,,,,,
https://zkfair.io/,Zkfair,80.71,,,,,
https://www.bluespade.xyz,BlueSpade,78.83,,,,,
https://superhedge.com/,SuperHedge,77.76,Christopher ,Tsakok,Co-founder and CTO,https://www.linkedin.com/in/cmht,
https://superhedge.com/,SuperHedge,77.76,Jason ,Er,Co-founder and CEO,https://www.linkedin.com/in/jasonerkh,
https://strikex.com,StrikeX,77.35,,,,,
https://www.p2pflip.xyz/,P2PFlip,76.68,,,,,
https://beratlas.finance,Beratlas Finance,75.32,,,,,
https://lighter.xyz,Lighter,73.69,Vladimir ,Novakovski,Founder and CEO,https://www.linkedin.com/in/vnovakovski,
https://suprafi.app/,SupraFi,72.54,,,,,
https://www.atlasexchange.xyz/,Atlas Exchange,70.27,,,,,
https://apexswap.io/swap,ApexSwap,69.74,,,,,
https://unihedge.org/,Unihedge,66.98,,,,,
https://linkdefi.xyz,LinkDeFi,66.06,,,,,
https://www.fluxusbase.com,FluxusFi,65.04,,,,,
https://app.dorianfi.com/markets,Dorian,64.99,,,,,
https://sedge.fi/,sedge,64.90,,,,,
https://spiral.farm,SpiralDao,64.54,,,,,
https://valorem.xyz,Valorem,64.49,,,,,
https://dogepup.dog,DogePup,63.21,,,,,
https://nexter.fi/,Nexter,62.29,,,,,
https://vive.bouje.finance,ViveLaBouje,60.75,,,,,
https://www.silodefi.com,Silo Protocol,60.43,,,,,
https://mama.io,MAMA,60.39,,,,,
https://bagel-finance-omniston.0xbagel.com/,Bagel Finance,58.68,,,,,
https://slsd.finance,Structured LSD,58.28,,,,,
https://pacman.finance,Pacman,57.02,,,,,
https://www.gmcash.finance,GmCash,56.66,,,,,
https://www.bits.financial/,Bits,56.14,,,,,
https://gton.capital,GTON Capital,52.50,,,,,
https://polyfriend.tech/signIn,polyfriend.tech,50.59,,,,,
https://derify.exchange/trade,Derify Protocol,50.15,,,,,
https://fatex.io,FATExFi,50.12,,,,,
https://aquas.trade,Aquas Trade,50.06,,,,,
https://stablz.one,Stablz,49.60,,,,,
https://coindrip.finance,CoinDrip,49.48,Razvan ,Statescu,Co-Founder,https://www.linkedin.com/in/razvanstatescu,
https://zkfox.io,zkFox,47.52,,,,,
https://pencilsprotocol.io,Pencils Protocol,47.03,,,,,
https://jellybeancash.com/,JellyBeanSwap,46.67,,,,,
https://www.moveflow.xyz/,MoveFlow,45.96,,,,,
https://colafactory.com,ColaFactory,45.86,,,,,
https://rollspace.com,Rollspace,44.35,,,,,
https://www.gloom.finance,Gloom Finance,44.32,,,,,
https://www.dogewhale.com,Dogewhale,43.78,,,,,
https://app.quokkalend.xyz/,QuokkaLend,43.72,,,,,
https://stout.fi/,Stout,43.26,,,,,
https://firi.com,Firi,42.47,Nicolaj ,Petersen,CEO & Founder,http://www.linkedin.com/in/nicolajbroby,
https://firi.com,Firi,42.47,Thuc ,Hoang,Founder & CEO,http://www.linkedin.com/in/thuc-hoang-4056765a,
https://www.randomreward.xyz,Random Reward,42.35,,,,,
https://www.glori.finance,Glori Finance,42.08,,,,,
https://katanaswap.xyz,KatanaSwap,40.76,,,,,
https://app.spartacus.exchange,Spartacus Exchange,39.88,,,,,
https://www.energyfi.io/,Energyfi,38.11,,,,,
https://inkonchain.com/bridge,Ink Bridge,37.42,,,,,
https://www.tanukix.com,TanukiX,36.99,,,,,
https://dvol.finance,dVOL,36.97,,,,,
https://www.mtt.network/,Yaakoswap,36.64,,,,,
https://boomswap.finance,BoomSwap,36.12,,,,,
https://www.jadeswap.fi/,Jadeswap,34.27,,,,,
https://ngmi.zone,NGMI Zone,32.51,,,,,
https://www.mayz.io,MAYZ Protocol,31.86,,,,,
https://sportbet.one/,SportBet,31.71,,,,,
https://defo.xyz,DeFO,30.80,,,,,
https://www.corepilot.finance/,Corepilot,29.64,,,,,
https://a-dex.io,A-DEX,28.18,,,,,
https://www.geni.app/,Genius,27.88,,,,,
https://www.glitterfinance.org/,Glitter Finance,26.62,,,,,
https://www.rhomarkets.xyz,Rho Markets,26.19,,,,,
https://produs.id/dex,PRODUS,25.71,,,,,
https://www.tren.finance/,Tren Finance,25.66,Daryll ,N.,Founder,https://www.linkedin.com/in/danets,
https://deflex.fi,Deflex,25.00,,,,,
https://rubydex.com,RubyDex,24.14,,,,,
https://miningtycoon.fun,Mining Tycoon,24.08,,,,,
https://reholdio.com,ReHold,23.27,Michael ,Semin,co-founder,,
https://reservoir.fi,Reservoir,22.92,,,,,
https://palomino.fi/,Palomino Finance,22.84,,,,,
https://snake.finance,Snake Finance,22.32,,,,,
https://www.openzk.net,OpenZK,19.58,,,,,
https://www.cronews.fun/,cronews,19.52,,,,,
https://fp.io/,Flooring Protocol,17.67,,,,,
https://www.harbor.market,Harbor Market,16.62,,,,,
https://muschairs.com,Musical Chairs,15.68,,,,,
https://www.hyperloan.app/,HyperLoan,15.36,,,,,
https://gomblegames.com,Gomble Games,14.80,Jihoon ,Byun,Chief Executive Officer,https://www.linkedin.com/in/jihoon-byun-075620157,
https://gomblegames.com,Gomble Games,14.80,Junyoung ,Chang,CEO,https://www.linkedin.com/in/junyoung-chang-a2355b82,
https://warp.finance,Warp Finance,14.30,,,,,
https://equitofinance.com,Equito Finance,14.25,,,,,
https://www.sigmao.cc,Sigmao,13.24,,,,,
https://arbor.finance,Arbor Finance,12.58,,,,,
https://flatcoin.cc,FlatCoin DEX,12.50,,,,,
https://www.opendelta.com/,OpenDelta Perpetual Bond,12.30,Konstantin ,Wünscher,Co-Founder and CEO,https://www.linkedin.com/in/konstantin-w%C3%BCnscher-7b742493,
https://www.opendelta.com/,OpenDelta Perpetual Bond,12.30,Nick ,Schteringard,Co-Founder,https://www.linkedin.com/in/schteringard,
http://www.lunafi.io,LunaFi,11.56,,,,,
https://www.microcredittoken.com/,Micro Credit Project,11.00,,,,,
https://coffer.city,Coffer City,10.97,,,,,
https://dropcopy.io/pari,DropCopy,10.88,,,,,
https://opaldefi.xyz,Opal DeFi,10.35,,,,,
https://www.csrfi.xyz/,CSRfi,9.97,,,,,
https://print3r.xyz/#/home,PRINT3R,9.82,,,,,
https://www.windfallgame.com/,Windfall,9.72,,,,,
https://fei.money/,Fei Protocol,9.33,,,,,
https://utyabswap.com/,UtyabSwap,9.07,,,,,
https://circlepacific.xyz/,CirclePacific,9.01,,,,,
https://fleet.fractit.com/,Fractit Fleet,9.00,Sunny ,Kumar,Founder,linkedin.com/in/salixo,
https://axion.finance,Axion Finance,8.89,,,,,
https://nayms.com/,Nayms,8.66,,,,,
https://debets-protocol.gitbook.io/untitled/,Debets,8.37,Sara ,Tandowsky,CEO,https://www.linkedin.com/in/saratandowsky,
https://debets-protocol.gitbook.io/untitled/,Debets,8.37,Samy ,Pessé,Co-founder,https://www.linkedin.com/in/samypesse,
https://www.polytrade.finance/,Polytrade,7.89,Bahij ,Salem,Owner,http://www.linkedin.com/in/bahij-salem-34aa1924,
https://ecodefi.net,EcoDeFi,7.21,,,,,
https://purplebridge.link,Purple Bridge DEX,7.09,,,,,
https://www.dumpex.xyz,DumpEX,6.96,,,,,
https://epochisland.io,Epoch Island,6.64,,,,,
https://mjolnir.exchange/,Mjolnir Exchange,6.46,,,,,
https://orio.io/,ORIO,6.43,,,,,
https://www.zharta.io,Zharta,6.15,Diogo ,Pires,Co-Founder and CTO,https://www.linkedin.com/in/diopires,
https://www.zharta.io,Zharta,6.15,Nuno ,Cortesão,Co-Founder and CEO,linkedin.com/in/nunocortesao,
https://alphax.com/,AlphaX,6.13,,,,,
https://www.rage.trade/,Rage Trade,5.92,,,,,
https://size.cash,Size Lending,5.83,,,,,
https://www.feeder.finance,Feeder Finance,5.71,,,,,
https://every.finance,EveryFinance,5.61,,,,,
https://swivel.exchange/,Swivel Finance,5.49,,,,,
https://moth.finance,Moth Finance,5.11,,,,,
https://crocodile.finance,Crocodile Finance,4.90,,,,,
https://www.xmas-past.com,Xmas Past,4.87,,,,,
https://ad-astra.multiversx.com/,Ad-Astra Bridge,4.63,Beniamin ,Mincu,Founder and CEO,https://www.linkedin.com/in/beniaminmincu,
https://ad-astra.multiversx.com/,Ad-Astra Bridge,4.63,Lucian ,Todea,Co-Founder,https://www.linkedin.com/in/luciantodea,
https://www.westarter.org,WeStarter,4.45,,,,,
https://credible.finance/,Credible Finance,4.01,Akshay ,Soam,Co-founder,https://www.linkedin.com/in/akshay-soam,
https://credible.finance/,Credible Finance,4.01,Jacob ,McCarthy,Chief Operating Officer,https://www.linkedin.com/in/jvcob1,
https://mirakle.io,Mirakle Defi,3.65,,,,,
https://www.bitlen.io,Bitlen Finance,3.28,,,,,
https://solbank.finance,Solbank Finance,3.23,,,,,
https://www.revenant.gg/,TempoDAO,3.22,,,,,
https://www.zenfinance.space/,ZenFinance,3.06,,,,,
https://catton.ai/,Catton,3.01,,,,,
https://base3d.app,Base3D,3.00,,,,,
https://www.colors.finance/,Colors,3.00,,,,,
https://applepies.co,ApplePie,2.73,,,,,
https://poseidollar.com,Poseidollar,2.48,,,,,
https://www.tesseract.world/,Tesseract World,2.33,,,,,
https://minerpepe.com,Miner PEPE,2.26,,,,,
https://aidapp.com,AIDApp,2.10,Bohdan ,Prylepa,Co-Founder | CEO,http://www.linkedin.com/in/prilepab,
https://app.zkex.com,ZKEX,2.05,Balal ,Khan,Founder,https://www.linkedin.com/in/balalkhan,
https://crackandstack.com,Crack And Stack,1.84,,,,,
https://createdao.org/,CreateDAO,1.72,,,,,
https://LND.fi,LND,1.71,,,,,
https://rocky.cash/,Rocky,1.31,,,,,
https://dexodus.finance,Dexodus Finance,1.31,,,,,
https://aquadex.co/swap,Aquadex,1.29,,,,,
https://www.templedao.link,TempleDAO,1.27,,,,,
https://alyx.finance/,Alyx finance,1.25,,,,,
https://www.sapphiremine.xyz,Sapphire Mine,1.19,,,,,
https://hodl.fox.one,Hodl Fox,1.16,,,,,
https://www.pidao.finance/,Pidao Finance,1.16,,,,,
https://octoplace.io,OCTOplace,1.15,,,,,
https://defidash.net/,Defidash Agent,1.10,,,,,
https://settlex.finance/,SettleX,1.07,,,,,
https://rikkei.finance/,Rikkei Finance,1.07,,,,,
https://donaswap.com,DONASWAP,1.02,,,,,
https://app.ssap.finance/dashboard,SSAP,1.00,,,,,
https://www.tempest.capital,Tempest Capital,0.97,,,,,
https://nodo.xyz,NODO,0.85,Vincent ,Li,Co-Founder,https://www.linkedin.com/in/vincent1110,
https://nodo.xyz,NODO,0.85,Sowmya ,R.,Co-Founder,linkedin.com/in/sowmya-raghavan,
https://oreswap.xyz/,OreSwap,0.77,,,,,
https://magnetdao.io/,Magnet DAO,0.67,,,,,
https://www.beralis.xyz,Beralis,0.56,,,,,
https://www.ferdyflip.xyz,FerdyFlip,0.54,,,,,
https://blinkswap.xyz,Blinkswap,0.52,,,,,
https://xfam.tech,xfam.tech,0.51,,,,,
https://btc.allo.xyz/,alloBTC,0.49,Nitin ,Dwivedi,Founding Member,https://www.linkedin.com/in/nitin-dwivedi57,
https://btc.allo.xyz/,alloBTC,0.49,Boris ,R.,Founding Team,https://www.linkedin.com/in/boris-redfern,
https://www.hectagon.finance,Hectagon,0.49,,,,,
https://www.grappa.finance,Grappa Finance,0.45,,,,,
https://www.cadenceprotocol.io,Cadence Protocol,0.38,,,,,
https://liondex.com,LionDEX,0.38,,,,,
https://nyke.finance,Nyke Finance,0.36,,,,,
https://vaultWin.com,VaultWin,0.29,,,,,
https://matrixai.finance,MatrixAI,0.20,,,,,
https://jettonbtc.com,jBTC,0.19,,,,,
https://www.taichidao.io,TaiChi,0.13,,,,,
https://moose.market,Moose,0.11,,,,,
https://www.jumpdefi.xyz/,JumpDefi,0.11,,,,,
https://swap.defiob.com,OBSwap,0.09,,,,,
https://scribeswap.xyz,Scribeswap,0.08,,,,,
https://app.kopi.money/,Kopi DEX,0.08,,,,,
https://meowminer.com,Meow Miner,0.08,,,,,
https://raidshift.com,RAIDSHIFT Marketplace,0.06,,,,,
https://www.cthulhu.finance/,Cthulhu.Finance,0.06,,,,,
https://app.moby.trade,Moby,0.05,,,,,
https://waxdeer.com,WDJC,0.05,,,,,
https://multiverse.fntokens.xyz/,multiverse,0.01,,,,,
https://azex.io/,AZEX,0.01,,,,,
https://option.dance,Option Dance,0.01,,,,,
https://www.talentprotocol.com,Talent Protocol,0.01,,,,,
https://unclesam.finance/,UncleSam Protocol,0.01,,,,,
https://www.intuition.systems,Intuition,0.01,Niall ,Darby,CEO,https://www.linkedin.com/in/niall-darby-8a7a721,
https://www.intuition.systems,Intuition,0.01,William ,Luedtke,Founder,https://www.linkedin.com/in/william-luedtke-b0a3bb5a,
https://www.bsx.exchange,BSX Exchange,0.00,,,,,
https://mateswap.xyz,MateSwap,0.00,,,,,
https://www.rizefi.com,RIZE,0.00,,,,,
https://aurumfi.io/,Aurum,0.00,,,,,
https://bitgertswap.com/#/swap,Bitgert Swap,0.00,,,,,
https://www.lago.finance/,Lago Bridge,0.00,,,,,
http://risingundead.com/,Rising Undead,0.00,,,,,
https://hliquity.org/,HLiquity,0.00,,,,,
https://onionswap.site,OnionSwap,0.00,,,,,
https://www.kokomo.finance,Kokomo Finance,0.00,,,,,
https://www.foxify.trade/,foxify,0.00,Danny ,Winn,Chief Executive Officer,linkedin.com/in/danny-winn-17690535,
https://stobix.com,Stobix,0.00,Marcus ,Chen,COO,linkedin.com/in/marcus-ch,
https://stobix.com,Stobix,0.00,Michael ,Semin,Founder,http://www.linkedin.com/in/michael-semin,
https://stakin.gg,Stakin,0.00,,,,,
https://oraprotocol.fi,Ora Protocol,0.00,,,,,
https://piggybankdao.finance,Piggybank DAO,0.00,,,,,
https://app.solidpulse.xyz,SolidPulse,0.00,,,,,
https://www.manifold.xyz/,manifold.xyz,0.00,Eric ,Diep,Founder,https://www.linkedin.com/in/dieperic,
https://www.manifold.xyz/,manifold.xyz,0.00,Wilkins ,Chung,Founder,linkedin.com/in/wwhchung,
https://chainspot.io/portal,Chainspot,0.00,Artem ,Avdeev,Co-founder,http://www.linkedin.com/in/afmx,
https://www.memecast.ai/,MEMECAST.AI,0.00,,,,,
https://www.genesisdao.io,Genesis DAO,0.00,,,,,
https://seiyan.fun,seiyan fun,0.00,,,,,
https://thegraph.com/,The Graph,0.00,,,,,
https://taolie.ai/,TAOlie,0.00,,,,,
https://www.circle.com/en/,Circle,0.00,Ryan ,Feit,Chief Executive Officer and Co-Founder,https://www.linkedin.com/in/acwaaaxawcobnhfufi7ddjvypkufvbwzzowhzw4,
https://www.circle.com/en/,Circle,0.00,Coralie ,Billmann,Managing Director,linkedin.com/in/coralie-billmann-cfa-2146a1165,
https://app.hel.io/,Helio,0.00,,,,,
https://www.dextools.io/marketplace,DEXTools,0.00,Javier ,Fernández,CEO and Co Founder,https://www.linkedin.com/in/javier-palomino-fernandez,
https://www.dextools.io/marketplace,DEXTools,0.00,Frederic ,Fernandez,CO Founder,linkedin.com/in/frederic-fernandez,
https://bellum.exchange,Bellum Exchange,0.00,,,,,
https://alphpad.com,AlphPad,0.00,,,,,
https://optimism.io/,Optimism Foundation,0.00,Bobby ,Dresser,Executive Director,http://www.linkedin.com/in/bobbydresser,
https://optimism.io/,Optimism Foundation,0.00,Jing ,Wang,CEO & Executive Director,http://www.linkedin.com/in/jing-wang-576a3772,
https://rainbow.ag,Rainbow Swap,0.00,,,,,
https://papparico.finance/home,Papparico Finance,0.00,,,,,
https://www.paxe.io,Paxe Protocol,0.00,,,,,
https://www.farcaster.xyz/,Farcaster SoFi,0.00,Dan  ,Romero,Co-Founder,https://www.linkedin.com/in/danielwromero,
https://www.farcaster.xyz/,Farcaster SoFi,0.00,Vadym ,Lutsenko,CEO ,https://www.linkedin.com/in/vadym-lutsenko-979007362,
https://arrland.com/,Arrland,0.00,,,,,Furqan
https://arrow.markets,Arrow Markets,0.00,Edward ,Mehrez,Co-Founder,https://www.linkedin.com/in/edward-mehrez-aa316082/,
https://dexscreener.com,DEX Screener,0.00,Andreas ,Diegues,Co-Founder,https://www.linkedin.com/in/andreasdiegues/?originalSubdomain=br,
https://www.stackmore.xyz/,Stack,0.00,Prashanth ,Chandrasekar,Chief Executive Officer,https://www.linkedin.com/in/pchandrasekar/,
https://layerzero.network/,LayerZero,0.00,Ryan ,Zarick,"Co-Founder, CTO and Inventor",https://www.linkedin.com/in/ryanzarick/?originalSubdomain=ca,
https://aurus.io/marketplace?token=tXAU,Aurus,0.00,Olga ,EMIKH,Owner,https://www.linkedin.com/in/olga-emikh-01463752/?originalSubdomain=ru,
https://ape.pro/,Ape Jupiter,0.00,,,,,
https://danzo.gg/#/arena,Danzo App,0.00,Humayun ,Z.,Founder | DevOps Architect | Cloud Engineer,https://www.linkedin.com/in/humayunzia/,
https://bitoro.network,Bitoro Network,0.00,,,,,
https://joincommonwealth.xyz/,Common Wealth,0.00,Alex ,Mazer,Co-founder & CEO,https://www.linkedin.com/in/alexmazer/?originalSubdomain=ca,
https://step.finance/,Step Finance,0.00,CJ ,MacDonald,Founder & CEO,https://www.linkedin.com/in/cjmacdonald/,
https://jvault.xyz,JVault,0.00,Amar ,Thakor,Owner,https://www.linkedin.com/in/amar-thakor-05a532320/?originalSubdomain=in,
https://stake.rock-swap.io/,Rock Staking,0.00,,,,,
https://coinhall.org/swap,Hallswap,0.00,Aaron ,Choo,Co-Founder & CTO,https://www.linkedin.com/in/aaroncql/?originalSubdomain=sg,
https://www.perpie.io,Perpie,0.00,,,,,
https://www.bit-rock.io/,WBROCK Staking,0.00,,,,,
https://moon.it/,moon.it,0.00,Dilawar ,Shahid,Chief Executive Officer,https://www.linkedin.com/in/dilawarshahid70/?originalSubdomain=pk,
https://hop.ag/,Hop Aggregator,0.00,,,,,
https://app.infinityhedgefund.com/#/dashboard,Infinity Hedge Fund,0.00,,,,,
https://clusters.xyz,Clusters,0.00,Gillian ,Brennan,Business Owner,https://www.linkedin.com/in/gillian-brennan-245769295/,
https://clusters.xyz,Clusters,0.00,Gil ,Elias,Founder & CEO,https://www.linkedin.com/in/gilielias?miniProfileUrn=urn%3Ali%3Afs_miniProfile%3AACoAABkTUuYBikQ7O7kRy7VXlyJyk6nxfqFKOok&lipi=urn%3Ali%3Apage%3Acompanies_company_people_index%3B845d6137-a1e0-42dc-b7dd-11e66da8f09f,
https://www.re.al,re.al protocol,0.00,,,,,
https://ducaswap.com,Ducata,0.00,Patrick ,Huisinga,Founder & CEO,https://www.linkedin.com/in/patrick-huisinga-168842339/?originalSubdomain=nl,
https://finceptor.app/,Finceptor,0.00,Can ,Kocagil,Co-founder & COO,https://www.linkedin.com/in/can-kocagil?miniProfileUrn=urn%3Ali%3Afs_miniProfile%3AACoAACuAaeQB9vPynG_Zeu74VCtbPkjaCgcDkAo&lipi=urn%3Ali%3Apage%3Acompanies_company_people_index%3B4f83ec50-822b-4bcd-9b91-98cfceb4af68,
https://finceptor.app/,Finceptor,0.00,Arman ,Budunoğlu,Co-founder & CEO,https://www.linkedin.com/in/arman-vural-budunoglu?miniProfileUrn=urn%3Ali%3Afs_miniProfile%3AACoAACq9IewBTezY_FiJ-WH4ARUe-mapByKwudE&lipi=urn%3Ali%3Apage%3Acompanies_company_people_index%3B4f83ec50-822b-4bcd-9b91-98cfceb4af68,
https://photon-sol.tinyastro.io,Photon,0.00,Srinivas ,Balasubramanian,"Founder, Chairman and CEO",https://www.linkedin.com/in/srinivasbalasubramanian/?originalSubdomain=ch,
https://photon-sol.tinyastro.io,Photon,0.00,Jim ,Kim,Chief Creative Officer,https://www.linkedin.com/in/jimkim3000?miniProfileUrn=urn%3Ali%3Afs_miniProfile%3AACoAAADedewBbDVa2t9ZqboD_g4KgI3b30zODIk&lipi=urn%3Ali%3Apage%3Acompanies_company_people_index%3Bb3cd93db-a37e-41a8-848c-37929a26f40d,
https://firoza.finance,Firoza Finance,0.00,,,,,
https://star-fleet.io/astra/swap,Astra,0.00,Shikhil ,Sharma,Founder,https://www.linkedin.com/in/shikhil-sharma/?originalSubdomain=in,
https://www.metaplex.com/,Metaplex,0.00,Adam ,Minsky,Chief Financial Officer,https://www.linkedin.com/in/adamminsky/,
https://kava.obyte.org,LINE Token Rewards,0.00,Anton ,Churyumov,Founder,https://www.linkedin.com/in/anton-churyumov-32112b7/?originalSubdomain=ru,
https://mevx.io,MEVX,0.00,Blog ,MevX,Founder,https://www.linkedin.com/in/blogmevx/,
https://maha.xyz/,MAHA.xyz,0.00,Henry ,Hong,CEO / Co-Founder,https://www.linkedin.com/in/henry-jongho-hong-007/?originalSubdomain=kr,
https://onopen.xyz,OPEN Ticketing Ecosystem,0.00,,,,,
https://app.akka.finance/,AKKA,0.00,Tyler ,Jewell,CEO & President,https://www.linkedin.com/in/tylerjewell/,
https://echelon.io/,Echelon Prime,0.00,,,,,
https://fasttoken.com/,Fast token,0.00,John ,Gunn,"CEO, CRO, and Evangelist",https://www.linkedin.com/in/johnnybgood/,
https://znsconnect.io/,ZNS Connect,0.00,Anry ,B.,Chief Executive Officer,https://www.linkedin.com/in/ac3f/?originalSubdomain=fr,
https://www.memecoin.org/,Memecoin,0.00,,,,,
https://soltradingbot.com,SolTradingBot,0.00,,,,,
https://www.gmsvaults.com,GMS Vaults,0.00,,,,,
https://vertexprotocol.com,Vertex AMM,0.00,,,,,
https://app.grix.finance/,Grix,0.00,E. James ,Gix,Owner,https://www.linkedin.com/in/e-james-gix-3070a222/,
https://mewfinance.com/,MewFi,0.00,,,,,
https://taraxa.io/,Taraxa Foundation,0.00,Steven ,Pu,Co-founder,https://www.linkedin.com/in/steven-pu/,
https://www.accessprotocol.co,Access Protocol,0.00,Andreas ,Nicolos,Chief Executive Officer,https://www.linkedin.com/in/andreasnicolos/?originalSubdomain=uk,
https://swing.xyz/,Swing,0.00,Ian ,Nagle,CEO,https://www.linkedin.com/in/iwnagle/?originalSubdomain=uk,
https://pinto.money/,Pinto,0.00,,,,,
https://defi.emumeme.com/,Emu,0.00,,,,,
https://www.clanker.world/,clanker,0.00,Jack ,Dishman,Co-Founder (acquired),https://www.linkedin.com/in/jackdishman/,
https://linqai.fi,LinqAI,0.00,Logan ,Audie,Chief Executive Officer,https://www.linkedin.com/in/logan-audie-997250230/?originalSubdomain=za,
https://cloud.debank.com/,DeBank Cloud,0.00,Tang ,Hongbo,Co-Founder & Board Chair,https://www.linkedin.com/in/tanghongbo?miniProfileUrn=urn%3Ali%3Afs_miniProfile%3AACoAAA_d8gkBRLkn_3kyxa_Y8083GoVqDuP9s2A&lipi=urn%3Ali%3Apage%3Acompanies_company_people_index%3Bf2b1d3c7-b0d8-4352-ab4f-2db18f5c070b,
https://gmgn.ai,GMGN,0.00,Arthur ,Wang,Co-Founder,https://www.linkedin.com/in/arthur-wang-665615229/?originalSubdomain=ae,
https://bullx.io/,BullX,0.00,,,,,
https://pv0.one/,PV01,0.00,Michael ,Wynne,Chief Compliance Officer,https://www.linkedin.com/in/michaelwynnerm/,
https://pv0.one/,PV01,0.00,Flavio ,Molendini,Co founder,https://www.linkedin.com/in/fmolendini?miniProfileUrn=urn%3Ali%3Afs_miniProfile%3AACoAAAfxgo0BPyi5mv5GKqDmk9XDvNydFfV7dR8&lipi=urn%3Ali%3Apage%3Acompanies_company_people_index%3B3c5cf796-3a92-40f7-9195-a5e1906f5f11,
https://blaze.ninja/,Ninja Blaze,0.00,,,,,
https://www.mach.exchange/,Mach,0.00,,,,,
https://acet.finance/,ACET,0.00,Worawat ,Narknawdee,Founder,https://www.linkedin.com/in/worawat-narknawdee-acme/?originalSubdomain=th,
https://injex.fi/,Injex Finance,0.00,,,,,
https://www.mantis.app,Mantis,0.00,Jamal ,Aezaz,Owner ,https://www.linkedin.com/in/jamal-aezaz-95b46b68?miniProfileUrn=urn%3Ali%3Afs_miniProfile%3AACoAAA5OZZcBtziaqWXtztmt6Tn96jihF-Swg0Q&lipi=urn%3Ali%3Apage%3Acompanies_company_people_index%3Bc5076eda-6ddb-449d-ba11-6e51bb494e29,
https://staking.orbs.fi,Orbs,0.00,,,,,
https://aixcbcapital.com/,aixCB,0.00,ROBBIE ,JEO,Partner and Advisor,https://www.linkedin.com/in/robby678/,
https://hai.hacken.io,HackenAI,0.00,Yevheniia ,Broshevan,Chief Executive Officer and Co-Founder,https://www.linkedin.com/in/broshevan/,
https://hai.hacken.io,HackenAI,0.00,Dyma ,Budorin,Co-Founder and CEO,https://www.linkedin.com/in/dyma-budorin-acca-ccssa-56a98035/?originalSubdomain=ae,
https://zeebu.fi,Zeebu,0.00,Raj ,Brahmbhatt,Co-Founder,https://www.linkedin.com/in/rajbrahmbhat/,
https://vaderai.fi,Vader AI,0.00,,,,,
https://fomogame.org,Dont FOMO,0.00,,,,,
https://www.qomswap.com,QOMSWAP,0.00,,,,,
https://www.envviron.com/,Envviron,0.00,Ray ,Quintana,Chief Executive Officer,https://www.linkedin.com/in/forevver/?originalSubdomain=fr,
https://blazingapp.com,BlazingApp,0.00,Augustinas ,Milaknis,Co-Founder and CEO,https://www.linkedin.com/in/augustinas-milaknis-49096a210/,
https://moki.ag/,Moki,0.00,Zachary ,Brown,Owner ,https://www.linkedin.com/in/zachary-brown-6b6a2977/,
https://basedai.fi,based AI,0.00,,,,,
https://www.prerich.com,prerich,0.00,,,,,
https://www.pocketuniverse.app/,Pocket Universe,0.00,,,,,
https://moonshot.money/,moonshot.money,0.00,Vidhya ,Ramalingam,Founder & CEO,https://www.linkedin.com/in/vidhyara/,
https://rootstockcollective.xyz,Rootstock Collective,0.00,Sascha ,Götz,Founder & Director,https://www.linkedin.com/in/sascha-g%C3%B6tz-b4469387/?originalSubdomain=ad,
https://rootstockcollective.xyz,Rootstock Collective,0.00,Tamara ,Lerner,"Director of Admin, Finance and Operations",https://www.linkedin.com/in/tamlerner/,
https://erinaceus.io,Erinaceus VRF,0.00,,,,,
https://filament.finance,Filament Beta,0.00,Abhitej ,Singh,Co-Founder,https://www.linkedin.com/in/abhitejsingh23/?originalSubdomain=ae,
https://ton.diamonds,TON Diamonds,0.00,Vladimir ,Makhov,Founder and CEO,https://www.linkedin.com/in/vladimir-makhov-4288b346/?originalSubdomain=ru,
https://pear.garden/,Pear Perps,0.00,Yadheedhya ,,Founding Engineer,https://www.linkedin.com/in/yadheedhya/?originalSubdomain=in,
https://www.kadena.io/cabinet,Kadena Cabinet,0.00,Will ,Martino,Founder & President,https://www.linkedin.com/in/williammartino/,
https://www.kadena.io/cabinet,Kadena Cabinet,0.00,Stuart ,Popejoy,Founder,https://www.linkedin.com/in/stuart-popejoy-5844ab2b?miniProfileUrn=urn%3Ali%3Afs_miniProfile%3AACoAAAZNV3QBDtUsJQf007aF1hyaeEY3dh5VXms&lipi=urn%3Ali%3Apage%3Acompanies_company_people_index%3B60636332-dea5-4925-be1d-4f0e925d8fe7,
https://wolfswap.app/swap,Wolfswap,0.00,Alex ,Ungureanu,Co-Founder & CEO,https://www.linkedin.com/in/ungureanualex/?originalSubdomain=ro,
https://blitz.exchange,Blitz AMM,0.00,Yash ,Sharma,Co-Founder,https://www.linkedin.com/in/yash-sharma-805b78a4/?originalSubdomain=in,
https://staking.oceanpoint.finance,Ocean Point,0.00,Chris ,Owhadi,President ,https://www.linkedin.com/in/chris-owhadi-b4434547?miniProfileUrn=urn%3Ali%3Afs_miniProfile%3AACoAAAnWwCQBy-NJPHh6-7UAyJY06YzLJDXn9RM&lipi=urn%3Ali%3Apage%3Acompanies_company_people_index%3Beead7572-4a0c-4e05-8c3b-e34ce2b26c71,
https://ntm.ai/,NTM.ai,0.00,Enes ,O.,Co-Founder,https://www.linkedin.com/in/enes-o-78023a267/?originalSubdomain=tr,
https://www.reformdao.com,ReformDAO,0.00,Jess ,Muntenaar,Founder & Core Contributor,https://www.linkedin.com/in/jess-muntenaar/,
https://monprotocol.ai,MON Protocol,0.00,,,,,
https://www.kyex.io/,KYEX,0.00,,,,,
https://stake.goneural.io,NeuralAI,0.00,Charles ,Schoenhoeft,CEO,https://www.linkedin.com/in/charles-schoenhoeft-b1a2a1353/,
https://suimarket.net/markets,SuiMarket,0.00,,,,,
https://xend.finance,Xend Finance,0.00,Ugochukwu ,Aronu,Founder,https://www.linkedin.com/in/ugochukwu-aronu-4477a59b/?originalSubdomain=ng,
https://xend.finance,Xend Finance,0.00,Ohaeri ,Nnadozie,Chief Financial Officer,https://www.linkedin.com/in/ohaeri-nnadozie-7a9a7496/?originalSubdomain=ng,
https://morkie.finance,Morkie,0.00,,,,,
https://makenow.meme/en,makenow.meme,0.00,,,,,
https://taikodrips.xyz,Taiko Drips,0.00,,,,,
https://www.kerberus.com/,Kerberus,0.00,Danor ,Cohen,CTO & Founder,https://www.linkedin.com/in/danorc?miniProfileUrn=urn%3Ali%3Afs_miniProfile%3AACoAAAM_KP8B5kwbGH005CAq5t6QTxbGs02LloU&lipi=urn%3Ali%3Apage%3Acompanies_company_people_index%3Bd70ac119-b6d8-4279-8037-1de00969d6bf,
https://www.kerberus.com/,Kerberus,0.00,Alex ,Katz,CEO & Founder,https://www.linkedin.com/in/thealexkatz?miniProfileUrn=urn%3Ali%3Afs_miniProfile%3AACoAAATDnREBhxWQzZkJT9_lsTnvVJ1tAPGWQpE&lipi=urn%3Ali%3Apage%3Acompanies_company_people_index%3Bd70ac119-b6d8-4279-8037-1de00969d6bf,
https://superdapp.ai,SuperDapp,0.00,Mickey,J.,Co-Founder,https://www.linkedin.com/in/mickeyjoe/?originalSubdomain=gi,
https://www.metrom.xyz,Metrom,0.00,Venkatesh ,Sridharan,Co-Founder,https://www.linkedin.com/in/venkatesh-sridharan-809930a/,
https://www.jetonai.com/,Jeton,0.00,,,,,
https://heroblaze3kd.io/staking,Hero Blaze,0.00,,,,,
https://www.ethosx.finance,EthosX,0.00,Deepanshu,,Co-founder & CEO,https://www.linkedin.com/in/deepanshu1/?originalSubdomain=in,
https://creoengine.com/,Creo Engine,0.00,Javier ,Tan,Chief Executive Officer,https://www.linkedin.com/in/javier-tan-b07058228/?originalSubdomain=id,
https://creoengine.com/,Creo Engine,0.00,Vetric ,Hartady,Chief Financial Officer,https://www.linkedin.com/in/vetric-hartady-18379314a/?originalSubdomain=id,
https://xenwave.com,Xenwave,0.00,,,,,
https://zerion.io,Zerion Wallet,0.00,Evgeny ,Yurtaev,Co-Founder & CEO,https://www.linkedin.com/in/yurtaev/?originalSubdomain=uk,
https://zerion.io,Zerion Wallet,0.00,Vadim ,Koleoshkin,Co-Founder,https://www.linkedin.com/in/vadim-koleoshkin?miniProfileUrn=urn%3Ali%3Afs_miniProfile%3AACoAABrSquQBu45RHNgWciYxWJQY8fLrQUwd62Y&lipi=urn%3Ali%3Apage%3Acompanies_company_people_index%3B70075e3f-4272-495a-83b6-94697d86dcb5,
https://bow.kujira.network,Bow Leverage,0.00,,,,,
https://stepn.com,Stepn,0.00,Yawn ,Rong,Co-Founder,https://www.linkedin.com/in/yawn-rong-4b4b1861/?originalSubdomain=au,
https://pyth.network/,Pyth Network,0.00,Michael ,Cahill,CEO ,https://www.linkedin.com/in/michael-d-cahill?miniProfileUrn=urn%3Ali%3Afs_miniProfile%3AACoAAADk9CYBMslruPkT7W06RyqeZA6RJdNtBcQ&lipi=urn%3Ali%3Apage%3Acompanies_company_people_index%3Bcffaeef8-c11f-48ce-98ee-0791bbe0c7b7,
https://bankai.app,Bank AI,0.00,,,,,
https://app.xyralabs.io/swap,Xyra Labs Aggregator,0.00,,,,,
https://panora.exchange,Panora,0.00,Shraddha ,Agarwal,Co-founder,https://www.linkedin.com/in/shraddha-agarwal-isb?miniProfileUrn=urn%3Ali%3Afs_miniProfile%3AACoAABqUQ_QBGENPg0khlruuhYbFkl5ER0WZZ74&lipi=urn%3Ali%3Apage%3Acompanies_company_people_index%3B002b3bdd-232e-4f04-89ea-6ce204fdf186,
https://panora.exchange,Panora,0.00,Keshav ,Saraogi,Co-founder,https://www.linkedin.com/in/keshavsaraogi?miniProfileUrn=urn%3Ali%3Afs_miniProfile%3AACoAAAN6JnwBIcbGQcoQQ8g_K5Q7WCH5mE_4PJ4&lipi=urn%3Ali%3Apage%3Acompanies_company_people_index%3B002b3bdd-232e-4f04-89ea-6ce204fdf186,
https://artdefinance.io,ArtdeFinance,0.00,,,,,
https://alien.finance,Alien Finance,0.00,,,,,
https://www.yield.xyz/,Yield.xyz,0.00,Serafin ,Lion E. ,CEO,https://www.linkedin.com/in/serafinlion/?locale=en_US,
https://www.yield.xyz/,Yield.xyz,0.00,Apurv ,Mishra,Co-founder and CSPO,https://www.linkedin.com/in/apurvmishra?miniProfileUrn=urn%3Ali%3Afs_miniProfile%3AACoAAAKgEvgByjdmqTckblS1rgzlZb9D8-kHpPw&lipi=urn%3Ali%3Apage%3Acompanies_company_people_index%3Bfdb54316-b4d1-462c-adae-8bd919749407,
https://www.pantherprotocol.io/,Panther Protocol,0.00,Oliver ,Gale,"Founder & CEO, Director",https://www.linkedin.com/in/oliverlgale/,
https://app.bracketx.fi/,BracketX,0.00,,,,,
https://app.dexhunter.io,DexHunter,0.00,Nikita ,Melentjevs,CEO ,https://www.linkedin.com/in/nikita-melentjevs/,
https://app.odos.xyz,ODOS,0.00,Ahmet ,Ozcan,Co-founder and CEO,https://www.linkedin.com/in/asozcan/,
https://app.odos.xyz,ODOS,0.00,Yuri ,Papadin,Co-Founder & COO,https://www.linkedin.com/in/papadiny?miniProfileUrn=urn%3Ali%3Afs_miniProfile%3AACoAAAANnBQB14ugaUOrx27I8Ug35GrCpSLGvis&lipi=urn%3Ali%3Apage%3Acompanies_company_people_index%3B157f3c68-683b-44a4-a053-a713d39e94fb,
https://www.ispolink.com/,Ispolink,0.00,Emanuil ,Pavlov,CEO,https://www.linkedin.com/in/emanuil-pavlov-b32263105/,
https://ninjaroll.org,NinjaRoll,0.00,Canberk ,Donmez,Co-Founder,https://www.linkedin.com/in/canberkdonmez/?originalSubdomain=sa,
https://app.garden.finance/,Garden,0.00,Tanay ,Murdia,Founding Engineer,https://www.linkedin.com/in/tanay-murdia?miniProfileUrn=urn%3Ali%3Afs_miniProfile%3AACoAACYBrusBaq0uCgI1Sj9AFdk3LLDdLmAUOSA&lipi=urn%3Ali%3Apage%3Acompanies_company_people_index%3B47330a5b-db43-45e3-94e0-51cf02f9e667,
https://app.garden.finance/,Garden,0.00,Justin ,Mack,Co-Founder & CTO,https://www.linkedin.com/in/justindmack?miniProfileUrn=urn%3Ali%3Afs_miniProfile%3AACoAACRiX10B7ia6G3HKw13nIaBlSclARzxq8UA&lipi=urn%3Ali%3Apage%3Acompanies_company_people_index%3B47330a5b-db43-45e3-94e0-51cf02f9e667,
https://www.stakingrewards.com/sreth,Staking Rewards srETH,0.00,Mirko ,S.,CEO & Co-Founder,https://www.linkedin.com/in/mirko-staking/?originalSubdomain=pt,
https://www.stakingrewards.com/sreth,Staking Rewards srETH,0.00,Jannik ,Schmiedl,Co-Founder & CTO,https://www.linkedin.com/in/jannik-schmiedl-47239815a?miniProfileUrn=urn%3Ali%3Afs_miniProfile%3AACoAACYk1ZYBciU983wDUZmEaCyGQdlF4YHLejs&lipi=urn%3Ali%3Apage%3Acompanies_company_people_index%3B0841f333-aad6-454f-b9d2-f6c90ca5041c,
https://alta.finance/how-it-works,ALTA Finance,0.00,Brian ,Hunt,Managing Partner,https://www.linkedin.com/in/brian-hunt-953346172/,
https://www.bonkbot.io/,BONKbot,0.00,,,,,
https://bfx.trade/,BFX (Blast Futures),0.00,,,,,
http://pond0x.com/,Pond0x,0.00,,,,,
https://wowmax.exchange,WOWMAX Exchange,0.00,,,,,
https://metastrike.io,Metastrike,0.00,Peter ,Nguyen,CEO ,https://www.linkedin.com/in/peter-nguyen-818214b/?originalSubdomain=vn,
https://www.blackrockfund.finance,BlackrockFund,0.00,Larry ,Fink,Chairman and Chief Executive Officer,https://www.linkedin.com/in/laurencefink/,
https://www.yuzu.market/,Yuzu Market,0.00,Emmie ,Chang,Founder,https://www.linkedin.com/in/emmie/,
https://wemixonkroma.xyz,WEMIX on Kroma,0.00,,,,,
https://iagon.com,Iagon,0.00,Dr. Navjit ,Dhaliwal,"Founder, CEO",https://www.linkedin.com/in/navjitdhaliwal/?originalSubdomain=ch,
https://oct.network/,Octopus Network,0.00,Louis ,Liu,CEO ,https://www.linkedin.com/in/louis-liu-1b35892b/?originalSubdomain=cn,
https://ninjavault.co/,NinjaVault,0.00,Javiera ,S.,Owner,https://www.linkedin.com/in/javiera-stephanie/?originalSubdomain=id,
https://buildwithsygma.com,Sygma,0.00,Pardha ,Ponugoti,Founder/CEO,https://www.linkedin.com/in/pardhaponugoti/,
https://www.pike.finance/,Pike,0.00,daniel,T,Co-Founder,https://www.linkedin.com/in/tangdaniu/?originalSubdomain=cn,
https://staking.gracy.io/,Gracy Staking,0.00,,,,,
https://1155.tech,1155Tech,0.00,,,,,
https://bebop.xyz/,Bebop,0.00,Katia ,Banina,CEO ,https://www.linkedin.com/in/kbanina?miniProfileUrn=urn%3Ali%3Afs_miniProfile%3AACoAAACDm-YBvdllxIHzv-WllhvjYofNhPzRJSY&lipi=urn%3Ali%3Apage%3Acompanies_company_people_index%3Bb80dcfb2-5b3c-4102-8357-bfad535fe2d6,
https://hoprnet.org,HOPR,0.00,Jose ,Ramirez,Founder,https://www.linkedin.com/in/joseramirez9/?originalSubdomain=au,
https://marginly.com,Marginly,0.00,,,,,
https://www.loreum.org,Loreum,0.00,Matthew ,Whitcomb,Founder,https://www.linkedin.com/in/matthewtwhitcomb?miniProfileUrn=urn%3Ali%3Afs_miniProfile%3AACoAAAaY-msB03t8nnpJCfGiBgfzqFpocmenyF8&lipi=urn%3Ali%3Apage%3Acompanies_company_people_index%3B7551be5e-039a-400f-8313-dfd3d49d4034,
https://app.rumi.finance/,Rumi Finance,0.00,Jose ,Garcia,Chief Technology Officer - Co-Founder,https://www.linkedin.com/in/joseabrahamgarcia/,
https://paalai.io,PAAL AI,0.00,,,,,
https://aitech.io,AITECH,0.00,,,,,
https://tokenfi.com/tokenfi,TokenFi,0.00,,,,,
https://cyberconnect.me,CyberConnect,0.00,Wilson ,W,Co-Founder,https://www.linkedin.com/in/wilson-wei/,
https://app.shuriken.trade,Shuriken,0.00,,,,,
https://candyswap.exchange/,CandySwap,0.00,Marios ,Pascoulis ,Chief Financial Officer,https://www.linkedin.com/in/marios-pascoulis-fcca-bb920971?miniProfileUrn=urn%3Ali%3Afs_miniProfile%3AACoAAA8oq30BDAkmQetJ7dJitdb60kQpzBjyezU&lipi=urn%3Ali%3Apage%3Acompanies_company_people_index%3Baa220b48-c97c-4deb-8ea7-ba33d588371a,
https://chain.link/cross-chain,Chainlink CCIP,0.00,Anthony ,Costa,Managing Director,https://www.linkedin.com/in/anthony-costa-9662a4365/?originalSubdomain=ae,
https://sociogram.org,Sociogram,0.00,Vinita ,Kriplani,Co-Founder,https://www.linkedin.com/in/vinita-kriplani-496b7818b/?originalSubdomain=in,
https://amet.finance,Amet Finance,0.00,,,,,
https://staking.singularitynet.io/howitworks,SingularityNet AGIX Staking,0.00,Ben ,Goertzel,CEO,https://www.linkedin.com/in/bengoertzel/,
https://staking.singularitynet.io/howitworks,SingularityNet AGIX Staking,0.00,Janet ,Adams,Chief Operating Officer,https://www.linkedin.com/in/janet-adams-ai/?originalSubdomain=uk,
https://krunch.world,Krunch Defi,0.00,,,,,
https://love.io,Love.io,0.00,,,,,
https://rangerfs.com/,Ranger Fire & Security,0.00,Mark ,Bridges,Chief Executive Officer and Chair,https://www.linkedin.com/in/mark-bridges-6828a613/?originalSubdomain=uk,
https://cardano.org/,Cardano,0.00,Frederik ,Gregaard,Chief Executive Officer,https://www.linkedin.com/in/gregaard/?originalSubdomain=ch,
https://www.nekotoken.xyz/,NEKO,0.00,Daniel ,Ek,Chairman & Co-Founder,https://www.linkedin.com/in/daniel-ek-1b52093a/?originalSubdomain=se,
https://arcanedex.com,Arcane Dex,0.00,,,,,
https://www.sns.id,Solana Name Service,0.00,Aunchisa ,Tapanakornvut,Chief Executive Officer,https://www.linkedin.com/in/aunchisa-aom-tapanakornvut-cfa/,
https://www.aim-bot.app/,Aimbot,0.00,Chirag ,Gala,Co-Founder and CEO,https://www.linkedin.com/in/chirag-gala-913799147/?originalSubdomain=in,
https://bearvsbull.bet,Bear Vs Bull,0.00,,,,,
https://carbon.website,CSIX,0.00,,,,,
https://swap.defillama.com,LlamaSwap,0.00,,,,,
https://sailingprotocol.org,Sailing Protocol,0.00,,,,,
https://aggre.io,Aggre,0.00,Jordan ,Castro,Owner,https://www.linkedin.com/in/jordan-castro-99b9147/,
https://lessgas.xyz,LessGas,0.00,,,,,
https://movegpt.io,MoveGPT,0.00,,,,,
https://www.fantasy.top/,fantasy.top,0.00,,,,,
https://myria.com/,Myria,0.00,Rey ,Flemings,Co-founder & CEO,https://www.linkedin.com/in/reyflemings/,
https://worldcoin.org/,Worldcoin,0.00,,,,,
https://solana.com/,Solana,0.00,Anatoly ,Yakovenko,Co-Founder,https://www.linkedin.com/in/anatoly-yakovenko/,
https://omni.network/,Omni Network,0.00,Austin ,King,Co-Founder,https://www.linkedin.com/in/austin-king-61a9b8b9/,
https://omni.network/,Omni Network,0.00,Tyler ,Tarsi,Co-Founder,https://www.linkedin.com/in/tylertarsi/,
https://metars.io/,Metars GO,0.00,,,,,
https://cheelee.io/,Cheelee,0.00,Ruslan ,Sharov,"Founder, CEO",https://www.linkedin.com/in/ruslan-sharov-686206209/?originalSubdomain=il,
https://cheelee.io/,Cheelee,0.00,Iurii ,Kardonov,"CPO, Co-Founder",https://www.linkedin.com/in/ikardonov?miniProfileUrn=urn%3Ali%3Afs_miniProfile%3AACoAADDUfcoBfLitD-XeX5NyDCMWnrkad6BoFR0&lipi=urn%3Ali%3Apage%3Acompanies_company_people_index%3B19c93649-165e-46c2-aa8c-24c92387b4ba,
https://cheelee.io/,Cheelee,0.00,Selezneva ,Olga,Partner Relations Director,https://www.linkedin.com/in/selezneva-olga-5b66707b?miniProfileUrn=urn%3Ali%3Afs_miniProfile%3AACoAABEBcloBptRfqx-3F1w3GMfIXZ5lTgaAnvM&lipi=urn%3Ali%3Apage%3Acompanies_company_people_index%3B19c93649-165e-46c2-aa8c-24c92387b4ba,
https://token.tg.casino/staking,TG Casino,0.00,Irina ,Faynshteyn,Chief Operational Officer,https://www.linkedin.com/in/ifaynshteyn/,
https://www.opt.finance,OPT Finance,0.00,John ,Erdman,Owner,https://www.linkedin.com/in/john-erdman-a304a49/,
https://www.fjordfoundry.com,Fjord,0.00,,,,,
https://www.zetachain.com/,ZetaChain,0.00,,,,,
https://tlx.fi,TLX Finance,0.00,Alex ,Carter,Founder & CEO,https://www.linkedin.com/in/alex-carter-143194365?miniProfileUrn=urn%3Ali%3Afs_miniProfile%3AACoAAFqeEMMBxwyGdA2fn6sijxO2KxEVHugwPm8&lipi=urn%3Ali%3Apage%3Acompanies_company_people_index%3B7b56d7d0-39f2-49bd-a762-33fbc2c288bc,
https://bittensor.com/,Bittensor,0.00,,,,,
https://dxn-hyperstructure.com/,NXD Protocol,0.00,,,,,
https://defiway.com,Defiway,0.00,,,,,
https://www.0x.org/,0x Aggregator,0.00,Will ,Warren,Co-founder & CEO,https://www.linkedin.com/in/will-warren-92aab62b?miniProfileUrn=urn%3Ali%3Afs_miniProfile%3AACoAAAZkULIBHj7C-7Pq4k5SJjWmF270RxBYeqM&lipi=urn%3Ali%3Apage%3Acompanies_company_people_index%3B8a861f28-64fd-4d3a-8e28-a06278f2faa3,
https://www.0x.org/,0x Aggregator,0.00,Amir ,Bandeali,Co-CEO,https://www.linkedin.com/in/abandeali1?miniProfileUrn=urn%3Ali%3Afs_miniProfile%3AACoAAAoPkR8B5lasCjcRscolY5u4prUaE3egO9k&lipi=urn%3Ali%3Apage%3Acompanies_company_people_index%3B8a861f28-64fd-4d3a-8e28-a06278f2faa3,
https://www.saga.xyz/,Saga,0.00,Rebecca ,Liao,Co-Founder and CEO,https://www.linkedin.com/in/rebecca-liao/ ,
https://www.saga.xyz/,Saga,0.00,Jin ,Kwon,Cofounder + Chief Strategy Officer (CSO),https://www.linkedin.com/in/jin-kwon-aa189728/,
https://www.cellula.life,Cellula,0.00,Ermir ,Kalaj,CEO,https://www.linkedin.com/in/ermir-kalaj-3995b913?miniProfileUrn=urn%3Ali%3Afs_miniProfile%3AACoAAALCJeUBkrACuiQxea7r54regEOfIHty4kM&lipi=urn%3Ali%3Apage%3Acompanies_company_people_index%3B67a101d6-61f8-4c30-8a37-61ca52b13a17,
https://www.cellula.life,Cellula,0.00,Michael  ,Bavand,Co-Founder & CTO,https://www.linkedin.com/in/michael-r-bavand/,
https://udex.one/home,uDEX,0.00,Johan ,Botes,CEO ,https://www.linkedin.com/in/johan-botes-udexxceo,
https://www.snsy.ai,Sensay,0.00,Dan ,Thomson,Founder & CEO,https://www.linkedin.com/in/dan-thomson-sensay/,
https://www.snsy.ai,Sensay,1.00,Shane ,Sibley,Co-Founder,https://www.linkedin.com/in/shane-sibley?miniProfileUrn=urn%3Ali%3Afs_miniProfile%3AACoAAAi2itoBsI6RgTXtv9fJgOJ3KdBOsG1KENs&lipi=urn%3Ali%3Apage%3Acompanies_company_people_index%3B287093bc-26cb-425d-8e25-849eb1615d70,
https://www.snsy.ai,Sensay,2.00,Marco ,Bettiolo,Better Offboarding | Co-Founder & CTO,https://www.linkedin.com/in/marcobettiolo?miniProfileUrn=urn%3Ali%3Afs_miniProfile%3AACoAAAMiszoBhFkdl2HKDwfcePNjKciWEMkJ2Do&lipi=urn%3Ali%3Apage%3Acompanies_company_people_index%3B287093bc-26cb-425d-8e25-849eb1615d70,
https://prixmswap.com/home,Prixmswap,0.00,,,,,
https://bloxroute.com/,bloXroute,0.00,Aleksandar ,Kuzmanovic,Founder,https://www.linkedin.com/in/aleksandar-kuzmanovic-45260b7/,
https://bloxroute.com/,bloXroute,0.00,Uri ,Klarman,CEO,https://www.linkedin.com/in/uriklarman/,
https://basecamp.wtf/,Basecamp,0.00,,,,,
https://app.eisenfinance.com,EISEN Finance,0.00,,,,,
https://tna-btc.com,TNA Protocol,0.00,,,,,
https://www.arcana.finance,Tangible Arcana,0.00,Mayur ,Relekar,Founder,https://www.linkedin.com/in/mayurrelekar/details/experience/,
https://flare.network/,Flare,0.00,Haidee ,Whitlock,Executive Assistant to Co-Founder & CEO,https://www.linkedin.com/in/haideewhitlock/?originalSubdomain=uk,
https://www.sei.io/,Sei,0.00,Jayendra ,Jog,Co-Founder,https://www.linkedin.com/in/jayendrajog/,
https://www.oasys.games/,Oasys,0.00,,,,,
https://bigtime.gg/,Big Time,0.00,Brian ,Saunders,CEO,https://www.linkedin.com/in/bsaunders411/,
https://www.altlayer.io/,AltLayer,0.00,YQ ,Jia,Founder,https://www.linkedin.com/in/jiayaoqi/?originalSubdomain=sg,
https://www.tensor.trade/,Tensor,0.00,,,,,
https://www.meeds.io/,Meeds Finance,0.00,,,,,
https://helixfinance.io/,HELIX Finance,0.00,,,,,
https://openswap.fi/pools,Openswap VSL,0.00,Bruce ,Chau,Founder,linkedin.com/in/bruce-chau-a19a5070/?miniProfileUrn=urn%3Ali%3Afs_miniProfile%3AACoAAA8a0rUBClyEMFV6_k1QMI4ev_MqLsjXI-A,
https://blastbrrr.com,Blastbrrr,0.00,,,,,
https://rosytoken.com,Rosy Stake,0.00,,,,,
https://cryptovalleys.io,Crypto Valleys,0.00,Johann ,Gevers,Founder,https://www.linkedin.com/in/johanngevers/?originalSubdomain=ch,
https://lend.altr.trade/,Altr Lend,0.00,,,,,
https://bitscrunch.com,bitsCrunch,0.00,Vijay ,Maharajan,Founder & CEO,https://www.linkedin.com/in/vijaypravin/,
https://bitscrunch.com,bitsCrunch,0.00,Ashok ,Varadharajan,Co-Founder & CTO,https://www.linkedin.com/in/ashok-varadharajan-52a994a9?miniProfileUrn=urn%3Ali%3Afs_miniProfile%3AACoAABcasvIB2FOY3F-tRMUTonED1BDkcyfQ4NE&lipi=urn%3Ali%3Apage%3Acompanies_company_people_index%3Beac953e9-404b-4742-b722-3cd6247b6218,
https://mvlbridge.io/,MVL Staking,0.00,Sean ,Kim,Chief Executive Officer,https://www.linkedin.com/in/braintears?miniProfileUrn=urn%3Ali%3Afs_miniProfile%3AACoAAADMOikBggU6F_K1a5Nj3hMgYTqI_R8VwyQ&lipi=urn%3Ali%3Apage%3Acompanies_company_people_index%3Ba3ac3342-f026-411f-841b-f826db8c0c13,
https://geodnet.com,Geodnet,0.00,Yudan ,Yi,Co-Founder & CTO,https://www.linkedin.com/in/yudanyi?miniProfileUrn=urn%3Ali%3Afs_miniProfile%3AACoAAACyBy8BOuNhClklL4o9YSIJBcPcStOunDY&lipi=urn%3Ali%3Apage%3Acompanies_company_people_index%3B61439481-7169-481d-96d5-3233447c1270,
https://geodnet.com,Geodnet,0.00,Melissa ,Nguyen,Chief Operating Officer,https://www.linkedin.com/in/melissanhorton/,
https://trojanonsolana.com/,Trojan,0.00,Anthony ,Bronkhorst,Owner,https://www.linkedin.com/in/anthony-bronkhorst-253a4935/?originalSubdomain=za,
https://trojanonsolana.com/,Trojan,0.00,Dick ,Cox,CEO,https://www.linkedin.com/in/dick-cox-606721132/,
https://fibrous.finance/,Fibrous Finance,0.00,,,,,
https://www.helixmarkets.io/,Helix Markets,0.00,,,,,
https://zklite.io,zkLite Exchange,0.00,,,,,
https://litecoin.org,Litecoin,0.00,,,,,
https://yologames.io/,YOLO Games,0.00,Jose' ,Micallef,CEO ,https://www.linkedin.com/in/jomicallef?miniProfileUrn=urn%3Ali%3Afs_miniProfile%3AACoAAANYDM0BmvlSaFT7iiu3bM7mjS7X-_BsPCs&lipi=urn%3Ali%3Apage%3Acompanies_company_people_index%3B11f495fd-b704-4ce6-ac4d-c3ac2b20a717,
https://yologames.io/,YOLO Games,0.00,Darja ,Balina,Fraud and Payments specialist,https://www.linkedin.com/in/darja-balina?miniProfileUrn=urn%3Ali%3Afs_miniProfile%3AACoAAD13-lsBVNab5OBhuMG1p3M61Pgf6hlW6ms&lipi=urn%3Ali%3Apage%3Acompanies_company_people_index%3B11f495fd-b704-4ce6-ac4d-c3ac2b20a717,
https://ethereum.org/en/,Ethereum,0.00,Vitalik ,Buterin,Founder,https://www.linkedin.com/in/vitalik-buterin-267a7450/?originalSubdomain=ca,
https://etaswap.com,EtaSwap,0.00,,,,,
https://www.zeepr.io,Zeepr,0.00,,,,,
https://neotokyo.codes/,Neo Tokyo,0.00,,,,,
https://z1labs.ai,Zero1 Labs,0.00,,,,,
https://app.fly.trade/,fly.trade,0.00,,,,,
https://oxbull.tech/app,Oxbull,0.00,,,,,
https://lumindigital.com/,Lumin Digital,0.00,Lavanya ,Rajan,Director,https://www.linkedin.com/in/lavanya-rajan-20365823a?miniProfileUrn=urn%3Ali%3Afs_miniProfile%3AACoAADuKdCMBkj0dbs6_TmyCQ9iwuC7VTeX7iOU&lipi=urn%3Ali%3Apage%3Acompanies_company_people_index%3B87b6445d-e07b-45f1-a2dc-6bfc9205e359,
https://lumindigital.com/,Lumin Digital,0.00,Kevin ,Gorlick,Chief Cloud Officer,https://www.linkedin.com/in/kevingorlick?miniProfileUrn=urn%3Ali%3Afs_miniProfile%3AACoAAADPhjsBhBf8ty_cqtZEPtadKUGvKk6E6rA&lipi=urn%3Ali%3Apage%3Acompanies_company_people_index%3B87b6445d-e07b-45f1-a2dc-6bfc9205e359,
https://kalshi.com/,Kalshi,0.00,Tarek ,Mansour,Co-founder and CEO,https://www.linkedin.com/in/mansourtarek/,
https://cashmere.exchange/,Cashmere,0.00,Renee ,Jain,Owner,https://www.linkedin.com/in/renee-jain-79471a17/,
https://lab.pro/,LAB Terminal,0.00,,,,,
https://www.geckoterminal.com/,GeckoTerminal,0.00,,,,,
https://labs.alkimi.org/,Alkimi,0.00,Ben ,Putley,CEO & Co Founder,https://www.linkedin.com/in/ben-putley/?originalSubdomain=uk,
https://labs.alkimi.org/,Alkimi,0.00,Rebecca ,Rigby,"EA to CEO, CTO, COO / Office Manager",https://www.linkedin.com/in/rebecca-rigby1/?originalSubdomain=uk,
https://kea.credit,Kea Credit,0.00,,,,,
https://artura.finance/,Artura Finance,0.00,,,,,
https://www.bytzz.xyz/,bytzz,0.00,Divya ,Thakur,Managing Director,https://www.linkedin.com/in/divya-thakur-2425b018a/?originalSubdomain=in,
https://phygitals.com/,Phygitals,0.00,Oleg ,Yusupov,CEO / Co-Founder,https://www.linkedin.com/in/oleg-yusupov/,
https://zapzy.io/,Zapzy,0.00,,,,,
https://collectorcrypt.com/,Collector Crypt,0.00,Tuomas ,Holmberg,CEO,https://www.linkedin.com/in/tuomas-holmberg-85480a/,
https://3route.io/,3route,0.00,,,,,
https://www.sqd.ai/,SQD.ai,0.00,Marcel ,Fohrmann,Co-Founder,https://www.linkedin.com/in/marcel-fohrmann/?originalSubdomain=ch,
https://drip.trade/,Drip.Trade,0.00,,,,,
https://www.what.exchange/,WhatExchange,0.00,,,,,
https://rabby.io/,Rabby Perps,0.00,,,,,
https://www.emporium.cards/,Emporium,0.00,,,,,
https://hypertek.app/,HyperTek,0.00,,,,,
https://www.interface.social/,Interface Social,0.00,Nikita ,Kudryavtsev,Co-Founder,https://www.linkedin.com/in/nikitqkudryqvtsev/?originalSubdomain=pt,
https://www.interface.social/,Interface Social,0.00,Anna ,Nedospasova,Co-founder,https://www.linkedin.com/in/anna-nedospasova-701135137?miniProfileUrn=urn%3Ali%3Afs_miniProfile%3AACoAACFNFLEBhHVS10Bui0BHeVTDGEJKq7zjBp0&lipi=urn%3Ali%3Apage%3Acompanies_company_people_index%3Bf107743d-95c3-41b6-b161-087281f604e8,
https://metamask.io/,MetaMask Perps,0.00,,,,,
https://nodeops.network/,NodeOps,0.00,Pratik ,Balar,Founder,https://www.linkedin.com/in/pratikbalar/?originalSubdomain=in,
https://nodeops.network/,NodeOps,0.00,Chudasama ,Jagdish,Co-founder,https://www.linkedin.com/in/chudasama-jagdish-3759981b1?miniProfileUrn=urn%3Ali%3Afs_miniProfile%3AACoAADFyDQkBDh4su_DyR3LyYJjM-LDQR2sKqIc&lipi=urn%3Ali%3Apage%3Acompanies_company_people_index%3Bf71a3ea0-9327-4e48-99f3-5bb7afaf5bfd,
https://aspecta.ai/,Aspecta BuildKey,0.00,Jack ,He,Co-Founder,https://www.linkedin.com/in/zongjian-he?miniProfileUrn=urn%3Ali%3Afs_miniProfile%3AACoAACozWPwBhp8oplVzP6qJOG29cq2CGdKMdUE&lipi=urn%3Ali%3Apage%3Acompanies_company_people_index%3Bb0e97fe9-150c-420d-ba25-51924051112e,
https://perps.babydoge.com,BabyDoge Perps,0.00,Ábel ,Czupor,Owner,https://www.linkedin.com/in/%C3%A1belc?miniProfileUrn=urn%3Ali%3Afs_miniProfile%3AACoAAB90y7oBrKReVVv-e8ui_jrg-FRWApDRk4E&lipi=urn%3Ali%3Apage%3Acompanies_company_people_index%3Ba2d4d15e-b43f-49bf-aa75-2f3ba99a2790,
https://quanto.trade/en,Quanto,0.00,,,,,
https://www.jumpbox.tech/,JUMPBOX.ETH,0.00,,,,,
https://salsadex.com/,Salsadex,0.00,,,,,
https://app.lotusfinance.io/,Lotus Finance,0.00,John ,Bundren,Founder,https://www.linkedin.com/in/john-bundren/,
https://xdock.meme,xdock.meme,0.00,,,,,
https://qpools.qubicdisciple.info/,Qubic Idle Compute,0.00,,,,,
https://courtyard.io/,Courtyard,0.00,Mike ,Hinton,Owner,https://www.linkedin.com/in/mikehinton666?miniProfileUrn=urn%3Ali%3Afs_miniProfile%3AACoAACU5hz0BOqlBS5B9VNaFqsDOT01ZcIjuzxg&lipi=urn%3Ali%3Apage%3Acompanies_company_people_index%3Bc4516add-bc27-410e-a5be-772321fe2460,
https://8dx.io/,8DX,0.00,,,,,
https://migrate.fun/,Migrate.Fun,0.00,,,,,
https://app.lit.trade/spot,Lit.Trade,0.00,Osama ,Murshid,Co-Founder,https://www.linkedin.com/in/omurshid/,
https://rip.fun/,RIP.FUN,0.00,,,,,
http://nordstern.finance/,Nordstern.Finance,0.00,,,,,
https://dl.walletv.io/,Wallet V,0.00,,,,,
https://trysuper.co/,SuperX,0.00,Austin ,Gayne,Chief Executive Officer,https://www.linkedin.com/in/austin-gayne-a96924168/,
https://hyperdash.info/,HyperDash,0.00,Oisin ,Doyle,Co-Founder,https://www.linkedin.com/in/oisin-doyle-93757722b/?originalSubdomain=ie,
https://app.dextrabot.com/referral/DEFILLAMA,dextrabot,0.00,,,,,
https://www.sendai.fun/,Sendshot,0.00,Yash ,Agarwal,ceo,https://www.linkedin.com/in/yashhsm?miniProfileUrn=urn%3Ali%3Afs_miniProfile%3AACoAACQ5R2gBNSxSR8hJVQZGxobviFZkQkNxNCw&lipi=urn%3Ali%3Apage%3Acompanies_company_people_index%3B55ab8b38-9ea9-4b06-9e60-b153e0c1e95b,
https://mintiq.market/,Mintiq Market,0.00,,,,,
https://mass.money/,Mass,0.00,,,,,
https://lootbase.com/,Lootbase,0.00,,,,,
https://tryliquid.xyz/,Liquid Perps,0.00,Julia ,Jones,Founder’s Associate,https://www.linkedin.com/in/julia-jones-58a31b18a?miniProfileUrn=urn%3Ali%3Afs_miniProfile%3AACoAACyKonoBt6selKJ0q95KKLEkMRW1r8dLCnA&lipi=urn%3Ali%3Apage%3Acompanies_company_people_index%3B50b001ec-d63b-488c-adc6-d275749e5589,
https://tryliquid.xyz/,Liquid Perps,0.00,Dan ,Scott,Co-Founder & CTO,https://www.linkedin.com/in/dan-scott-aab20466?miniProfileUrn=urn%3Ali%3Afs_miniProfile%3AACoAAA3pmSMBRqOrMBbsznucJWn3WidBmuVUwGc&lipi=urn%3Ali%3Apage%3Acompanies_company_people_index%3B50b001ec-d63b-488c-adc6-d275749e5589,
https://insilicoterminal.com/,Insilico Terminal,0.00,,,,,
https://hyperflow.fun/,HyperFlow,0.00,,,,,
https://dexari.com/,Dexari,0.00,Chuck ,Bradford,CEO and Co-Founder,https://www.linkedin.com/in/chucksb/,
https://dexari.com/,Dexari,0.00,Samuel ,Sramko,CTO & Co-Founder,https://www.linkedin.com/in/samuel-sramko?miniProfileUrn=urn%3Ali%3Afs_miniProfile%3AACoAAArmQ9UBrGAaHoOYcVwDggi9AnlPjKi9f9U&lipi=urn%3Ali%3Apage%3Acompanies_company_people_index%3B50865f4e-45aa-4fff-82e9-7d1300405aa3,
https://faet.io,FAET,0.00,Gabriele ,Guidi,Owner,https://www.linkedin.com/in/gabrieleguidi/?originalSubdomain=it,
https://app.based.one/r/DEFILLAMA,BasedApp,0.00,Edison,L.,Co-Founder,https://www.linkedin.com/in/edisonljh/,
https://app.based.one/r/DEFILLAMA,BasedApp,0.00,Jun ,Lim,COO ,https://www.linkedin.com/in/jun-hao-lim-95a8039b?miniProfileUrn=urn%3Ali%3Afs_miniProfile%3AACoAABVMaZYBXb2NBwcclpW5uNiGlsnDShX7H2I&lipi=urn%3Ali%3Apage%3Acompanies_company_people_index%3Bcc68f233-3a44-49aa-b0c5-2935c0a8a049,
https://aden.io/,ADEN,0.00,Timothy ,Zhang,Founding Engineer & Tech Lead,https://www.linkedin.com/in/jianhao-zhang?miniProfileUrn=urn%3Ali%3Afs_miniProfile%3AACoAACPShqEBUOQIxOsTDpB4SM67sKfmXntOH7U&lipi=urn%3Ali%3Apage%3Acompanies_company_people_index%3B9dc3a395-f8c3-44be-ab8b-c94fbdc2dd33,
https://aden.io/,ADEN,0.00,Vincent ,Jiang,Co-founder and CTO,https://www.linkedin.com/in/vincentjiangx?miniProfileUrn=urn%3Ali%3Afs_miniProfile%3AACoAAAug-RMBpq5E8iYHd3bO5r-Tp4dzYqJ8p94&lipi=urn%3Ali%3Apage%3Acompanies_company_people_index%3B9dc3a395-f8c3-44be-ab8b-c94fbdc2dd33,
https://aden.io/,ADEN,0.00,Adel ,Burieva,Co-Founder,https://www.linkedin.com/in/adel-burieva?miniProfileUrn=urn%3Ali%3Afs_miniProfile%3AACoAADMLwukBqUAvpwdGZuidqiAiaVwE4fy8464&lipi=urn%3Ali%3Apage%3Acompanies_company_people_index%3B9dc3a395-f8c3-44be-ab8b-c94fbdc2dd33,
https://www.novalaunch.app,Nova Fox,0.00,,,,,
https://aquabot.io/,Aqua,0.00,,,,,
https://cattos.io/,Cattos,0.00,scott ,catto,Owner,https://www.linkedin.com/in/scott-catto-a2861515/,
https://www.vibes.meme/,Vibes,0.00,Jack ,Philbin,CEO ,https://www.linkedin.com/in/jackphilbin?miniProfileUrn=urn%3Ali%3Afs_miniProfile%3AACoAAADUsRIB72fKP3GsCwP-vEU721BCE61doI0&lipi=urn%3Ali%3Apage%3Acompanies_company_people_index%3Bf573b56a-5b05-4fb5-aa13-62bc8a7fa5a9,
https://www.vibes.meme/,Vibes,0.00,Johane ,Desjardins,Founder,https://www.linkedin.com/in/johanedesjardins/?originalSubdomain=ca,
https://opensea.io/,OpenSea Bridge Aggregator,0.00,Devin ,Finzer,Co-Founder and CEO,https://www.linkedin.com/in/dfinzer/,
https://www.helium.com/,Helium Network,0.00,Frank ,M.,Chief Operating Officer,https://www.linkedin.com/in/frankmong/,
https://www.helium.com/,Helium Network,0.00,Myles ,Hoppe,Managing Director,https://www.linkedin.com/in/myleshoppe/?originalSubdomain=za,
https://vexy.fi/,Vexy,0.00,James ,Matthews,Owner,https://www.linkedin.com/in/james-matthews-3b4380127/?originalSubdomain=uk,
https://redstone.finance/,RedStone Oracles,0.00,Marcin ,Kaźmierczak,Co-Founder,https://www.linkedin.com/in/marcin-kazmierczak1/?originalSubdomain=ch,
https://squaretower.xyz/,Squaretower,0.00,,,,,
https://www.livepeer.org/,Livepeer,0.00,Doug ,Petkanics,"Founder, CEO",https://www.linkedin.com/in/dougpetkanics/,
https://app.superboring.xyz/en,SuperBoring,0.00,,,,,
https://www.binance.com/en/alpha/,Binance Alpha,0.00,Changpeng ,Zhao,CEO,https://www.linkedin.com/in/cpzhao/?originalSubdomain=ae,
https://www.binance.com/en/alpha/,Binance Alpha,0.00,Richard ,Teng,"Binance, Co-CEO",https://www.linkedin.com/in/richard-teng-3497b527/?originalSubdomain=ae,
https://app.hypervault.finance/,HyperVault,0.00,Glenn ,Croonenborch,"CEO, Co-founder",https://www.linkedin.com/in/glennvancroonenborch/?originalSubdomain=be,
https://app.hypervault.finance/,HyperVault,0.00,Sven ,Böhne,Co-Founder,https://www.linkedin.com/in/svenbohne/,
https://heaven.xyz/,Heaven,0.00,,,,,
https://zapfi.fi/,Zapfi,0.00,,,,,
https://turtleoncro.com/,Turtle Cronos,0.00,,,,,
https://dsx.ag/,DSX,0.00,Ryan ,Dussex,Owner ,https://www.linkedin.com/in/ryan-dussex-78620744/,
https://bullbit.ai/,Bullbit,0.00,albert ,Wu,COO,https://www.linkedin.com/in/albertwu77?miniProfileUrn=urn%3Ali%3Afs_miniProfile%3AACoAACu7YFYBU3ppflg7Z4i93EDLHQYNjjd4hmI&lipi=urn%3Ali%3Apage%3Acompanies_company_people_index%3Bdde48029-65c0-462f-8a41-a5a6ed3da807,
https://bullbit.ai/,Bullbit,0.00,George ,Anthony,Chief Executive Officer,https://www.linkedin.com/in/george-anthony-599997ba/,
https://liquidmesh.io/,LiquidMesh,0.00,Stefan ,Toit,Director,https://www.linkedin.com/in/stefan-du-toit-6620154a/,
https://liquidmesh.io/,LiquidMesh,0.00,Hendrik  ,Wyk,Director & Co-Owner,https://www.linkedin.com/in/hendrik-roelof-van-wyk-4890154a/,
https://upscale.trade/,Upscale,0.00,Amit ,Mastud,Cofounder & CTO,https://www.linkedin.com/in/amitmastud/?originalSubdomain=in,
https://fragment.com/,Fragment,0.00,Shikhar ,Srivastav,Founder ,https://www.linkedin.com/in/shikhar-srivastav-38878a134/?originalSubdomain=in,
https://www.bridge.xyz/company,Bridge,0.00,Zach ,Abrams,Co-Founder,https://www.linkedin.com/in/zacharyabrams/,
https://www.bridge.xyz/company,Bridge,0.00,Sean ,Yu,Co-Founder,https://www.linkedin.com/in/seansu4you87/,
https://ore.blue/,ORE Blue,0.00,,,,,
https://www.mynth.ai/,Mynth,0.00,,,,,
https://metadao.fi,MetaDAO,0.00,Kollan ,House,Co-Founder,https://www.linkedin.com/in/kollan/,
https://ant.fun/,AntFun,0.00,,,,,
https://madhouse.ag/,Madhouse,0.00,,,,,
https://godl.supply,GODL protocol,0.00,,,,,
https://www.lode.trade/,LODE,0.00,,,,,
https://hivemapper.com/,Hivemapper,0.00,Ariel ,Seidman,Founder,https://www.linkedin.com/in/aseidman/,
https://hivemapper.com/,Hivemapper,0.00,Evan ,Moss,Founder,https://www.linkedin.com/in/evanmossenttech/,
https://spaace.io/,Spaace,0.00,,,,,
https://beamable.network/,Beamable Network,0.00,Jon ,Radoff,CEO,https://www.linkedin.com/in/jonradoff/,
https://honeypotfinance.xyz/,Honeypot Finance,0.00,,,,,
https://ventuals.com/trade,Ventuals,0.00,Alvin ,Hsia,Co-Founder and CEO,https://www.linkedin.com/in/alvinhsia/,
https://ventuals.com/trade,Ventuals,0.00,Emily ,Hsia,Co-Founder and CEO,https://www.linkedin.com/in/hsiaemily/,
https://app.trade.xyz/,tradeXYZ,0.00,,,,,
https://app.aur.ag/,Aura Aggregator,0.00,,,,,
https://speedtrading.pandora.fun/,SpeedTrading,0.00,,,,,
https://rushbot.io,Rush,0.00,,,,,
https://trends.fun/home,Trends fun,0.00,,,,,
https://www.tristero.com/,Tristero,0.00,Sam ,Trautwein,Founder,https://www.linkedin.com/in/sam-trautwein-3767ba97/,
https://torodex.xyz/,ToroDex,0.00,,,,,
https://www.stand.trade/,Stand,0.00,,,,,
https://polytraderpro.com/,PolyTraderPro,0.00,,,,,
https://www.polycule.trade/,Polycule,0.00,,,,,
https://www.betmoar.fun/,Betmoar.fun,0.00,,,,,
https://kinetiq.xyz/launch/markets,Kinetiq Markets,0.00,,,,,
https://allora.network,Allora Network,0.00,Nick ,Emmons,Co-founder,https://www.linkedin.com/in/nickemmons/,
https://www.macaron.bid/,Macaron.bid,0.00,,,,,
https://onchaingm.com?ref=0x798fF1e6D7AFd28c333eE6eBe03125d30ec6eF10,OnChainGM,0.00,,,,,
https://eternalstakefinance.com/,Eternal Stake Finance,0.00,Deepinder,Goyal,Founder,https://www.linkedin.com/in/deepigoyal/?originalSubdomain=in,
https://thesauros.io,Thesauros,0.00,Konstantin,Kuznetsov,Founder and CEO,http://www.linkedin.com/in/kakuznetsov,
https://liqd.ag,LiquidCore,0.00,Troy,Widgery,Founder & CEO,https://www.linkedin.com/in/troy-widgery-456297153/,
https://santabrowser.com,Santa Browser,0.00,Devesh,Sreenivasan,Chief Executive Officer,http://www.linkedin.com/in/deveshhh,
https://santabrowser.com,Santa Browser,0.00,Rishi,Jethi,Founder & CEO,https://www.linkedin.com/in/rishi-jethi/,
https://app.hyena.trade/ref/DEFILLAMA,HYENA,0.00,nikhil,goyal,Owner,https://www.linkedin.com/in/nikhil-goyal-4539911a/?originalSubdomain=in,
https://links.goaradio.xyz,Goaradio,0.00,Paul,Okanlawon,Co-Founder,https://www.linkedin.com/in/dr-paul-okanlawon-a1530b166/,
https://hay.app/,Haystack,0.00,Cameron,Lindsay,Founder,https://www.linkedin.com/in/cameronlindsay/,
https://hay.app/,Haystack,0.00,David,Berk,Founder & CEO ,https://www.linkedin.com/in/david-berk-80628354/,
https://www.stable.xyz,Stable,0.00,Brian,Mehler,Chief Executive Officer,http://www.linkedin.com/in/brianmehler,
https://rubyscore.io/,RubyScore,0.00,Mike,Danilchyk,Founder ,https://www.linkedin.com/in/mikedanilchyk/,
https://rubyscore.io/,RubyScore,0.00,Yahor,Papou,Co-Founder,https://www.linkedin.com/in/yahorpapou/?originalSubdomain=pl,
https://baumz.com,Baumz,0.00,,,,,
https://criptonopix.app.br,CRIPTO NO PIX,0.00,,,,,
https://foom.id,FOOM LAB GLOBAL,0.00,Teguh B,Ariwibowo,Co-Founder & CEO,https://www.linkedin.com/in/teguhbariwibowo/?originalSubdomain=id,
https://www.nivela.finance/,Nivela Finance,0.00,Yael Ben,Anat,Owner,https://www.linkedin.com/in/yael-ben-anat-82386030/,
https://ore.supply,ORE Protocol,0.00,Yusuf,Kaya,Kreatif Direktör,http://www.linkedin.com/in/yusuf-kaya-7b817617a,
https://streme.fun,Streme,0.00,Peter ,Briffett,"CEO, Co-Founder",https://www.linkedin.com/in/peterbriffett/?originalSubdomain=uk,
https://www.openstablecoinindex.com/,Open Stablecoin Index,0.00,,,,,
https://aquiferdex.io/,Aquifer,0.00,Milton,Nyerere,Owner,https://www.linkedin.com/in/milton-nyerere-9948b433/?originalSubdomain=tz,
https://yieldbricks.com/,YieldBricks,0.00,Alen,Dolsak,Co-Founder,http://www.linkedin.com/in/alenscorpio,
https://gimofinance.xyz/,Gimo,0.00,Quan,Nguyen,CEO & Founder,https://www.linkedin.com/in/quannguyen89/?originalSubdomain=vn,
https://www.gm.cheap/,CheapGM,0.00,,,,,
https://fluxa.dev,fluxa.dev,0.00,Albulena,KADRIU,Founder & CEO,https://www.linkedin.com/in/albulena-kadriu-6b2480b/,
https://rainbow.me,Rainbow Perps,0.00,Christian,Baroni,"Co-Founder, CEO",https://www.linkedin.com/in/christianbaroni/,
https://rainbow.me,Rainbow Perps,0.00,Jin,Chung,"Co-Founder, CTO ",https://www.linkedin.com/in/jinchung17/,
https://app.oro.finance/,Oro Finance,0.00,Usman,Saleem,Co-Founder & CEO,https://www.linkedin.com/in/usman-saleem-90230752/?originalSubdomain=ae,
https://infiniti.dev,INFINITY SOFTWARES,0.00,Hasnat Abbas,Shah,Founder and CEO,https://www.linkedin.com/in/hasnat-ali-shah786/?originalSubdomain=pk,
https://infiniti.dev,INFINITY SOFTWARES,0.00,Bilal,Sheikh,Director,https://www.linkedin.com/in/bilal-sheikh-623849287/,
https://infiniti.dev,INFINITY SOFTWARES,0.00,Zaid Al,Haris,Co-Founder,https://www.linkedin.com/in/zaydrizvi/,
https://vibe.trading/,Vibe Trading,0.00,Alberto Cueto,Fernández-Arche,Fernández-Arche,https://www.linkedin.com/in/albertocuetofdz-arche/?locale=es_ES,
https://vibe.trading/,Vibe Trading,0.00,Saranya,Amirthalingam,Co-founder,https://www.linkedin.com/in/saranyaamirthalingam/,
https://perps.befilabs.com/,BeFi Perps,0.00,,,,,
https://luna.fun/,Luna.fun,0.00,Sandeep,Rao,Owner ,https://www.linkedin.com/in/sandeep-rao-20443127/?originalSubdomain=in,
https://perpmate.com/,Perpmate,0.00,,,,,
https://dflow.net/,DFlow,0.00,Nitesh,N,CEO ,https://www.linkedin.com/in/niteshn/,
https://infinex.xyz/,Infinex,0.00,Colin,Gottlieb,Managing Director,http://www.linkedin.com/in/colin-gottlieb-297b0036,
https://app.bullpen.fi/,Bullpen,0.00,mitch,guttenberg,owner,https://www.linkedin.com/in/mitch-guttenberg-2a024023a/,
https://app.bullpen.fi/,Bullpen,0.00,Tyler,Kastelberg,Founder,https://www.linkedin.com/in/tyler-kastelberg/,
https://supercexy.com/,Supercexy,0.00,,,,,
https://hypersignals.ai/,HyperSignals,0.00,,,,,
https://www.dreamcash.xyz/,Dreamcash,0.00,,,,,
https://www.p2p.me/en,P2P.me,0.00,Ishan,Pandey,,https://www.linkedin.com/in/ishan-pandey-pandaone/,
https://app.carina.finance/,Carina Aggregator,0.00,,,,,
https://unlock-protocol.com/,Unlock Protocol,0.00,John,Britton,Founder & CEO,https://www.linkedin.com/in/johndbritton/,
https://www.kensei.one/,Kensei,0.00,Edmund,Martinez,Owner,https://www.linkedin.com/in/edmund-martinez-78365612/,
https://www.thorswap.finance/,THORSwap,0.00,Paper,X,Chief Executive Officer,https://www.linkedin.com/in/paperx/?originalSubdomain=nz,
https://doublezero.xyz/,DoubleZero Network,0.00,Austin,Federa,Co-Founder,https://www.linkedin.com/in/austin-federa/,
https://doublezero.xyz/,DoubleZero Network,0.00,João,Gustavo,CEO ,https://www.linkedin.com/in/jotatavo/,
https://doublezero.xyz/,DoubleZero Network,0.00,David,McIntyre,COO ,https://www.linkedin.com/in/dmcintyre1/,
http://sunrisemovement.org,Sunrise Movement,0.00,Erin,Bridges,Chief Operating Officer,https://www.linkedin.com/in/erin-bridges-03860ba9/,
http://sunrisemovement.org,Sunrise Movement,0.00,Lily,Morse,Co-Founder,https://www.linkedin.com/in/lily-morse-bb3683238/,
https://superstack.xyz/,Superstack,0.00,,,,,
https://moneyxpro.com,MoneyX,0.00,,,,,
https://titan.exchange/@defillama,Titan Exchange,0.00,Chris,Chung,CEO & Co-Founder,https://www.linkedin.com/in/chris-chung-ab673377/?originalSubdomain=ca,
https://titan.exchange/@defillama,Titan Exchange,0.00,Andrew,Tan,Co-Founder & CTO,https://www.linkedin.com/in/andrewtan91?miniProfileUrn=urn%3Ali%3Afs_miniProfile%3AACoAABTM2xQBIlxaVZ6uix9QHriVEyHwaT2thGE&lipi=urn%3Ali%3Apage%3Acompanies_company_people_index%3B778891db-cc86-44cd-8019-7fd18f7a2b89,
https://titan.exchange/@defillama,Titan Exchange,0.00,Michael,Petch,Co-Founder & Chief Executive Officer,https://www.linkedin.com/in/michael-petch/,
https://www.jurisprotocol.com,Juris Protocol,0.00,,,,,
https://stargate.vechain.org/,StarGate,0.00,Sunny,Lu,CEO ,https://www.linkedin.com/in/sunny-lu-55456915/,
https://stargate.vechain.org/,StarGate,0.00,Johnny,G,Managing Director,https://www.linkedin.com/in/johnnygarcia2/,
https://teralend.finance/,Teralend,0.00,,,,,
https://news.treeofalpha.com/,Tree News,0.00,,,,,
https://spartacadabra.money/,Spartacadabra,0.00,,,,,
https://coin98.com/,Coin98,0.00,Thanh,Le,Founder,https://www.linkedin.com/in/imlethanh/?originalSubdomain=vn,
https://polkadot.com/,Polkadot Treasury,0.00,Katie (Lyon),Butler,Co-Founder,https://www.linkedin.com/in/kathleenlyonbutler/,
https://polkadot.com/,Polkadot Treasury,0.00,James,Slusser,Founder ,https://www.linkedin.com/in/jslusser/,
https://polkadot.com/,Polkadot Treasury,0.00,Chris,Li,Founder,https://www.linkedin.com/in/chrisli2046/,
https://spindash.gg/,Spindash,0.00,,,,,
https://orcfax.io/,Orcfax,0.00,Peter Van,Garderen,CEO Founder,https://www.linkedin.com/in/petervangarderen/,
https://orcfax.io/,Orcfax,0.00,Christian M,Koch,Product owner,https://www.linkedin.com/in/christian-mk/,
https://www.dextoro.com/,DexToro,0.00,Nick,Nechanicky,"Founder, CEO",https://www.linkedin.com/in/nicknechanicky/,
https://arbius.ai,Arbius,0.00,Mark,Lawson,Owner,https://www.linkedin.com/in/mark-lawson-68a59414/?originalSubdomain=ca,
https://magnum.trade/,Magnum Bot,0.00,Hardik,Patel,Director,https://www.linkedin.com/in/hardik-patel-047/,
https://magnum.trade/,Magnum Bot,0.00,Alpesh,Solanki,Co-Founder,https://www.linkedin.com/in/alpesh-solanki/,
https://gemfinder.vip/,Finder Bot,0.00,,,,,
https://www.suite.tech/,SUITE,0.00,,,,,
https://www.getheminames.me/,getHemiNames,0.00,,,,,
https://apps.aavechan.com/,Aave-Chan,0.00,Marc,Zeller,founder ,https://www.linkedin.com/in/marczelleraci/?originalSubdomain=fr,
https://www.mayan.co,Mayan,0.00,Chris,Compean,Co-founder,https://www.linkedin.com/in/chriscompean/,
https://www.legacynetwork.io/,Legacy Network,0.00,Vianey,Nunez,Founder ,https://www.linkedin.com/in/vianey-nunez-608438331/,
https://www.legacynetwork.io/,Legacy Network,0.00,Fabio,Martinetti,CEO and Co-Founder,https://www.linkedin.com/in/fabio-martinetti-054492241/,
https://www.legacynetwork.io/,Legacy Network,0.00,Renato,Schär,Founder ,https://www.linkedin.com/in/renato-schaer/,
https://www.prosper-fi.com/,Prosper,0.00,David,Kimball,CEO,https://www.linkedin.com/in/david-kimball-prosper/,
https://www.fastradewiz.com,TradeWiz,0.00,Yashaswi,Sugatoor,Founder and Director,https://www.linkedin.com/in/yashaswi-sugatoor-4b266a231/?originalSubdomain=in,
https://app.oogabooga.io,Ooga Booga,0.00,Kevin,Liu,Co-Founder,https://www.linkedin.com/in/kevin-liu-b07588265/,
https://app.oogabooga.io,Ooga Booga,0.00,Richard,Wren,,https://www.linkedin.com/in/richard-wren-720965352/?originalSubdomain=uk,
https://tronsave.io,TRONSAVE,0.00,,,,,
https://hedera.com/,Hedera,0.00,Shyam,Nagarajan,COO ,https://www.linkedin.com/in/shyamnagarajan/,
https://hedera.com/,Hedera,0.00,Jason,Loh,Founder ,https://www.linkedin.com/in/jason-loh-092483/,
https://hedera.com/,Hedera,0.00,Alfredo Abad,Arranz,COO ,https://www.linkedin.com/in/alfredoabadarranz/,
https://ercburner.xyz/app,ERC Burner,0.00,,,,,
https://otter.trading,Golden Otter Hub,0.00,,,,,
https://dex.roseon.world,RoseonX,0.00,,,,,
https://kame.ag/,Kame Aggregator,0.00,,,,,
https://app.razordex.xyz/,Razor DEX,0.00,,,,,
https://axiom.trade/@defillama,Axiom,0.00,Henry,Zhang,CEO ,https://www.linkedin.com/in/henryzhang03/,
https://axiom.trade/@defillama,Axiom,0.00,,,,,
https://datamine-crypto.github.io/realtime-decentralized-dashboard/,Datamine Network,0.00,,,,,
https://celo.org/,Celo,0.00,,,,,
https://www.uxlink.io/,UXLINK,0.00,Rolland Safort,NTAGUE,Co-Founder & CEO,https://www.linkedin.com/in/rolland-safort-ntague-6423b96a/,
https://www.uxlink.io/,UXLINK,0.00,Zhihao (Kongkou), Li,Director ,https://www.linkedin.com/in/zhihao-li-940215/,
https://www.uxlink.io/,UXLINK,0.00,Eric,Zeth,Co- founder,https://www.linkedin.com/in/eric-zeth-73519473/,
https://quantixai.io/,QuantixAI,0.00,Arnold,Kakas,Founder ,https://www.linkedin.com/in/arnold-kakas/?originalSubdomain=sk,
https://filecoin.io/,Filecoin,0.00,,,,,
https://plumenetwork.xyz,Plume Mainnet,0.00,Chris,Yin,founder/ceo,https://www.linkedin.com/in/chrisyin/,
https://plumenetwork.xyz,Plume Mainnet,0.00,Eugene Y. Q. (eyqs),Shen,Co-Founder and CTO,https://www.linkedin.com/in/eyqs/,
https://plumenetwork.xyz,Plume Mainnet,0.00,Shadman (DMT),Shakib,Founder,https://www.linkedin.com/in/shadman-shakib-0615a1230/,
https://melaniameme.com/,Melania Meme,0.00,,,,,
https://www.peaq.xyz/,peaq,0.00,Celine,Schröder,Founder’s,https://www.linkedin.com/in/celine-schr%C3%B6der-841843247/,
https://www.peaq.xyz/,peaq,0.00,Amit,Mehra,Partner ,https://www.linkedin.com/in/aamehra/,
https://www.peaq.xyz/,peaq,0.00,Leonard,Dorlöchter,Co-Founder,https://www.linkedin.com/in/leonarddorloechter/,
https://www.walrus.xyz,Walrus Protocol,0.00,Oliver,Gosling,Partner ,https://www.linkedin.com/in/olivergosling/,
https://www.walrus.xyz,Walrus Protocol,0.00,David,Robinson,Co-founder,https://www.linkedin.com/in/davidrobinsondesign/,
https://www.cookie.fun,Cookie DAO,0.00,,,,,
https://gunbygunz.com,Gunz,0.00,Stephen,Ness,Owner,https://www.linkedin.com/in/stephen-ness-2a3594277/,
https://yaps.kaito.ai,Kaito,0.00,Yunzhong,He,Co-Founder,https://www.linkedin.com/in/yunzhong-he-21106363/,
https://yaps.kaito.ai,Kaito,0.00,Yu,Hu,Founder/CEO,https://www.linkedin.com/in/yuhu9277/,
https://www.moca.network,Moca Network,0.00,Iaros,Belkin,CEO & Founder,https://www.linkedin.com/in/ybelkin/,
https://cro.ag/,Cro.ag,0.00,,,,,
https://mainstreet.finance/,Mainstreet,0.00,,,,,
https://gettrumpmemes.com/,Official Trump,0.00,,,,,
https://dogecoin.com,Dogecoin,0.00,Marshall,Hayner,CEO and Co-Founder,https://www.linkedin.com/in/marshallhayner/,
https://dogecoin.com,Dogecoin,0.00,Timothy,Stebbing,Director ,https://www.linkedin.com/in/timothy-stebbing-155702189/,
https://www.maple.finance,Maple RWA,0.00,Nikolai,Milutin,Founder ,https://www.linkedin.com/in/nikolaimilutin/,
https://www.maple.finance,Maple RWA,0.00,Ryan,O'Shea,COO,https://www.linkedin.com/in/ryan-os/,
https://www.maple.finance,Maple RWA,0.00,Joe,Flanagan,Co-Founder,https://www.linkedin.com/in/joe-flanagan-3031b796/,
https://www.mavia.com,Heroes of Mavia,0.00,Ngo Quoc,Huy,Founder,https://www.linkedin.com/in/quochuyhalvingteamx/,
https://www.mavia.com,Heroes of Mavia,0.00,Nguyen Thanh,Binh,Founder,https://www.linkedin.com/in/nguyen-thanh-binh-881181122/,
https://www.mavia.com,Heroes of Mavia,0.00,William,Deane,Managing Director,https://www.linkedin.com/in/wdeane/,
https://www.handofgod.app,Hand of God,0.00,,,,,
https://atoll.money/,Atoll,0.00,Abdul Rasheed,Nafiz,Managing Director,https://www.linkedin.com/in/abdul-rasheed-nafiz-owner-atoll-discovery-pvt-ltd-a1902935/?originalSubdomain=mv,
http://www.YokoCo.com,Yoko Consulting,0.00,Chris,Yoko,CEO ,https://www.linkedin.com/in/chrisyoko/,
https://sologenic.org/,Sologenic,0.00,Michelle ,Arjoon,Director ,https://www.linkedin.com/in/michelle-arjoon-7358a32b3/,
https://sologenic.org/,Sologenic,0.00,Mike ,McCluskey,CEO,https://www.linkedin.com/in/michael-mccluskey/,
https://sologenic.org/,Sologenic,0.00,Reza ,Bashash,General Partner,https://www.linkedin.com/in/bashash/,
https://app.ln.exchange/,LN Exchange Perps,0.00,,,,,
https://symphony.com,Symphony ,0.00,Brad,Levy,CEO ,https://www.linkedin.com/in/brad-levy-30667851/,
https://ooia.art,OOIA,0.00,Dr. Kati (Reischauer),Ernst,Founder,https://www.linkedin.com/in/mrs-kati-ernst/?originalSubdomain=de,
https://ooia.art,OOIA,0.00,Kristine,Zeller,Founder ,https://www.linkedin.com/in/kristine-zeller/?originalSubdomain=de,
http://www.useparagon.com?utm_source=LinkedIn&utm_medium=Profile,Paragon,0.00,Brandon,Foo,CEO & Co-Founder,https://www.linkedin.com/in/brandonfoo/,
https://app.anqa.ag/,Anqa,0.00,Rosa G,Aygun,Founder,https://www.linkedin.com/in/rosagaygun/?originalSubdomain=ae,
https://botto.com/,Botto,0.00,,,,,
https://www.vinunft.org/,VinuNFT,0.00,,,,,
https://marlinprotocol.fi/relay/operator,Marlin Protocol,0.00,,,,,
https://creator.bid/agents,Creator Bid,0.00,,,,,
https://volboost.com/,VolBoost,0.00,Terri,Holder,President ,https://www.linkedin.com/in/terri-holder-7605a42a8/,
https://dappos.com/,dappOS IntentEX,0.00,,,,,
https://www.5ire.org,5ire Dapp Staking,0.00,Prateek,D,Co-Founder,https://www.linkedin.com/in/prateekfire/,
https://www.5ire.org,5ire Dapp Staking,0.00,Raj,Kapoor,Founder ,https://www.linkedin.com/in/indieblock/,
https://www.5ire.org,5ire Dapp Staking,0.00,Karan,Ahluwalia,COO and Co-Founder,https://www.linkedin.com/in/karan-ahluwalia-843495192/,
https://www.vector.fun/,VECTOR.FUN,0.00,,,,,
https://defi.app,Defi App,0.00,Zach,Carr,Founder & CEO,https://www.linkedin.com/in/zachcarrnyc/,
https://defi.app,Defi App,0.00,Doran,Mauldin II,Director,https://www.linkedin.com/in/doran-mauldin-ii-928614b2/,
https://defi.app,Defi App,0.00,Dan,Greer,Founder & CEO,https://www.linkedin.com/in/dan-greer-083b9b342/,
https://foom.club,FOOM,0.00,Teguh B,Ariwibowo,Co-Founder & CEO,https://www.linkedin.com/in/teguhbariwibowo/?originalSubdomain=id,
https://www.flashbots.net/,Flashbots,0.00,Alexander,Lange,Founding Partner,https://www.linkedin.com/in/alexander-lange-44aa8464/,
https://www.bloombot.app/,Bloom Trading Bot,0.00,,,,,
https://socios.com/,Fan Token Staking,0.00,,,,,
https://www.peppercoin.com,Peppercoin,0.00,Ernest,Pepper,Owner ,https://www.linkedin.com/in/ernest-pepper-a07bb3100/,
https://www.story.foundation/,Story,0.00,Sarick,S,Co-Founder,https://www.linkedin.com/in/sarickshah/,
https://www.story.foundation/,Story,0.00,S. Y. (Seung Yoon),Lee,CEO & Co-founder,https://www.linkedin.com/in/s-y-seung-yoon-lee-8205a444/,
https://www.story.foundation/,Story,0.00,Howard,W,Founding Partner,https://www.linkedin.com/in/howard24/,
https://www.polyhedra.network/,Polyhedra Network,0.00,Anthony,Cargill,Founder ,https://www.linkedin.com/in/anthony-cargill-2852b7bb/,
https://www.polyhedra.network/,Polyhedra Network,0.00,Matt de,Soto,CEO ,https://www.linkedin.com/in/matthewdesoto/,
https://www.polyhedra.network/,Polyhedra Network,0.00,Tiancheng,X,Co-founder,https://www.linkedin.com/in/tiancheng-x-43a072203/,
https://www.laikalabs.ai,Laika AI,0.00,Aditi,Singh,Co-Founder,https://www.linkedin.com/in/aditi-singh-2a6a4335b/,
https://www.enso.build/,Enso,0.00,Connor,Howe,Founder,https://www.linkedin.com/in/connorhowe/,
https://app.1delta.io/markets,1delta,0.00,Achim,Huebl,Co-Founder & CTO,https://www.linkedin.com/in/achim-huebl-a01403136/,
https://app.1delta.io/markets,1delta,0.00,Kevin,Schellinger,CEO & Co-Founder,https://www.linkedin.com/in/schellingerkevin/,
https://perps.raydium.io/,Raydium Perps,0.00,Timon,Peng,Co-Founder,https://www.linkedin.com/in/timonpeng/,
https://www.looter.ai/,Looter,0.00,,,,,
https://ethsr.xyz/,Ether Strategy,0.00,,,,,
https://hypurr.fun/,Hfun,0.00,Saurabh,Agrawal,Co-Founder & CEO,https://www.linkedin.com/in/saurabhku/?originalSubdomain=in,
https://superswap.ink/,SuperSwap Ink,0.00,,,,,
https://app.artexswap.xyz/#/swap,ArtexSwap,0.00,,,,,
https://kairos-timeboost.xyz/,Kairos Timeboost,0.00,HsinJung (Jonah),Lee,CEO & Co-Founder,https://www.linkedin.com/in/hsinjung-lee-509900253/?locale=en_US,
https://okto.tech/,Okto Wallet Perps,0.00,,,,,
https://kgen.io/,KGeN,0.00,Mai,Diab,Director ,https://www.linkedin.com/in/mai-diab-8800961a2/,
https://kgen.io/,KGeN,0.00,Pratik,Agarwal,Partner ,https://www.linkedin.com/in/pratikei/,
https://kgen.io/,KGeN,0.00,Arif,Shaikh,Vice President,https://www.linkedin.com/in/arif-shaikh-285a1a1a/,
https://mineralvault.io/,Mineral Vault,0.00,,,,,
https://tr.energy,TR ENERGY,0.00,,,,,
https://ssv.network/,SSV Network,0.00,Yoav,Shpiller,COO ,https://www.linkedin.com/in/yoav-shpiller-00214465/,
https://ssv.network/,SSV Network,0.00,Keren Tow,Aizic,Chief Financial Officer,https://www.linkedin.com/in/keren-tow-aizic-55867514/,
https://status.app/,Status,0.00,Juan M,Gómez,Co-founder,https://www.linkedin.com/in/juamangomalv/,
https://status.app/,Status,0.00,Carl,Bennetts,Co-founder,https://www.linkedin.com/in/carlbennetts/,
https://www.sharplink.com/,SharpLink Gaming,0.00,Joseph,Chalom,CEO ,https://www.linkedin.com/in/josephchalom/,
https://www.sharplink.com/,SharpLink Gaming,0.00,Rob,Phythian,Founder and Co-CEO,https://www.linkedin.com/in/rob-phythian-a8346926/,
https://www.sharplink.com/,SharpLink Gaming,0.00,Dodi,Handy,Vice President,https://www.linkedin.com/in/dodihandy/,
https://smithii.io/,Smithii,0.00,Juan Manuel,Sanchez,CEO ,https://www.linkedin.com/in/gonodactylus/,
https://smithii.io/,Smithii,0.00,Omar Muhieddine,Darwich,co-founder,https://www.linkedin.com/in/omar-muhieddine-darwich/?originalSubdomain=co,
https://kavalake.xyz,KavaLake,0.00,,,,,
https://matstake.io/,MatStake,0.00,,,,,
https://gluex.xyz,GlueX Protocol,0.00,Frederico,Bianco,Co-Founder & CTO,https://www.linkedin.com/in/fredericogbianco/?originalSubdomain=th,
https://bags.fm/,Bags,0.00,Hunter,I,Co-Founder,https://www.linkedin.com/in/hunter-i-912b85119/,
https://bags.fm/,Bags,0.00,Finn,Bags,Founder & CEO,https://www.linkedin.com/in/finnbags/,
https://bags.fm/,Bags,0.00,Rob,Calderon,Founder & CEO,https://www.linkedin.com/in/robjcalderon/,
https://beezie.io/,Beezie,0.00,Pratik,Kadam,Co-Founder,https://in.linkedin.com/in/pratik-kadam91,
https://padre.gg/,Padre,0.00,,,,,
https://www.pepeboost.io/,Pepeboost,0.00,,,,,
https://nova.trade/,Nova,0.00,,,,,
https://realms.world,Realms World,0.00,,,,,
https://request.network,Request Network,0.00,,,,,
www.moonpiemedia.com,Moon Pie Media,0.00,Shannon,McGarvey,Founder,https://www.linkedin.com/in/shannonmcgarvey/,
https://app.bookusd.com/,BOOKUSD,0.00,,,,,
https://letsbonk.fun/,letsBONK.fun,0.00,,,,,
https://moonshot.com/,Moonshot Create,0.00,Aviv,Frenkel,"Co-founder, CEO",https://www.linkedin.com/in/aviv-frenkel/?originalSubdomain=il,
https://moonshot.com/,Moonshot Create,0.00,Ethan,Ellenberg,CEO ,https://www.linkedin.com/in/ethanellenberg/,
https://moonshot.com/,Moonshot Create,0.00,Vidhya,Ramalingam,Founder & CEO,https://www.linkedin.com/in/vidhyara/,
https://app.rango.exchange/bridge,Rango,0.00,Vahid,K,Co-Founder,https://www.linkedin.com/in/thevahid/,
https://unicornx.ai/app/download,UnicornX,0.00,Alison,Evans,Co-Founder,https://www.linkedin.com/in/alisonnevans/?originalSubdomain=au,
https://pvp.trade/,pvp.trade,0.00,Marco Paulus van,Pauwvliet,Owner,https://www.linkedin.com/in/marco-paulus-van-pauwvliet-73323b51/?locale=en_US,
https://prophet.fun/,Prophet.fun,0.00,,,,,
https://taiyorobotics.com/#/,Graphite Protocol,0.00,Merrill,Lutsky,Co-founder/CEO,https://www.linkedin.com/in/merrill-lutsky/,
https://hibachi.xyz/r/YUKPTN36RM,Hibachi,0.00,,,,,
https://liquidlaunch.app/,LiquidLaunch,0.00,,,,,
https://pumper.money/,Pumper,0.00,Dan,Pumper,owner ,https://www.linkedin.com/in/dan-pumper-440b7b104/,
https://app.dzap.io/,DZap,0.00,Shivam,Chopra,Co-Founder,https://www.linkedin.com/in/shivam0x/,
https://chips.finance,Chips,0.00,James ,Folkard,Co-Founder & CEO,,
https://chips.finance,Chips,0.00,Todd,Leach,Co-Founder & CTO,,
https://chips.finance,Chips,0.00,Daniel,Jones,Co-Founder & COO,https://www.linkedin.com/in/daniel-jones-ba59ba52/,
https://q-acc.giveth.io/,Quadratic Accelerator,0.00,Griff,Green,Co-Founder,https://www.linkedin.com/in/griffgreen/?originalSubdomain=ch,
https://viescoin.xyz/home,Vies Token,0.00,,,,,
https://www.apebotsol.io/,ApeBot,0.00,,,,,
http://privexgroup.com/,PrivEx Group,0.00,P-Wa,Tang,Co-Founder,https://www.linkedin.com/in/p-wa-tang-b113ab78/,
http://privexgroup.com/,PrivEx Group,0.00,Eugene,Lim,Co-Founder,https://www.linkedin.com/in/eugeneynlim/,
https://apstation.io/,ApStation,0.00,Max,Cher,Co-Founder,https://www.linkedin.com/in/xxcpt/,
https://carbon.inc/,Carbon.inc,0.00,,,,,
https://embr.fun/,Embr Bridge,0.00,,,,,
https://www.haiku-inc.org,"Haiku, Inc",0.00,Eric,Basu,CEO ,https://www.linkedin.com/in/ericbasu/,
https://reachme.agency,Reach.me Agency,0.00,Colin van,Gool,Founder ,https://www.linkedin.com/in/colinvangool/?locale=en_US,
https://reachme.agency,Reach.me Agency,0.00,Björn,Tang,Co-Founder,https://www.linkedin.com/in/bj%C3%B6rn-tang-6982a549/,
https://permute.finance/,Permute,0.00,Pierre-Laurent,FLEURY,CEO ,https://www.linkedin.com/in/pierre-laurent-fleury-2b991422/?locale=en_US,
https://permute.finance/,Permute,0.00,Clément,PEREZ,Product Owner,https://www.linkedin.com/in/cl%C3%A9ment-perez-a9a03290/?originalSubdomain=fr,
https://connex.social,Connex,0.00,Joseph,Anderson,CEO and Founder,https://www.linkedin.com/in/joseph-anderson-a911125/,
https://www.delysium.com,Delysium,0.00,Yan,Zhang,Co-Founder ,https://www.linkedin.com/in/yanzhangjerry/,
https://xficonsole.com/,XFI Native Staking Protocol,0.00,,,,,
https://xapp.ms/,xApp,0.00,Pat,Higbie,Co-founder and CEO,https://www.linkedin.com/in/pathigbie/,
https://xapp.ms/,xApp,0.00,Sean,OKelly,Founder ,https://www.linkedin.com/in/sean-okelly-b642a311/,
https://lobbyfi.xyz/,LobbyFi,0.00,,,,,
https://tron.network,Tron,0.00,Massimo,Z,Founder ,https://www.linkedin.com/in/massimoaz/,
https://tron.network,Tron,0.00,Frank,Bailinson,Director ,https://www.linkedin.com/in/fbailinson/,
https://tron.network,Tron,0.00,Hunter,Rogers,Co-Founder,https://www.linkedin.com/in/ibeatwallstreet/,
https://axieinfinity.com,Axie Infinity,0.00,Aleksander Leonard,Larsen,Co-Founder,https://www.linkedin.com/in/psycheout86/,
https://axieinfinity.com,Axie Infinity,0.00,Trung,Nguyen,CEO ,https://www.linkedin.com/in/trungfinity/,
https://ton.org,TON,0.00,,,,,
https://www.socket.tech/,SOCKET Protocol,0.00,Vaibhav,Chellani,Founder&CEO,https://www.linkedin.com/in/vaibhavchellani/,
https://www.socket.tech/,SOCKET Protocol,0.00,Rishabh,Khurana,Co-founder,https://www.linkedin.com/in/rishabh-khurana-904a6410a/,
https://deposit.plaza.finance/,Plaza Finance,0.00,Julio,Viana,Founder and CEO,https://www.linkedin.com/in/julio-viana/?originalSubdomain=br,
https://li.fi/,LI.FI Bridge Aggregator,0.00,Vilen,Rodeski,Director ,https://www.linkedin.com/in/vilenrodeski/,
https://li.fi/,LI.FI Bridge Aggregator,0.00,Rory,Brown,Founder ,https://www.linkedin.com/in/rory660/,
https://li.fi/,LI.FI Bridge Aggregator,0.00,Philipp,Zentner,CEO ,https://www.linkedin.com/in/philippzentner/,
https://swaps.io,Swaps.io,0.00,Tigran,Bolshoi,Co-Founder,https://www.linkedin.com/in/tigrb/,
https://echo.xyz/,Echo.xyz,0.00,Iskander,Lebib,COO ,https://www.linkedin.com/in/iskanderlebib/,
https://whitebit.com,WhiteBIT,0.00,Volodymyr,Nosov,Founder ,https://www.linkedin.com/in/volodymyr-nosov-600103241/,
https://whitebit.com,WhiteBIT,0.00,Yuriy,Kuleshov,CEO ,https://www.linkedin.com/in/yuriy-kuleshov-79119b1a7/,
https://whitebit.com,WhiteBIT,0.00,Tom,Griffiths,Co-Founder,https://www.linkedin.com/in/tom-griffiths-2b6aba34/,
https://www.vana.org,Vana,0.00,Matthias,Knauth,Director,https://www.linkedin.com/in/pm-matthias-knauth/,
https://www.vana.org,Vana,0.00,Ciaran,Moore,Creative Director,https://www.linkedin.com/in/ciaranmoore91/,
https://www.mintpark.io/,Mint Park,0.00,yunjung,park,Owner,https://www.linkedin.com/in/yunjung-park-0319603a/?originalSubdomain=kr,
https://pudgypenguins.com,Pudgy Penguins,0.00,Max,Gallen,Director,https://www.linkedin.com/in/max-gallen/,
https://pudgypenguins.com,Pudgy Penguins,0.00,Catherine S,Chang,"Co-founder, COO",https://www.linkedin.com/in/catherineschang/,
https://pudgypenguins.com,Pudgy Penguins,0.00,Luca,S,Chief Executive Officer,https://www.linkedin.com/in/luca-s-a13508192/,
https://vetrade.vet/swap,VeTrade,0.00,,,,,
https://mimboku.com/,Mimboku Aggregator,0.00,,,,,
https://www.dhi.bt/,Government of Bhutan Crypto Reserve,0.00,,,,,
https://www.bnbchain.org,Binance Smart Chain,0.00,,,,,
https://mossgenomics.com/,Moss Genomics,0.00,Dr Sli,Aboulkacem,CEO & Founder,https://www.linkedin.com/in/dr-sli-aboulkacem-bb0866224/,
https://mossgenomics.com/,Moss Genomics,0.00,Mickey,Goldstein,Director,https://www.linkedin.com/in/mickey-goldstein-78b19358/,
https://mossgenomics.com/,Moss Genomics,0.00,Hunter,Jordan,Vice President,https://www.linkedin.com/in/hunter-jordan-19899772/,
https://edennetwork.io/,Eden Relay,0.00,Chris,Piatt,Co-Founder,https://www.linkedin.com/in/cpiatt/,
https://fastjpeg.com/,FastJPEG,0.00,,,,,
https://bungee.exchange/,Bungee Bridge Aggregator,0.00,,,,,
https://www.apechainstake.io,ApeChainStake,0.00,,,,,
https://www.fastlane.xyz,Fastlane,0.00,Jordan,Hagan,Co-founder,https://www.linkedin.com/in/jordanhagannz/,
https://www.fastlane.xyz,Fastlane,0.00,Alex,W,CEO ,https://www.linkedin.com/in/alex-w-3a073791/,
https://www.fastlane.xyz,Fastlane,0.00,Ikuma,Mutobe,Founding Partner,https://www.linkedin.com/in/ikumamutobe/,
https://www.xyra.trade/?market=BTC-PERP,Xyra Labs Perps,0.00,,,,,
https://palmeconomy.io,Palm Economy,0.00,,,,,
https://believe.app/,Launch Coin on Believe,0.00,,,,,
https://near.org/,NEAR,0.00,Altan,Tutar,Co-Founder / CEO,https://www.linkedin.com/in/tutaraltan/,
https://near.org/,NEAR,0.00,Cameron,Dennis,Director ,https://www.linkedin.com/in/cameron-dennis-b93b25104/,
https://near.org/,NEAR,0.00,Victor,Lopez,CEO ,https://www.linkedin.com/in/vicl9403/,
https://warp.bond/,Warp,0.00,Hirra,Babar,Founder,https://www.linkedin.com/in/hirra-babar-b9129b14/,
https://warp.bond/,Warp,0.00,Ayush,Sharma,CEO ,https://www.linkedin.com/in/ayushsharma01/,
https://www.unizen.io,Unizen,0.00,,,,,
https://shirotoken.com,ShiroSwap,0.00,,,,,
https://snowtomb.com/,Snowtomb,0.00,,,,,
https://x.xyz,X,0.00,,,,,
https://specterfinance.xyz/,Specter Finance,0.00,Kira,Trevarrow,Business Owner,https://www.linkedin.com/in/kira-trevarrow-33465b193/,
https://bloxmove.com,BloXmove,0.00,Udo,Neumann,Founder ,https://www.linkedin.com/in/un1010/,
https://bloxmove.com,BloXmove,0.00,Vladan,Falcic,Co-Founder and CEO,https://www.linkedin.com/in/vladan-falcic-sqcap/,
https://grapefinance.app/,Grape Finance,0.00,,,,,
https://app.rubic.exchange/,Rubic,0.00,Catherine,Kasie,CEO ,https://www.linkedin.com/in/fasnetwork/,
https://app.rubic.exchange/,Rubic,0.00,Alexandra,Korneva,Co-Founder,https://www.linkedin.com/in/alexandrakorneva/,
https://www.immortaldao.finance/,Immortal,0.00,Saxone,Woon,Owner,https://www.linkedin.com/in/saxone-woon-9794478/?originalSubdomain=sg,
https://www.theopendao.com/#sos,The Open DAO SOS,0.00,,,,,
https://devilfinance.io/,Devil Finance,0.00,,,,,
https://basis.markets,Basis Markets,0.00,Barry,Crawford,CEO ,https://www.linkedin.com/in/barry-crawford-087439264/?originalSubdomain=uk,
https://app.vapornodes.finance,VaporFi,0.00,Kathryn,Lagoudes,Owner ,https://www.linkedin.com/in/kathryn-lagoudes-3a71ba175/,
https://deus.finance,DEUS Finance,0.00,,,,,
https://brightunion.io/,Bright Union,0.00,Jorrit,Kooi,CFO ,https://www.linkedin.com/in/jorrit-kooi-5b36795/,
https://www.minimax.finance,Minimax,0.00,,,,,
https://elephant.money,Elephant Money,0.00,,,,,
https://genso.game,Gensokishi,0.00,Maxi,Kuan,CEO,https://www.linkedin.com/in/maxi-kuan-78a17215/,
https://velhalla.io,Velhalla,0.00,Ryan,Ivester,Owner ,https://www.linkedin.com/in/ryan-ivester-10a363146/,
https://www.qao.io,QAO,0.00,,,,,
https://dogsofelon.io,Dogs of Elon,0.00,,,,,
https://fees.wtf/,fees.wtf,0.00,,,,,
https://www.overthereality.ai/,OVR,0.00,Davide,Cuttini,CEO ,https://www.linkedin.com/in/cuttini/,
https://www.overthereality.ai/,OVR,0.00,Marco,Ciprian,General Director,https://www.linkedin.com/in/marco-ciprian/,
https://karmadao.money/,Karma DAO,0.00,,,,,
https://www.investvoyager.com,Voyager,0.00,Austin,Workman,Owner ,https://www.linkedin.com/in/austin-workman-28a398128/,
https://www.investvoyager.com,Voyager,0.00,Gerard,H,COO ,https://www.linkedin.com/in/gerardhanshe/,
https://www.investvoyager.com,Voyager,0.00,Rishabh,Sood,Owner,https://www.linkedin.com/in/rishabh-sood-60189111/,
https://predictcoin.finance/#,Predictcoin,0.00,,,,,
http://www.ferrumhealth.com,Ferrum Health,0.00,Pelu,Tran,CEO and Cofounder,https://www.linkedin.com/in/pelutran/,
http://www.ferrumhealth.com,Ferrum Health,0.00,Tristan,Cheever,VP ,https://www.linkedin.com/in/tristancheever/,
http://www.ferrumhealth.com,Ferrum Health,0.00,Jamie (Whittendale),Bergen,Director ,https://www.linkedin.com/in/jamie-whittendale-bergen/,
https://www.chronicle.io,Chronicle,0.00,Matthew,B,Founder & CEO,https://www.linkedin.com/in/matthew-borowski/?originalSubdomain=au,
https://www.chronicle.io,Chronicle,0.00,yezmir,symrna,Owner,https://www.linkedin.com/in/yezmir-symrna-78543529/,
https://chikn.farm,Chikn Farm,0.00,,,,,
https://www.instrumental.finance,Instrumental Finance,0.00,,,,,
https://rare.fyi,Rarify,0.00,Jeremy,Bilotti,Co-Founder  Co-CEO,https://www.linkedin.com/in/jeremybilotti/,
https://rare.fyi,Rarify,0.00,David,Rosenwasser,Co-Founder and Co-CEO,https://www.linkedin.com/in/david-rosenwasser-3a71974b/,
https://smartpad.network/,SmartPad,0.00,DAVID,KIFF,Owner ,https://www.linkedin.com/in/david-kiff-b2515a102/?originalSubdomain=au,
https://marginswap.finance,MarginSwap,0.00,Jonathan,Maycock,Co-founder and CEO,https://www.linkedin.com/in/jonathan-maycock/?originalSubdomain=de,
https://metareserve.finance/,MetaReserve,0.00,Samuel,Campbell,CEO ,https://www.linkedin.com/in/samuel-campbell-9886b8226/,
https://piggyfinance.io/,Piggy Finance,0.00,andrew,stanley,Director ,https://www.linkedin.com/in/andrew-stanley-18733191/?originalSubdomain=uk,
https://unitefinance.io,Unite Finance,0.00,,,,,
https://staking.umb.network/,Umbrella Network,0.00,,,,,
https://www.proofofhumanity.id,Proof of Humanity,0.00,,,,,
https://2omb.finance/,2omb Finance,0.00,,,,,
https://hermesfinance.app/,Hermes Finance,0.00,,,,,
https://www.crabada.com,Crabada,0.00,,,,,
https://app.bomb.money/,Bomb Money,0.00,Aaron,Shames,Founder & CEO,https://www.linkedin.com/in/aaronshames/?originalSubdomain=ca,
https://ultraprotocol.io/,Ultra Protocol,0.00,,,,,
https://looksrare.org/,LooksRare,0.00,,,,,
http://www.dibsbeauty.com/,DIBS Beauty,0.00,Jeff,Lee ,CEO & Co-Founder,https://www.linkedin.com/in/jefflee108/,
http://www.dibsbeauty.com/,DIBS Beauty,0.00,Hannah,Gleason,Director ,https://www.linkedin.com/in/hannah-gleason-313740152/,
https://luchadores.io,Luchadores,0.00,,,,,
https://trustednode.io,Trusted Node,0.00,Jesse,Campos,Owner ,https://www.linkedin.com/in/jesse-campos-496711166/,
https://epns.io,EPNS,0.00,Fanibhushan,Sahu,Co-founder,https://www.linkedin.com/in/fanibhushan-sahu-347697234/,
https://www.ambire.com,Ambire Wallet,0.00,Dimo,Stoyanov,Co-founder,https://www.linkedin.com/in/dimostoyanov/,
https://www.ambire.com,Ambire Wallet,0.00,Ivo,G,CEO,https://www.linkedin.com/in/ivo-georgiev-ambire/,
https://revuto.com,Revuto,0.00,,,,,HAIDER
https://arable.finance,Arable Protocol,0.00,,,,,
https://www.0vix.com,0vix,0.00,,,,,
https://ergopad.io/,ErgoPad,0.00,,,,,
https://yeti.finance,Yeti Finance,0.00,,,,,
https://tokensfarm.com,TokensFarm,0.00,Erez  ,Kiki,"Co-founder, CEO ",https://www.linkedin.com/in/erezbk/,
https://bch.domains,LNS,0.00,,,,,
https://honk.cash,HonkSwap,0.00,,,,,
https://0xnodes.io/,0x NODES,0.00,,,,,
https://candlelabs.org/,Candle,0.00,Charles  ,Potter,Founder ,http://www.linkedin.com/in/charles-potter-512b00355,
https://yup.io,Yup,0.00,,,,,
https://www.ravcube.finance,Ravcube Finance,0.00,,,,,
https://zombie-network.fi,Zombie Network,0.00,,,,,
https://www.rfox.com,RFOX,0.00,Ben  ,Fairbank,CEO and Founder,http://www.linkedin.com/in/benfairbank,
https://www.rfox.com,RFOX,0.00,Glen  ,Pearce,Co-Founder,https://ae.linkedin.com/in/glen-pearce11,
https://occam-x.fi,OccamX,0.00,,,,,
https://solanax.org,Solanax,0.00,,,,,
https://www.runpulse.com/,Pulse ,0.00,Ritvik  ,Pandey,"Co-Founder, CTO ",https://www.linkedin.com/in/ritvikpandey22,
https://www.runpulse.com/,Pulse ,0.00,Sid  ,Manchkanti,"Co-founder, CEO ",https://www.linkedin.com/in/sidmanchkanti,
https://www.pixelverse.xyz/,Pixelverse,0.00,Kori  ,Leon,COO & Co-Founder,https://www.linkedin.com/in/korileon/?originalSubdomain=ae,
https://www.pixelverse.xyz/,Pixelverse,0.00,Valentino  ,Perez,Small Business Owner ,https://www.linkedin.com/in/valentino-perez-,
https://theparallel.io,The Parallel,0.00,Louis  ,Ng,CEO ,https://vn.linkedin.com/in/louis-the-parallel,
https://theparallel.io,The Parallel,0.00,Ngoc  ,Dau,COO  ,https://www.linkedin.com/in/daungochuy/,
https://wilc.finance,Wrapped ILCOIN,0.00,,,,,
http://www.impactplus.com/,IMPACT,0.00,Bob  ,Ruffolo,CEO ,https://www.linkedin.com/in/bobruffolo/,
http://www.impactplus.com/,IMPACT,0.00,Orly  ,Schwarz,Owner,https://il.linkedin.com/in/orlyschwartz,
https://pegasys.finance,PegaSys,0.00,,,,,
https://kommunitas.net,Kommunitas,0.00,Niki  ,Oktarian,COO  ,http://www.linkedin.com/in/niki-oktarian-41b8321b6,
https://kommunitas.net,Kommunitas,0.00,Robbie  ,Jeo,CEO ,https://id.linkedin.com/in/robby678,
https://starcrazy.com,StarCrazy,0.00,,,,,
https://getwinkies.com,Winkyverse,0.00,Boris  ,Fasano,Co-Founder & CEO,,
https://getwinkies.com,Winkyverse,0.00,Javier  ,Alaves,Co-Founder,,
https://getwinkies.com,Winkyverse,0.00,Antoine  ,Mulin,Co-Founder,,
https://fantoons.tv/,Fantoons,0.00,David  ,Calcano,Founder and Creative Director,https://www.linkedin.com/in/david-calcano-39265817/,
https://seedify.fund/,Seedify,0.00,Raphael,Ogosi,Marketing Partner,https://www.linkedin.com/in/raphael-mary-izuka-ogosi-29278022b/,
https://seedify.fund/,Seedify,0.00,Levent  ,Aydan,"Founder, CEO ",https://www.linkedin.com/in/leventcemaydan/,
https://mercatusoutsourcing.com/,Mercatus,0.00,Trayan  ,Trayanov,Founder & CEO,https://www.linkedin.com/in/trayantrayanov/?originalSubdomain=uk,
https://mercatusoutsourcing.com/,Mercatus,0.00,Valentin  ,Dimitrov,Channel Partner ,http://www.linkedin.com/in/valentin-kostadinov-tino,
https://anedak.com/,Anedak,0.00,,,,,
https://ringfi.io/,RingFi,0.00,,,,,
https://www.kdlaunch.com/#/staking,KDLaunch,0.00,,,,,
https://kleros.io,Kleros,0.00,Alexander  ,Stachniewicz,Partner ,https://www.linkedin.com/in/alexander-mike-stachniewicz-3a936a123/,
https://metf.finance/#/,METF Finance,0.00,,,,,
https://babena.finance,Babena,0.00,,,,,
http://dripshop.live/,DripShop,0.00,Sameep  ,Sheth,Co-Founder & CTO,https://www.linkedin.com/in/sameepsheth/,
http://dripshop.live/,DripShop,0.00,Javaughn  ,Lawrence,Co-Founder & CEO,https://www.linkedin.com/in/javaughnlawrence,
https://solrise.finance/,Solrise Finance,0.00,Vidor  ,Gencel,Co-Founder,https://rs.linkedin.com/in/vidorgencel,
https://solrise.finance/,Solrise Finance,0.00,Damjan  ,Markovic,COO  ,https://hr.linkedin.com/in/markovicdamjan,
https://solrise.finance/,Solrise Finance,0.00,Ivan  ,Jovic,Talent Partner ,https://hr.linkedin.com/in/ivanjovic,
https://libero.ie/,Libero,0.00,Marek  ,Lach,Founder ,https://www.linkedin.com/in/marek-lach/?originalSubdomain=ie,
https://cryptexlock.me,CryptEx Locker,0.00,Ksenia  ,Borodulina,COO  ,https://www.linkedin.com/in/kborodulina/,
https://cryptexlock.me,CryptEx Locker,0.00,Dmitry  ,Mishunin,Chief Executive Officer and Founder,https://www.linkedin.com/in/dmitrymishunin/,
https://valkyrieprotocol.com,Valkyrie,0.00,,,,,
https://www.bogged.finance,Bogged Finance,0.00,Luke,,Chief Operations Officer,,
https://banano.cc,Banano,0.00,,,,,
https://rocketswap.exchange,RocketSwap,0.00,,,,,
https://shapeshift.com,ShapeShift,0.00,Olivier  ,Coels,Owner,https://be.linkedin.com/in/olivier-coels-123ab538,
https://shapeshift.com,ShapeShift,0.00,Christian  ,Boyle,Founder and CEO,https://ca.linkedin.com/in/christian-boyle-b43496134,
https://shapeshift.com,ShapeShift,0.00,Jasveen  ,Khanduja,Co-Founder,https://uk.linkedin.com/in/jasveen-khanduja-160a4a43,
https://sunrisegaming-dao.com,Sunrise Gaming,0.00,ALEX,,Founder ,,
https://timewarp.finance,Timewarp,0.00,William  ,Hilburn,Owner,https://www.linkedin.com/in/william-hilburn-b8ba7a25/,/
https://genshiro.equilibrium.io,Genshiro,0.00,,,,,
https://www.rampdefi.com,Ramp,0.00,,,,,
https://volta.club/,Volta Club,0.00,,,,,
https://nuls.io,Nuls,0.00,Reaper  ,Ran,Co-Founder,https://sg.linkedin.com/in/reaperran,
https://nuls.io,Nuls,0.00,Eric  ,Ang,Co-Founder,https://sg.linkedin.com/in/angkangwei,
https://nuls.io,Nuls,0.00,Kam  ,Vongsakoun,President and Co-Founder,https://la.linkedin.com/in/kam-vongsakoun-448358164,
https://www.coinwind.com/,Coinwind,0.00,,,,,
https://www.beanpartners.com/,Bean Partners,0.00,Mal  ,Harford,Partner ,https://www.linkedin.com/in/mal-harford-63632694/,
https://www.beanpartners.com/,Bean Partners,0.00,Damian ,Woodward,Founder ,https://www.linkedin.com/in/damian-woodward-79a3054/,
https://www.beanpartners.com/,Bean Partners,0.00,Phil  ,Ives,Partner ,https://www.linkedin.com/in/phil-ives-2930b16/,
https://syncbond.com/,SYNC Network,0.00,,,,,
https://almonds.ai/,Almonds Ai ,0.00,Abhinav  ,Jain,Co-Founder & CEO,https://www.linkedin.com/in/abhinavjainalmonds/?originalSubdomain=in,
https://almonds.ai/,Almonds Ai ,0.00,Apurv  ,Modi,Co-Founder,https://www.linkedin.com/in/apurvmodiatechnos/,
https://squid.xyz,SquidDao,0.00,,,,,
https://app.spartacus.finance/,Spartacus,0.00,,,,,
https://furucombo.app,Furucombo,0.00,,,,,
https://www.nasdex.xyz,Nasdex,0.00,Alvin  ,Foo,Co-Founder,https://www.linkedin.com/in/alvinfsc/,
https://platform.decubate.com/,Decubate,0.00,Vinodh  ,Raghoenath,CFO,https://nl.linkedin.com/in/vinodh-raghoenath-1625824a,
https://platform.decubate.com/,Decubate,0.00,Elliot  ,Hagemeijer,Founder and CEO,https://www.linkedin.com/in/elliot-hagemeijer-60a620129/,
https://smartcoin.farm,SmartCoin,0.00,,,,,
https://polkaswap.io,Polkaswap,0.00,,,,,
https://juststable.tronscan.org/#/login,JustStables,0.00,,,,,
https://orai.io,OraiChain,0.00,Pham  ,Tu,Co-Founder & CTO,https://vn.linkedin.com/in/pham-thanh-tu,
https://orai.io,OraiChain,0.00,Chung  ,Dao,CEO & Co-founder ,https://vn.linkedin.com/in/chung-dao,
https://orai.io,OraiChain,0.00,Tony  ,Duong,Owner,https://vn.linkedin.com/in/minhchienwikipedia,
https://fegtoken.com,Fegex,0.00,,,,,
https://shieldex.io,Shield,0.00,Charles  ,Smith,Co-Founder,https://sg.linkedin.com/in/charles-smith-ab0431219,
https://only1.app,Only1,0.00,Leon  ,Lee,Founder & CEO,,
https://only1.app,Only1,0.00,Yuen  ,Ying,Chief Operations Officer ,https://hk.linkedin.com/in/yyjoeycheng,
https://bondappetit.io/,BondAppetit,0.00,,,,,
https://www.zookeeper.finance/,Zookeeper,0.00,,,,,
http://www.anchormedia.com/,Anchor Media,0.00,Victoria  ,Calvert,Founder & CEO,https://www.linkedin.com/in/victoriadevine/,
http://www.anchormedia.com/,Anchor Media,0.00,Alexis  ,Rolley,CEO/Founder,https://www.linkedin.com/in/alexis-rolley-352aa73a/,
https://stakehound.com/,StakeHound,0.00,Albert  ,Lluís,CEO,https://www.linkedin.com/in/acastellana/,
https://stakehound.com/,StakeHound,0.00,Edgars  ,Nemše,Chief Technology Officer,https://www.linkedin.com/in/edgars-nemse/,
https://everstake.one/,Everstake ,0.00,Sergii  ,Vasylchuk,CEO/Founder,https://www.linkedin.com/in/sergii-vasylchuk/,
https://everstake.one/,Everstake ,0.00,Sergii  ,Ropchan,Co-Founder,https://www.linkedin.com/in/sergii-ropchan/,
https://everstake.one/,Everstake ,0.00,Bohdan  ,Opryshko,COO,https://www.linkedin.com/in/opryshko/,
https://www.strudelbots.com/,Strudel,0.00,Kristin  ,N.,CEO & Co-founder ,https://www.linkedin.com/in/kristinisaac/,
https://www.strudelbots.com/,Strudel,0.00,Amber  ,Field,Co-founder & COO,https://www.linkedin.com/in/amber-field-3ba796b/,
https://www.strudelbots.com/,Strudel,0.00,Shai  ,Rubin,Co-Founder,https://www.linkedin.com/in/shairubin/,
https://fantom.foundation/,Fantom,0.00,Michael  ,Kong,CEO / Director,,
https://www.bt.com/about,BT Group,0.00,Allison  ,Kirkby,Chief Executive Officer ,https://uk.linkedin.com/in/allison-kirkby-b639758,
https://www.bt.com/about,BT Group,0.00,Tabrez  ,Memon,Owner,https://uk.linkedin.com/in/tabrez-memon-89816422,
https://www.bt.com/about,BT Group,0.00,Ian  ,Johnstone,Owner,https://uk.linkedin.com/in/ian-johnstone-22245867,
https://synlev.com/,SynLev,0.00,,,,,
https://www.devprotocol.xyz,Dev Protocol,0.00,,,,,
https://www.htokens.finance/en-us/,hBTC,0.00,,,,,
https://rulerprotocol.com/,Ruler,0.00,,,,,
https://o3swap.com/,O3 Swap,0.00,,,,,
https://avalaunch.app,Avalaunch,0.00,,,,,
https://sifchain.network/,Sifchain,0.00,,,,,
https://www.telco.in,Telcoin,0.00,Paul ,Neuner,Founder ,https://www.linkedin.com/in/pauljneuner/,
https://www.telco.in,Telcoin,0.00,Claude ,Eguienta,Co-Founder,https://www.linkedin.com/in/claudeeguienta/?originalSubdomain=ae,
https://back.finance,Back Finance,0.00,,,,,
https://illuvium.io,Illuvium,0.00,Danny  ,Wilson,Chief Financial Officer ,https://au.linkedin.com/in/dannywilsonmba,
https://illuvium.io,Illuvium,0.00,Grant  ,Warwick,Co-Founder,https://au.linkedin.com/in/grant-warwick-061128203,
https://illuvium.io,Illuvium,0.00,Kieran  ,Warwick,Co-Founder,https://au.linkedin.com/in/kieran-warwick-66194b79,
https://loterra.io,LoTerra,0.00,,,,,
https://witswap.com/,WitSwap,0.00,,,,,
http://www.lendhub.co.uk/,LendHub,0.00,Richard  ,Nordgreen,Managing Director,https://www.linkedin.com/in/richardnordgreen/,
http://www.lendhub.co.uk/,LendHub,0.00,Christopher  ,Adamou,CEO ,https://www.linkedin.com/in/ca1/,
https://www.cardstarter.io/,Cardstarter,0.00,,,,,
https://rabbitfinance.io/,Rabbit Finance,0.00,,,,,
https://armor.fi/,Armor,0.00,,,,,
https://olympusdao.finance/,Olympus DAO,0.00,,,,,
http://www.gyro.com/,Gyro,0.00,nitin  ,batta,Partner ,https://www.linkedin.com/in/nitin-batta-30125179/?originalSubdomain=in,
http://www.gyro.com/,Gyro,0.00,Ben  ,Simons,Owner ,https://www.linkedin.com/in/gyro/?originalSubdomain=uk,
http://www.gyro.com/,Gyro,0.00,Steve  ,Draper,CEO ,https://www.linkedin.com/in/steve-draper-11157544/,
https://blizz.finance,Blizz Finance,0.00,,,,,
https://www.louverture.finance/,Louverture,0.00,,,,,
http://www.tempus.com/,Tempus AI,0.00,Eric  ,Lefkofsky,CEO/Founder,https://www.linkedin.com/in/ericlefkofsky/,
http://www.tempus.com/,Tempus AI,0.00,Ryan  ,Fukushima ,COO,https://www.linkedin.com/in/ryanfukushima,
http://www.tempus.com/,Tempus AI,0.00,Dani , U,Owner ,http://www.linkedin.com/in/dani-u-866418239,
https://bitpif.com/#/swap,BITPIF,0.00,, ,,,
https://base.club/,Base,0.00,Kaben  ,Clauson,Co-Founder & CEO,https://www.linkedin.com/in/kbclauson/,
http://atlas.onl/,Atlas,0.00,Herman  ,Sanghera,Founder & CEO,https://www.linkedin.com/in/herman-sanghera-bb27a7116/,
https://thorstarter.org,Thorstarter,0.00,,,,,
http://www.okidoki.global/,Oki Doki Global,0.00,Saif  ,Yusoof,Founder,https://www.linkedin.com/in/saifyusoof/,
http://www.okidoki.global/,Oki Doki Global,0.00,Shashi  ,Gunathilaka,CEO ,https://www.linkedin.com/in/shashi-gunathilaka-73710925/,
https://www.gizadao.com,Giza DAO,0.00,,,,,
https://app.otwodao.com,O2 DAO,0.00,Onkar  ,Prasad,Founder & CEO at O2,https://www.linkedin.com/in/onkar-prasad-57147255/?originalSubdomain=in,
https://midasdao.org,MidasDAO,0.00,,,,,
https://app.galaxygoggle.money,GalaxyGoogle DAO,0.00,Joyce ,,Owner ,https://www.linkedin.com/in/joyce-12ba5384/,
https://www.meritcircle.io/,Merit Circle,0.00,Marco  ,Heuvel,Co-Founder,https://nl.linkedin.com/in/marcovdheuvelnl,
https://leaguedao.com/,LeagueDAO,0.00,,,,,
https://templar.finance/,Templar DAO,0.00,0xparadin  ,Dao,Co-Founder,https://jp.linkedin.com/in/0xparadin-templar-dao,
https://templar.finance/,Templar DAO,0.00,Pollux  ,Templar,Chief Marketing Officer,http://www.linkedin.com/in/pollux-templar-974017229,
https://iq.wiki,IQ,0.00,,,,,
https://umbria.network,Umbria Network,0.00,Barney  ,Chamber,Co-Founder,https://uk.linkedin.com/in/barney-c-a3259727?trk=public_post-text,
https://umbria.network,Umbria Network,0.00,Francesca  ,Franco,Owner ,http://www.linkedin.com/in/francesca-de-franco-ba52511,
https://polkastarter.com/#upcoming-projects,Polkastarter,0.00,Daniel  ,Stockhaus,Co-Founder,https://www.linkedin.com/in/daniel-stockhaus-b19337278/?originalSubdomain=ng,
https://kittyfinance.io,Kitty Finance,0.00,,,,,
https://nachonacho.com/,NachoNacho,0.00,Sanjay  ,Goel,CEO/Founder,https://www.linkedin.com/in/sanjay-goel/,
https://nachonacho.com/,NachoNacho,0.00,Jochen  ,Talmon,Partner ,https://www.linkedin.com/in/jtalmon/,
https://brokoli.network,Brokoli Network,0.00,Elizabeth  ,Hall,Senior Manager,https://www.linkedin.com/in/elizabeth-hall-737a49204/,
https://www.sandbox.game,The Sandbox,0.00,Martine  ,Meijburg,Founder ,https://nl.linkedin.com/in/martinemeijburg,
https://www.sandbox.game,The Sandbox,0.00,Marius  ,Balaj,Managing Director,https://ro.linkedin.com/in/marius-balaj,
https://www.sandbox.game,The Sandbox,0.00,Jon  ,Mihalko,Owner ,https://www.linkedin.com/in/jon-mihalko-3a2ba847,
https://www.sheeshafinance.io,Sheesha Finance,0.00,Saeed  ,Darmaki,Founder & CEO,https://www.linkedin.com/in/saeed-hareb-al-darmaki/,
https://www.sheeshafinance.io,Sheesha Finance,0.00,Chris  ,Thomas,Partnerships Manager,https://www.linkedin.com/in/chris-thomas-637969241/,
http://www.mobox.biz/,MOBOX,0.00,Vadym  ,Kot,CEO,https://www.linkedin.com/in/vadym-kot-57162aa9/?originalSubdomain=ua,
https://omic.finance,Omicron,0.00,John  ,Smith,Founder & CEO,,
https://blackpool.finance/,BlackPool,0.00,Grant  ,Anderson,Operations Manager ,https://uk.linkedin.com/in/grant-anderson-75365b17,
https://www.velora.xyz,Velora,0.00,,,,,
https://app.position.exchange/,Position Exchange,0.00,Brian  ,O'Shea,CEO ,https://www.linkedin.com/in/brian-o-shea-28b04484/,
https://saffron.finance,Saffron Finance,0.00,,,,,
https://bearfinance.org,Bear Finance,0.00,John  ,Bear,CEO ,https://www.linkedin.com/in/john-bear-3b84781aa/,
https://fortunedao.com,Fortune DAO,0.00,Adam  ,Ramsdell,Partner,https://www.linkedin.com/in/adam-ramsdell-ba48a997,
https://fortunedao.com,Fortune DAO,0.00,Juan  ,Plouin,Partner,http://www.linkedin.com/in/juan-plouin-8a93ba130,
https://nestprotocol.org,Nest Protocol Staking,0.00,,,,,
https://capital-dao.io,Capital DAO,0.00,,,,,
https://app.zyxswap.com/#/swap,ZYXSwap,0.00,,,,,
https://www.bunnypark.com/,BunnyPark,0.00,Tony  ,Zhu,CEO ,https://www.linkedin.com/in/tony-zhu-068822216/?originalSubdomain=ca,
https://www.bunnypark.com/,BunnyPark,0.00,Elsa  ,Wong,Director ,https://www.linkedin.com/in/elsa-wong-4b581b216/?originalSubdomain=sg,
https://retreeb.io,Retreeb,0.00,,,,,
http://www.alpaca.vc/,Alpaca VC,0.00,Ryan  ,Freedman,Co-Founder & General Partner,https://www.linkedin.com/in/ryanfreedman1/,
http://www.alpaca.vc/,Alpaca VC,1.00,Aubrie  ,Pagano,General Partner,https://www.linkedin.com/in/aubrie-pagano-14371bb/,
http://www.alpaca.vc/,Alpaca VC,2.00,David  ,Goldberg,General Partner,https://www.linkedin.com/in/david-goldberg-056a973/,
http://www.alpaca.vc/,Alpaca VC,3.00,Daniel  ,Fetner,General Partner,https://www.linkedin.com/in/daniel-fetner-39097535/,
https://www.esterfinance.com/en,Ester Finance,0.00,Stephane  ,Kourganoff,Co-Founder,https://fr.linkedin.com/in/st%C3%A9phane-kourganoff,
https://www.esterfinance.com/en,Ester Finance,0.00,Gwang ,Park,CEO,http://www.linkedin.com/in/%ea%b4%91%ec%9e%ac-%eb%b0%95-6956184a,
https://freeliquid.io,FreeLiquid,0.00,,,,,
https://connectjade.com/,Jade,0.00,Rehan  ,Channa,Chief Executive Officer,https://www.linkedin.com/in/rachanna,
https://connectjade.com/,Jade,0.00,Mubashir  ,Arshad,COO,https://pk.linkedin.com/in/mubashir-ali-arshad-ba401ab0,
https://www.rug.farm/#/dashboard,R U Generous,0.00,,,,,
https://hex.tech/,Hex,0.00,Ben , Ho,Founder ,https://sg.linkedin.com/in/hexsg,
https://hex.tech/,Hex,0.00,Caitlin  ,Colgrove,Co-Founder and CTO,https://www.linkedin.com/in/colgrove,
https://hex.tech/,Hex,0.00,Barry  ,McCardel,Co-Founder and CEO,https://www.linkedin.com/in/barrymccardel/,
https://radao.finance,RaDao,0.00,,,,,
https://fortresstech.io/,Fortress,0.00,Kerri  ,Davis,CEO,https://www.linkedin.com/in/kerri-davis-fortress/,
https://fortresstech.io/,Fortress,1.00,Martins  ,Olatunji,CEO,https://www.linkedin.com/in/martins-olatunji-87824438a/?originalSubdomain=ng,
https://daomaker.com/farms-and-vestings,DAO Maker Vesting,0.00,Christoph  ,Zaknun,CEO,https://cz.linkedin.com/in/christoph-zaknun-284a526b,
https://www.ampleforth.org,FORTH DAO,0.00,Brandon  ,lles,Co-Founder,https://www.linkedin.com/in/brandoniles,
https://www.ampleforth.org,FORTH DAO,0.00,Evan  ,Kuo ,CEO,https://www.linkedin.com/in/evankuo,
https://streamprotocol.money,Stream Finance,0.00,Alejandro  ,Gala,Founding Engineer ,https://ar.linkedin.com/in/alejandro-gala-02281a227,
https://streamprotocol.money,Stream Finance,0.00,Jota  ,Lanusse,Founding Engineer ,https://ar.linkedin.com/in/jotalanusse,
https://app.merkl.xyz/,Merkl,0.00,,,,,
https://app.nutbox.io,Nutbox,0.00,,,,,
https://superlauncher.io,SuperLauncher,0.00,,,,,
https://www.seashell.com/,Seashell,0.00,Daryl  ,Hok,Founder & CEO,https://www.linkedin.com/in/darylhok/?originalSubdomain=pr,
https://www.airswap.io,AirSwap,0.00,Don  ,Mosites,Co-Founder / CTO ,https://fr.linkedin.com/in/dmosites,
https://bubble.io/,Bubbleswap,0.00,Emmanuеl  ,Straschnοv,"Co-CEO, Founder",https://www.linkedin.com/in/straschnov/,
https://bubble.io/,Bubbleswap,0.00,Josh  ,Haas,Founder ,https://www.linkedin.com/in/joshhaas,
https://bubble.io/,Bubbleswap,0.00,John  ,Carter,Co-Founder,https://www.linkedin.com/in/sanscode,
https://kei.fi,Kei Finance,0.00,,,,,
https://debtdao.finance/#/mainnet/market,DebtDAO,0.00,,,,,
http://directexchange.xyz,Direct Exchange,0.00,,,,,
https://funbear.net,FunBear,0.00,,,,,
https://www.maestro.io/,Maestro,0.00,Ari  ,Evans,Founder & CEO,https://www.linkedin.com/in/ari-evans/,
https://www.maestro.io/,Maestro,1.00,Andre  ,Chagas,Owner ,https://br.linkedin.com/in/andr%C3%A9-chagas-26783515b,
https://www.maestro.io/,Maestro,2.00,Karim  ,Jomaa,General Manager,https://lb.linkedin.com/in/karim-jomaa-71177452,
https://unibots.com/,Unibot,0.00,Saurabh  ,Goel,Co-Founder,https://www.linkedin.com/in/saurabhgoel21/?originalSubdomain=in,
https://unibots.com/,Unibot,0.00,Aditi  ,Sharma,Co-Founder,https://www.linkedin.com/in/aditi-sharma-ab262816/,
https://app.omt.finance/#/trade,OMT Finance,0.00,,,,,
https://macc.milkomeda.com/,Milkomeda MACC,0.00,,,,,
https://miaswap.io/,MiaSwap,0.00,,,,,
https://heraswap.finance/swap/,Heraswap,0.00,,,,,
https://urdex.finance,UrDEX Finance,0.00,,,,,
https://app.paribus.io,Paribus,0.00,,,,,
https://www.llamaleadgen.com/,The Llamas,0.00,Adam  ,Yaeger,Founder & CEO,https://www.linkedin.com/in/adamyaeger/,
https://houdiniswap.com/,Houdini Swap,0.00,,,,,
https://firebotsuppression.com/,"FireBot Suppression, Inc.",0.00,Mark  ,Baldino,CEO,https://www.linkedin.com/in/mark-baldino-893b02241/,
https://firebotsuppression.com/,"FireBot Suppression, Inc.",0.00,Chris  ,Johnson ,President ,https://www.linkedin.com/in/christopher-c-johnson,
https://firebotsuppression.com/,"FireBot Suppression, Inc.",0.00,Maxx  ,Baldino,Director,https://www.linkedin.com/in/maxx-baldino-firebot,
https://app.snarklaunch.com/,Snark Launch,0.00,,,,,
https://apecoin.com,ApeCoin,0.00,Sebastien  ,Perez,Director,https://fr.linkedin.com/in/sebastienremiperez,
https://apecoin.com,ApeCoin,0.00,Won  ,Kim,Chief Commercial Officer,https://www.linkedin.com/in/wonkim/,
https://www.plexus.com/,PLEXUS,0.00,Kevin  ,Cain,Founder ,https://www.linkedin.com/in/kevincain,
https://www.plexus.com/,PLEXUS,1.00,Garth  ,Braithwaite,Owner ,https://za.linkedin.com/in/garth-braithwaite-b0b1b35,
https://www.plexus.com/,PLEXUS,2.00,Rami  ,Gebali,Owner ,https://eg.linkedin.com/in/rami-gebali-1424005,
https://www.plexus.com/,PLEXUS,3.00,Rob  ,Neal,Owner ,https://www.linkedin.com/in/rob-neal-7078a76/,
https://www.get-protocol.io,GET Protocol,0.00,,,,,
https://blastapi.io,Blast API,0.00,,,,,
https://www.youratlas.com/,Atlas ,0.00,Omer  ,Jamal,Founder & CEO,https://www.linkedin.com/in/omer-jamal/,
https://www.youratlas.com/,Atlas ,0.00,Calvin  ,Hui,COO,https://www.linkedin.com/in/calvin-hui-54b5a841/,
https://cryptorelief.in/transparency,India Covid Relief Fund,0.00,,,,,
https://arbitrum.foundation,Arbitrum DAO,0.00,,,,,
https://www.dexioprotocol.com,Dexioprotocol,0.00,,,,,
https://pxswap.xyz,pxswap,0.00,Sam  ,Atkinson,Co-Founder & CEO,https://www.linkedin.com/in/sam-atkinson-5281aa142/,
https://pxswap.xyz,pxswap,1.00,Zach  ,Bailet,Co-Founder,https://www.linkedin.com/in/zach-bailet/,
https://pxswap.xyz,pxswap,2.00,Webb  ,Stevens,Executive Director,https://www.linkedin.com/in/webbstevens/,
https://sakaivault.io,Sakai Vault,0.00,,,,,
https://arc.ai/,ARC Labs,0.00,Tj  ,Dunham,Co-Founder & CEO,https://www.linkedin.com/in/tj-dunham,
https://arc.ai/,ARC Labs,0.00,Aykut  ,Teztel,Owner ,https://www.linkedin.com/in/aykut-teztel-91a1223b/?originalSubdomain=tr,
https://cexdex.app,CexDex,0.00,,,,,
https://multialt.com,Multialt,0.00,,,,,
https://catsapes.com/,CatsApes,0.00,,,,,
https://neutroswap.io,Neutroswap,0.00,,,,,
https://noahark.pro,Noah Swap,0.00,,,,,
https://worldmobiletoken.com,World Mobile Token,0.00,Micky,Watkins,CEO,https://www.linkedin.com/in/micky-mr-telecom-watkins-a17b5b4b/?originalSubdomain=uk,
https://worldmobiletoken.com,World Mobile Token,1.00,Charles  ,B.,Co-Founder,https://www.linkedin.com/in/ch-ba/,
https://worldmobiletoken.com,World Mobile Token,2.00,Alan  ,Omnet,COO,https://www.linkedin.com/in/alan-omnet-8704b9/,
https://www.dypius.com,Dypius,0.00,Mihai  ,Nicusor,Founder & CEO,https://www.linkedin.com/in/mihai-nicusor/,
https://www.dypius.com,Dypius,1.00,Teki  ,Kolaneci,COO,https://www.linkedin.com/in/arbenmeta/,
https://www.dypius.com,Dypius,2.00,Arben  ,Meta,Director,https://www.linkedin.com/in/arbenmeta/,
https://www.hashdao.finance,HashDAO Finance,0.00,Sergey  ,Greenberg,Founder ,https://www.linkedin.com/in/rehash/?trk=public_profile_browsemap&originalSubdomain=uk,
https://moonbeam.network/,Moonbeam,0.00,Prasanna  ,Ketheeswaran,Chief Financial Officer,https://ky.linkedin.com/in/prasketh,
https://bitcoin.org/,Acala,0.00,Marco  ,Galan,Owner ,https://es.linkedin.com/in/marco-galan-87532b115,
https://bitcoin.org/,Acala,1.00,Balazs  ,Hrutka,Owner ,https://hu.linkedin.com/in/bal%C3%A1zs-hrutka-ab4ba026a,
https://bitcoin.org/,Acala,2.00,Tina  ,Dobson,Co-owner ,https://ca.linkedin.com/in/bitcoinrealestate,
https://www.stealcam.com/,Stealcam,0.00,,,,,
https://www.myneighboralice.com/,My Neighbor Alice,0.00,,,,,
https://step.app/,Step App,0.00,Dmitry  ,Gukaylo,CPO,https://ae.linkedin.com/in/dgukaylo,
https://basetrade.xyz/,Basetrade,0.00,,,,,
https://www.tutellus.com/en,Tutellus,0.00,Miguel  ,Caballero,Founder & CEO,https://es.linkedin.com/in/micaballero,
https://www.tutellus.com/en,Tutellus,1.00,Javier  ,Conesa,Founder & CTO,https://es.linkedin.com/in/sokardys,
https://www.tutellus.com/en,Tutellus,2.00,Enrique  ,Colas,Director,https://es.linkedin.com/in/enrique-lahuerta-col%C3%A1s-b5375566,
https://www.racoon.bet,Racoon.Bet,0.00,,,,,
https://www.mintedloot.com/,Minted Loot Studios,0.00,Lachlan  ,C.,Co-Founder & CEO,https://www.linkedin.com/in/lachlan-c-069a90182/?originalSubdomain=au,
https://www.mintedloot.com/,Minted Loot Studios,0.00,Ben  ,Westcott,Founder & CTO,https://www.linkedin.com/in/ben-westcott-36802a100/,
https://badidea.ai,Bad Idea AI,0.00,,,,,
https://www.raccoon.finance,Raccoon Finance,0.00,,,,,
https://denet.pro,DeNet File Token,0.00,Rafik  ,Singatullin,Co-Founder,https://www.linkedin.com/in/rafiksingatullin/,
https://denet.pro,DeNet File Token,1.00,Daniil  ,Maslov,Partner ,https://www.linkedin.com/in/daniil-maslov-9a2221221/,
https://denet.pro,DeNet File Token,2.00,Denis  ,Shelestov,Co-Founder,https://sg.linkedin.com/in/dshelestov,
https://www.onering.tools,OneRing,0.00,Aragorn,,CEO,,
https://www.onering.tools,OneRing,0.00,Gimli,,COO,,
https://mantadao.app/,MantaDAO,0.00,,,,,
https://app.aark.digital/,Aark Digital,0.00,,,,,
https://goneuron.xyz,neuron,0.00,Nick  ,Nay,CEO and Founder,https://www.linkedin.com/in/nayneuron/,
https://www.magnate.finance,Magnate Finance,0.00,,,,,
https://noneth.io,None Trading,0.00,,,,,
https://bananagun.io,Banana Gun,0.00,,,,,
https://4ignorefud.com/,Ignore Fud,0.00,,,,,
https://togetherwebloom.us/,Bloom,0.00,Justin  ,Kosmides,Co-Founder & CEO,https://www.linkedin.com/in/justinkosmides/,
https://togetherwebloom.us/,Bloom,0.00,Chris  ,Nolte,President & Co-founder,https://www.linkedin.com/in/chrisnolte2nd/,
https://togetherwebloom.us/,Bloom,0.00,Markus  ,V.,COO,https://www.linkedin.com/in/markus-v-438244121/,
https://www.based.markets,basedmarkets,0.00,,,,,
https://www.escrow.com/,ESCROW,0.00,Sue E.  ,Viola,President,https://www.linkedin.com/in/sue-e-viola-3649833/,
https://www.escrow.com/,ESCROW,1.00,Susan  ,Brash,Owner ,https://www.linkedin.com/in/susan-brash-45b0097,
https://www.escrow.com/,ESCROW,2.00,Chuck , G.,Owner ,https://www.linkedin.com/in/chuck-g-8b14848,
https://www.escrow.com/,ESCROW,3.00,Sophia  ,Sfirakis,Owner ,https://www.linkedin.com/in/sophia-sfirakis-aaba3193,
https://newthrone.gg,NewThrone,0.00,,,,,
https://blog.ton.cat/locker/,TON Locker,0.00,,,,,
https://friendtech33.xyz/#/about,FT33 DAO,0.00,,,,,
https://celestia.org,Celestia,0.00,Ismail  ,Khoffi,Co-Founder and CTO,https://de.linkedin.com/in/ismailkhoffi,
https://celestia.org,Celestia,1.00,Sarah  ,Armstrong,CFO,https://de.linkedin.com/in/armstrongsarah,
https://celestia.org,Celestia,2.00,Nick  ,White,COO,https://www.linkedin.com/in/nickwh8te,
https://trego.pk/?srsltid=AfmBOoq2MxUbxgjEx6WdICy4VaIalYtdpVk0CESW0s00_y4asLb9U5nS,Tegro,0.00,,,,,
https://www.blaze.ai/link-in-bio-linkedin,Blaze,0.00,Adam  ,Nathan,Founder & CEO,https://www.linkedin.com/in/adampnathan/,
https://jumper.exchange,Jumper Exchange,0.00,Marko  ,Jurina,CEO,https://si.linkedin.com/in/markojurina,
https://www.monarchpay.com/,MonarchPay,0.00,,,,,
https://basepaint.xyz/,BasePaint,0.00,,,,,
https://www.abachi.io,Abachi,0.00,,,,,
https://basicattentiontoken.org,Basic Attention,0.00,,,,,
https://harmonic.ai/get-discovered,Stealth Startup,0.00,Murtaza  ,Ali,Co-Founder and CTO,https://www.linkedin.com/in/murtaza-ali-751b1b304/?originalSubdomain=pk,
https://harmonic.ai/get-discovered,Stealth Startup,1.00,Imad  ,Baida,Founder ,https://www.linkedin.com/in/imadbaida/,
https://harmonic.ai/get-discovered,Stealth Startup,2.00,Dio  ,Ohorodnik,Founder ,https://www.linkedin.com/in/dio-ohorodnik-940482183/,
https://harmonic.ai/get-discovered,Stealth Startup,3.00,Jiaqi ,Lai,Founder ,https://www.linkedin.com/in/jiaqi-lai-229b13257/,
https://elvesdex.com,Alvey Dex,0.00,,,,,
https://revoke.cash/,Revoke.cash,0.00,Rosco  ,Kalis,Founder ,https://nl.linkedin.com/in/roscokalis,
https://safe.global/,Safe,0.00,Daniel  ,Alonso,President,https://www.linkedin.com/in/daniel-suero,
https://safe.global/,Safe,1.00,Rahul  ,Rumalla,CEO,https://de.linkedin.com/in/rahul-rumalla,
https://safe.global/,Safe,2.00,Christoph  ,Simmchen,Co-Founder,https://www.linkedin.com/in/christoph-simmchen-724878140/,
https://safe.global/,Safe,3.00,Richard  ,Meissner,Co-Founder,https://de.linkedin.com/in/richard-meissner,
https://snapshot.org/#/,Snapshot,0.00,Jeremy  ,Musighi,COO,https://www.linkedin.com/in/snapshot-admin-b6a3b5258/?originalSubdomain=th,
https://florence.finance,Florence Finance,0.00,,,,,
https://staking.arpanetwork.io/en-US/stake?action=Stake,ARPA Staking,0.00,Bomo  ,Shen,Co-Founder,https://www.linkedin.com/in/bomo-shen,
https://www.cryptodickbutts.com,CryptoDickbutts,0.00,,,,,/
https://app.avnu.fi/en,AVNU,0.00,Mentor ,Reka,Co-Founder & CEO,https://www.linkedin.com/in/mentor-reka/?locale=en_US,
https://app.avnu.fi/en,AVNU,0.00,Lenny ,Aebischer,Co-Founder & CTO,https://www.linkedin.com/in/0xlenny?miniProfileUrn=urn%3Ali%3Afs_miniProfile%3AACoAABJhIJwBGir9c6s38WHjNMQWvtwOxtWEGt4&lipi=urn%3Ali%3Apage%3Acompanies_company_people_index%3B23e4a89c-8598-4a3d-8732-982ee409b8a1,
https://www.scatter.art/,Scatter,0.00,James ,George,CEO & Co-Founder,https://www.linkedin.com/in/obviousjim/,
https://superrare.com/,SuperRare,0.00,John ,Crain,Founder,https://www.linkedin.com/in/johnacrain/,
https://xana.net/,Xana,0.00,Ilkin ,Zeferli,Owner,https://www.linkedin.com/in/ilkin-zeferli-9aa67234/?originalSubdomain=az,
https://www.getprimal.com/app,Primal,0.00,Mark ,McDowell,CEO & Co-Founder,https://www.linkedin.com/in/-markmcdowell/?originalSubdomain=my,
https://defiato.com/,DeFiato,0.00,Samit ,Singh,"Co-Founder, Partner",https://www.linkedin.com/in/singhsamit/,
https://wagmi.sh,wagmi sh,0.00,Chan ,Matthew,Founder,https://www.linkedin.com/in/chanaimun/,
https://rotki.com,rotki,0.00,Eleftherios ,Karapetsas,Founder,https://www.linkedin.com/in/eleftherios-karapetsas-1a18b919/?originalSubdomain=de,
https://ethglobal.com,ETHGlobal,0.00,Kartik ,Talwar,Co-Founder,https://www.linkedin.com/in/kartiktalwar/,
https://ethers.org/,Ethers,0.00,,,,,
https://l2beat.com/scaling/summary,L2BEAT,0.00,,,,,
https://palmswap.org,Palmswap,0.00,Palm ,Swap,Founder,https://www.linkedin.com/in/palm-swap-32523923a/?originalSubdomain=ae,
https://www.arkhamintelligence.com,Arkham,0.00,Miguel ,Morel,CEO,https://www.linkedin.com/in/miguel-morel?miniProfileUrn=urn%3Ali%3Afs_miniProfile%3AACoAABppCuoB1EO2mCpZIy6wr_MIYVs6j8iuaas&lipi=urn%3Ali%3Apage%3Acompanies_company_people_index%3B1c1179c0-ebbd-426e-84a5-d93a8270d8b5,
https://www.arkhamintelligence.com,Arkham,0.00,Zachary, L.,COO,https://www.linkedin.com/in/zachary-l-771679100?miniProfileUrn=urn%3Ali%3Afs_miniProfile%3AACoAABm6QAUBgy9hu9ISR9gQleaAWtRzXp02g7U&lipi=urn%3Ali%3Apage%3Acompanies_company_people_index%3B1c1179c0-ebbd-426e-84a5-d93a8270d8b5,
https://www.solid.world,Solid World,0.00,,,,,
https://www.golem.network/,Golem Network,0.00,Phillip ,Jensen,Technical Product Owner,https://www.linkedin.com/in/phillip-jensen-6b3a5924b?miniProfileUrn=urn%3Ali%3Afs_miniProfile%3AACoAAD3p_acBNPRkgum50iCKGv2tqbSVDNY-IYc&lipi=urn%3Ali%3Apage%3Acompanies_company_people_index%3B09058b5f-8800-4a55-a4b7-ff1d5a2c48ab,
https://www.tenx.exchange/#/swap,Tenx,0.00,Qazafi ,Qayyum,Chief Executive Officer,http://linkedin.com/in/qazafi-qayyum/?originalSubdomain=pk,
https://www.tenx.exchange/#/swap,Tenx,0.00,Adnan ,Kazi,Global Chief Operating Officer,https://www.linkedin.com/in/adnanyousufkazi?miniProfileUrn=urn%3Ali%3Afs_miniProfile%3AACoAAAEwNqcBOsGWafBnlyr3oVcBhEXoW_jyvIc&lipi=urn%3Ali%3Apage%3Acompanies_company_people_index%3Bd5bfd026-3651-4260-be36-2c4d489f0141,
https://sport.kavafc.bet,Kava Football Club,0.00,,,,,
https://forta.org,Forta,0.00,,,,,
https://wolfsafepoorpeople.com,Wolf Safe Poor People,0.00,Alfian ,Yuliato,CEO & Co-Founder,https://www.linkedin.com/in/alfian-bambang-yuliato-3bb983202?miniProfileUrn=urn%3Ali%3Afs_miniProfile%3AACoAADPB6n8BvGhA_lYSmG2WATdJBYEgxQKFjOw&lipi=urn%3Ali%3Apage%3Acompanies_company_people_index%3B7ab28f67-8838-4707-9581-78011ef3f2fc,
https://dawnstar.finance,Dawn Star Finance,0.00,,,,,
https://championfinance.io/,Champion Finance,0.00,Jack ,Koubi,Owner,https://www.linkedin.com/in/jack-koubi-a91820111/,
https://xcarnival.fi,XCarnival,0.00,,,,,
https://dogeshrek.com,Doge Shrek,0.00,,,,,
https://bepro.network,Bepro Network,0.00,Mario ,Alves,CEO,https://www.linkedin.com/in/hypermari0/,
https://drachma.exchange,Drachma Exchange,0.00,,,,,
https://www.cryptoblades.io/,CryptoBlades,0.00,,,,,
https://civfund.org/,CivFund,0.00,,,,,
https://emp.money,Emp Money,0.00,,,,,
https://www.junoswap.com/,Junoswap,0.00,Angela ,Young,Co-founder,https://www.linkedin.com/in/angela-young-3b0a3712?miniProfileUrn=urn%3Ali%3Afs_miniProfile%3AACoAAAKk_HQBwu8csbBnTHlV-8DYb1Z3Y7DMKvM&lipi=urn%3Ali%3Apage%3Acompanies_company_people_index%3B77b5cff3-881e-4666-9a2f-9946056036ba,
https://www.junoswap.com/,Junoswap,0.00,Melissa ,Fraser,CFO ,https://www.linkedin.com/in/melissa-marshall-fraser-94421911b?miniProfileUrn=urn%3Ali%3Afs_miniProfile%3AACoAAB3BGwQBnleSZj4JBVO2z4AWZg6872Eq_wI&lipi=urn%3Ali%3Apage%3Acompanies_company_people_index%3B77b5cff3-881e-4666-9a2f-9946056036ba,
https://pulitoken.net,PULI,0.00,satish ,puli,Owner,https://www.linkedin.com/in/satish-puli-98379129/?originalSubdomain=in,
https://madmex.io/#/dashboard,Madmex,0.00,Clovis ,Young,Founder & CEO,https://www.linkedin.com/in/clovisyoung/?originalSubdomain=au,
https://finance.neuy.io,NEUY,0.00,,,,,
https://nudes.army,NUDES,0.00,,,,,
https://ultron.foundation/technology#staking-hub,Ultron Staking Hub NFT,0.00,Vusi ,Sibanyoni,Chief Executive Officer,https://www.linkedin.com/in/vusi-sibanyoni-905389280?miniProfileUrn=urn%3Ali%3Afs_miniProfile%3AACoAAERmLdUB8lgRgr31mVPa8qnRRC1YViffNSg&lipi=urn%3Ali%3Apage%3Acompanies_company_people_index%3B5dbbc858-3132-4b06-91ba-137c102ed6c2,
https://ethichub.com,EthicHub,0.00,Jori ,Armbruster,CEO and co-founder,https://www.linkedin.com/in/jori-armbruster/?originalSubdomain=es,
https://ethichub.com,EthicHub,0.00,Diego ,Pardilla,Co-Founder,https://www.linkedin.com/in/diego-pardilla?miniProfileUrn=urn%3Ali%3Afs_miniProfile%3AACoAAAOwXLYB7uPxQY2QpNOiJeKiy6fxAcooQK4&lipi=urn%3Ali%3Apage%3Acompanies_company_people_index%3Bfacd7740-e546-4b1d-b18e-8b82ca0ac1ae,
https://www.corgi.finance,Corgi Finance,0.00,,,,,
https://www.homecoin.finance,HomeCoin,0.00,,,,,
https://www.zeta.markets,Zeta,0.00,Bhavin ,Turakhia,Co-founder and CEO,https://www.linkedin.com/in/bhavin79/,
https://gale.network,Gale,0.00,,,,,
https://gale.network,VersaGames,0.00,,,,,
https://cake.monster,Cake Monster,0.00,,,,,
https://infinitypad.com,Infinity Pad,0.00,,,,,
https://blitzlabs.io,Blitz Labs,0.00,Jon ,Page,Chief Executive Officer,https://www.linkedin.com/in/jon-page-19208922b/?originalSubdomain=sg,
https://www.jelly.io,Jelly,0.00,,,,,
https://www.ames-defi.app,AmesDefi,0.00,,,,,
https://treasury.coti.io,COTI Treasury,0.00,,,,,
https://smart.joystick.club,Joystick Club,0.00,,,,,
https://www.crownfinance.io,Crown Finance,0.00,,,,,
https://ponyfinance.xyz,Pony Finance,0.00,,,,,
https://astarfarm.com,AstarFarm,0.00,,,,,
https://www.betswirl.com,BetSwirl,0.00,,,,,
https://bitgert.com,Bitgert,0.00,Illia ,Rozumov,HR Manager | Fintech Advisor of Co-Founder of Bitgert Finance Service,https://www.linkedin.com/in/illia-rozumov/,
https://uplift.io,Uplift DAO,0.00,,,,,
https://sideshift.ai,SideShift,0.00,Andreas ,B.,Founder,https://www.linkedin.com/in/abrekken/,
https://frozenwalrus.finance,Frozen Walrus Finance,0.00,,,,,
https://minto.finance,Minto,0.00,Nikita ,G.,CEO ,https://www.linkedin.com/in/ngribkov?miniProfileUrn=urn%3Ali%3Afs_miniProfile%3AACoAACi1sBIB_XqdXBctQJx3PL4AS4NNyU3mAEQ&lipi=urn%3Ali%3Apage%3Acompanies_company_people_index%3Bf16db0e9-f3a2-4cd1-a142-64df88f61432,
https://ratio.finance,Ratio Finance,0.00,,,,,
https://investin.pro,Investin,0.00,,,,,
https://app.lachain.io/yield-market,Lachain Yield Market,0.00,,,,,
https://zeroswap.io,ZeroSwap,0.00,Chandrashekar ,Ramu,Chief Executive Officer,https://www.linkedin.com/in/chandrashekar-ramu-3b9675160/?originalSubdomain=in,
https://zeroswap.io,ZeroSwap,0.00,Aayushi ,Jain,Founder ,https://www.linkedin.com/in/a17jain?miniProfileUrn=urn%3Ali%3Afs_miniProfile%3AACoAADH3IpQBLhS5K-KWdULUifP55OCj21ZXweE&lipi=urn%3Ali%3Apage%3Acompanies_company_people_index%3Bab73ed65-fd17-40a4-9e59-255f479a0d88,
http://everlendug.com/,Everlend Agritech,0.00,Peron ,Nateisa,Chief Marketing Officer & Co- Founder,https://www.linkedin.com/in/peron-nateisa-a68856222/?originalSubdomain=ug,
http://everlendug.com/,Everlend Agritech,0.00,Emmanuel ,T.,CEO and Co-founder,https://www.linkedin.com/in/emmanuel-t-630a17178?miniProfileUrn=urn%3Ali%3Afs_miniProfile%3AACoAAConO8QBC1QUO1aWdt6z_pXQrcxteEIQy5w&lipi=urn%3Ali%3Apage%3Acompanies_company_people_index%3B7b005b99-7b07-43c9-8b94-04630e55d128,
https://opulous.org,Opulous,0.00,,,,,
https://businessbuilders.city,BusinessBuildersNFTs,0.00,,,,,
https://www.fwb.help/,Friends With Benefits,0.00,Dexter ,Tortoriello,Co-Founder,https://www.linkedin.com/in/dexter-tortoriello-317037253/,
https://www.fwb.help/,Friends With Benefits,0.00,Raymond ,V.,Co-founder,https://www.linkedin.com/in/raymond-v-629a86139?miniProfileUrn=urn%3Ali%3Afs_miniProfile%3AACoAACHL_AEBqgQHWtUQBfsgmn6o2Io5BSCXeec&lipi=urn%3Ali%3Apage%3Ad_flagship3_company%3B%2FgBFSXEXR3aP%2Fi4CJrPuwQ%3D%3D,
https://www.fwb.help/,Friends With Benefits,0.00,Greg ,Bresnitz,Chief Executive Officer,https://www.linkedin.com/in/gregbresnitz/,
https://nouns.wtf,Nouns,0.00,,,,,
https://ethereum.foundation,Ethereum Foundation,0.00,,,,,
https://app.ens.domains/?referrer=0x798fF1e6D7AFd28c333eE6eBe03125d30ec6eF10,ENS,0.00,Nick ,Johnson,Founder & Lead Developer,https://www.linkedin.com/in/nicksdjohnson/?originalSubdomain=nz,
https://app.ens.domains/?referrer=0x798fF1e6D7AFd28c333eE6eBe03125d30ec6eF10,ENS,0.00,Katherine ,Wu,Chief Operating Officer,https://www.linkedin.com/in/katherineykwu?miniProfileUrn=urn%3Ali%3Afs_miniProfile%3AACoAAAibdI0B5CtO9hgo_LHs_2lwS2gqgbyjNxA&lipi=urn%3Ali%3Apage%3Acompanies_company_people_index%3Bbe2c26ee-c145-4295-bbbf-058e43529eea,
https://gitcoin.co,Gitcoin,0.00,Kevin ,O.,Co-Founder,https://www.linkedin.com/in/owocki/,
https://notiboy.com,Notiboy,0.00,,,,,
https://rari.foundation,Rarible,0.00,,,,,
https://pleasr.house,PleasrDAO,0.00,,,,,
https://www.aragon.ai/,Aragon.ai,0.00,Wesley ,Tian,Co-Founder & CEO,https://www.linkedin.com/in/wesleytian/,
https://www.aragon.ai/,Aragon.ai,0.00,Akhil ,N.,Co-Founder,https://www.linkedin.com/in/akh1ln?miniProfileUrn=urn%3Ali%3Afs_miniProfile%3AACoAABe7BCcBAbrhOcfoj2KXPBwqCAlbl98XRyg&lipi=urn%3Ali%3Apage%3Acompanies_company_people_index%3Baa423c78-cc39-40da-82a8-d6522a143402,
https://citadao.io,CitaDAO,0.00,Joel ,L.,Co-Founder,https://www.linkedin.com/in/joelcitadao/?originalSubdomain=sg,
https://zonic.app,Zonic,0.00,Kin ,Kam,Co-Founder & Senior BD Manager,https://www.linkedin.com/in/kin-kam-8b19b678/,
https://www.thorwallet.org,THORWallet DEX,0.00,Marcel ,Harmann,Founder & CEO,https://www.linkedin.com/in/marcel-robert-harmann/?originalSubdomain=ch,
https://cow.fi,CoWSwap,0.00,Anna ,George,CEO / Co-Founder,https://www.linkedin.com/in/annamgeorge/,
https://bisq.network/,Bisq,0.00,,,,,
https://truefeedback.io,TrueFeedBack,0.00,A.Emre ,Y.,Founder,https://www.linkedin.com/in/a-emre-y-88b16a168/,
https://hxro.com,HXRO Network,0.00,Danny ,Johnson,Co-Founder,https://www.linkedin.com/in/danny-johnson-658b0110a/,
https://perion.gg,Perion,0.00,,,,,
https://subzero.plus,Subzero+,0.00,Jim ,Bakke,Chief Executive Officer,https://www.linkedin.com/in/jim-bakke-a740a5213/,
https://nftearth.exchange,NFTEarth,0.00,,,,,
https://www.algoblocks.io,AlgoBlocks,0.00,,,,,
https://www.dontdiememe.com/pina,Meme Dollar,0.00,,,,,
https://x7.finance,X7 Finance,0.00,,,,,
https://neptunemutual.com,Neptune Mutual,0.00,,,,,
https://kperp.exchange/,KPerp Exchange,0.00,,,,,
https://lympo.io,Lympo,0.00,,,,,
https://emdx.io/,EMDX,0.00,Bernardo  ,Corti,Founder ,https://ar.linkedin.com/in/bernardo-corti-18095711b,
http://ghst.io/,Ghost ,0.00,Josh  ,Kaplan,Founder & Co-CEO,https://www.linkedin.com/in/josh-kaplan2/,
http://ghst.io/,Ghost ,1.00,Dee  ,Murthy,Co-Founder,https://www.linkedin.com/in/dee-murthy-8a3557/,
http://ghst.io/,Ghost ,2.00,Amanda  ,Greene,Senior Brand Partner,https://www.linkedin.com/in/amanda-greene-85b031107/,
https://weld.finance,Weld Finance,0.00,,,,,
https://opty.fi,Optyfi,0.00,,,,,
https://barnswap.com/#/swap,BarnSwap,0.00,,,,,
https://dexible.io,Dexible,0.00,,,,,
https://staking.hera.finance,Hera Finance,0.00,,,,,
https://orafinance.app,ORA Finance,0.00,,,,,
https://www.adaswap.com,AdaSwap,0.00,Itai  ,Levi,Co-Founder,https://www.linkedin.com/in/itai-levi-80a6b0161/,
https://medium.com/@athos.finance,Athos Finance,0.00,Tony  ,Stubblebine,CEO,https://www.linkedin.com/in/tonystubblebine,
https://medium.com/@athos.finance,Athos Finance,1.00,Eren  ,Goekyer,owner,http://www.linkedin.com/in/erengokyer,
https://medium.com/@athos.finance,Athos Finance,2.00,Amelia  ,Miller,owner,https://www.linkedin.com/posts/amelia--miller_femalefounders-ivee-entrepreneurship-activity-7272913891989319680-R3Uo,
https://revoluzion.io,Revoluzion,0.00,Muhamed  ,Muizz,Founder,https://my.linkedin.com/in/muhamed-zackri-muizz-7ab618226,
https://premio.finance,Premio,0.00,,,,,
https://vidya.game,Vidya,0.00,,,,,
https://www.xbacked.io,xBacked,0.00,,,,,
https://changex.io,Changex,0.00,Gary  ,Guerassimov,Co-Founder,https://bg.linkedin.com/in/gary-guerassimov-42620536,
https://changex.io,Changex,0.00,Nick  ,Iliev,Co-founder and CEO,https://www.linkedin.com/in/nick-iliev/,
https://www.zeniq.com,Zeniq Swap,0.00,Zen  ,Sajnani,Founder,https://in.linkedin.com/in/zensajnani,
https://dexit.finance/swap/,Dexit Finance Swap,0.00,,,,,
https://freebielife.me/,Freebie Life Finance,0.00,,,,,
https://app.harborprotocol.one/dashboard,Harbor Protocol,0.00,,,,,
https://privacypools.com/,Privacy Pools,"2,680,064.07",Nathaniel,Fried,Co-Founder & CEO,https://www.linkedin.com/in/nathanielfried/,https://www.theblock.co/post/379395
https://ddex.io/,DDEX,"2,316,230.61",Bowen,Wang,Co-Founder,[NOT FOUND],https://coincentral.com/bowen-wang-interview/
https://classic.cream.finance/eth2/,CRETH2,"2,121,056.70",Leo,Cheng,Co-Founder,https://tw.linkedin.com/in/leocheng,https://podcast.coingecko.com/
https://sx.bet,SX Bet,"2,062,266.07",Julian,Wilson,Co-Founder & CTO,https://ca.linkedin.com/in/julianwlsn,https://docs.sx.technology/sx-overview/sx-executive-team
https://liquidswap.com/,LiquidSwap,"1,900,456.30",Boris,Povod,Co-Founder & CTO,https://www.linkedin.com/in/boris-povod-361a1b79/,https://www.crunchbase.com/person/boris-povod
https://www.xfai.com,Xfai,"1,570,859.91",Geoffrey,Khan,Co-Founder,https://de.linkedin.com/in/geoffrey-khan-4478b8205,https://xfai-official.medium.com/team-highlight-geoffrey-khan
https://app.weft.finance,Weft,"1,551,044.65",Atoumbre,Kouassi,Co-Founder,https://www.linkedin.com/in/atoumbre/,https://medium.com/@weft_finance/the-story-behind-weft-team
https://sprinter.tech/,Sprinter,"1,474,811.61",Aidan,Hyman,Co-Founder (CEO ChainSafe),https://www.linkedin.com/in/aidanhyman/,https://www.theblock.co/post/377952
https://defichain.com/dex,DefiChain DEX,"1,447,585.57",U-Zyn,Chua,Co-Founder & CTO,https://sg.linkedin.com/in/uzynchua,https://www.crunchbase.com/person/u-zyn-chua
https://rarichain.org/,Rari Chain,"1,302,217.13",Alexander,Salnikov,Co-Founder (RARI Foundation),https://www.linkedin.com/in/salnikov1/,https://www.crypto-news-flash.com/
https://metacoinswap.io/,MetaCoin Swap,"1,077,078.03",Sangwoo,Chae,CEO (INBLOCK),[NOT FOUND],https://www.crypto-reporter.com/press-releases/inblocks-security-technology/
https://www.shipyardsoftware.org/,Shipyard Software,"1,076,292.55",Abe,Othman,Co-Founder & CTO,[NOT FOUND],https://www.crunchbase.com/person/abe-othman-b631
https://www.tanx.fi,TanX.fi,"938,287.34",Bhavesh,Praveen,Co-Founder & CTO,https://www.linkedin.com/in/bhaveshpraveen/,https://theorg.com/org/tanx-fi/org-chart/bhavesh-praveen
https://tradoor.io,Tradoor,"820,680.02",Lev,Vladykin,Co-Founder & Head of Partnerships,https://ru.linkedin.com/in/lev-vladykin-813723241,https://www.globenewswire.com/news-release/2025/05/15/
